t_boot_s,event,scale,alt_m,vz_mps,roll_deg,pitch_deg,yaw_deg,p_dps,q_dps,r_dps,esc1,esc2,esc3,esc4,mode,armed
8.120,start,nan,0.025,-0.002,-0.01,-0.04,96.00,0.02,0.01,-0.03,0,0,0,0,?,0
8.140,start,nan,0.025,-0.002,-0.01,-0.04,96.00,-0.05,-0.01,-0.01,0,0,0,0,?,0
8.160,start,nan,0.025,-0.002,-0.01,-0.04,96.00,0.01,0.01,-0.01,0,0,0,0,?,0
8.180,start,nan,0.025,-0.002,-0.01,-0.04,96.00,-0.02,-0.02,-0.03,0,0,0,0,?,0
8.200,start,nan,0.025,-0.002,-0.01,-0.04,96.00,0.03,-0.05,-0.02,0,0,0,0,?,0
8.220,start,nan,0.025,-0.001,-0.01,-0.04,96.00,0.01,-0.00,-0.04,0,0,0,0,?,0
8.240,start,nan,0.025,-0.001,-0.00,-0.04,96.00,-0.01,-0.02,0.00,0,0,0,0,?,0
8.260,start,nan,0.025,-0.001,-0.00,-0.04,96.00,0.03,-0.03,-0.03,0,0,0,0,?,0
8.280,start,nan,0.025,-0.001,-0.00,-0.04,96.00,0.04,0.02,0.01,0,0,0,0,?,0
8.300,start,nan,0.025,-0.001,0.00,-0.04,96.00,-0.01,-0.01,0.06,0,0,0,0,?,0
8.320,start,nan,0.025,-0.001,0.00,-0.04,96.00,0.01,-0.02,-0.04,0,0,0,0,?,0
8.340,start,nan,0.025,-0.001,0.00,-0.04,96.00,0.05,-0.01,-0.00,0,0,0,0,?,0
8.360,start,nan,0.025,-0.000,0.00,-0.04,96.00,-0.03,-0.04,-0.06,151,151,151,150,?,0
8.380,start,nan,0.025,-0.000,0.00,-0.04,96.00,-0.00,0.01,-0.02,151,151,151,150,?,0
8.400,start,nan,0.025,-0.000,0.01,-0.04,96.00,0.06,-0.04,-0.02,151,151,151,150,?,0
8.420,start,nan,0.025,0.000,0.01,-0.04,96.00,-0.02,-0.01,0.00,151,151,151,151,?,0
8.420,takeoff to 20 m,nan,0.025,0.000,0.01,-0.04,96.00,-0.02,-0.01,0.00,151,151,151,151,?,0
8.440,takeoff to 20 m,nan,0.025,0.000,0.01,-0.04,96.00,-0.04,0.04,-0.00,151,151,151,151,?,0
8.460,takeoff to 20 m,nan,0.025,0.001,0.01,-0.04,96.00,0.01,-0.01,0.01,151,150,151,151,?,0
8.480,takeoff to 20 m,nan,0.025,0.001,0.01,-0.04,96.00,0.03,-0.01,0.02,151,150,151,151,?,0
8.500,takeoff to 20 m,nan,0.025,0.001,0.01,-0.04,96.00,0.00,0.00,0.02,151,150,151,151,?,0
8.520,takeoff to 20 m,nan,0.025,0.001,0.01,-0.04,96.00,0.02,-0.04,0.02,151,151,151,150,?,0
8.540,takeoff to 20 m,nan,0.025,0.001,0.01,-0.03,96.00,-0.02,0.04,0.01,151,151,151,150,?,0
8.560,takeoff to 20 m,nan,0.025,0.001,0.01,-0.03,96.00,0.00,0.04,0.02,151,151,151,151,?,0
8.580,takeoff to 20 m,nan,0.025,0.001,0.01,-0.03,96.00,-0.03,-0.07,-0.02,151,151,151,151,?,0
8.600,takeoff to 20 m,nan,0.025,0.001,0.01,-0.03,96.00,0.03,-0.03,0.01,151,151,151,151,?,0
8.620,takeoff to 20 m,nan,0.025,0.001,0.01,-0.03,96.00,0.01,-0.00,0.02,151,150,151,151,?,0
8.640,takeoff to 20 m,nan,0.025,0.001,0.01,-0.03,95.99,-0.04,-0.01,-0.02,151,150,151,151,?,0
8.660,takeoff to 20 m,nan,0.025,0.002,0.01,-0.03,95.99,0.03,-0.05,0.03,151,150,151,151,?,0
8.680,takeoff to 20 m,nan,0.025,0.002,0.01,-0.03,95.99,0.01,-0.04,0.00,151,150,151,151,?,0
8.700,takeoff to 20 m,nan,0.025,0.002,0.01,-0.03,95.99,0.02,0.02,-0.02,151,150,151,151,?,0
8.720,takeoff to 20 m,nan,0.025,0.002,0.01,-0.03,95.99,0.02,0.02,0.03,151,151,151,151,?,0
8.740,takeoff to 20 m,nan,0.025,0.002,0.01,-0.03,95.99,0.00,-0.05,0.03,151,151,151,151,?,0
8.760,takeoff to 20 m,nan,0.024,0.002,0.01,-0.03,95.99,-0.05,0.05,0.03,151,151,151,151,?,0
8.780,takeoff to 20 m,nan,0.024,0.002,0.01,-0.02,95.99,0.03,0.01,-0.04,151,151,151,151,?,0
8.800,takeoff to 20 m,nan,0.024,0.002,0.01,-0.02,95.99,0.08,-0.05,0.02,151,151,151,151,?,0
8.820,takeoff to 20 m,nan,0.024,0.003,0.01,-0.02,95.99,-0.01,0.01,-0.03,151,150,151,151,?,0
8.840,takeoff to 20 m,nan,0.024,0.003,0.01,-0.02,95.99,-0.01,-0.03,-0.04,151,150,151,151,?,0
8.860,takeoff to 20 m,nan,0.023,0.003,0.01,-0.02,95.99,0.00,0.05,-0.02,151,151,151,151,?,0
8.880,takeoff to 20 m,nan,0.023,0.003,0.01,-0.02,95.99,-0.02,-0.00,-0.02,151,151,151,151,?,0
8.900,takeoff to 20 m,nan,0.023,0.003,0.01,-0.02,95.99,0.00,0.00,0.02,151,151,151,151,?,0
8.920,takeoff to 20 m,nan,0.023,0.004,0.01,-0.02,95.99,-0.00,-0.00,-0.02,151,151,151,151,?,0
8.940,takeoff to 20 m,nan,0.023,0.004,0.01,-0.02,95.99,0.01,0.05,-0.02,151,151,151,151,?,0
8.960,takeoff to 20 m,nan,0.022,0.004,0.01,-0.02,95.99,-0.01,-0.01,-0.03,151,151,151,151,?,0
8.980,takeoff to 20 m,nan,0.022,0.004,0.01,-0.02,95.99,0.01,-0.05,-0.06,151,151,151,151,?,0
9.000,takeoff to 20 m,nan,0.022,0.004,0.01,-0.02,95.99,0.04,0.01,-0.06,151,151,151,151,?,0
9.020,takeoff to 20 m,nan,0.022,0.004,0.01,-0.02,95.99,0.01,-0.03,-0.06,151,151,151,151,?,0
9.040,takeoff to 20 m,nan,0.022,0.004,0.01,-0.02,95.99,-0.01,-0.07,-0.02,151,151,151,151,?,0
9.060,takeoff to 20 m,nan,0.021,0.004,0.01,-0.02,95.99,0.02,0.02,0.01,151,151,151,151,?,0
9.080,takeoff to 20 m,nan,0.021,0.004,0.01,-0.02,95.99,0.05,-0.04,-0.04,151,151,151,151,?,0
9.100,takeoff to 20 m,nan,0.021,0.004,0.01,-0.02,95.99,-0.01,0.01,0.01,151,151,151,151,?,0
9.120,takeoff to 20 m,nan,0.021,0.004,0.01,-0.02,95.99,0.03,-0.00,-0.02,151,151,151,151,TAKEOFF,1
9.140,takeoff to 20 m,nan,0.021,0.004,0.01,-0.01,95.99,0.01,0.02,-0.01,151,151,151,151,TAKEOFF,1
9.160,takeoff to 20 m,nan,0.020,0.004,0.01,-0.01,95.99,0.01,-0.03,-0.04,151,151,151,151,TAKEOFF,1
9.180,takeoff to 20 m,nan,0.020,0.004,0.01,-0.01,95.99,0.03,-0.00,-0.04,151,151,151,151,TAKEOFF,1
9.200,takeoff to 20 m,nan,0.020,0.004,0.01,-0.01,95.99,-0.00,0.05,0.03,151,151,151,151,TAKEOFF,1
9.220,takeoff to 20 m,nan,0.020,0.004,0.01,-0.01,95.99,0.01,0.02,-0.04,151,151,151,151,TAKEOFF,1
9.240,takeoff to 20 m,nan,0.020,0.004,0.01,-0.01,95.98,-0.00,-0.07,-0.01,151,151,151,151,TAKEOFF,1
9.260,takeoff to 20 m,nan,0.019,0.004,0.01,-0.01,95.98,0.01,0.01,-0.01,151,151,151,151,TAKEOFF,1
9.280,takeoff to 20 m,nan,0.019,0.004,0.01,-0.01,95.98,0.05,0.03,-0.02,151,151,151,151,TAKEOFF,1
9.300,takeoff to 20 m,nan,0.019,0.004,0.02,-0.01,95.98,0.06,-0.02,0.01,151,151,151,151,TAKEOFF,1
9.320,takeoff to 20 m,nan,0.018,0.005,0.02,-0.01,95.98,0.02,0.00,0.02,151,151,151,151,TAKEOFF,1
9.340,takeoff to 20 m,nan,0.018,0.005,0.02,-0.01,95.98,0.01,0.00,-0.02,151,151,151,151,TAKEOFF,1
9.360,takeoff to 20 m,nan,0.018,0.005,0.02,-0.02,95.98,-0.03,-0.08,-0.03,156,154,156,154,TAKEOFF,1
9.380,takeoff to 20 m,nan,0.018,0.005,0.02,-0.02,95.98,0.03,-0.01,-0.00,156,154,156,154,TAKEOFF,1
9.400,takeoff to 20 m,nan,0.018,0.005,0.02,-0.02,95.98,0.01,0.02,-0.02,156,154,156,154,TAKEOFF,1
9.420,takeoff to 20 m,nan,0.017,0.005,0.02,-0.02,95.98,0.03,0.00,-0.01,162,160,162,161,TAKEOFF,1
9.440,takeoff to 20 m,nan,0.017,0.005,0.02,-0.02,95.98,0.03,-0.03,-0.01,162,160,162,161,TAKEOFF,1
9.460,takeoff to 20 m,nan,0.016,0.005,0.02,-0.02,95.98,0.03,-0.01,-0.02,170,168,170,168,TAKEOFF,1
9.480,takeoff to 20 m,nan,0.016,0.005,0.02,-0.02,95.98,-0.02,-0.01,-0.01,170,168,170,168,TAKEOFF,1
9.500,takeoff to 20 m,nan,0.016,0.005,0.02,-0.02,95.98,0.02,-0.01,-0.02,170,168,170,168,TAKEOFF,1
9.520,takeoff to 20 m,nan,0.015,0.006,0.02,-0.02,95.98,0.01,-0.05,-0.01,178,175,177,176,TAKEOFF,1
9.540,takeoff to 20 m,nan,0.015,0.006,0.02,-0.02,95.98,-0.01,0.04,0.00,178,175,177,176,TAKEOFF,1
9.560,takeoff to 20 m,nan,0.014,0.006,0.03,-0.02,95.98,0.00,-0.00,-0.00,185,183,185,183,TAKEOFF,1
9.580,takeoff to 20 m,nan,0.014,0.006,0.03,-0.02,95.98,0.01,0.04,0.07,185,183,185,183,TAKEOFF,1
9.600,takeoff to 20 m,nan,0.014,0.006,0.03,-0.02,95.98,0.00,0.02,-0.02,185,183,185,183,TAKEOFF,1
9.620,takeoff to 20 m,nan,0.014,0.006,0.02,-0.02,95.98,0.01,-0.01,-0.04,193,191,193,191,TAKEOFF,1
9.640,takeoff to 20 m,nan,0.014,0.006,0.02,-0.01,95.98,-0.01,0.04,-0.01,193,191,193,191,TAKEOFF,1
9.660,takeoff to 20 m,nan,0.013,0.006,0.02,-0.01,95.98,0.00,0.01,0.02,204,201,203,201,TAKEOFF,1
9.680,takeoff to 20 m,nan,0.013,0.006,0.02,-0.01,95.98,-0.00,0.01,-0.02,204,201,203,201,TAKEOFF,1
9.700,takeoff to 20 m,nan,0.013,0.006,0.02,-0.01,95.98,-0.03,0.04,-0.03,204,201,203,201,TAKEOFF,1
9.720,takeoff to 20 m,nan,0.013,0.006,0.02,-0.01,95.98,-0.01,0.05,-0.02,212,210,212,210,TAKEOFF,1
9.740,takeoff to 20 m,nan,0.013,0.006,0.02,-0.01,95.98,-0.00,0.01,-0.01,212,210,212,210,TAKEOFF,1
9.760,takeoff to 20 m,nan,0.013,0.006,0.02,-0.01,95.98,0.05,-0.03,0.00,222,219,221,220,TAKEOFF,1
9.780,takeoff to 20 m,nan,0.013,0.006,0.02,-0.01,95.98,0.04,0.01,-0.03,222,219,221,220,TAKEOFF,1
9.800,takeoff to 20 m,nan,0.013,0.006,0.02,-0.01,95.98,-0.01,-0.01,-0.01,222,219,221,220,TAKEOFF,1
9.820,takeoff to 20 m,nan,0.013,0.005,0.02,-0.01,95.98,-0.03,-0.07,-0.05,232,229,231,230,TAKEOFF,1
9.840,takeoff to 20 m,nan,0.013,0.005,0.02,-0.01,95.98,0.03,-0.01,-0.01,232,229,231,230,TAKEOFF,1
9.860,takeoff to 20 m,nan,0.013,0.005,0.02,-0.01,95.98,-0.01,-0.06,0.02,244,241,243,242,TAKEOFF,1
9.880,takeoff to 20 m,nan,0.013,0.005,0.02,-0.01,95.98,0.01,-0.00,-0.01,244,241,243,242,TAKEOFF,1
9.900,takeoff to 20 m,nan,0.013,0.005,0.02,-0.01,95.98,-0.00,-0.06,-0.01,244,241,243,242,TAKEOFF,1
9.920,takeoff to 20 m,nan,0.014,0.004,0.03,-0.01,95.98,0.05,0.00,-0.00,255,252,253,253,TAKEOFF,1
9.940,takeoff to 20 m,nan,0.014,0.004,0.03,-0.01,95.98,-0.01,0.01,-0.01,255,252,253,253,TAKEOFF,1
9.960,takeoff to 20 m,nan,0.014,0.004,0.03,-0.01,95.98,-0.01,0.01,-0.06,267,265,266,266,TAKEOFF,1
9.980,takeoff to 20 m,nan,0.014,0.004,0.03,-0.01,95.98,0.02,0.01,-0.05,267,265,266,266,TAKEOFF,1
10.000,takeoff to 20 m,nan,0.014,0.004,0.03,-0.01,95.98,0.01,-0.04,0.01,267,265,266,266,TAKEOFF,1
10.020,takeoff to 20 m,nan,0.014,0.004,0.03,-0.00,95.98,0.01,0.01,-0.02,279,277,278,278,TAKEOFF,1
10.040,takeoff to 20 m,nan,0.014,0.004,0.03,-0.00,95.98,-0.04,0.01,0.01,279,277,278,278,TAKEOFF,1
10.060,takeoff to 20 m,nan,0.015,0.004,0.03,-0.00,95.98,0.06,-0.03,-0.03,291,289,290,290,TAKEOFF,1
10.080,takeoff to 20 m,nan,0.015,0.004,0.03,-0.00,95.98,-0.03,0.01,0.04,291,289,290,290,TAKEOFF,1
10.100,takeoff to 20 m,nan,0.015,0.004,0.03,-0.00,95.98,-0.03,0.03,-0.03,291,289,290,290,TAKEOFF,1
10.120,takeoff to 20 m,nan,0.015,0.004,0.03,0.00,95.98,0.02,0.02,-0.00,304,302,302,303,TAKEOFF,1
10.140,takeoff to 20 m,nan,0.015,0.004,0.03,0.00,95.98,0.02,-0.01,-0.00,304,302,302,303,TAKEOFF,1
10.160,takeoff to 20 m,nan,0.016,0.004,0.03,0.00,95.98,0.00,-0.04,0.00,317,315,316,316,TAKEOFF,1
10.180,takeoff to 20 m,nan,0.016,0.004,0.03,0.00,95.98,-0.02,0.04,0.02,317,315,316,316,TAKEOFF,1
10.200,takeoff to 20 m,nan,0.016,0.004,0.03,0.00,95.98,0.00,-0.01,-0.02,317,315,316,316,TAKEOFF,1
10.220,takeoff to 20 m,nan,0.016,0.003,0.03,0.01,95.98,-0.05,-0.00,-0.01,330,329,329,330,TAKEOFF,1
10.240,takeoff to 20 m,nan,0.016,0.003,0.03,0.01,95.98,0.00,0.01,-0.03,330,329,329,330,TAKEOFF,1
10.260,takeoff to 20 m,nan,0.016,0.003,0.03,0.01,95.98,0.01,-0.01,0.08,346,345,345,346,TAKEOFF,1
10.280,takeoff to 20 m,nan,0.016,0.003,0.02,0.01,95.98,0.03,0.06,-0.02,346,345,345,346,TAKEOFF,1
10.300,takeoff to 20 m,nan,0.016,0.003,0.02,0.01,95.98,0.03,0.05,-0.02,346,345,345,346,TAKEOFF,1
10.320,takeoff to 20 m,nan,0.017,0.003,0.02,0.01,95.98,0.03,-0.03,-0.01,360,360,359,361,TAKEOFF,1
10.340,takeoff to 20 m,nan,0.017,0.003,0.02,0.01,95.98,0.02,0.03,0.00,360,360,359,361,TAKEOFF,1
10.360,takeoff to 20 m,nan,0.017,0.003,0.02,0.01,95.98,-0.01,-0.03,-0.05,378,377,377,378,TAKEOFF,1
10.380,takeoff to 20 m,nan,0.017,0.003,0.02,0.01,95.98,0.03,0.06,-0.01,378,377,377,378,TAKEOFF,1
10.400,takeoff to 20 m,nan,0.017,0.003,0.02,0.01,95.98,0.04,0.00,0.01,378,377,377,378,TAKEOFF,1
10.420,takeoff to 20 m,nan,0.017,0.003,0.02,0.01,95.98,-0.00,0.01,-0.02,393,393,392,393,TAKEOFF,1
10.440,takeoff to 20 m,nan,0.017,0.003,0.01,0.02,95.98,-0.00,0.00,-0.01,393,393,392,393,TAKEOFF,1
10.460,takeoff to 20 m,nan,0.017,0.002,0.01,0.01,95.98,-0.02,-0.01,-0.05,408,409,408,409,TAKEOFF,1
10.480,takeoff to 20 m,nan,0.017,0.002,0.01,0.01,95.98,-0.02,-0.01,-0.02,408,409,408,409,TAKEOFF,1
10.500,takeoff to 20 m,nan,0.017,0.002,0.01,0.01,95.98,0.02,0.06,0.00,408,409,408,409,TAKEOFF,1
10.520,takeoff to 20 m,nan,0.017,0.002,0.00,0.01,95.98,-0.04,-0.04,-0.03,424,425,424,425,TAKEOFF,1
10.540,takeoff to 20 m,nan,0.017,0.002,-0.00,0.01,95.98,-0.03,-0.05,0.08,424,425,424,425,TAKEOFF,1
10.560,takeoff to 20 m,nan,0.017,0.002,-0.00,0.01,95.99,-0.01,-0.03,-0.01,441,442,441,442,TAKEOFF,1
10.580,takeoff to 20 m,nan,0.017,0.002,-0.01,0.01,95.99,0.02,0.00,0.00,441,442,441,442,TAKEOFF,1
10.600,takeoff to 20 m,nan,0.017,0.002,-0.01,0.01,95.99,0.03,0.00,0.05,441,442,441,442,TAKEOFF,1
10.620,takeoff to 20 m,nan,0.018,0.002,-0.01,0.01,95.99,0.01,0.01,-0.05,458,460,459,459,TAKEOFF,1
10.640,takeoff to 20 m,nan,0.018,0.002,-0.01,0.01,95.99,-0.01,0.01,-0.01,458,460,459,459,TAKEOFF,1
10.660,takeoff to 20 m,nan,0.018,0.002,-0.02,0.01,95.99,-0.02,-0.01,0.00,471,473,473,472,TAKEOFF,1
10.680,takeoff to 20 m,nan,0.018,0.002,-0.02,0.01,95.99,-0.00,0.03,0.04,471,473,473,472,TAKEOFF,1
10.700,takeoff to 20 m,nan,0.018,0.002,-0.02,0.01,95.99,0.05,-0.03,-0.03,471,473,473,472,TAKEOFF,1
10.720,takeoff to 20 m,nan,0.018,0.002,-0.02,0.01,95.99,-0.03,0.01,0.01,477,480,479,478,TAKEOFF,1
10.740,takeoff to 20 m,nan,0.018,0.002,-0.03,0.01,95.99,0.01,0.03,0.01,477,480,479,478,TAKEOFF,1
10.760,takeoff to 20 m,nan,0.019,0.002,-0.03,0.00,95.99,0.02,-0.05,-0.01,481,484,484,481,TAKEOFF,1
10.780,takeoff to 20 m,nan,0.019,0.002,-0.03,0.00,95.99,-0.01,0.03,0.00,481,484,484,481,TAKEOFF,1
10.800,takeoff to 20 m,nan,0.019,0.002,-0.03,0.00,95.99,-0.00,-0.01,-0.01,481,484,484,481,TAKEOFF,1
10.820,takeoff to 20 m,nan,0.019,0.002,-0.03,0.00,95.99,0.01,0.03,0.02,487,490,490,487,TAKEOFF,1
10.840,takeoff to 20 m,nan,0.019,0.002,-0.03,0.00,95.99,0.00,0.01,-0.01,487,490,490,487,TAKEOFF,1
10.860,takeoff to 20 m,nan,0.019,0.002,-0.03,0.00,95.99,0.03,0.00,-0.05,491,495,495,491,TAKEOFF,1
10.880,takeoff to 20 m,nan,0.019,0.002,-0.03,0.00,95.99,-0.01,0.02,-0.02,491,495,495,491,TAKEOFF,1
10.900,takeoff to 20 m,nan,0.019,0.002,-0.03,0.00,95.99,0.02,0.00,0.02,491,495,495,491,TAKEOFF,1
10.920,takeoff to 20 m,nan,0.018,0.003,-0.03,-0.00,95.99,0.01,-0.03,-0.03,498,502,502,498,TAKEOFF,1
10.940,takeoff to 20 m,nan,0.018,0.003,-0.03,-0.00,95.99,0.02,-0.02,-0.01,498,502,502,498,TAKEOFF,1
10.960,takeoff to 20 m,nan,0.018,0.003,-0.03,-0.00,95.99,-0.09,-0.00,-0.02,502,507,507,502,TAKEOFF,1
10.980,takeoff to 20 m,nan,0.018,0.003,-0.03,-0.00,95.99,0.03,0.01,-0.01,502,507,507,502,TAKEOFF,1
11.000,takeoff to 20 m,nan,0.018,0.003,-0.03,0.00,95.99,0.01,0.02,0.01,502,507,507,502,TAKEOFF,1
11.020,takeoff to 20 m,nan,0.017,0.003,-0.03,0.00,95.99,-0.04,-0.01,0.03,508,513,513,509,TAKEOFF,1
11.040,takeoff to 20 m,nan,0.017,0.003,-0.03,0.00,95.99,-0.02,-0.03,-0.02,508,513,513,509,TAKEOFF,1
11.060,takeoff to 20 m,nan,0.017,0.004,-0.03,0.00,95.99,0.03,0.01,0.04,513,519,518,514,TAKEOFF,1
11.080,takeoff to 20 m,nan,0.017,0.004,-0.03,0.00,95.99,-0.00,0.05,0.03,513,519,518,514,TAKEOFF,1
11.100,takeoff to 20 m,nan,0.017,0.004,-0.02,0.00,95.99,0.07,-0.03,-0.02,513,519,518,514,TAKEOFF,1
11.120,takeoff to 20 m,nan,0.016,0.004,-0.02,0.00,95.98,0.05,-0.00,-0.00,521,526,526,521,TAKEOFF,1
11.140,takeoff to 20 m,nan,0.016,0.004,-0.02,0.00,95.98,-0.03,-0.04,-0.03,521,526,526,521,TAKEOFF,1
11.160,takeoff to 20 m,nan,0.015,0.004,-0.01,0.01,95.98,0.03,0.04,-0.01,525,532,530,527,TAKEOFF,1
11.180,takeoff to 20 m,nan,0.015,0.004,-0.01,0.01,95.98,0.01,0.02,-0.01,525,532,530,527,TAKEOFF,1
11.200,takeoff to 20 m,nan,0.015,0.004,-0.01,0.01,95.98,0.02,0.01,0.03,525,532,530,527,TAKEOFF,1
11.220,takeoff to 20 m,nan,0.015,0.005,-0.01,0.01,95.98,-0.02,-0.02,0.03,532,539,537,534,TAKEOFF,1
11.240,takeoff to 20 m,nan,0.015,0.005,-0.00,0.01,95.98,0.03,0.00,0.02,532,539,537,534,TAKEOFF,1
11.260,takeoff to 20 m,nan,0.014,0.005,0.00,0.01,95.98,-0.01,0.01,-0.01,537,545,542,539,TAKEOFF,1
11.280,takeoff to 20 m,nan,0.014,0.005,0.00,0.02,95.98,0.01,0.01,0.01,537,545,542,539,TAKEOFF,1
11.300,takeoff to 20 m,nan,0.014,0.005,0.01,0.02,95.98,0.01,0.04,0.00,537,545,542,539,TAKEOFF,1
11.320,takeoff to 20 m,nan,0.013,0.006,0.01,0.02,95.98,0.06,0.00,0.05,545,554,550,548,TAKEOFF,1
11.340,takeoff to 20 m,nan,0.013,0.006,0.01,0.02,95.98,0.01,0.01,-0.01,545,554,550,548,TAKEOFF,1
11.360,takeoff to 20 m,nan,0.012,0.006,0.02,0.02,95.98,0.00,0.06,-0.03,551,559,556,554,TAKEOFF,1
11.380,takeoff to 20 m,nan,0.012,0.006,0.02,0.02,95.98,0.01,-0.00,0.01,551,559,556,554,TAKEOFF,1
11.400,takeoff to 20 m,nan,0.012,0.006,0.03,0.02,95.97,0.06,0.03,0.02,551,559,556,554,TAKEOFF,1
11.420,takeoff to 20 m,nan,0.011,0.007,0.03,0.02,95.97,0.01,-0.03,-0.01,558,566,562,562,TAKEOFF,1
11.440,takeoff to 20 m,nan,0.011,0.007,0.03,0.03,95.97,0.03,0.06,0.00,558,566,562,562,TAKEOFF,1
11.460,takeoff to 20 m,nan,0.010,0.007,0.04,0.03,95.97,0.04,-0.01,0.00,564,573,569,568,TAKEOFF,1
11.480,takeoff to 20 m,nan,0.010,0.007,0.04,0.03,95.97,0.01,0.00,-0.02,564,573,569,568,TAKEOFF,1
11.500,takeoff to 20 m,nan,0.010,0.007,0.05,0.03,95.97,-0.01,-0.01,0.02,564,573,569,568,TAKEOFF,1
11.520,takeoff to 20 m,nan,0.009,0.008,0.05,0.03,95.97,0.01,0.05,0.01,573,582,577,577,TAKEOFF,1
11.540,takeoff to 20 m,nan,0.009,0.008,0.05,0.03,95.97,0.03,-0.01,-0.01,573,582,577,577,TAKEOFF,1
11.560,takeoff to 20 m,nan,0.008,0.008,0.06,0.03,95.97,0.02,0.07,0.00,580,590,584,586,TAKEOFF,1
11.580,takeoff to 20 m,nan,0.008,0.008,0.06,0.03,95.97,0.02,0.05,0.02,580,590,584,586,TAKEOFF,1
11.600,takeoff to 20 m,nan,0.008,0.008,0.06,0.03,95.97,-0.00,0.04,0.01,580,590,584,586,TAKEOFF,1
11.620,takeoff to 20 m,nan,0.007,0.009,0.06,0.03,95.97,0.00,-0.01,0.03,586,596,590,592,TAKEOFF,1
11.640,takeoff to 20 m,nan,0.007,0.009,0.07,0.03,95.97,0.02,0.05,-0.06,586,596,590,592,TAKEOFF,1
11.660,takeoff to 20 m,nan,0.006,0.009,0.07,0.03,95.97,0.02,0.04,0.00,593,603,596,599,TAKEOFF,1
11.680,takeoff to 20 m,nan,0.006,0.009,0.07,0.03,95.97,-0.01,0.01,-0.02,593,603,596,599,TAKEOFF,1
11.700,takeoff to 20 m,nan,0.006,0.009,0.07,0.03,95.97,0.03,0.05,0.01,593,603,596,599,TAKEOFF,1
11.720,takeoff to 20 m,nan,0.005,0.009,0.08,0.04,95.96,0.03,-0.01,0.02,603,612,605,610,TAKEOFF,1
11.740,takeoff to 20 m,nan,0.005,0.009,0.08,0.04,95.97,0.03,-0.05,0.04,603,612,605,610,TAKEOFF,1
11.760,takeoff to 20 m,nan,0.004,0.009,0.08,0.04,95.96,0.02,0.02,-0.05,609,619,611,617,TAKEOFF,1
11.780,takeoff to 20 m,nan,0.004,0.009,0.08,0.04,95.96,0.05,0.02,0.02,609,619,611,617,TAKEOFF,1
11.800,takeoff to 20 m,nan,0.004,0.009,0.09,0.04,95.96,0.01,0.02,-0.01,609,619,611,617,TAKEOFF,1
11.820,takeoff to 20 m,nan,0.003,0.010,0.09,0.04,95.96,-0.00,0.02,-0.02,617,627,619,625,TAKEOFF,1
11.840,takeoff to 20 m,nan,0.003,0.010,0.09,0.04,95.96,0.04,0.03,-0.01,617,627,619,625,TAKEOFF,1
11.860,takeoff to 20 m,nan,0.003,0.010,0.09,0.04,95.96,0.03,0.01,-0.04,624,635,625,633,TAKEOFF,1
11.880,takeoff to 20 m,nan,0.003,0.010,0.09,0.05,95.96,0.01,0.02,0.00,624,635,625,633,TAKEOFF,1
11.900,takeoff to 20 m,nan,0.003,0.010,0.10,0.05,95.96,0.03,0.05,0.02,624,635,625,633,TAKEOFF,1
11.920,takeoff to 20 m,nan,0.002,0.010,0.10,0.05,95.96,-0.01,0.02,-0.03,634,645,635,644,TAKEOFF,1
11.940,takeoff to 20 m,nan,0.002,0.010,0.10,0.05,95.96,0.02,0.04,-0.04,634,645,635,644,TAKEOFF,1
11.960,takeoff to 20 m,nan,0.002,0.010,0.10,0.05,95.96,0.01,0.05,-0.01,641,653,642,652,TAKEOFF,1
11.980,takeoff to 20 m,nan,0.002,0.010,0.10,0.05,95.96,0.02,0.02,-0.04,641,653,642,652,TAKEOFF,1
12.000,takeoff to 20 m,nan,0.002,0.010,0.10,0.06,95.96,0.01,0.02,0.03,641,653,642,652,TAKEOFF,1
12.020,takeoff to 20 m,nan,0.002,0.010,0.10,0.06,95.96,0.00,0.00,-0.01,649,662,649,661,TAKEOFF,1
12.040,takeoff to 20 m,nan,0.002,0.010,0.10,0.06,95.96,-0.00,0.02,0.04,649,662,649,661,TAKEOFF,1
12.060,takeoff to 20 m,nan,0.001,0.010,0.10,0.06,95.95,0.04,-0.00,0.00,656,669,656,669,TAKEOFF,1
12.080,takeoff to 20 m,nan,0.001,0.010,0.10,0.06,95.95,0.03,0.03,-0.00,656,669,656,669,TAKEOFF,1
12.100,takeoff to 20 m,nan,0.001,0.010,0.10,0.07,95.96,0.02,0.03,0.07,656,669,656,669,TAKEOFF,1
12.120,takeoff to 20 m,nan,0.001,0.010,0.10,0.07,95.96,0.01,0.05,0.01,667,681,666,681,TAKEOFF,1
12.140,takeoff to 20 m,nan,0.001,0.010,0.10,0.07,95.96,0.05,-0.01,0.01,667,681,666,681,TAKEOFF,1
12.160,takeoff to 20 m,nan,0.001,0.010,0.10,0.07,95.96,0.02,-0.03,0.01,674,689,673,689,TAKEOFF,1
12.180,takeoff to 20 m,nan,0.001,0.010,0.10,0.08,95.95,-0.02,0.05,-0.05,674,689,673,689,TAKEOFF,1
12.200,takeoff to 20 m,nan,0.001,0.010,0.10,0.08,95.95,-0.03,0.02,-0.02,674,689,673,689,TAKEOFF,1
12.220,takeoff to 20 m,nan,0.000,0.010,0.10,0.08,95.95,0.01,0.04,0.04,682,698,681,698,TAKEOFF,1
12.240,takeoff to 20 m,nan,0.000,0.010,0.10,0.08,95.95,0.06,0.05,-0.01,682,698,681,698,TAKEOFF,1
12.260,takeoff to 20 m,nan,-0.000,0.010,0.10,0.08,95.95,0.04,0.01,0.03,690,707,689,708,TAKEOFF,1
12.280,takeoff to 20 m,nan,-0.000,0.010,0.10,0.08,95.95,0.02,-0.02,-0.01,690,707,689,708,TAKEOFF,1
12.300,takeoff to 20 m,nan,-0.000,0.010,0.10,0.08,95.95,0.01,0.01,-0.02,690,707,689,708,TAKEOFF,1
12.320,takeoff to 20 m,nan,-0.001,0.010,0.10,0.09,95.95,-0.02,0.04,0.04,701,719,700,720,TAKEOFF,1
12.340,takeoff to 20 m,nan,-0.001,0.010,0.10,0.09,95.95,0.02,0.03,-0.01,701,719,700,720,TAKEOFF,1
12.360,takeoff to 20 m,nan,-0.001,0.010,0.10,0.09,95.95,0.04,-0.06,0.04,709,727,707,729,TAKEOFF,1
12.380,takeoff to 20 m,nan,-0.001,0.010,0.10,0.09,95.95,0.02,0.03,-0.02,709,727,707,729,TAKEOFF,1
12.400,takeoff to 20 m,nan,-0.001,0.010,0.10,0.09,95.95,0.06,-0.01,0.02,709,727,707,729,TAKEOFF,1
12.420,takeoff to 20 m,nan,-0.001,0.010,0.09,0.09,95.96,0.01,0.07,0.01,743,762,741,764,TAKEOFF,1
12.440,takeoff to 20 m,nan,-0.001,0.010,0.09,0.09,95.96,0.05,0.04,-0.02,743,762,741,764,TAKEOFF,1
12.460,takeoff to 20 m,nan,-0.001,0.010,0.09,0.09,95.96,0.06,-0.23,0.05,752,771,750,773,TAKEOFF,1
12.480,takeoff to 20 m,nan,-0.001,0.010,0.09,0.08,95.96,0.01,-0.52,0.01,752,771,750,773,TAKEOFF,1
12.500,takeoff to 20 m,nan,-0.001,0.010,0.09,0.06,95.96,0.02,-0.99,-0.03,752,771,750,773,TAKEOFF,1
12.520,takeoff to 20 m,nan,-0.002,0.007,0.09,0.03,95.96,0.02,-1.64,0.02,767,781,765,783,TAKEOFF,1
12.540,takeoff to 20 m,nan,-0.002,0.007,0.09,-0.02,95.96,-0.02,-2.65,0.13,767,781,765,783,TAKEOFF,1
12.560,takeoff to 20 m,nan,-0.002,0.002,0.09,-0.10,95.97,-0.02,-4.26,0.27,782,782,780,784,TAKEOFF,1
12.580,takeoff to 20 m,nan,-0.002,0.002,0.08,-0.20,95.97,-0.43,-5.36,0.23,782,782,780,784,TAKEOFF,1
12.600,takeoff to 20 m,nan,-0.002,0.002,0.07,-0.31,95.98,-0.69,-5.25,0.26,782,782,780,784,TAKEOFF,1
12.620,takeoff to 20 m,nan,-0.002,-0.013,0.05,-0.41,95.98,-0.80,-5.11,0.22,787,787,788,788,TAKEOFF,1
12.640,takeoff to 20 m,nan,-0.002,-0.013,0.03,-0.51,95.99,-0.89,-4.96,0.22,787,787,788,788,TAKEOFF,1
12.660,takeoff to 20 m,nan,-0.000,-0.041,0.01,-0.61,95.99,-0.88,-4.52,0.14,792,790,793,791,TAKEOFF,1
12.680,takeoff to 20 m,nan,-0.000,-0.041,-0.00,-0.69,95.99,-0.92,-3.98,0.19,792,790,793,791,TAKEOFF,1
12.700,takeoff to 20 m,nan,-0.000,-0.041,-0.02,-0.76,96.00,-0.88,-3.48,0.19,792,790,793,791,TAKEOFF,1
12.720,takeoff to 20 m,nan,0.002,-0.071,-0.04,-0.83,96.00,-0.85,-2.93,0.18,799,797,800,798,TAKEOFF,1
12.740,takeoff to 20 m,nan,0.002,-0.071,-0.06,-0.88,96.00,-0.77,-2.36,0.13,799,797,800,798,TAKEOFF,1
12.760,takeoff to 20 m,nan,0.007,-0.106,-0.07,-0.92,96.01,-0.74,-1.84,0.12,800,798,802,799,TAKEOFF,1
12.780,takeoff to 20 m,nan,0.007,-0.106,-0.09,-0.95,96.01,-0.70,-1.29,0.11,800,798,802,799,TAKEOFF,1
12.800,takeoff to 20 m,nan,0.007,-0.106,-0.10,-0.96,96.01,-0.49,-0.76,0.09,800,798,802,799,TAKEOFF,1
12.820,takeoff to 20 m,nan,0.014,-0.144,-0.11,-0.97,96.02,-0.42,-0.37,0.13,801,800,802,801,TAKEOFF,1
12.840,takeoff to 20 m,nan,0.014,-0.144,-0.11,-0.98,96.02,-0.34,-0.07,0.11,801,800,802,801,TAKEOFF,1
12.860,takeoff to 20 m,nan,0.025,-0.191,-0.12,-0.98,96.02,-0.34,0.23,0.06,800,799,801,799,TAKEOFF,1
12.880,takeoff to 20 m,nan,0.025,-0.191,-0.13,-0.97,96.03,-0.28,0.56,0.05,800,799,801,799,TAKEOFF,1
12.900,takeoff to 20 m,nan,0.025,-0.191,-0.13,-0.95,96.03,-0.21,0.95,0.04,800,799,801,799,TAKEOFF,1
12.920,takeoff to 20 m,nan,0.037,-0.234,-0.13,-0.93,96.03,-0.05,1.21,0.06,804,804,805,804,TAKEOFF,1
12.940,takeoff to 20 m,nan,0.037,-0.234,-0.14,-0.90,96.04,-0.05,1.47,0.02,804,804,805,804,TAKEOFF,1
12.960,takeoff to 20 m,nan,0.052,-0.276,-0.14,-0.87,96.04,0.09,1.74,0.03,803,803,804,803,TAKEOFF,1
12.980,takeoff to 20 m,nan,0.052,-0.276,-0.13,-0.84,96.05,0.12,1.91,0.06,803,803,804,803,TAKEOFF,1
13.000,takeoff to 20 m,nan,0.052,-0.276,-0.13,-0.80,96.05,0.19,2.07,0.04,803,803,804,803,TAKEOFF,1
13.020,takeoff to 20 m,nan,0.068,-0.319,-0.13,-0.76,96.06,0.18,2.24,0.04,803,803,803,803,TAKEOFF,1
13.040,takeoff to 20 m,nan,0.068,-0.319,-0.13,-0.72,96.06,0.31,2.39,0.01,803,803,803,803,TAKEOFF,1
13.060,takeoff to 20 m,nan,0.090,-0.370,-0.12,-0.67,96.07,0.25,2.47,0.03,800,800,800,800,TAKEOFF,1
13.080,takeoff to 20 m,nan,0.090,-0.370,-0.12,-0.62,96.07,0.24,2.59,0.07,800,800,800,800,TAKEOFF,1
13.100,takeoff to 20 m,nan,0.090,-0.370,-0.11,-0.57,96.08,0.33,2.64,-0.02,800,800,800,800,TAKEOFF,1
13.120,takeoff to 20 m,nan,0.111,-0.413,-0.11,-0.52,96.09,0.33,2.66,0.02,805,805,805,805,TAKEOFF,1
13.140,takeoff to 20 m,nan,0.111,-0.413,-0.11,-0.47,96.09,0.29,2.76,0.02,805,805,805,805,TAKEOFF,1
13.160,takeoff to 20 m,nan,0.134,-0.457,-0.10,-0.42,96.10,0.37,2.84,-0.01,803,803,803,803,TAKEOFF,1
13.180,takeoff to 20 m,nan,0.134,-0.457,-0.09,-0.37,96.10,0.42,2.89,0.01,803,803,803,803,TAKEOFF,1
13.200,takeoff to 20 m,nan,0.134,-0.457,-0.09,-0.31,96.11,0.44,2.86,0.03,803,803,803,803,TAKEOFF,1
13.220,takeoff to 20 m,nan,0.160,-0.500,-0.08,-0.26,96.11,0.43,2.78,-0.02,802,803,802,803,TAKEOFF,1
13.240,takeoff to 20 m,nan,0.160,-0.500,-0.07,-0.21,96.12,0.45,2.91,-0.05,802,803,802,803,TAKEOFF,1
13.260,takeoff to 20 m,nan,0.192,-0.550,-0.07,-0.15,96.12,0.47,2.82,0.01,798,799,799,799,TAKEOFF,1
13.280,takeoff to 20 m,nan,0.192,-0.550,-0.06,-0.10,96.12,0.49,2.76,0.00,798,799,799,799,TAKEOFF,1
13.300,takeoff to 20 m,nan,0.192,-0.550,-0.05,-0.05,96.12,0.43,2.79,-0.02,798,799,799,799,TAKEOFF,1
13.320,takeoff to 20 m,nan,0.222,-0.593,-0.05,0.00,96.13,0.52,2.82,0.00,803,804,804,804,TAKEOFF,1
13.340,takeoff to 20 m,nan,0.222,-0.593,-0.04,0.06,96.13,0.64,2.81,-0.02,803,804,804,804,TAKEOFF,1
13.360,takeoff to 20 m,nan,0.255,-0.634,-0.03,0.11,96.12,0.62,2.69,-0.01,801,802,801,802,TAKEOFF,1
13.380,takeoff to 20 m,nan,0.255,-0.634,-0.02,0.16,96.12,0.60,2.57,0.02,801,802,801,802,TAKEOFF,1
13.400,takeoff to 20 m,nan,0.255,-0.634,-0.01,0.20,96.12,0.69,2.44,-0.02,801,802,801,802,TAKEOFF,1
13.420,takeoff to 20 m,nan,0.289,-0.676,0.00,0.25,96.12,0.57,2.31,-0.04,801,801,801,802,TAKEOFF,1
13.440,takeoff to 20 m,nan,0.289,-0.676,0.01,0.29,96.12,0.58,2.36,-0.03,801,801,801,802,TAKEOFF,1
13.460,takeoff to 20 m,nan,0.331,-0.723,0.02,0.34,96.11,0.58,2.19,-0.01,796,797,796,797,TAKEOFF,1
13.480,takeoff to 20 m,nan,0.331,-0.723,0.03,0.38,96.11,0.64,2.01,-0.07,796,797,796,797,TAKEOFF,1
13.500,takeoff to 20 m,nan,0.331,-0.723,0.05,0.42,96.10,0.72,1.90,-0.02,796,797,796,797,TAKEOFF,1
13.520,takeoff to 20 m,nan,0.370,-0.764,0.06,0.45,96.09,0.72,1.79,0.00,802,803,802,803,TAKEOFF,1
13.540,takeoff to 20 m,nan,0.370,-0.764,0.07,0.49,96.09,0.72,1.72,0.01,802,803,802,803,TAKEOFF,1
13.560,takeoff to 20 m,nan,0.410,-0.803,0.08,0.52,96.08,0.68,1.52,-0.04,800,800,800,800,TAKEOFF,1
13.580,takeoff to 20 m,nan,0.410,-0.803,0.10,0.55,96.07,0.76,1.53,-0.04,800,800,800,800,TAKEOFF,1
13.600,takeoff to 20 m,nan,0.410,-0.803,0.11,0.58,96.06,0.72,1.46,-0.04,800,800,800,800,TAKEOFF,1
13.620,takeoff to 20 m,nan,0.453,-0.842,0.12,0.61,96.05,0.67,1.17,0.01,797,798,797,798,TAKEOFF,1
13.640,takeoff to 20 m,nan,0.453,-0.842,0.13,0.63,96.04,0.72,1.03,-0.07,797,798,797,798,TAKEOFF,1
13.660,takeoff to 20 m,nan,0.505,-0.888,0.15,0.65,96.03,0.67,0.98,-0.05,794,795,794,795,TAKEOFF,1
13.680,takeoff to 20 m,nan,0.505,-0.888,0.16,0.67,96.01,0.65,0.76,-0.04,794,795,794,795,TAKEOFF,1
13.700,takeoff to 20 m,nan,0.505,-0.888,0.17,0.68,96.00,0.64,0.70,-0.06,794,795,794,795,TAKEOFF,1
13.720,takeoff to 20 m,nan,0.551,-0.928,0.18,0.70,95.99,0.63,0.65,-0.02,801,801,801,801,TAKEOFF,1
13.740,takeoff to 20 m,nan,0.551,-0.928,0.19,0.71,95.98,0.54,0.54,-0.01,801,801,801,801,TAKEOFF,1
13.760,takeoff to 20 m,nan,0.599,-0.965,0.20,0.72,95.97,0.50,0.39,-0.07,798,799,798,799,TAKEOFF,1
13.780,takeoff to 20 m,nan,0.599,-0.965,0.21,0.73,95.96,0.42,0.25,0.00,798,799,798,799,TAKEOFF,1
13.800,takeoff to 20 m,nan,0.599,-0.965,0.22,0.74,95.95,0.45,0.13,-0.01,798,799,798,799,TAKEOFF,1
13.820,takeoff to 20 m,nan,0.650,-1.002,0.23,0.74,95.95,0.49,-0.03,0.03,788,788,788,789,TAKEOFF,1
13.840,takeoff to 20 m,nan,0.650,-1.002,0.23,0.74,95.94,0.39,-0.13,-0.05,788,788,788,789,TAKEOFF,1
13.860,takeoff to 20 m,nan,0.710,-1.032,0.24,0.74,95.93,0.30,-0.19,-0.00,774,775,774,775,TAKEOFF,1
13.880,takeoff to 20 m,nan,0.710,-1.032,0.25,0.74,95.92,0.34,-0.25,-0.03,774,775,774,775,TAKEOFF,1
13.900,takeoff to 20 m,nan,0.710,-1.032,0.25,0.73,95.91,0.26,-0.36,-0.10,774,775,774,775,TAKEOFF,1
13.920,takeoff to 20 m,nan,0.763,-1.044,0.26,0.73,95.91,0.24,-0.49,-0.02,772,772,772,772,TAKEOFF,1
13.940,takeoff to 20 m,nan,0.763,-1.044,0.26,0.72,95.90,0.17,-0.58,-0.02,772,772,772,772,TAKEOFF,1
13.960,takeoff to 20 m,nan,0.815,-1.047,0.26,0.71,95.90,0.13,-0.61,-0.08,772,772,772,772,TAKEOFF,1
13.980,takeoff to 20 m,nan,0.815,-1.047,0.27,0.70,95.89,0.09,-0.64,-0.04,772,772,772,772,TAKEOFF,1
14.000,takeoff to 20 m,nan,0.815,-1.047,0.27,0.69,95.89,0.07,-0.70,-0.03,772,772,772,772,TAKEOFF,1
14.020,takeoff to 20 m,nan,0.868,-1.051,0.27,0.67,95.89,0.02,-0.74,-0.01,773,773,773,773,TAKEOFF,1
14.040,takeoff to 20 m,nan,0.868,-1.051,0.27,0.66,95.88,0.08,-0.76,-0.01,773,773,773,773,TAKEOFF,1
14.060,takeoff to 20 m,nan,0.929,-1.057,0.27,0.65,95.88,-0.07,-0.77,0.01,771,771,771,771,TAKEOFF,1
14.080,takeoff to 20 m,nan,0.929,-1.057,0.27,0.63,95.88,-0.01,-0.85,-0.03,771,771,771,771,TAKEOFF,1
14.100,takeoff to 20 m,nan,0.929,-1.057,0.27,0.62,95.88,-0.12,-0.85,-0.01,771,771,771,771,TAKEOFF,1
14.120,takeoff to 20 m,nan,0.981,-1.064,0.26,0.60,95.88,-0.12,-0.85,-0.03,777,778,778,778,TAKEOFF,1
14.140,takeoff to 20 m,nan,0.981,-1.064,0.26,0.59,95.88,-0.10,-0.95,0.04,777,778,778,778,TAKEOFF,1
14.160,takeoff to 20 m,nan,1.034,-1.072,0.26,0.57,95.89,-0.11,-0.93,-0.02,777,777,776,777,TAKEOFF,1
14.180,takeoff to 20 m,nan,1.034,-1.072,0.26,0.55,95.89,-0.10,-1.02,-0.02,777,777,776,777,TAKEOFF,1
14.200,takeoff to 20 m,nan,1.034,-1.072,0.25,0.53,95.89,-0.19,-0.93,-0.04,777,777,776,777,TAKEOFF,1
14.220,takeoff to 20 m,nan,1.086,-1.081,0.25,0.51,95.89,-0.31,-0.95,0.02,776,777,776,777,TAKEOFF,1
14.240,takeoff to 20 m,nan,1.086,-1.081,0.24,0.49,95.89,-0.19,-1.01,-0.05,776,777,776,777,TAKEOFF,1
14.260,takeoff to 20 m,nan,1.148,-1.092,0.24,0.48,95.89,-0.25,-0.87,-0.06,773,773,773,773,TAKEOFF,1
14.280,takeoff to 20 m,nan,1.148,-1.092,0.23,0.46,95.90,-0.26,-0.87,-0.01,773,773,773,773,TAKEOFF,1
14.300,takeoff to 20 m,nan,1.148,-1.092,0.23,0.44,95.90,-0.26,-0.88,0.01,773,773,773,773,TAKEOFF,1
14.320,takeoff to 20 m,nan,1.201,-1.101,0.22,0.43,95.91,-0.29,-0.92,0.02,779,779,779,779,TAKEOFF,1
14.340,takeoff to 20 m,nan,1.201,-1.101,0.21,0.41,95.91,-0.31,-0.87,0.00,779,779,779,779,TAKEOFF,1
14.360,takeoff to 20 m,nan,1.254,-1.110,0.21,0.39,95.92,-0.32,-0.86,0.01,778,778,778,777,TAKEOFF,1
14.380,takeoff to 20 m,nan,1.254,-1.110,0.20,0.38,95.92,-0.34,-0.89,-0.01,778,778,778,777,TAKEOFF,1
14.400,takeoff to 20 m,nan,1.254,-1.110,0.19,0.36,95.93,-0.22,-0.86,0.02,778,778,778,777,TAKEOFF,1
14.420,takeoff to 20 m,nan,1.309,-1.120,0.19,0.34,95.93,-0.27,-0.67,-0.04,777,777,777,777,TAKEOFF,1
14.440,takeoff to 20 m,nan,1.309,-1.120,0.18,0.33,95.94,-0.17,-0.67,0.00,777,777,777,777,TAKEOFF,1
14.460,takeoff to 20 m,nan,1.372,-1.132,0.18,0.32,95.94,-0.24,-0.79,-0.01,773,773,774,773,TAKEOFF,1
14.480,takeoff to 20 m,nan,1.372,-1.132,0.17,0.30,95.94,-0.18,-0.80,-0.09,773,773,774,773,TAKEOFF,1
14.500,takeoff to 20 m,nan,1.372,-1.132,0.17,0.29,95.95,-0.22,-0.66,-0.02,773,773,774,773,TAKEOFF,1
14.520,takeoff to 20 m,nan,1.428,-1.141,0.16,0.27,95.95,-0.17,-0.61,-0.04,779,779,780,779,TAKEOFF,1
14.540,takeoff to 20 m,nan,1.428,-1.141,0.16,0.26,95.95,-0.13,-0.50,0.03,779,779,780,779,TAKEOFF,1
14.560,takeoff to 20 m,nan,1.483,-1.151,0.16,0.25,95.95,-0.16,-0.46,-0.02,777,777,777,777,TAKEOFF,1
14.580,takeoff to 20 m,nan,1.483,-1.151,0.15,0.24,95.96,-0.05,-0.45,-0.03,777,777,777,777,TAKEOFF,1
14.600,takeoff to 20 m,nan,1.483,-1.151,0.15,0.23,95.96,-0.15,-0.40,-0.00,777,777,777,777,TAKEOFF,1
14.620,takeoff to 20 m,nan,1.539,-1.160,0.15,0.22,95.95,-0.22,-0.30,-0.06,777,777,777,777,TAKEOFF,1
14.640,takeoff to 20 m,nan,1.539,-1.160,0.14,0.21,95.95,-0.23,-0.34,-0.04,777,777,777,777,TAKEOFF,1
14.660,takeoff to 20 m,nan,1.605,-1.171,0.14,0.21,95.95,-0.20,-0.33,0.02,773,772,773,772,TAKEOFF,1
14.680,takeoff to 20 m,nan,1.605,-1.171,0.14,0.20,95.94,-0.17,-0.25,-0.07,773,772,773,772,TAKEOFF,1
14.700,takeoff to 20 m,nan,1.605,-1.171,0.13,0.20,95.94,-0.26,-0.14,0.03,773,772,773,772,TAKEOFF,1
14.720,takeoff to 20 m,nan,1.662,-1.180,0.13,0.19,95.93,-0.20,-0.18,-0.02,779,779,779,779,TAKEOFF,1
14.740,takeoff to 20 m,nan,1.662,-1.180,0.12,0.18,95.93,-0.32,-0.24,-0.03,779,779,779,779,TAKEOFF,1
14.760,takeoff to 20 m,nan,1.719,-1.189,0.12,0.18,95.92,-0.27,-0.07,0.01,776,777,776,777,TAKEOFF,1
14.780,takeoff to 20 m,nan,1.719,-1.189,0.11,0.18,95.90,-0.32,-0.11,-0.06,776,777,776,777,TAKEOFF,1
14.800,takeoff to 20 m,nan,1.719,-1.189,0.11,0.17,95.89,-0.25,-0.10,-0.02,776,777,776,777,TAKEOFF,1
14.820,takeoff to 20 m,nan,1.777,-1.198,0.10,0.17,95.88,-0.28,-0.06,-0.02,776,776,776,776,TAKEOFF,1
14.840,takeoff to 20 m,nan,1.777,-1.198,0.10,0.17,95.88,-0.31,0.04,0.04,776,776,776,776,TAKEOFF,1
14.860,takeoff to 20 m,nan,1.845,-1.208,0.09,0.17,95.87,-0.38,0.04,-0.06,772,771,772,771,TAKEOFF,1
14.880,takeoff to 20 m,nan,1.845,-1.208,0.08,0.17,95.86,-0.46,0.08,-0.01,772,771,772,771,TAKEOFF,1
14.900,takeoff to 20 m,nan,1.845,-1.208,0.07,0.17,95.86,-0.39,0.13,-0.03,772,771,772,771,TAKEOFF,1
14.920,takeoff to 20 m,nan,1.905,-1.217,0.06,0.17,95.85,-0.50,0.15,-0.05,778,778,777,778,TAKEOFF,1
14.940,takeoff to 20 m,nan,1.905,-1.217,0.06,0.17,95.85,-0.49,0.23,0.04,778,778,777,778,TAKEOFF,1
14.960,takeoff to 20 m,nan,1.964,-1.225,0.05,0.17,95.84,-0.51,0.18,-0.02,775,775,775,775,TAKEOFF,1
14.980,takeoff to 20 m,nan,1.964,-1.225,0.04,0.17,95.84,-0.49,0.22,-0.00,775,775,775,775,TAKEOFF,1
15.000,takeoff to 20 m,nan,1.964,-1.225,0.02,0.18,95.84,-0.51,0.26,0.02,775,775,775,775,TAKEOFF,1
15.020,takeoff to 20 m,nan,2.025,-1.233,0.02,0.18,95.83,-0.49,0.22,0.02,775,775,775,775,TAKEOFF,1
15.040,takeoff to 20 m,nan,2.025,-1.233,0.01,0.18,95.83,-0.43,0.25,0.03,775,775,775,775,TAKEOFF,1
15.060,takeoff to 20 m,nan,2.096,-1.242,-0.00,0.19,95.83,-0.45,0.25,-0.01,771,771,771,771,TAKEOFF,1
15.080,takeoff to 20 m,nan,2.096,-1.242,-0.01,0.19,95.83,-0.45,0.28,-0.03,771,771,771,771,TAKEOFF,1
15.100,takeoff to 20 m,nan,2.096,-1.242,-0.02,0.19,95.83,-0.49,0.24,-0.00,771,771,771,771,TAKEOFF,1
15.120,takeoff to 20 m,nan,2.157,-1.249,-0.03,0.20,95.83,-0.44,0.25,0.01,777,777,777,777,TAKEOFF,1
15.140,takeoff to 20 m,nan,2.157,-1.249,-0.04,0.20,95.82,-0.39,0.20,-0.02,777,777,777,777,TAKEOFF,1
15.160,takeoff to 20 m,nan,2.219,-1.256,-0.05,0.20,95.82,-0.37,0.21,0.01,775,775,775,775,TAKEOFF,1
15.180,takeoff to 20 m,nan,2.219,-1.256,-0.06,0.20,95.82,-0.41,0.28,-0.03,775,775,775,775,TAKEOFF,1
15.200,takeoff to 20 m,nan,2.219,-1.256,-0.06,0.21,95.82,-0.34,0.22,-0.04,775,775,775,775,TAKEOFF,1
15.220,takeoff to 20 m,nan,2.281,-1.263,-0.07,0.21,95.82,-0.27,0.33,0.03,774,775,775,774,TAKEOFF,1
15.240,takeoff to 20 m,nan,2.281,-1.263,-0.08,0.22,95.81,-0.19,0.31,-0.02,774,775,775,774,TAKEOFF,1
15.260,takeoff to 20 m,nan,2.354,-1.271,-0.08,0.22,95.81,-0.18,0.15,-0.05,770,770,770,770,TAKEOFF,1
15.280,takeoff to 20 m,nan,2.354,-1.271,-0.08,0.22,95.81,-0.12,0.05,-0.01,770,770,770,770,TAKEOFF,1
15.300,takeoff to 20 m,nan,2.354,-1.271,-0.09,0.22,95.80,-0.14,0.23,-0.06,770,770,770,770,TAKEOFF,1
15.320,takeoff to 20 m,nan,2.417,-1.278,-0.09,0.22,95.80,-0.17,0.24,-0.02,776,777,776,776,TAKEOFF,1
15.340,takeoff to 20 m,nan,2.417,-1.278,-0.09,0.23,95.80,-0.05,0.19,-0.04,776,777,776,776,TAKEOFF,1
15.360,takeoff to 20 m,nan,2.480,-1.284,-0.10,0.23,95.79,-0.09,0.10,-0.02,774,774,775,774,TAKEOFF,1
15.380,takeoff to 20 m,nan,2.480,-1.284,-0.10,0.23,95.79,-0.06,0.13,0.06,774,774,775,774,TAKEOFF,1
15.400,takeoff to 20 m,nan,2.480,-1.284,-0.10,0.23,95.79,-0.04,0.09,-0.00,774,774,775,774,TAKEOFF,1
15.420,takeoff to 20 m,nan,2.543,-1.290,-0.10,0.23,95.79,0.01,0.07,0.06,774,774,774,774,TAKEOFF,1
15.440,takeoff to 20 m,nan,2.543,-1.290,-0.10,0.23,95.78,0.11,-0.01,0.02,774,774,774,774,TAKEOFF,1
15.460,takeoff to 20 m,nan,2.617,-1.297,-0.10,0.23,95.78,0.06,-0.03,-0.00,769,769,769,769,TAKEOFF,1
15.480,takeoff to 20 m,nan,2.617,-1.297,-0.10,0.23,95.77,0.04,-0.10,-0.00,769,769,769,769,TAKEOFF,1
15.500,takeoff to 20 m,nan,2.617,-1.297,-0.10,0.23,95.77,0.03,-0.07,0.02,769,769,769,769,TAKEOFF,1
15.520,takeoff to 20 m,nan,2.681,-1.303,-0.10,0.23,95.76,-0.00,-0.12,-0.02,776,776,776,776,TAKEOFF,1
15.540,takeoff to 20 m,nan,2.681,-1.303,-0.10,0.22,95.76,0.02,-0.22,-0.03,776,776,776,776,TAKEOFF,1
15.560,takeoff to 20 m,nan,2.745,-1.309,-0.10,0.22,95.75,0.09,-0.29,0.06,774,773,774,774,TAKEOFF,1
15.580,takeoff to 20 m,nan,2.745,-1.309,-0.10,0.21,95.75,0.08,-0.26,-0.02,774,773,774,774,TAKEOFF,1
15.600,takeoff to 20 m,nan,2.745,-1.309,-0.10,0.21,95.74,0.05,-0.25,0.01,774,773,774,774,TAKEOFF,1
15.620,takeoff to 20 m,nan,2.810,-1.315,-0.10,0.20,95.73,0.03,-0.38,0.01,773,773,773,774,TAKEOFF,1
15.640,takeoff to 20 m,nan,2.810,-1.315,-0.10,0.19,95.73,0.06,-0.55,0.01,773,773,773,774,TAKEOFF,1
15.660,takeoff to 20 m,nan,2.885,-1.321,-0.09,0.19,95.72,0.13,-0.44,-0.03,769,769,768,769,TAKEOFF,1
15.680,takeoff to 20 m,nan,2.885,-1.321,-0.09,0.18,95.72,0.03,-0.51,0.00,769,769,768,769,TAKEOFF,1
15.700,takeoff to 20 m,nan,2.885,-1.321,-0.09,0.17,95.71,0.07,-0.54,-0.01,769,769,768,769,TAKEOFF,1
15.720,takeoff to 20 m,nan,2.950,-1.327,-0.09,0.16,95.70,0.02,-0.57,-0.01,776,775,775,775,TAKEOFF,1
15.740,takeoff to 20 m,nan,2.950,-1.327,-0.09,0.15,95.70,-0.01,-0.55,-0.03,776,775,775,775,TAKEOFF,1
15.760,takeoff to 20 m,nan,3.015,-1.332,-0.09,0.14,95.69,-0.04,-0.59,-0.01,773,773,773,773,TAKEOFF,1
15.780,takeoff to 20 m,nan,3.015,-1.332,-0.09,0.12,95.68,-0.04,-0.56,-0.01,773,773,773,773,TAKEOFF,1
15.800,takeoff to 20 m,nan,3.015,-1.332,-0.09,0.11,95.68,-0.05,-0.54,0.03,773,773,773,773,TAKEOFF,1
15.820,takeoff to 20 m,nan,3.081,-1.336,-0.09,0.10,95.67,-0.02,-0.56,-0.01,773,773,773,773,TAKEOFF,1
15.840,takeoff to 20 m,nan,3.081,-1.336,-0.09,0.09,95.67,-0.04,-0.58,-0.01,773,773,773,773,TAKEOFF,1
15.860,takeoff to 20 m,nan,3.157,-1.342,-0.09,0.08,95.67,-0.04,-0.57,0.01,768,768,768,768,TAKEOFF,1
15.880,takeoff to 20 m,nan,3.157,-1.342,-0.09,0.07,95.66,-0.03,-0.57,0.00,768,768,768,768,TAKEOFF,1
15.900,takeoff to 20 m,nan,3.157,-1.342,-0.10,0.06,95.66,-0.03,-0.68,-0.01,768,768,768,768,TAKEOFF,1
15.920,takeoff to 20 m,nan,3.222,-1.346,-0.10,0.04,95.66,-0.07,-0.60,-0.02,776,775,775,775,TAKEOFF,1
15.940,takeoff to 20 m,nan,3.222,-1.346,-0.10,0.03,95.65,-0.08,-0.58,-0.01,776,775,775,775,TAKEOFF,1
15.960,takeoff to 20 m,nan,3.287,-1.350,-0.10,0.02,95.65,0.01,-0.56,-0.02,773,773,773,773,TAKEOFF,1
15.980,takeoff to 20 m,nan,3.287,-1.350,-0.10,0.01,95.65,0.02,-0.57,0.04,773,773,773,773,TAKEOFF,1
16.000,takeoff to 20 m,nan,3.287,-1.350,-0.10,-0.00,95.65,0.01,-0.52,-0.02,773,773,773,773,TAKEOFF,1
16.020,takeoff to 20 m,nan,3.352,-1.355,-0.10,-0.01,95.65,-0.04,-0.51,0.05,770,771,770,770,TAKEOFF,1
16.040,takeoff to 20 m,nan,3.352,-1.355,-0.10,-0.02,95.65,0.01,-0.43,0.00,770,771,770,770,TAKEOFF,1
16.060,takeoff to 20 m,nan,3.428,-1.360,-0.10,-0.03,95.65,0.01,-0.43,-0.04,768,768,768,768,TAKEOFF,1
16.080,takeoff to 20 m,nan,3.428,-1.360,-0.10,-0.04,95.65,0.12,-0.43,-0.02,768,768,768,768,TAKEOFF,1
16.100,takeoff to 20 m,nan,3.428,-1.360,-0.09,-0.05,95.65,0.09,-0.41,-0.01,768,768,768,768,TAKEOFF,1
16.120,takeoff to 20 m,nan,3.493,-1.364,-0.09,-0.05,95.65,0.16,-0.41,0.06,775,775,775,774,TAKEOFF,1
16.140,takeoff to 20 m,nan,3.493,-1.364,-0.09,-0.06,95.66,0.18,-0.32,0.03,775,775,775,774,TAKEOFF,1
16.160,takeoff to 20 m,nan,3.558,-1.367,-0.09,-0.07,95.66,0.15,-0.32,-0.03,773,773,773,772,TAKEOFF,1
16.180,takeoff to 20 m,nan,3.558,-1.367,-0.08,-0.07,95.66,0.19,-0.28,0.03,773,773,773,772,TAKEOFF,1
16.200,takeoff to 20 m,nan,3.558,-1.367,-0.08,-0.08,95.66,0.26,-0.32,0.07,773,773,773,772,TAKEOFF,1
16.220,takeoff to 20 m,nan,3.624,-1.371,-0.08,-0.09,95.67,0.12,-0.28,0.07,773,772,772,773,TAKEOFF,1
16.240,takeoff to 20 m,nan,3.624,-1.371,-0.07,-0.09,95.67,0.10,-0.29,0.07,773,772,772,773,TAKEOFF,1
16.260,takeoff to 20 m,nan,3.700,-1.376,-0.07,-0.10,95.67,0.09,-0.30,0.05,768,768,768,767,TAKEOFF,1
16.280,takeoff to 20 m,nan,3.700,-1.376,-0.07,-0.10,95.68,0.16,-0.17,0.09,768,768,768,767,TAKEOFF,1
16.300,takeoff to 20 m,nan,3.700,-1.376,-0.07,-0.11,95.68,0.18,-0.25,0.01,768,768,768,767,TAKEOFF,1
16.320,takeoff to 20 m,nan,3.766,-1.379,-0.06,-0.11,95.69,0.09,-0.29,0.03,775,775,775,774,TAKEOFF,1
16.340,takeoff to 20 m,nan,3.766,-1.379,-0.06,-0.12,95.69,0.09,-0.17,0.06,775,775,775,774,TAKEOFF,1
16.360,takeoff to 20 m,nan,3.831,-1.383,-0.06,-0.12,95.70,0.16,-0.11,0.07,772,772,772,772,TAKEOFF,1
16.380,takeoff to 20 m,nan,3.831,-1.383,-0.06,-0.12,95.70,0.06,-0.07,0.05,772,772,772,772,TAKEOFF,1
16.400,takeoff to 20 m,nan,3.831,-1.383,-0.06,-0.12,95.71,0.06,-0.15,0.07,772,772,772,772,TAKEOFF,1
16.420,takeoff to 20 m,nan,3.897,-1.386,-0.06,-0.13,95.71,0.14,-0.00,0.02,772,771,773,772,TAKEOFF,1
16.440,takeoff to 20 m,nan,3.897,-1.386,-0.05,-0.13,95.72,0.16,-0.02,0.03,772,771,773,772,TAKEOFF,1
16.460,takeoff to 20 m,nan,3.974,-1.390,-0.05,-0.13,95.72,0.11,-0.03,0.08,766,766,767,766,TAKEOFF,1
16.480,takeoff to 20 m,nan,3.974,-1.390,-0.05,-0.13,95.73,0.16,-0.07,0.01,766,766,767,766,TAKEOFF,1
16.500,takeoff to 20 m,nan,3.974,-1.390,-0.05,-0.13,95.73,0.18,0.01,0.06,766,766,767,766,TAKEOFF,1
16.520,takeoff to 20 m,nan,4.040,-1.393,-0.04,-0.13,95.74,0.20,0.01,0.06,774,775,775,775,TAKEOFF,1
16.540,takeoff to 20 m,nan,4.040,-1.393,-0.04,-0.13,95.74,0.18,0.01,0.02,774,775,775,775,TAKEOFF,1
16.560,takeoff to 20 m,nan,4.106,-1.396,-0.04,-0.13,95.74,0.30,-0.12,-0.02,772,771,773,772,TAKEOFF,1
16.580,takeoff to 20 m,nan,4.106,-1.396,-0.03,-0.13,95.75,0.28,0.06,0.04,772,771,773,772,TAKEOFF,1
16.600,takeoff to 20 m,nan,4.106,-1.396,-0.03,-0.13,95.75,0.28,-0.11,-0.01,772,771,773,772,TAKEOFF,1
16.620,takeoff to 20 m,nan,4.173,-1.399,-0.02,-0.13,95.75,0.35,-0.01,-0.00,771,771,772,772,TAKEOFF,1
16.640,takeoff to 20 m,nan,4.173,-1.399,-0.02,-0.13,95.75,0.34,-0.13,0.00,771,771,772,772,TAKEOFF,1
16.660,takeoff to 20 m,nan,4.250,-1.402,-0.01,-0.13,95.75,0.37,-0.11,-0.08,766,766,767,767,TAKEOFF,1
16.680,takeoff to 20 m,nan,4.250,-1.402,-0.00,-0.13,95.75,0.38,-0.14,-0.07,766,766,767,767,TAKEOFF,1
16.700,takeoff to 20 m,nan,4.250,-1.402,0.00,-0.14,95.75,0.41,-0.27,-0.07,766,766,767,767,TAKEOFF,1
16.720,takeoff to 20 m,nan,4.317,-1.405,0.01,-0.14,95.75,0.42,-0.32,-0.09,774,774,776,775,TAKEOFF,1
16.740,takeoff to 20 m,nan,4.317,-1.405,0.02,-0.15,95.75,0.45,-0.26,-0.14,774,774,776,775,TAKEOFF,1
16.760,takeoff to 20 m,nan,4.383,-1.407,0.03,-0.15,95.75,0.44,-0.20,-0.13,772,772,772,773,TAKEOFF,1
16.780,takeoff to 20 m,nan,4.383,-1.407,0.03,-0.15,95.75,0.42,-0.29,-0.07,772,772,772,773,TAKEOFF,1
16.800,takeoff to 20 m,nan,4.383,-1.407,0.04,-0.16,95.75,0.42,-0.32,-0.13,772,772,772,773,TAKEOFF,1
16.820,takeoff to 20 m,nan,4.450,-1.410,0.05,-0.16,95.75,0.36,-0.29,-0.10,772,771,772,772,TAKEOFF,1
16.840,takeoff to 20 m,nan,4.450,-1.410,0.06,-0.17,95.75,0.31,-0.23,-0.08,772,771,772,772,TAKEOFF,1
16.860,takeoff to 20 m,nan,4.528,-1.414,0.06,-0.17,95.75,0.33,-0.27,-0.17,766,766,767,767,TAKEOFF,1
16.880,takeoff to 20 m,nan,4.528,-1.414,0.07,-0.18,95.75,0.19,-0.26,-0.12,766,766,767,767,TAKEOFF,1
16.900,takeoff to 20 m,nan,4.528,-1.414,0.07,-0.18,95.76,0.19,-0.32,-0.16,766,766,767,767,TAKEOFF,1
16.920,takeoff to 20 m,nan,4.594,-1.416,0.08,-0.19,95.76,0.17,-0.27,-0.12,775,774,775,775,TAKEOFF,1
16.940,takeoff to 20 m,nan,4.594,-1.416,0.08,-0.19,95.76,0.15,-0.27,-0.05,775,774,775,775,TAKEOFF,1
16.960,takeoff to 20 m,nan,4.661,-1.419,0.08,-0.20,95.76,0.03,-0.21,-0.12,772,771,772,772,TAKEOFF,1
16.980,takeoff to 20 m,nan,4.661,-1.419,0.08,-0.20,95.77,-0.06,-0.11,-0.14,772,771,772,772,TAKEOFF,1
17.000,takeoff to 20 m,nan,4.661,-1.419,0.08,-0.20,95.77,-0.17,-0.13,-0.13,772,771,772,772,TAKEOFF,1
17.020,takeoff to 20 m,nan,4.727,-1.421,0.08,-0.21,95.77,-0.20,-0.10,-0.17,769,769,769,769,TAKEOFF,1
17.040,takeoff to 20 m,nan,4.727,-1.421,0.08,-0.21,95.78,-0.29,-0.10,-0.12,769,769,769,769,TAKEOFF,1
17.060,takeoff to 20 m,nan,4.805,-1.423,0.07,-0.21,95.78,-0.41,-0.10,-0.18,766,766,767,767,TAKEOFF,1
17.080,takeoff to 20 m,nan,4.805,-1.423,0.07,-0.21,95.79,-0.37,-0.09,-0.13,766,766,767,767,TAKEOFF,1
17.100,takeoff to 20 m,nan,4.805,-1.423,0.06,-0.22,95.80,-0.40,-0.17,-0.12,766,766,767,767,TAKEOFF,1
17.120,takeoff to 20 m,nan,4.871,-1.425,0.05,-0.22,95.80,-0.51,-0.12,-0.22,775,774,776,775,TAKEOFF,1
17.140,takeoff to 20 m,nan,4.871,-1.425,0.04,-0.22,95.80,-0.46,-0.09,-0.16,775,774,776,775,TAKEOFF,1
17.160,takeoff to 20 m,nan,4.938,-1.428,0.04,-0.22,95.81,-0.55,-0.02,-0.19,772,772,772,773,TAKEOFF,1
17.180,takeoff to 20 m,nan,4.938,-1.428,0.03,-0.22,95.81,-0.62,-0.11,-0.25,772,772,772,773,TAKEOFF,1
17.200,takeoff to 20 m,nan,4.938,-1.428,0.01,-0.23,95.82,-0.74,-0.05,-0.22,772,772,772,773,TAKEOFF,1
17.220,takeoff to 20 m,nan,5.005,-1.431,0.00,-0.23,95.82,-0.75,0.02,-0.24,771,772,772,772,TAKEOFF,1
17.236,takeoff to 20 m,nan,5.005,-1.431,-0.00,-0.22,95.82,-0.69,-0.03,-0.26,771,772,772,772,TAKEOFF,1
17.260,takeoff to 20 m,nan,5.061,-1.433,-0.01,-0.23,95.82,-0.64,-0.22,-0.28,775,773,776,775,TAKEOFF,1
17.280,takeoff to 20 m,nan,5.061,-1.433,-0.02,-0.23,95.83,-0.72,-0.19,-0.25,775,773,776,775,TAKEOFF,1
17.300,takeoff to 20 m,nan,5.061,-1.433,-0.04,-0.23,95.83,-0.71,-0.10,-0.29,775,773,776,775,TAKEOFF,1
17.320,takeoff to 20 m,nan,5.128,-1.434,-0.05,-0.23,95.83,-0.64,-0.06,-0.28,774,774,775,775,TAKEOFF,1
17.340,takeoff to 20 m,nan,5.128,-1.434,-0.06,-0.23,95.83,-0.68,0.00,-0.27,774,774,775,775,TAKEOFF,1
17.360,takeoff to 20 m,nan,5.196,-1.436,-0.07,-0.23,95.83,-0.78,-0.00,-0.30,771,772,773,772,TAKEOFF,1
17.380,takeoff to 20 m,nan,5.196,-1.436,-0.09,-0.23,95.83,-0.72,-0.04,-0.31,771,772,773,772,TAKEOFF,1
17.400,takeoff to 20 m,nan,5.196,-1.436,-0.10,-0.23,95.83,-0.55,0.01,-0.28,771,772,773,772,TAKEOFF,1
17.420,takeoff to 20 m,nan,5.264,-1.439,-0.11,-0.23,95.83,-0.53,0.14,-0.31,771,771,772,772,TAKEOFF,1
17.440,takeoff to 20 m,nan,5.264,-1.439,-0.12,-0.23,95.83,-0.50,0.11,-0.29,771,771,772,772,TAKEOFF,1
17.460,takeoff to 20 m,nan,5.332,-1.441,-0.13,-0.23,95.82,-0.48,0.04,-0.31,768,769,769,769,TAKEOFF,1
17.480,takeoff to 20 m,nan,5.332,-1.441,-0.14,-0.23,95.82,-0.46,0.01,-0.30,768,769,769,769,TAKEOFF,1
17.500,takeoff to 20 m,nan,5.332,-1.441,-0.15,-0.23,95.81,-0.45,0.01,-0.38,768,769,769,769,TAKEOFF,1
17.520,takeoff to 20 m,nan,5.411,-1.444,-0.16,-0.23,95.81,-0.42,0.10,-0.37,773,772,774,773,TAKEOFF,1
17.540,takeoff to 20 m,nan,5.411,-1.444,-0.17,-0.22,95.80,-0.36,0.14,-0.37,773,772,774,773,TAKEOFF,1
17.560,takeoff to 20 m,nan,5.479,-1.446,-0.18,-0.22,95.80,-0.35,0.17,-0.39,771,772,772,771,TAKEOFF,1
17.580,takeoff to 20 m,nan,5.479,-1.446,-0.18,-0.22,95.79,-0.10,0.23,-0.36,771,772,772,771,TAKEOFF,1
17.600,takeoff to 20 m,nan,5.479,-1.446,-0.19,-0.21,95.78,-0.04,0.20,-0.42,771,772,772,771,TAKEOFF,1
17.620,takeoff to 20 m,nan,5.547,-1.448,-0.19,-0.21,95.78,-0.03,0.21,-0.35,771,771,772,771,TAKEOFF,1
17.640,takeoff to 20 m,nan,5.547,-1.448,-0.19,-0.21,95.77,0.05,0.23,-0.37,771,771,772,771,TAKEOFF,1
17.660,takeoff to 20 m,nan,5.627,-1.451,-0.19,-0.20,95.77,0.08,0.34,-0.36,765,766,765,766,TAKEOFF,1
17.680,takeoff to 20 m,nan,5.627,-1.451,-0.19,-0.19,95.76,0.17,0.24,-0.37,765,766,765,766,TAKEOFF,1
17.700,takeoff to 20 m,nan,5.627,-1.451,-0.18,-0.19,95.76,0.16,0.19,-0.35,765,766,765,766,TAKEOFF,1
17.720,takeoff to 20 m,nan,5.695,-1.452,-0.18,-0.19,95.75,0.17,0.19,-0.31,774,774,774,774,TAKEOFF,1
17.740,takeoff to 20 m,nan,5.695,-1.452,-0.18,-0.18,95.75,0.12,0.26,-0.32,774,774,774,774,TAKEOFF,1
17.760,takeoff to 20 m,nan,5.764,-1.454,-0.17,-0.18,95.74,0.22,0.24,-0.33,772,772,771,771,TAKEOFF,1
17.780,takeoff to 20 m,nan,5.764,-1.454,-0.17,-0.17,95.74,0.26,0.17,-0.35,772,772,771,771,TAKEOFF,1
17.800,takeoff to 20 m,nan,5.764,-1.454,-0.16,-0.17,95.73,0.24,0.28,-0.32,772,772,771,771,TAKEOFF,1
17.820,takeoff to 20 m,nan,5.832,-1.455,-0.16,-0.16,95.73,0.32,0.22,-0.34,771,772,771,771,TAKEOFF,1
17.840,takeoff to 20 m,nan,5.832,-1.455,-0.15,-0.16,95.72,0.28,0.24,-0.31,771,772,771,771,TAKEOFF,1
17.860,takeoff to 20 m,nan,5.912,-1.458,-0.15,-0.15,95.72,0.30,0.23,-0.31,766,766,765,765,TAKEOFF,1
17.880,takeoff to 20 m,nan,5.912,-1.458,-0.14,-0.15,95.71,0.37,0.25,-0.28,766,766,765,765,TAKEOFF,1
17.900,takeoff to 20 m,nan,5.912,-1.458,-0.13,-0.14,95.70,0.31,0.32,-0.25,766,766,765,765,TAKEOFF,1
17.920,takeoff to 20 m,nan,5.981,-1.459,-0.13,-0.14,95.70,0.28,0.30,-0.28,774,775,774,774,TAKEOFF,1
17.940,takeoff to 20 m,nan,5.981,-1.459,-0.12,-0.13,95.69,0.40,0.20,-0.26,774,775,774,774,TAKEOFF,1
17.960,takeoff to 20 m,nan,6.049,-1.461,-0.12,-0.13,95.68,0.42,0.34,-0.24,771,772,770,771,TAKEOFF,1
17.980,takeoff to 20 m,nan,6.049,-1.461,-0.11,-0.12,95.67,0.46,0.25,-0.31,771,772,770,771,TAKEOFF,1
18.000,takeoff to 20 m,nan,6.049,-1.461,-0.10,-0.11,95.66,0.41,0.22,-0.31,771,772,770,771,TAKEOFF,1
18.020,takeoff to 20 m,nan,6.118,-1.462,-0.09,-0.11,95.65,0.42,0.14,-0.22,772,771,770,770,TAKEOFF,1
18.040,takeoff to 20 m,nan,6.118,-1.462,-0.08,-0.11,95.64,0.44,0.15,-0.22,772,771,770,770,TAKEOFF,1
18.060,takeoff to 20 m,nan,6.186,-1.463,-0.08,-0.10,95.63,0.49,0.13,-0.16,770,771,769,769,TAKEOFF,1
18.080,takeoff to 20 m,nan,6.186,-1.463,-0.07,-0.10,95.62,0.51,0.16,-0.11,770,771,769,769,TAKEOFF,1
18.100,takeoff to 20 m,nan,6.186,-1.463,-0.06,-0.09,95.61,0.52,0.21,-0.08,770,771,769,769,TAKEOFF,1
18.120,takeoff to 20 m,nan,6.255,-1.468,-0.05,-0.09,95.60,0.50,0.24,-0.10,764,764,762,763,TAKEOFF,1
18.140,takeoff to 20 m,nan,6.255,-1.468,-0.04,-0.08,95.58,0.53,0.20,-0.07,764,764,762,763,TAKEOFF,1
18.160,takeoff to 20 m,nan,6.335,-1.472,-0.03,-0.08,95.57,0.62,0.09,-0.07,766,766,764,764,TAKEOFF,1
18.180,takeoff to 20 m,nan,6.335,-1.472,-0.02,-0.08,95.56,0.62,0.15,-0.03,766,766,764,764,TAKEOFF,1
18.200,takeoff to 20 m,nan,6.335,-1.472,-0.01,-0.07,95.55,0.68,-0.01,-0.03,766,766,764,764,TAKEOFF,1
18.220,takeoff to 20 m,nan,6.405,-1.472,0.00,-0.07,95.53,0.66,-0.06,-0.01,774,774,772,772,TAKEOFF,1
18.240,takeoff to 20 m,nan,6.405,-1.472,0.01,-0.07,95.52,0.69,-0.05,0.05,774,774,772,772,TAKEOFF,1
18.260,takeoff to 20 m,nan,6.474,-1.472,0.03,-0.07,95.51,0.70,-0.05,0.07,772,771,769,769,TAKEOFF,1
18.280,takeoff to 20 m,nan,6.474,-1.472,0.04,-0.07,95.51,0.70,-0.10,0.12,772,771,769,769,TAKEOFF,1
18.300,takeoff to 20 m,nan,6.474,-1.472,0.05,-0.07,95.50,0.70,0.02,0.16,772,771,769,769,TAKEOFF,1
18.320,takeoff to 20 m,nan,6.543,-1.472,0.06,-0.07,95.50,0.71,-0.02,0.09,769,769,766,767,TAKEOFF,1
18.340,takeoff to 20 m,nan,6.543,-1.472,0.08,-0.07,95.49,0.69,-0.01,0.17,769,769,766,767,TAKEOFF,1
18.360,takeoff to 20 m,nan,6.624,-1.473,0.09,-0.07,95.49,0.65,-0.10,0.19,766,766,764,763,TAKEOFF,1
18.380,takeoff to 20 m,nan,6.624,-1.473,0.10,-0.07,95.48,0.71,-0.09,0.17,766,766,764,763,TAKEOFF,1
18.400,takeoff to 20 m,nan,6.624,-1.473,0.12,-0.07,95.48,0.65,-0.08,0.25,766,766,764,763,TAKEOFF,1
18.420,takeoff to 20 m,nan,6.693,-1.474,0.13,-0.07,95.48,0.66,-0.04,0.27,775,775,773,772,TAKEOFF,1
18.440,takeoff to 20 m,nan,6.693,-1.474,0.14,-0.07,95.48,0.63,-0.08,0.31,775,775,773,772,TAKEOFF,1
18.460,takeoff to 20 m,nan,6.763,-1.475,0.15,-0.07,95.49,0.59,-0.06,0.32,772,772,770,770,TAKEOFF,1
18.480,takeoff to 20 m,nan,6.763,-1.475,0.17,-0.08,95.49,0.52,0.04,0.30,772,772,770,770,TAKEOFF,1
18.500,takeoff to 20 m,nan,6.763,-1.475,0.18,-0.07,95.49,0.51,0.04,0.37,772,772,770,770,TAKEOFF,1
18.520,takeoff to 20 m,nan,6.832,-1.475,0.19,-0.07,95.49,0.47,0.02,0.34,769,769,767,767,TAKEOFF,1
18.540,takeoff to 20 m,nan,6.832,-1.475,0.19,-0.07,95.50,0.45,0.04,0.35,769,769,767,767,TAKEOFF,1
18.560,takeoff to 20 m,nan,6.913,-1.477,0.20,-0.07,95.50,0.37,0.15,0.40,766,766,764,765,TAKEOFF,1
18.580,takeoff to 20 m,nan,6.913,-1.477,0.21,-0.07,95.51,0.28,0.15,0.42,766,766,764,765,TAKEOFF,1
18.604,takeoff to 20 m,nan,6.913,-1.477,0.21,-0.06,95.52,0.31,0.12,0.39,766,766,764,765,TAKEOFF,1
18.620,takeoff to 20 m,nan,6.994,-1.478,0.22,-0.06,95.52,0.27,0.08,0.49,773,773,771,772,TAKEOFF,1
18.640,takeoff to 20 m,nan,6.994,-1.478,0.22,-0.06,95.53,0.18,0.11,0.43,773,773,771,772,TAKEOFF,1
18.660,takeoff to 20 m,nan,7.052,-1.478,0.23,-0.06,95.54,0.07,0.07,0.47,770,770,769,769,TAKEOFF,1
18.680,takeoff to 20 m,nan,7.052,-1.478,0.23,-0.06,95.55,0.09,0.05,0.43,770,770,769,769,TAKEOFF,1
18.700,takeoff to 20 m,nan,7.052,-1.478,0.23,-0.06,95.56,0.07,0.08,0.45,770,770,769,769,TAKEOFF,1
18.720,takeoff to 20 m,nan,7.122,-1.478,0.23,-0.05,95.57,0.09,0.02,0.44,771,771,770,771,TAKEOFF,1
18.740,takeoff to 20 m,nan,7.122,-1.478,0.24,-0.05,95.58,0.13,0.04,0.48,771,771,770,771,TAKEOFF,1
18.760,takeoff to 20 m,nan,7.203,-1.480,0.24,-0.05,95.59,0.13,0.00,0.50,766,765,765,766,TAKEOFF,1
18.780,takeoff to 20 m,nan,7.203,-1.480,0.24,-0.05,95.60,0.04,0.12,0.50,766,765,765,766,TAKEOFF,1
18.800,takeoff to 20 m,nan,7.203,-1.480,0.24,-0.05,95.62,-0.05,0.02,0.43,766,765,765,766,TAKEOFF,1
18.820,takeoff to 20 m,nan,7.272,-1.481,0.24,-0.05,95.63,-0.11,-0.04,0.52,774,774,774,774,TAKEOFF,1
18.840,takeoff to 20 m,nan,7.272,-1.481,0.24,-0.05,95.64,-0.14,0.02,0.47,774,774,774,774,TAKEOFF,1
18.860,takeoff to 20 m,nan,7.342,-1.481,0.24,-0.05,95.66,-0.15,-0.02,0.44,771,771,772,772,TAKEOFF,1
18.880,takeoff to 20 m,nan,7.342,-1.481,0.23,-0.05,95.67,-0.24,-0.02,0.42,771,771,772,772,TAKEOFF,1
18.900,takeoff to 20 m,nan,7.342,-1.481,0.23,-0.05,95.68,-0.24,-0.02,0.37,771,771,772,772,TAKEOFF,1
18.920,takeoff to 20 m,nan,7.411,-1.483,0.22,-0.05,95.70,-0.32,-0.02,0.39,770,770,771,772,TAKEOFF,1
18.940,takeoff to 20 m,nan,7.411,-1.483,0.22,-0.05,95.71,-0.29,-0.03,0.30,770,770,771,772,TAKEOFF,1
18.960,takeoff to 20 m,nan,7.493,-1.484,0.21,-0.05,95.72,-0.39,-0.02,0.36,764,764,766,766,TAKEOFF,1
18.980,takeoff to 20 m,nan,7.493,-1.484,0.21,-0.05,95.74,-0.39,-0.07,0.31,764,764,766,766,TAKEOFF,1
19.000,takeoff to 20 m,nan,7.493,-1.484,0.20,-0.05,95.75,-0.42,-0.07,0.29,764,764,766,766,TAKEOFF,1
19.020,takeoff to 20 m,nan,7.563,-1.485,0.19,-0.05,95.76,-0.42,-0.04,0.29,773,772,775,775,TAKEOFF,1
19.040,takeoff to 20 m,nan,7.563,-1.485,0.19,-0.05,95.77,-0.43,0.06,0.25,773,772,775,775,TAKEOFF,1
19.060,takeoff to 20 m,nan,7.633,-1.487,0.18,-0.05,95.78,-0.49,0.04,0.22,769,769,772,772,TAKEOFF,1
19.080,takeoff to 20 m,nan,7.633,-1.487,0.17,-0.05,95.79,-0.45,-0.03,0.21,769,769,772,772,TAKEOFF,1
19.100,takeoff to 20 m,nan,7.633,-1.487,0.16,-0.05,95.80,-0.52,0.04,0.11,769,769,772,772,TAKEOFF,1
19.120,takeoff to 20 m,nan,7.703,-1.488,0.15,-0.05,95.81,-0.53,0.04,0.14,769,769,772,772,TAKEOFF,1
19.140,takeoff to 20 m,nan,7.703,-1.488,0.14,-0.05,95.82,-0.56,0.01,0.07,769,769,772,772,TAKEOFF,1
19.160,takeoff to 20 m,nan,7.786,-1.489,0.13,-0.05,95.82,-0.57,0.12,0.04,763,763,766,766,TAKEOFF,1
19.180,takeoff to 20 m,nan,7.786,-1.489,0.12,-0.05,95.83,-0.51,0.16,0.05,763,763,766,766,TAKEOFF,1
19.200,takeoff to 20 m,nan,7.786,-1.489,0.11,-0.04,95.83,-0.59,0.13,-0.01,763,763,766,766,TAKEOFF,1
19.220,takeoff to 20 m,nan,7.856,-1.490,0.10,-0.04,95.83,-0.56,0.19,-0.04,772,772,775,774,TAKEOFF,1
19.240,takeoff to 20 m,nan,7.856,-1.490,0.09,-0.04,95.83,-0.56,0.14,-0.04,772,772,775,774,TAKEOFF,1
19.260,takeoff to 20 m,nan,7.927,-1.490,0.07,-0.03,95.84,-0.66,0.24,-0.07,769,770,772,771,TAKEOFF,1
19.280,takeoff to 20 m,nan,7.927,-1.490,0.06,-0.03,95.84,-0.47,0.27,-0.12,769,770,772,771,TAKEOFF,1
19.300,takeoff to 20 m,nan,7.927,-1.490,0.05,-0.02,95.83,-0.42,0.26,-0.08,769,770,772,771,TAKEOFF,1
19.320,takeoff to 20 m,nan,7.998,-1.492,0.04,-0.02,95.83,-0.38,0.19,-0.15,769,769,771,771,TAKEOFF,1
19.340,takeoff to 20 m,nan,7.998,-1.492,0.03,-0.02,95.83,-0.41,0.29,-0.16,769,769,771,771,TAKEOFF,1
19.360,takeoff to 20 m,nan,8.081,-1.493,0.03,-0.01,95.83,-0.41,0.33,-0.18,763,763,765,765,TAKEOFF,1
19.380,takeoff to 20 m,nan,8.081,-1.493,0.02,-0.00,95.82,-0.32,0.26,-0.22,763,763,765,765,TAKEOFF,1
19.400,takeoff to 20 m,nan,8.081,-1.493,0.01,0.00,95.82,-0.30,0.30,-0.30,763,763,765,765,TAKEOFF,1
19.416,takeoff to 20 m,nan,8.152,-1.493,0.01,0.01,95.81,-0.26,0.23,-0.30,763,764,765,765,TAKEOFF,1
19.440,takeoff to 20 m,nan,8.152,-1.493,0.00,0.01,95.81,-0.15,0.17,-0.25,763,764,765,765,TAKEOFF,1
19.460,takeoff to 20 m,nan,8.211,-1.491,-0.00,0.01,95.80,-0.14,0.18,-0.33,772,772,773,773,TAKEOFF,1
19.480,takeoff to 20 m,nan,8.211,-1.491,-0.01,0.02,95.80,-0.15,0.17,-0.32,772,772,773,773,TAKEOFF,1
19.500,takeoff to 20 m,nan,8.211,-1.491,-0.01,0.02,95.79,-0.15,0.33,-0.31,772,772,773,773,TAKEOFF,1
19.520,takeoff to 20 m,nan,8.282,-1.489,-0.01,0.03,95.78,-0.15,0.27,-0.37,771,772,772,772,TAKEOFF,1
19.540,takeoff to 20 m,nan,8.282,-1.489,-0.02,0.03,95.78,-0.06,0.30,-0.28,771,772,772,772,TAKEOFF,1
19.560,takeoff to 20 m,nan,8.364,-1.491,-0.02,0.04,95.77,-0.02,0.25,-0.29,765,765,766,766,TAKEOFF,1
19.580,takeoff to 20 m,nan,8.364,-1.491,-0.02,0.05,95.76,-0.03,0.27,-0.39,765,765,766,766,TAKEOFF,1
19.600,takeoff to 20 m,nan,8.364,-1.491,-0.02,0.05,95.76,0.03,0.34,-0.29,765,765,766,766,TAKEOFF,1
19.620,takeoff to 20 m,nan,8.435,-1.493,-0.02,0.06,95.75,-0.02,0.31,-0.32,774,774,774,774,TAKEOFF,1
19.640,takeoff to 20 m,nan,8.435,-1.493,-0.02,0.06,95.74,0.05,0.29,-0.36,774,774,774,774,TAKEOFF,1
19.660,takeoff to 20 m,nan,8.507,-1.494,-0.02,0.07,95.74,0.08,0.32,-0.30,771,771,770,771,TAKEOFF,1
19.680,takeoff to 20 m,nan,8.507,-1.494,-0.02,0.08,95.73,-0.03,0.25,-0.25,771,771,770,771,TAKEOFF,1
19.700,takeoff to 20 m,nan,8.507,-1.494,-0.02,0.08,95.73,-0.05,0.26,-0.34,771,771,770,771,TAKEOFF,1
19.720,takeoff to 20 m,nan,8.578,-1.496,-0.02,0.09,95.72,-0.12,0.13,-0.34,770,771,770,770,TAKEOFF,1
19.740,takeoff to 20 m,nan,8.578,-1.496,-0.02,0.09,95.71,-0.08,0.13,-0.31,770,771,770,770,TAKEOFF,1
19.760,takeoff to 20 m,nan,8.662,-1.498,-0.03,0.09,95.71,-0.09,0.13,-0.27,765,765,764,764,TAKEOFF,1
19.780,takeoff to 20 m,nan,8.662,-1.498,-0.03,0.10,95.70,-0.01,0.05,-0.24,765,765,764,764,TAKEOFF,1
19.800,takeoff to 20 m,nan,8.662,-1.498,-0.03,0.10,95.70,-0.10,0.07,-0.24,765,765,764,764,TAKEOFF,1
19.820,takeoff to 20 m,nan,8.734,-1.499,-0.03,0.10,95.69,-0.10,0.11,-0.29,774,774,773,773,TAKEOFF,1
19.840,takeoff to 20 m,nan,8.734,-1.499,-0.03,0.10,95.69,-0.11,0.12,-0.18,774,774,773,773,TAKEOFF,1
19.860,takeoff to 20 m,nan,8.805,-1.500,-0.03,0.10,95.68,-0.11,0.12,-0.25,771,771,770,769,TAKEOFF,1
19.880,takeoff to 20 m,nan,8.805,-1.500,-0.03,0.10,95.68,-0.09,0.18,-0.20,771,771,770,769,TAKEOFF,1
19.900,takeoff to 20 m,nan,8.805,-1.500,-0.04,0.11,95.67,-0.12,0.20,-0.20,771,771,770,769,TAKEOFF,1
19.920,takeoff to 20 m,nan,8.878,-1.501,-0.04,0.11,95.66,-0.16,0.21,-0.15,771,770,770,769,TAKEOFF,1
19.940,takeoff to 20 m,nan,8.878,-1.501,-0.04,0.11,95.66,-0.25,0.29,-0.20,771,770,770,769,TAKEOFF,1
19.960,takeoff to 20 m,nan,8.962,-1.501,-0.04,0.12,95.66,-0.12,0.36,-0.13,765,764,763,764,TAKEOFF,1
19.980,takeoff to 20 m,nan,8.962,-1.501,-0.04,0.12,95.65,-0.26,0.37,-0.12,765,764,763,764,TAKEOFF,1
20.000,takeoff to 20 m,nan,8.962,-1.501,-0.05,0.13,95.65,-0.30,0.30,-0.11,765,764,763,764,TAKEOFF,1
20.020,takeoff to 20 m,nan,9.034,-1.502,-0.05,0.13,95.64,-0.40,0.41,-0.13,773,774,772,772,TAKEOFF,1
20.040,takeoff to 20 m,nan,9.034,-1.502,-0.06,0.14,95.64,-0.40,0.37,-0.14,773,774,772,772,TAKEOFF,1
20.060,takeoff to 20 m,nan,9.106,-1.502,-0.07,0.15,95.64,-0.41,0.39,-0.10,770,770,769,769,TAKEOFF,1
20.080,takeoff to 20 m,nan,9.106,-1.502,-0.07,0.16,95.64,-0.44,0.41,-0.07,770,770,769,769,TAKEOFF,1
20.100,takeoff to 20 m,nan,9.106,-1.502,-0.08,0.16,95.63,-0.44,0.39,-0.03,770,770,769,769,TAKEOFF,1
20.120,takeoff to 20 m,nan,9.179,-1.502,-0.09,0.17,95.63,-0.55,0.34,-0.04,770,771,769,770,TAKEOFF,1
20.140,takeoff to 20 m,nan,9.179,-1.502,-0.10,0.18,95.63,-0.59,0.29,-0.02,770,771,769,770,TAKEOFF,1
20.160,takeoff to 20 m,nan,9.263,-1.503,-0.11,0.18,95.63,-0.63,0.26,0.01,764,764,763,763,TAKEOFF,1
20.180,takeoff to 20 m,nan,9.263,-1.503,-0.12,0.19,95.63,-0.60,0.32,-0.01,764,764,763,763,TAKEOFF,1
20.200,takeoff to 20 m,nan,9.263,-1.503,-0.13,0.19,95.63,-0.61,0.18,0.04,764,764,763,763,TAKEOFF,1
20.220,takeoff to 20 m,nan,9.336,-1.503,-0.14,0.20,95.63,-0.60,0.17,0.01,774,773,773,772,TAKEOFF,1
20.240,takeoff to 20 m,nan,9.336,-1.503,-0.15,0.20,95.63,-0.66,0.24,0.01,774,773,773,772,TAKEOFF,1
20.260,takeoff to 20 m,nan,9.408,-1.504,-0.17,0.20,95.63,-0.62,0.14,0.03,770,771,769,769,TAKEOFF,1
20.280,takeoff to 20 m,nan,9.408,-1.504,-0.18,0.21,95.63,-0.63,0.05,0.07,770,771,769,769,TAKEOFF,1
20.300,takeoff to 20 m,nan,9.408,-1.504,-0.19,0.21,95.63,-0.62,0.04,0.08,770,771,769,769,TAKEOFF,1
20.320,takeoff to 20 m,nan,9.480,-1.504,-0.20,0.21,95.63,-0.54,0.06,0.09,770,771,770,769,TAKEOFF,1
20.340,takeoff to 20 m,nan,9.480,-1.504,-0.21,0.21,95.64,-0.45,0.09,0.09,770,771,770,769,TAKEOFF,1
20.360,takeoff to 20 m,nan,9.563,-1.504,-0.22,0.21,95.64,-0.45,0.00,0.08,764,764,764,763,TAKEOFF,1
20.380,takeoff to 20 m,nan,9.563,-1.504,-0.23,0.21,95.64,-0.44,-0.02,0.06,764,764,764,763,TAKEOFF,1
20.400,takeoff to 20 m,nan,9.563,-1.504,-0.24,0.21,95.64,-0.28,0.04,0.10,764,764,764,763,TAKEOFF,1
20.420,takeoff to 20 m,nan,9.635,-1.504,-0.25,0.21,95.64,-0.21,0.04,0.13,773,774,772,773,TAKEOFF,1
20.440,takeoff to 20 m,nan,9.635,-1.504,-0.25,0.21,95.64,-0.13,0.01,0.12,773,774,772,773,TAKEOFF,1
20.460,takeoff to 20 m,nan,9.706,-1.504,-0.26,0.21,95.65,-0.10,-0.07,0.15,770,770,770,770,TAKEOFF,1
20.480,takeoff to 20 m,nan,9.706,-1.504,-0.26,0.21,95.65,-0.08,-0.08,0.17,770,770,770,770,TAKEOFF,1
20.500,takeoff to 20 m,nan,9.706,-1.504,-0.26,0.21,95.65,-0.04,-0.19,0.16,770,770,770,770,TAKEOFF,1
20.520,takeoff to 20 m,nan,9.777,-1.504,-0.26,0.21,95.66,-0.04,-0.19,0.12,770,770,770,770,TAKEOFF,1
20.540,takeoff to 20 m,nan,9.777,-1.504,-0.26,0.21,95.66,0.05,-0.26,0.08,770,770,770,770,TAKEOFF,1
20.560,takeoff to 20 m,nan,9.860,-1.504,-0.26,0.20,95.66,0.11,-0.11,0.17,764,765,764,764,TAKEOFF,1
20.580,takeoff to 20 m,nan,9.860,-1.504,-0.26,0.20,95.67,0.22,-0.14,0.14,764,765,764,764,TAKEOFF,1
20.600,takeoff to 20 m,nan,9.860,-1.504,-0.26,0.20,95.67,0.30,-0.21,0.08,764,765,764,764,TAKEOFF,1
20.620,takeoff to 20 m,nan,9.930,-1.505,-0.25,0.19,95.67,0.40,-0.14,0.09,773,773,774,773,TAKEOFF,1
20.640,takeoff to 20 m,nan,9.930,-1.505,-0.25,0.19,95.68,0.46,-0.10,0.12,773,773,774,773,TAKEOFF,1
20.660,takeoff to 20 m,nan,10.001,-1.504,-0.24,0.19,95.68,0.40,-0.04,0.12,770,771,771,770,TAKEOFF,1
20.680,takeoff to 20 m,nan,10.001,-1.504,-0.23,0.19,95.69,0.58,-0.19,0.14,770,771,771,770,TAKEOFF,1
20.700,takeoff to 20 m,nan,10.001,-1.504,-0.22,0.18,95.69,0.58,-0.18,0.11,770,771,771,770,TAKEOFF,1
20.720,takeoff to 20 m,nan,10.071,-1.505,-0.21,0.18,95.69,0.62,-0.17,0.10,774,775,775,775,TAKEOFF,1
20.740,takeoff to 20 m,nan,10.071,-1.505,-0.20,0.18,95.70,0.69,-0.16,0.10,774,775,775,775,TAKEOFF,1
20.760,takeoff to 20 m,nan,10.154,-1.506,-0.19,0.17,95.70,0.67,-0.15,0.07,780,780,780,780,TAKEOFF,1
20.780,takeoff to 20 m,nan,10.154,-1.506,-0.18,0.17,95.70,0.73,-0.13,0.08,780,780,780,780,TAKEOFF,1
20.800,takeoff to 20 m,nan,10.154,-1.506,-0.16,0.17,95.71,0.78,-0.18,0.06,780,780,780,780,TAKEOFF,1
20.820,takeoff to 20 m,nan,10.225,-1.523,-0.15,0.16,95.71,0.73,-0.19,0.11,804,804,805,804,TAKEOFF,1
20.840,takeoff to 20 m,nan,10.225,-1.523,-0.13,0.16,95.71,0.79,-0.14,0.08,804,804,805,804,TAKEOFF,1
20.860,takeoff to 20 m,nan,10.297,-1.557,-0.12,0.16,95.71,0.74,-0.19,0.03,809,809,810,810,TAKEOFF,1
20.880,takeoff to 20 m,nan,10.297,-1.557,-0.10,0.15,95.71,0.77,-0.19,0.14,809,809,810,810,TAKEOFF,1
20.900,takeoff to 20 m,nan,10.297,-1.557,-0.09,0.15,95.71,0.75,-0.12,0.04,809,809,810,810,TAKEOFF,1
20.920,takeoff to 20 m,nan,10.372,-1.604,-0.08,0.15,95.72,0.81,-0.18,0.01,825,826,826,826,TAKEOFF,1
20.940,takeoff to 20 m,nan,10.372,-1.604,-0.06,0.15,95.72,0.72,-0.19,0.04,825,826,826,826,TAKEOFF,1
20.960,takeoff to 20 m,nan,10.463,-1.678,-0.05,0.14,95.71,0.63,-0.21,-0.00,820,820,820,821,TAKEOFF,1
20.980,takeoff to 20 m,nan,10.463,-1.678,-0.03,0.14,95.71,0.63,-0.29,-0.02,820,820,820,821,TAKEOFF,1
21.000,takeoff to 20 m,nan,10.463,-1.678,-0.02,0.13,95.71,0.67,-0.31,0.02,820,820,820,821,TAKEOFF,1
21.020,takeoff to 20 m,nan,10.545,-1.753,-0.01,0.13,95.71,0.63,-0.28,-0.01,842,841,842,842,TAKEOFF,1
21.040,takeoff to 20 m,nan,10.545,-1.753,0.00,0.12,95.71,0.70,-0.32,-0.00,842,841,842,842,TAKEOFF,1
21.060,takeoff to 20 m,nan,10.632,-1.837,0.01,0.12,95.71,0.68,-0.36,0.00,840,839,840,840,TAKEOFF,1
21.080,takeoff to 20 m,nan,10.632,-1.837,0.03,0.11,95.71,0.66,-0.34,-0.02,840,839,840,840,TAKEOFF,1
21.100,takeoff to 20 m,nan,10.632,-1.837,0.04,0.10,95.70,0.54,-0.33,-0.08,840,839,840,840,TAKEOFF,1
21.120,takeoff to 20 m,nan,10.724,-1.930,0.05,0.10,95.70,0.53,-0.34,-0.09,854,853,854,854,TAKEOFF,1
21.140,takeoff to 20 m,nan,10.724,-1.930,0.06,0.09,95.69,0.48,-0.25,-0.12,854,853,854,854,TAKEOFF,1
21.160,takeoff to 20 m,nan,10.838,-2.048,0.07,0.09,95.69,0.41,-0.33,-0.05,841,841,841,841,TAKEOFF,1
21.180,takeoff to 20 m,nan,10.838,-2.048,0.08,0.08,95.68,0.34,-0.36,-0.04,841,841,841,841,TAKEOFF,1
21.200,takeoff to 20 m,nan,10.838,-2.048,0.09,0.07,95.67,0.31,-0.36,-0.04,841,841,841,841,TAKEOFF,1
21.220,takeoff to 20 m,nan,10.941,-2.157,0.10,0.06,95.67,0.22,-0.32,-0.07,866,865,865,866,TAKEOFF,1
21.240,takeoff to 20 m,nan,10.941,-2.157,0.10,0.06,95.66,0.19,-0.37,-0.07,866,865,865,866,TAKEOFF,1
21.260,takeoff to 20 m,nan,11.051,-2.274,0.10,0.05,95.65,0.10,-0.34,-0.03,861,860,860,860,TAKEOFF,1
21.280,takeoff to 20 m,nan,11.051,-2.274,0.11,0.04,95.64,-0.01,-0.23,-0.06,861,860,860,860,TAKEOFF,1
21.300,takeoff to 20 m,nan,11.051,-2.274,0.11,0.04,95.64,0.01,-0.26,-0.01,861,860,860,860,TAKEOFF,1
21.320,takeoff to 20 m,nan,11.167,-2.397,0.11,0.03,95.63,-0.08,-0.22,-0.09,877,876,876,876,TAKEOFF,1
21.340,takeoff to 20 m,nan,11.167,-2.397,0.11,0.03,95.62,-0.25,-0.18,0.01,877,876,876,876,TAKEOFF,1
21.360,takeoff to 20 m,nan,11.311,-2.550,0.11,0.02,95.61,-0.31,-0.16,-0.01,840,839,839,839,TAKEOFF,1
21.380,takeoff to 20 m,nan,11.311,-2.550,0.10,0.02,95.61,-0.36,-0.13,0.01,840,839,839,839,TAKEOFF,1
21.400,takeoff to 20 m,nan,11.311,-2.550,0.09,0.02,95.60,-0.39,-0.03,-0.03,840,839,839,839,TAKEOFF,1
21.420,takeoff to 20 m,nan,11.441,-2.665,0.09,0.01,95.60,-0.40,-0.18,0.05,833,833,832,832,TAKEOFF,1
21.440,takeoff to 20 m,nan,11.441,-2.665,0.08,0.01,95.59,-0.36,-0.09,0.00,833,833,832,832,TAKEOFF,1
21.460,takeoff to 20 m,nan,11.576,-2.754,0.07,0.01,95.59,-0.42,-0.01,0.07,809,809,808,808,TAKEOFF,1
21.480,takeoff to 20 m,nan,11.576,-2.754,0.07,0.01,95.58,-0.41,-0.01,0.05,809,809,808,808,TAKEOFF,1
21.500,takeoff to 20 m,nan,11.576,-2.754,0.06,0.01,95.58,-0.39,0.06,0.08,809,809,808,808,TAKEOFF,1
21.520,takeoff to 20 m,nan,11.715,-2.818,0.05,0.01,95.58,-0.41,0.04,0.07,803,803,801,802,TAKEOFF,1
21.540,takeoff to 20 m,nan,11.715,-2.818,0.04,0.01,95.58,-0.37,0.02,0.07,803,803,801,802,TAKEOFF,1
21.560,takeoff to 20 m,nan,11.881,-2.869,0.04,0.01,95.58,-0.42,0.03,0.11,779,779,778,777,TAKEOFF,1
21.580,takeoff to 20 m,nan,11.881,-2.869,0.03,0.01,95.58,-0.41,0.07,0.15,779,779,778,777,TAKEOFF,1
21.600,takeoff to 20 m,nan,11.881,-2.869,0.02,0.01,95.58,-0.37,0.14,0.15,779,779,778,777,TAKEOFF,1
21.620,takeoff to 20 m,nan,12.024,-2.899,0.01,0.01,95.59,-0.34,0.17,0.15,784,783,782,782,TAKEOFF,1
21.640,takeoff to 20 m,nan,12.024,-2.899,0.01,0.01,95.59,-0.44,0.16,0.12,784,783,782,782,TAKEOFF,1
21.660,takeoff to 20 m,nan,12.169,-2.917,-0.00,0.02,95.60,-0.37,0.23,0.20,771,771,770,770,TAKEOFF,1
21.680,takeoff to 20 m,nan,12.169,-2.917,-0.01,0.02,95.60,-0.32,0.20,0.14,771,771,770,770,TAKEOFF,1
21.700,takeoff to 20 m,nan,12.169,-2.917,-0.02,0.03,95.61,-0.25,0.20,0.14,771,771,770,770,TAKEOFF,1
21.720,takeoff to 20 m,nan,12.313,-2.926,-0.02,0.03,95.61,-0.25,0.08,0.18,770,771,770,770,TAKEOFF,1
21.740,takeoff to 20 m,nan,12.313,-2.926,-0.03,0.03,95.62,-0.24,0.08,0.19,770,771,770,770,TAKEOFF,1
21.760,takeoff to 20 m,nan,12.482,-2.927,-0.03,0.03,95.62,-0.27,0.13,0.25,753,754,753,753,TAKEOFF,1
21.780,takeoff to 20 m,nan,12.482,-2.927,-0.04,0.04,95.63,-0.20,0.07,0.19,753,754,753,753,TAKEOFF,1
21.800,takeoff to 20 m,nan,12.482,-2.927,-0.04,0.04,95.64,-0.11,0.05,0.18,753,754,753,753,TAKEOFF,1
21.820,takeoff to 20 m,nan,12.626,-2.921,-0.05,0.04,95.64,-0.13,0.15,0.31,758,758,758,758,TAKEOFF,1
21.840,takeoff to 20 m,nan,12.626,-2.921,-0.05,0.04,95.65,-0.04,0.09,0.16,758,758,758,758,TAKEOFF,1
21.860,takeoff to 20 m,nan,12.769,-2.907,-0.05,0.04,95.66,-0.13,0.09,0.24,748,748,749,748,TAKEOFF,1
21.880,takeoff to 20 m,nan,12.769,-2.907,-0.05,0.04,95.67,-0.08,0.18,0.24,748,748,749,748,TAKEOFF,1
21.900,takeoff to 20 m,nan,12.769,-2.907,-0.06,0.05,95.67,-0.07,0.14,0.20,748,748,749,748,TAKEOFF,1
21.920,takeoff to 20 m,nan,12.910,-2.887,-0.06,0.05,95.68,0.01,0.02,0.20,748,747,748,748,TAKEOFF,1
21.940,takeoff to 20 m,nan,12.910,-2.887,-0.06,0.05,95.69,-0.08,0.08,0.18,748,747,748,748,TAKEOFF,1
21.960,takeoff to 20 m,nan,13.108,-2.849,-0.06,0.05,95.70,-0.10,0.16,0.17,742,742,743,743,TAKEOFF,1
21.980,takeoff to 20 m,nan,13.108,-2.849,-0.06,0.06,95.70,0.02,0.22,0.18,742,742,743,743,TAKEOFF,1
22.000,takeoff to 20 m,nan,13.108,-2.849,-0.06,0.06,95.71,0.03,0.14,0.16,742,742,743,743,TAKEOFF,1
22.020,takeoff to 20 m,nan,13.245,-2.818,-0.06,0.06,95.71,0.08,0.14,0.15,741,741,742,741,TAKEOFF,1
22.040,takeoff to 20 m,nan,13.245,-2.818,-0.06,0.07,95.71,0.10,0.15,0.11,741,741,742,741,TAKEOFF,1
22.060,takeoff to 20 m,nan,13.403,-2.781,-0.06,0.07,95.72,0.08,0.21,0.14,733,734,734,735,TAKEOFF,1
22.080,takeoff to 20 m,nan,13.403,-2.781,-0.06,0.07,95.72,0.08,0.02,0.20,733,734,734,735,TAKEOFF,1
22.100,takeoff to 20 m,nan,13.403,-2.781,-0.06,0.07,95.72,0.10,-0.04,0.08,733,734,734,735,TAKEOFF,1
22.120,takeoff to 20 m,nan,13.536,-2.744,-0.06,0.07,95.73,0.03,-0.06,0.11,735,735,736,736,TAKEOFF,1
22.140,takeoff to 20 m,nan,13.536,-2.744,-0.05,0.07,95.73,0.08,0.00,0.05,735,735,736,736,TAKEOFF,1
22.160,takeoff to 20 m,nan,13.667,-2.701,-0.05,0.07,95.73,0.05,0.05,0.06,727,727,728,728,TAKEOFF,1
22.180,takeoff to 20 m,nan,13.667,-2.701,-0.05,0.07,95.73,0.10,-0.00,0.09,727,727,728,728,TAKEOFF,1
22.200,takeoff to 20 m,nan,13.667,-2.701,-0.05,0.07,95.73,0.09,-0.02,0.06,727,727,728,728,TAKEOFF,1
22.220,takeoff to 20 m,nan,13.794,-2.653,-0.05,0.07,95.73,0.01,-0.05,0.05,724,723,725,725,TAKEOFF,1
22.240,takeoff to 20 m,nan,13.794,-2.653,-0.05,0.07,95.73,-0.03,0.02,0.04,724,723,725,725,TAKEOFF,1
22.260,takeoff to 20 m,nan,13.940,-2.588,-0.05,0.07,95.73,-0.04,-0.11,0.02,714,713,715,714,TAKEOFF,1
22.280,takeoff to 20 m,nan,13.940,-2.588,-0.05,0.07,95.73,0.00,-0.04,0.04,714,713,715,714,TAKEOFF,1
22.300,takeoff to 20 m,nan,13.940,-2.588,-0.05,0.07,95.73,-0.04,-0.13,-0.03,714,713,715,714,TAKEOFF,1
22.320,takeoff to 20 m,nan,14.061,-2.527,-0.05,0.07,95.73,0.06,-0.16,0.00,723,723,724,724,TAKEOFF,1
22.340,takeoff to 20 m,nan,14.061,-2.527,-0.05,0.06,95.72,0.01,-0.17,0.02,723,723,724,724,TAKEOFF,1
22.360,takeoff to 20 m,nan,14.178,-2.469,-0.05,0.06,95.72,0.00,-0.21,-0.06,727,726,727,727,TAKEOFF,1
22.380,takeoff to 20 m,nan,14.178,-2.469,-0.05,0.06,95.72,-0.03,-0.21,-0.05,727,726,727,727,TAKEOFF,1
22.400,takeoff to 20 m,nan,14.178,-2.469,-0.05,0.05,95.72,-0.10,-0.23,-0.01,727,726,727,727,TAKEOFF,1
22.420,takeoff to 20 m,nan,14.293,-2.419,-0.05,0.05,95.71,-0.10,-0.22,-0.05,735,735,736,736,TAKEOFF,1
22.440,takeoff to 20 m,nan,14.293,-2.419,-0.05,0.04,95.71,-0.09,-0.23,-0.00,735,735,736,736,TAKEOFF,1
22.460,takeoff to 20 m,nan,14.423,-2.368,-0.05,0.04,95.71,-0.09,-0.19,-0.02,733,733,733,734,TAKEOFF,1
22.480,takeoff to 20 m,nan,14.423,-2.368,-0.05,0.04,95.70,-0.15,-0.32,-0.01,733,733,733,734,TAKEOFF,1
22.500,takeoff to 20 m,nan,14.423,-2.368,-0.06,0.03,95.70,-0.23,-0.28,-0.06,733,733,733,734,TAKEOFF,1
22.520,takeoff to 20 m,nan,14.533,-2.329,-0.06,0.03,95.69,-0.21,-0.27,-0.13,743,742,743,743,TAKEOFF,1
22.540,takeoff to 20 m,nan,14.533,-2.329,-0.06,0.02,95.69,-0.19,-0.17,-0.08,743,742,743,743,TAKEOFF,1
22.560,takeoff to 20 m,nan,14.640,-2.293,-0.07,0.02,95.68,-0.16,-0.17,-0.10,741,742,741,742,TAKEOFF,1
22.580,takeoff to 20 m,nan,14.640,-2.293,-0.07,0.01,95.68,-0.19,-0.26,-0.09,741,742,741,742,TAKEOFF,1
22.600,takeoff to 20 m,nan,14.640,-2.293,-0.07,0.01,95.68,-0.21,-0.28,-0.03,741,742,741,742,TAKEOFF,1
22.620,takeoff to 20 m,nan,14.745,-2.259,-0.08,0.00,95.67,-0.22,-0.31,-0.07,746,746,746,746,TAKEOFF,1
22.640,takeoff to 20 m,nan,14.745,-2.259,-0.08,-0.00,95.67,-0.18,-0.26,-0.08,746,746,746,746,TAKEOFF,1
22.660,takeoff to 20 m,nan,14.866,-2.222,-0.09,-0.01,95.66,-0.22,-0.37,-0.06,742,741,741,741,TAKEOFF,1
22.680,takeoff to 20 m,nan,14.866,-2.222,-0.09,-0.01,95.66,-0.26,-0.40,-0.05,742,741,741,741,TAKEOFF,1
22.700,takeoff to 20 m,nan,14.866,-2.222,-0.09,-0.02,95.66,-0.23,-0.29,-0.05,742,741,741,741,TAKEOFF,1
22.720,takeoff to 20 m,nan,14.968,-2.192,-0.10,-0.02,95.66,-0.26,-0.32,-0.02,748,748,747,748,TAKEOFF,1
22.740,takeoff to 20 m,nan,14.968,-2.192,-0.10,-0.03,95.65,-0.22,-0.42,-0.05,748,748,747,748,TAKEOFF,1
22.760,takeoff to 20 m,nan,15.069,-2.162,-0.11,-0.04,95.65,-0.19,-0.46,-0.00,746,746,745,745,TAKEOFF,1
22.780,takeoff to 20 m,nan,15.069,-2.162,-0.11,-0.05,95.65,-0.24,-0.45,-0.02,746,746,745,745,TAKEOFF,1
22.800,takeoff to 20 m,nan,15.069,-2.162,-0.12,-0.06,95.65,-0.24,-0.49,-0.01,746,746,745,745,TAKEOFF,1
22.820,takeoff to 20 m,nan,15.168,-2.134,-0.12,-0.06,95.64,-0.20,-0.47,0.00,748,749,748,748,TAKEOFF,1
22.840,takeoff to 20 m,nan,15.168,-2.134,-0.12,-0.07,95.64,-0.20,-0.52,-0.05,748,749,748,748,TAKEOFF,1
22.860,takeoff to 20 m,nan,15.283,-2.100,-0.13,-0.08,95.64,-0.09,-0.47,0.01,743,743,742,742,TAKEOFF,1
22.880,takeoff to 20 m,nan,15.283,-2.100,-0.13,-0.09,95.64,-0.03,-0.48,-0.02,743,743,742,742,TAKEOFF,1
22.900,takeoff to 20 m,nan,15.283,-2.100,-0.13,-0.10,95.64,-0.03,-0.47,-0.02,743,743,742,742,TAKEOFF,1
22.920,takeoff to 20 m,nan,15.380,-2.072,-0.13,-0.11,95.64,-0.02,-0.54,0.00,748,748,747,747,TAKEOFF,1
22.940,takeoff to 20 m,nan,15.380,-2.072,-0.13,-0.12,95.64,-0.05,-0.49,-0.00,748,748,747,747,TAKEOFF,1
22.960,takeoff to 20 m,nan,15.476,-2.042,-0.13,-0.13,95.64,-0.04,-0.57,0.06,745,745,744,744,TAKEOFF,1
22.980,takeoff to 20 m,nan,15.476,-2.042,-0.13,-0.14,95.64,0.03,-0.48,0.02,745,745,744,744,TAKEOFF,1
23.000,takeoff to 20 m,nan,15.476,-2.042,-0.13,-0.15,95.64,0.04,-0.52,0.06,745,745,744,744,TAKEOFF,1
23.020,takeoff to 20 m,nan,15.570,-2.013,-0.13,-0.16,95.64,0.11,-0.47,0.08,747,747,746,746,TAKEOFF,1
23.040,takeoff to 20 m,nan,15.570,-2.013,-0.12,-0.17,95.64,0.06,-0.44,0.10,747,747,746,746,TAKEOFF,1
23.060,takeoff to 20 m,nan,15.679,-1.978,-0.12,-0.17,95.64,0.10,-0.38,0.05,742,742,741,741,TAKEOFF,1
23.080,takeoff to 20 m,nan,15.679,-1.978,-0.12,-0.18,95.64,0.16,-0.48,0.05,742,742,741,741,TAKEOFF,1
23.100,takeoff to 20 m,nan,15.679,-1.978,-0.12,-0.19,95.64,0.08,-0.42,0.04,742,742,741,741,TAKEOFF,1
23.120,takeoff to 20 m,nan,15.770,-1.948,-0.12,-0.20,95.64,0.06,-0.33,0.09,746,746,746,745,TAKEOFF,1
23.140,takeoff to 20 m,nan,15.770,-1.948,-0.12,-0.20,95.65,0.05,-0.42,0.15,746,746,746,745,TAKEOFF,1
23.160,takeoff to 20 m,nan,15.860,-1.917,-0.11,-0.21,95.65,0.03,-0.30,0.11,744,744,743,743,TAKEOFF,1
23.180,takeoff to 20 m,nan,15.860,-1.917,-0.11,-0.22,95.65,0.07,-0.34,0.09,744,744,743,743,TAKEOFF,1
23.200,takeoff to 20 m,nan,15.860,-1.917,-0.11,-0.22,95.65,0.11,-0.25,0.08,744,744,743,743,TAKEOFF,1
23.220,takeoff to 20 m,nan,15.948,-1.886,-0.11,-0.23,95.66,0.06,-0.29,0.10,746,745,746,745,TAKEOFF,1
23.240,takeoff to 20 m,nan,15.948,-1.886,-0.11,-0.23,95.66,0.09,-0.26,0.11,746,745,746,745,TAKEOFF,1
23.260,takeoff to 20 m,nan,16.049,-1.850,-0.11,-0.24,95.66,0.05,-0.22,0.11,741,741,741,741,TAKEOFF,1
23.280,takeoff to 20 m,nan,16.049,-1.850,-0.11,-0.24,95.66,0.04,-0.18,0.10,741,741,741,741,TAKEOFF,1
23.300,takeoff to 20 m,nan,16.049,-1.850,-0.10,-0.24,95.66,0.16,-0.25,0.06,741,741,741,741,TAKEOFF,1
23.320,takeoff to 20 m,nan,16.134,-1.819,-0.10,-0.25,95.67,0.15,-0.14,0.14,746,745,746,746,TAKEOFF,1
23.340,takeoff to 20 m,nan,16.134,-1.819,-0.10,-0.25,95.67,0.17,-0.15,0.12,746,745,746,746,TAKEOFF,1
23.360,takeoff to 20 m,nan,16.218,-1.788,-0.09,-0.25,95.67,0.20,-0.13,0.11,744,744,744,744,TAKEOFF,1
23.380,takeoff to 20 m,nan,16.218,-1.788,-0.09,-0.25,95.67,0.26,-0.16,0.08,744,744,744,744,TAKEOFF,1
23.400,takeoff to 20 m,nan,16.218,-1.788,-0.09,-0.26,95.68,0.21,-0.13,0.11,744,744,744,744,TAKEOFF,1
23.420,takeoff to 20 m,nan,16.300,-1.758,-0.08,-0.26,95.68,0.24,-0.06,0.15,746,746,746,746,TAKEOFF,1
23.440,takeoff to 20 m,nan,16.300,-1.758,-0.08,-0.26,95.68,0.21,-0.04,0.14,746,746,746,746,TAKEOFF,1
23.460,takeoff to 20 m,nan,16.394,-1.722,-0.07,-0.26,95.69,0.28,-0.01,0.10,742,742,743,742,TAKEOFF,1
23.480,takeoff to 20 m,nan,16.394,-1.722,-0.07,-0.26,95.69,0.36,0.02,0.07,742,742,743,742,TAKEOFF,1
23.500,takeoff to 20 m,nan,16.394,-1.722,-0.06,-0.26,95.69,0.29,-0.01,0.08,742,742,743,742,TAKEOFF,1
23.520,takeoff to 20 m,nan,16.473,-1.692,-0.06,-0.26,95.70,0.23,0.07,0.09,747,746,747,747,TAKEOFF,1
23.540,takeoff to 20 m,nan,16.473,-1.692,-0.05,-0.25,95.70,0.21,0.07,0.07,747,746,747,747,TAKEOFF,1
23.560,takeoff to 20 m,nan,16.550,-1.662,-0.05,-0.25,95.70,0.19,0.13,0.06,744,744,745,745,TAKEOFF,1
23.580,takeoff to 20 m,nan,16.550,-1.662,-0.04,-0.25,95.70,0.18,0.14,0.03,744,744,745,745,TAKEOFF,1
23.600,takeoff to 20 m,nan,16.550,-1.662,-0.04,-0.24,95.71,0.19,0.15,0.10,744,744,745,745,TAKEOFF,1
23.620,takeoff to 20 m,nan,16.626,-1.633,-0.04,-0.24,95.71,0.15,0.20,0.07,746,746,747,747,TAKEOFF,1
23.640,takeoff to 20 m,nan,16.626,-1.633,-0.03,-0.24,95.71,0.11,0.21,-0.03,746,746,747,747,TAKEOFF,1
23.660,takeoff to 20 m,nan,16.713,-1.598,-0.03,-0.23,95.71,0.11,0.19,0.07,743,743,744,744,TAKEOFF,1
23.680,takeoff to 20 m,nan,16.713,-1.598,-0.03,-0.23,95.72,0.14,0.24,0.04,743,743,744,744,TAKEOFF,1
23.700,takeoff to 20 m,nan,16.713,-1.598,-0.03,-0.22,95.72,0.09,0.18,0.03,743,743,744,744,TAKEOFF,1
23.720,takeoff to 20 m,nan,16.786,-1.569,-0.02,-0.22,95.72,0.08,0.12,0.05,747,747,748,747,TAKEOFF,1
23.740,takeoff to 20 m,nan,16.786,-1.569,-0.02,-0.22,95.72,0.09,0.12,-0.00,747,747,748,747,TAKEOFF,1
23.760,takeoff to 20 m,nan,16.857,-1.540,-0.02,-0.21,95.72,0.09,0.16,-0.04,745,745,746,746,TAKEOFF,1
23.780,takeoff to 20 m,nan,16.857,-1.540,-0.02,-0.21,95.72,0.09,0.13,0.02,745,745,746,746,TAKEOFF,1
23.800,takeoff to 20 m,nan,16.857,-1.540,-0.01,-0.21,95.72,0.15,0.22,-0.03,745,745,746,746,TAKEOFF,1
23.820,takeoff to 20 m,nan,16.927,-1.511,-0.01,-0.20,95.73,0.12,0.22,0.02,747,748,748,748,TAKEOFF,1
23.840,takeoff to 20 m,nan,16.927,-1.511,-0.01,-0.20,95.72,0.14,0.18,-0.05,747,748,748,748,TAKEOFF,1
23.860,takeoff to 20 m,nan,17.007,-1.478,-0.01,-0.20,95.72,0.18,0.15,-0.04,745,744,745,745,TAKEOFF,1
23.880,takeoff to 20 m,nan,17.007,-1.478,-0.00,-0.19,95.72,0.17,0.24,-0.05,745,744,745,745,TAKEOFF,1
23.900,takeoff to 20 m,nan,17.007,-1.478,-0.00,-0.19,95.72,0.16,0.24,-0.08,745,744,745,745,TAKEOFF,1
23.920,takeoff to 20 m,nan,17.074,-1.450,0.00,-0.18,95.72,0.12,0.18,0.02,748,748,748,749,TAKEOFF,1
23.940,takeoff to 20 m,nan,17.074,-1.450,0.01,-0.18,95.72,0.17,0.22,-0.06,748,748,748,749,TAKEOFF,1
23.960,takeoff to 20 m,nan,17.140,-1.423,0.01,-0.17,95.72,0.17,0.19,-0.03,747,747,747,747,TAKEOFF,1
23.980,takeoff to 20 m,nan,17.140,-1.423,0.01,-0.17,95.72,0.19,0.23,-0.04,747,747,747,747,TAKEOFF,1
24.000,takeoff to 20 m,nan,17.140,-1.423,0.02,-0.16,95.72,0.19,0.34,-0.06,747,747,747,747,TAKEOFF,1
24.020,takeoff to 20 m,nan,17.204,-1.396,0.02,-0.16,95.72,0.23,0.18,-0.11,748,749,749,749,TAKEOFF,1
24.040,takeoff to 20 m,nan,17.204,-1.396,0.02,-0.15,95.71,0.21,0.19,-0.08,748,749,749,749,TAKEOFF,1
24.060,takeoff to 20 m,nan,17.277,-1.364,0.03,-0.15,95.71,0.23,0.32,-0.03,746,747,746,747,TAKEOFF,1
24.080,takeoff to 20 m,nan,17.277,-1.364,0.03,-0.14,95.71,0.26,0.21,-0.01,746,747,746,747,TAKEOFF,1
24.100,takeoff to 20 m,nan,17.277,-1.364,0.04,-0.14,95.71,0.19,0.14,-0.08,746,747,746,747,TAKEOFF,1
24.120,takeoff to 20 m,nan,17.339,-1.338,0.04,-0.13,95.71,0.15,0.26,-0.11,750,749,750,749,TAKEOFF,1
24.140,takeoff to 20 m,nan,17.339,-1.338,0.04,-0.13,95.71,0.17,0.36,-0.14,750,749,750,749,TAKEOFF,1
24.160,takeoff to 20 m,nan,17.399,-1.312,0.05,-0.12,95.70,0.24,0.29,-0.04,750,749,750,749,TAKEOFF,1
24.180,takeoff to 20 m,nan,17.399,-1.312,0.06,-0.12,95.70,0.39,0.18,-0.14,748,749,748,749,TAKEOFF,1
24.200,takeoff to 20 m,nan,17.399,-1.312,0.06,-0.11,95.70,0.51,0.13,-0.10,748,749,748,749,TAKEOFF,1
24.220,takeoff to 20 m,nan,17.458,-1.288,0.07,-0.11,95.70,0.44,0.13,-0.09,750,749,750,750,TAKEOFF,1
24.240,takeoff to 20 m,nan,17.458,-1.288,0.08,-0.11,95.69,0.38,0.17,-0.12,750,749,750,750,TAKEOFF,1
24.260,takeoff to 20 m,nan,17.516,-1.263,0.09,-0.10,95.69,0.31,0.26,-0.09,749,750,749,750,TAKEOFF,1
24.280,takeoff to 20 m,nan,17.516,-1.263,0.09,-0.10,95.69,0.27,0.16,-0.15,749,750,749,750,TAKEOFF,1
24.300,takeoff to 20 m,nan,17.516,-1.263,0.10,-0.10,95.69,0.12,0.15,-0.04,749,750,749,750,TAKEOFF,1
24.320,takeoff to 20 m,nan,17.572,-1.238,0.10,-0.09,95.69,0.20,0.24,-0.12,751,751,751,751,TAKEOFF,1
24.340,takeoff to 20 m,nan,17.572,-1.238,0.10,-0.09,95.69,0.16,0.10,-0.05,751,751,751,751,TAKEOFF,1
24.360,takeoff to 20 m,nan,17.637,-1.210,0.11,-0.08,95.69,0.15,0.20,-0.12,749,749,748,749,TAKEOFF,1
24.380,takeoff to 20 m,nan,17.637,-1.210,0.11,-0.08,95.69,0.12,0.13,-0.05,749,749,748,749,TAKEOFF,1
24.400,takeoff to 20 m,nan,17.637,-1.210,0.11,-0.08,95.69,0.13,0.23,-0.07,749,749,748,749,TAKEOFF,1
24.420,takeoff to 20 m,nan,17.691,-1.186,0.11,-0.07,95.69,0.07,0.23,-0.09,752,752,751,751,TAKEOFF,1
24.440,takeoff to 20 m,nan,17.691,-1.186,0.12,-0.07,95.69,0.07,0.14,-0.01,752,752,751,751,TAKEOFF,1
24.460,takeoff to 20 m,nan,17.744,-1.163,0.12,-0.06,95.69,0.14,0.24,0.01,750,750,750,751,TAKEOFF,1
24.480,takeoff to 20 m,nan,17.744,-1.163,0.12,-0.06,95.69,0.01,0.25,-0.07,750,750,750,751,TAKEOFF,1
24.500,takeoff to 20 m,nan,17.744,-1.163,0.12,-0.06,95.69,0.02,0.12,-0.08,750,750,750,751,TAKEOFF,1
24.520,takeoff to 20 m,nan,17.797,-1.140,0.12,-0.05,95.69,0.03,0.10,-0.08,752,751,751,752,TAKEOFF,1
24.540,takeoff to 20 m,nan,17.797,-1.140,0.12,-0.05,95.69,-0.10,0.17,-0.03,752,751,751,752,TAKEOFF,1
24.560,takeoff to 20 m,nan,17.856,-1.113,0.12,-0.05,95.70,-0.07,0.11,-0.04,750,749,749,749,TAKEOFF,1
24.580,takeoff to 20 m,nan,17.856,-1.113,0.12,-0.05,95.70,-0.16,0.15,0.02,750,749,749,749,TAKEOFF,1
24.600,takeoff to 20 m,nan,17.856,-1.113,0.11,-0.04,95.70,-0.14,0.11,-0.00,750,749,749,749,TAKEOFF,1
24.620,takeoff to 20 m,nan,17.906,-1.090,0.11,-0.04,95.70,-0.10,0.21,0.04,752,752,752,752,TAKEOFF,1
24.640,takeoff to 20 m,nan,17.906,-1.090,0.11,-0.04,95.70,-0.09,0.22,-0.03,752,752,752,752,TAKEOFF,1
24.660,takeoff to 20 m,nan,17.956,-1.067,0.11,-0.03,95.70,-0.13,0.26,0.01,752,752,752,752,TAKEOFF,1
24.680,takeoff to 20 m,nan,17.956,-1.067,0.11,-0.03,95.70,-0.10,0.27,-0.04,752,752,752,752,TAKEOFF,1
24.700,takeoff to 20 m,nan,17.956,-1.067,0.10,-0.02,95.70,-0.06,0.23,-0.01,752,752,752,752,TAKEOFF,1
24.720,takeoff to 20 m,nan,18.004,-1.045,0.10,-0.02,95.70,-0.07,0.18,-0.04,752,752,752,752,TAKEOFF,1
24.740,takeoff to 20 m,nan,18.004,-1.045,0.10,-0.01,95.70,-0.07,0.25,-0.02,752,752,752,752,TAKEOFF,1
24.760,takeoff to 20 m,nan,18.059,-1.019,0.10,-0.01,95.70,-0.15,0.18,-0.00,750,750,750,750,TAKEOFF,1
24.780,takeoff to 20 m,nan,18.059,-1.019,0.10,-0.01,95.70,-0.10,0.09,-0.10,750,750,750,750,TAKEOFF,1
24.800,takeoff to 20 m,nan,18.059,-1.019,0.09,-0.00,95.70,-0.13,0.29,-0.04,750,750,750,750,TAKEOFF,1
24.820,takeoff to 20 m,nan,18.105,-0.998,0.09,0.00,95.70,-0.10,0.22,-0.05,752,753,752,753,TAKEOFF,1
24.840,takeoff to 20 m,nan,18.105,-0.998,0.09,0.01,95.71,-0.09,0.13,-0.06,752,753,752,753,TAKEOFF,1
24.860,takeoff to 20 m,nan,18.150,-0.977,0.09,0.01,95.71,-0.17,0.19,-0.02,753,753,753,753,TAKEOFF,1
24.880,takeoff to 20 m,nan,18.150,-0.977,0.08,0.01,95.71,-0.17,0.19,-0.04,753,753,753,753,TAKEOFF,1
24.900,takeoff to 20 m,nan,18.150,-0.977,0.08,0.02,95.71,-0.17,0.19,-0.03,753,753,753,753,TAKEOFF,1
24.920,takeoff to 20 m,nan,18.195,-0.956,0.08,0.02,95.71,-0.14,0.22,-0.05,753,753,753,753,TAKEOFF,1
24.940,takeoff to 20 m,nan,18.195,-0.956,0.07,0.03,95.71,-0.16,0.24,-0.00,753,753,753,753,TAKEOFF,1
24.960,takeoff to 20 m,nan,18.246,-0.931,0.07,0.03,95.71,-0.10,0.25,-0.07,751,751,751,751,TAKEOFF,1
24.980,takeoff to 20 m,nan,18.246,-0.931,0.07,0.04,95.72,-0.14,0.33,-0.03,751,751,751,751,TAKEOFF,1
25.000,takeoff to 20 m,nan,18.246,-0.931,0.07,0.04,95.72,-0.19,0.29,-0.03,751,751,751,751,TAKEOFF,1
25.020,takeoff to 20 m,nan,18.288,-0.910,0.06,0.05,95.72,-0.28,0.19,-0.03,753,753,753,753,TAKEOFF,1
25.040,takeoff to 20 m,nan,18.288,-0.910,0.06,0.05,95.72,-0.27,0.28,-0.05,753,753,753,753,TAKEOFF,1
25.060,takeoff to 20 m,nan,18.330,-0.890,0.05,0.05,95.72,-0.23,0.22,-0.08,753,753,753,754,TAKEOFF,1
25.080,takeoff to 20 m,nan,18.330,-0.890,0.05,0.06,95.72,-0.24,0.19,-0.05,753,753,753,754,TAKEOFF,1
25.100,takeoff to 20 m,nan,18.330,-0.890,0.04,0.06,95.72,-0.36,0.20,-0.09,753,753,753,754,TAKEOFF,1
25.120,takeoff to 20 m,nan,18.371,-0.870,0.04,0.06,95.72,-0.28,0.12,-0.02,753,754,754,754,TAKEOFF,1
25.140,takeoff to 20 m,nan,18.371,-0.870,0.03,0.07,95.72,-0.27,0.11,-0.08,753,754,754,754,TAKEOFF,1
25.160,takeoff to 20 m,nan,18.417,-0.847,0.03,0.07,95.72,-0.20,0.12,-0.09,752,752,752,752,TAKEOFF,1
25.180,takeoff to 20 m,nan,18.417,-0.847,0.02,0.07,95.72,-0.22,0.16,-0.10,752,752,752,752,TAKEOFF,1
25.200,takeoff to 20 m,nan,18.417,-0.847,0.02,0.08,95.71,-0.18,0.23,-0.11,752,752,752,752,TAKEOFF,1
25.220,takeoff to 20 m,nan,18.456,-0.827,0.01,0.08,95.71,-0.28,0.22,-0.05,754,754,754,754,TAKEOFF,1
25.240,takeoff to 20 m,nan,18.456,-0.827,0.01,0.09,95.71,-0.11,0.27,-0.07,754,754,754,754,TAKEOFF,1
25.260,takeoff to 20 m,nan,18.495,-0.808,0.01,0.09,95.71,-0.14,0.33,-0.07,753,754,753,754,TAKEOFF,1
25.280,takeoff to 20 m,nan,18.495,-0.808,0.00,0.10,95.70,-0.07,0.26,-0.08,753,754,753,754,TAKEOFF,1
25.300,takeoff to 20 m,nan,18.495,-0.808,0.00,0.10,95.70,-0.05,0.33,-0.10,753,754,753,754,TAKEOFF,1
25.320,takeoff to 20 m,nan,18.532,-0.788,0.00,0.11,95.70,0.04,0.31,-0.08,754,755,754,755,TAKEOFF,1
25.340,takeoff to 20 m,nan,18.532,-0.788,0.00,0.11,95.69,0.07,0.34,-0.05,754,755,754,755,TAKEOFF,1
25.360,takeoff to 20 m,nan,18.574,-0.767,0.00,0.12,95.69,0.02,0.28,-0.07,753,753,753,753,TAKEOFF,1
25.380,takeoff to 20 m,nan,18.574,-0.767,0.00,0.13,95.69,-0.01,0.27,-0.11,753,753,753,753,TAKEOFF,1
25.400,takeoff to 20 m,nan,18.574,-0.767,0.01,0.13,95.69,0.03,0.27,-0.04,753,753,753,753,TAKEOFF,1
25.420,takeoff to 20 m,nan,18.609,-0.749,0.01,0.13,95.68,0.10,0.23,-0.09,755,755,755,755,TAKEOFF,1
25.440,takeoff to 20 m,nan,18.609,-0.749,0.01,0.14,95.68,0.05,0.21,-0.06,755,755,755,755,TAKEOFF,1
25.460,takeoff to 20 m,nan,18.644,-0.731,0.01,0.14,95.68,0.09,0.18,-0.10,756,756,755,756,TAKEOFF,1
25.480,takeoff to 20 m,nan,18.644,-0.731,0.01,0.15,95.67,0.08,0.22,-0.04,756,756,755,756,TAKEOFF,1
25.500,takeoff to 20 m,nan,18.644,-0.731,0.01,0.15,95.67,0.10,0.15,-0.10,756,756,755,756,TAKEOFF,1
25.520,takeoff to 20 m,nan,18.677,-0.713,0.01,0.15,95.67,0.05,0.19,-0.02,756,756,756,756,TAKEOFF,1
25.540,takeoff to 20 m,nan,18.677,-0.713,0.02,0.16,95.67,0.17,0.12,-0.03,756,756,756,756,TAKEOFF,1
25.560,takeoff to 20 m,nan,18.715,-0.693,0.02,0.16,95.67,0.19,0.05,-0.05,755,755,755,755,TAKEOFF,1
25.580,takeoff to 20 m,nan,18.715,-0.693,0.02,0.16,95.67,0.16,0.04,-0.07,755,755,755,755,TAKEOFF,1
25.600,takeoff to 20 m,nan,18.715,-0.693,0.03,0.16,95.67,0.19,-0.04,-0.03,755,755,755,755,TAKEOFF,1
25.620,takeoff to 20 m,nan,18.747,-0.677,0.03,0.16,95.67,0.15,-0.01,0.01,757,757,757,757,TAKEOFF,1
25.640,takeoff to 20 m,nan,18.747,-0.677,0.03,0.16,95.67,0.16,-0.10,-0.03,757,757,757,757,TAKEOFF,1
25.660,takeoff to 20 m,nan,18.778,-0.661,0.03,0.16,95.67,0.10,-0.13,-0.01,756,757,756,756,TAKEOFF,1
25.680,takeoff to 20 m,nan,18.778,-0.661,0.04,0.16,95.67,0.15,-0.19,0.02,756,757,756,756,TAKEOFF,1
25.700,takeoff to 20 m,nan,18.778,-0.661,0.04,0.15,95.67,0.21,-0.19,-0.02,756,757,756,756,TAKEOFF,1
25.720,takeoff to 20 m,nan,18.808,-0.645,0.04,0.15,95.67,0.19,-0.24,0.06,757,758,757,757,TAKEOFF,1
25.740,takeoff to 20 m,nan,18.808,-0.645,0.05,0.14,95.67,0.26,-0.30,0.04,757,758,757,757,TAKEOFF,1
25.760,takeoff to 20 m,nan,18.842,-0.627,0.05,0.14,95.67,0.25,-0.30,0.01,757,756,756,756,TAKEOFF,1
25.780,takeoff to 20 m,nan,18.842,-0.627,0.06,0.13,95.67,0.25,-0.28,0.00,757,756,756,756,TAKEOFF,1
25.800,takeoff to 20 m,nan,18.842,-0.627,0.06,0.13,95.67,0.28,-0.26,0.02,757,756,756,756,TAKEOFF,1
25.820,takeoff to 20 m,nan,18.871,-0.613,0.07,0.12,95.68,0.30,-0.31,0.05,758,758,758,758,TAKEOFF,1
25.840,takeoff to 20 m,nan,18.871,-0.613,0.07,0.12,95.68,0.25,-0.23,0.05,758,758,758,758,TAKEOFF,1
25.860,takeoff to 20 m,nan,18.900,-0.598,0.07,0.11,95.68,0.17,-0.32,0.04,758,758,758,757,TAKEOFF,1
25.880,takeoff to 20 m,nan,18.900,-0.598,0.08,0.11,95.68,0.19,-0.22,0.05,758,758,758,757,TAKEOFF,1
25.900,takeoff to 20 m,nan,18.900,-0.598,0.08,0.10,95.68,0.20,-0.22,0.02,758,758,758,757,TAKEOFF,1
25.920,takeoff to 20 m,nan,18.927,-0.584,0.09,0.10,95.68,0.22,-0.30,0.06,757,758,758,758,TAKEOFF,1
25.940,takeoff to 20 m,nan,18.927,-0.584,0.09,0.09,95.68,0.25,-0.23,0.09,757,758,758,758,TAKEOFF,1
25.960,takeoff to 20 m,nan,18.959,-0.568,0.09,0.09,95.68,0.26,-0.26,-0.00,757,757,758,757,TAKEOFF,1
25.980,takeoff to 20 m,nan,18.959,-0.568,0.10,0.08,95.68,0.30,-0.25,0.01,757,757,758,757,TAKEOFF,1
26.000,takeoff to 20 m,nan,18.959,-0.568,0.10,0.08,95.68,0.32,-0.27,0.01,757,757,758,757,TAKEOFF,1
26.020,takeoff to 20 m,nan,18.985,-0.554,0.11,0.07,95.68,0.30,-0.21,0.04,759,758,759,759,TAKEOFF,1
26.040,takeoff to 20 m,nan,18.985,-0.554,0.12,0.07,95.68,0.32,-0.12,0.03,759,758,759,759,TAKEOFF,1
26.060,takeoff to 20 m,nan,19.011,-0.541,0.12,0.07,95.68,0.28,-0.16,-0.02,758,758,759,758,TAKEOFF,1
26.080,takeoff to 20 m,nan,19.011,-0.541,0.13,0.07,95.68,0.36,-0.10,-0.01,758,758,759,758,TAKEOFF,1
26.100,takeoff to 20 m,nan,19.011,-0.541,0.13,0.06,95.68,0.33,0.03,0.06,758,758,759,758,TAKEOFF,1
26.120,takeoff to 20 m,nan,19.036,-0.528,0.14,0.06,95.68,0.35,-0.07,0.01,759,759,759,759,TAKEOFF,1
26.140,takeoff to 20 m,nan,19.036,-0.528,0.15,0.06,95.68,0.38,-0.04,0.01,759,759,759,759,TAKEOFF,1
26.160,takeoff to 20 m,nan,19.064,-0.513,0.15,0.06,95.68,0.33,-0.04,-0.02,758,758,759,758,TAKEOFF,1
26.180,takeoff to 20 m,nan,19.064,-0.513,0.16,0.06,95.68,0.33,0.05,0.04,758,758,759,758,TAKEOFF,1
26.200,takeoff to 20 m,nan,19.064,-0.513,0.17,0.06,95.68,0.35,0.07,-0.00,758,758,759,758,TAKEOFF,1
26.220,takeoff to 20 m,nan,19.088,-0.500,0.17,0.06,95.67,0.34,0.13,-0.01,760,760,760,760,TAKEOFF,1
26.244,takeoff to 20 m,nan,19.088,-0.500,0.18,0.07,95.67,0.34,0.09,0.06,760,760,760,760,TAKEOFF,1
26.260,takeoff to 20 m,nan,19.111,-0.488,0.19,0.07,95.67,0.29,0.08,-0.02,760,760,760,760,TAKEOFF,1
26.280,takeoff to 20 m,nan,19.111,-0.488,0.19,0.07,95.67,0.24,0.11,0.03,760,760,760,760,TAKEOFF,1
26.300,takeoff to 20 m,nan,19.111,-0.488,0.20,0.07,95.67,0.27,0.05,0.01,760,760,760,760,TAKEOFF,1
26.320,takeoff to 20 m,nan,19.133,-0.476,0.20,0.07,95.67,0.23,0.08,0.00,761,760,760,760,TAKEOFF,1
26.340,takeoff to 20 m,nan,19.133,-0.476,0.20,0.07,95.66,0.20,0.14,0.05,761,760,760,760,TAKEOFF,1
26.360,takeoff to 20 m,nan,19.159,-0.462,0.21,0.08,95.66,0.15,0.14,-0.00,760,760,759,759,TAKEOFF,1
26.380,takeoff to 20 m,nan,19.159,-0.462,0.21,0.08,95.66,0.04,0.15,0.04,760,760,759,759,TAKEOFF,1
26.400,takeoff to 20 m,nan,19.159,-0.462,0.21,0.08,95.66,0.06,0.13,0.03,760,760,759,759,TAKEOFF,1
26.420,takeoff to 20 m,nan,19.180,-0.451,0.21,0.08,95.66,0.08,0.08,0.06,761,761,761,761,TAKEOFF,1
26.440,takeoff to 20 m,nan,19.180,-0.451,0.21,0.09,95.66,0.03,0.11,0.07,761,761,761,761,TAKEOFF,1
26.460,takeoff to 20 m,nan,19.201,-0.441,0.21,0.09,95.66,0.07,0.12,-0.03,761,760,760,760,TAKEOFF,1
26.480,takeoff to 20 m,nan,19.201,-0.441,0.21,0.09,95.66,-0.00,0.13,0.05,761,760,760,760,TAKEOFF,1
26.500,takeoff to 20 m,nan,19.201,-0.441,0.21,0.09,95.66,-0.06,0.06,-0.00,761,760,760,760,TAKEOFF,1
26.520,takeoff to 20 m,nan,19.222,-0.430,0.21,0.09,95.66,-0.12,0.07,0.02,761,761,761,761,TAKEOFF,1
26.540,takeoff to 20 m,nan,19.222,-0.430,0.21,0.10,95.66,-0.16,0.07,0.05,761,761,761,761,TAKEOFF,1
26.560,takeoff to 20 m,nan,19.245,-0.418,0.20,0.10,95.66,-0.19,0.08,-0.02,760,760,760,760,TAKEOFF,1
26.580,takeoff to 20 m,nan,19.245,-0.418,0.20,0.10,95.66,-0.28,0.14,0.03,760,760,760,760,TAKEOFF,1
26.600,takeoff to 20 m,nan,19.245,-0.418,0.20,0.10,95.66,-0.20,0.15,0.11,760,760,760,760,TAKEOFF,1
26.620,takeoff to 20 m,nan,19.265,-0.408,0.19,0.11,95.67,-0.21,0.08,0.04,761,761,761,761,TAKEOFF,1
26.640,takeoff to 20 m,nan,19.265,-0.408,0.19,0.11,95.67,-0.24,0.14,0.04,761,761,761,761,TAKEOFF,1
26.660,takeoff to 20 m,nan,19.285,-0.398,0.18,0.11,95.67,-0.27,0.13,0.03,760,761,760,761,TAKEOFF,1
26.680,takeoff to 20 m,nan,19.285,-0.398,0.18,0.11,95.67,-0.28,0.08,0.07,760,761,760,761,TAKEOFF,1
26.700,takeoff to 20 m,nan,19.285,-0.398,0.17,0.11,95.67,-0.26,0.10,0.02,760,761,760,761,TAKEOFF,1
26.720,takeoff to 20 m,nan,19.304,-0.388,0.16,0.11,95.68,-0.33,0.05,0.09,761,761,761,761,TAKEOFF,1
26.740,takeoff to 20 m,nan,19.304,-0.388,0.16,0.11,95.68,-0.22,0.01,-0.00,761,761,761,761,TAKEOFF,1
26.760,takeoff to 20 m,nan,19.326,-0.376,0.15,0.12,95.68,-0.29,0.06,0.03,760,760,760,760,TAKEOFF,1
26.780,takeoff to 20 m,nan,19.326,-0.376,0.15,0.12,95.68,-0.27,0.04,0.05,760,760,760,760,TAKEOFF,1
26.800,takeoff to 20 m,nan,19.326,-0.376,0.14,0.12,95.68,-0.31,-0.04,0.07,760,760,760,760,TAKEOFF,1
26.820,takeoff to 20 m,nan,19.343,-0.366,0.13,0.12,95.68,-0.32,0.08,-0.02,762,761,762,761,TAKEOFF,1
26.840,takeoff to 20 m,nan,19.343,-0.366,0.13,0.12,95.68,-0.40,0.14,0.07,762,761,762,761,TAKEOFF,1
26.860,takeoff to 20 m,nan,19.361,-0.356,0.12,0.12,95.68,-0.26,0.03,0.04,762,761,762,761,TAKEOFF,1
26.880,takeoff to 20 m,nan,19.361,-0.356,0.11,0.12,95.68,-0.30,0.10,0.03,762,761,762,761,TAKEOFF,1
26.900,takeoff to 20 m,nan,19.361,-0.356,0.11,0.12,95.68,-0.21,0.24,0.03,762,761,762,761,TAKEOFF,1
26.920,takeoff to 20 m,nan,19.377,-0.346,0.10,0.13,95.68,-0.22,0.25,0.07,762,762,762,762,TAKEOFF,1
26.940,takeoff to 20 m,nan,19.377,-0.346,0.10,0.13,95.68,-0.33,0.19,0.06,762,762,762,762,TAKEOFF,1
26.960,takeoff to 20 m,nan,19.396,-0.336,0.09,0.13,95.68,-0.27,0.16,0.03,762,761,762,761,TAKEOFF,1
26.980,takeoff to 20 m,nan,19.396,-0.336,0.09,0.14,95.68,-0.20,0.30,0.06,762,761,762,761,TAKEOFF,1
27.000,takeoff to 20 m,nan,19.396,-0.336,0.08,0.14,95.68,-0.18,0.27,0.06,762,761,762,761,TAKEOFF,1
27.020,takeoff to 20 m,nan,19.412,-0.327,0.08,0.15,95.69,-0.16,0.24,0.07,763,762,763,763,TAKEOFF,1
27.040,takeoff to 20 m,nan,19.412,-0.327,0.07,0.15,95.69,-0.19,0.27,-0.02,763,762,763,763,TAKEOFF,1
27.060,takeoff to 20 m,nan,19.428,-0.318,0.07,0.16,95.69,-0.22,0.23,0.07,762,763,763,763,TAKEOFF,1
27.080,takeoff to 20 m,nan,19.428,-0.318,0.06,0.16,95.70,-0.25,0.19,0.11,762,763,763,763,TAKEOFF,1
27.100,takeoff to 20 m,nan,19.428,-0.318,0.06,0.17,95.70,-0.12,0.15,0.02,762,763,763,763,TAKEOFF,1
27.120,takeoff to 20 m,nan,19.443,-0.310,0.05,0.17,95.70,-0.17,0.09,0.03,763,763,763,763,LOITER,1
27.140,takeoff to 20 m,nan,19.443,-0.310,0.05,0.17,95.71,-0.04,0.08,0.01,763,763,763,763,LOITER,1
27.160,takeoff to 20 m,nan,19.460,-0.301,0.05,0.17,95.71,-0.01,0.07,0.03,762,762,762,763,LOITER,1
27.180,takeoff to 20 m,nan,19.460,-0.301,0.05,0.17,95.72,-0.10,0.05,0.04,762,762,762,763,LOITER,1
27.204,takeoff to 20 m,nan,19.460,-0.301,0.05,0.17,95.72,-0.13,-0.06,0.00,762,762,762,763,LOITER,1
27.220,takeoff to 20 m,nan,19.474,-0.293,0.04,0.17,95.72,-0.10,0.04,0.04,763,763,764,763,LOITER,1
27.240,takeoff to 20 m,nan,19.474,-0.293,0.04,0.17,95.73,-0.18,-0.01,-0.04,763,763,764,763,LOITER,1
27.260,takeoff to 20 m,nan,19.488,-0.286,0.04,0.17,95.73,-0.24,-0.07,-0.04,763,763,764,763,LOITER,1
27.280,takeoff to 20 m,nan,19.488,-0.286,0.03,0.17,95.73,-0.21,-0.04,-0.02,763,763,764,763,LOITER,1
27.300,takeoff to 20 m,nan,19.488,-0.286,0.03,0.17,95.73,-0.05,-0.03,-0.07,763,763,764,763,LOITER,1
27.320,takeoff to 20 m,nan,19.501,-0.279,0.03,0.17,95.73,-0.09,-0.03,0.00,763,763,764,764,LOITER,1
27.340,takeoff to 20 m,nan,19.501,-0.279,0.03,0.17,95.73,-0.09,-0.01,0.01,763,763,764,764,LOITER,1
27.360,takeoff to 20 m,nan,19.516,-0.270,0.02,0.17,95.72,-0.16,0.01,-0.02,763,763,763,764,LOITER,1
27.380,takeoff to 20 m,nan,19.516,-0.270,0.02,0.17,95.72,-0.23,-0.06,-0.07,763,763,763,764,LOITER,1
27.400,takeoff to 20 m,nan,19.516,-0.270,0.01,0.17,95.72,-0.27,-0.11,0.01,763,763,763,764,LOITER,1
27.420,takeoff to 20 m,nan,19.529,-0.264,0.01,0.17,95.72,-0.25,-0.07,-0.02,764,764,765,764,LOITER,1
27.440,takeoff to 20 m,nan,19.529,-0.264,0.01,0.16,95.71,-0.22,-0.03,-0.07,764,764,765,764,LOITER,1
27.460,takeoff to 20 m,nan,19.541,-0.257,0.00,0.16,95.71,-0.28,0.00,-0.03,764,764,764,764,LOITER,1
27.480,takeoff to 20 m,nan,19.541,-0.257,-0.01,0.16,95.71,-0.28,0.01,-0.09,764,764,764,764,LOITER,1
27.500,takeoff to 20 m,nan,19.541,-0.257,-0.01,0.16,95.71,-0.29,0.03,-0.05,764,764,764,764,LOITER,1
27.520,takeoff to 20 m,nan,19.553,-0.251,-0.02,0.16,95.70,-0.22,-0.01,-0.09,764,764,764,764,LOITER,1
27.540,takeoff to 20 m,nan,19.553,-0.251,-0.02,0.16,95.70,-0.29,0.06,-0.06,764,764,764,764,LOITER,1
27.560,takeoff to 20 m,nan,19.567,-0.243,-0.03,0.17,95.70,-0.31,0.08,-0.03,763,764,764,764,LOITER,1
27.580,takeoff to 20 m,nan,19.567,-0.243,-0.03,0.17,95.69,-0.27,0.10,-0.06,763,764,764,764,LOITER,1
27.600,takeoff to 20 m,nan,19.567,-0.243,-0.04,0.17,95.69,-0.27,0.03,-0.04,763,764,764,764,LOITER,1
27.620,takeoff to 20 m,nan,19.579,-0.237,-0.04,0.17,95.69,-0.22,0.09,-0.10,765,765,765,764,LOITER,1
27.640,takeoff to 20 m,nan,19.579,-0.237,-0.05,0.17,95.69,-0.17,0.03,-0.04,765,765,765,764,LOITER,1
27.660,takeoff to 20 m,nan,19.590,-0.231,-0.05,0.17,95.69,-0.18,0.04,-0.09,764,765,764,764,LOITER,1
27.680,takeoff to 20 m,nan,19.590,-0.231,-0.05,0.17,95.68,-0.15,0.09,-0.05,764,765,764,764,LOITER,1
27.700,takeoff to 20 m,nan,19.590,-0.231,-0.06,0.17,95.68,-0.13,0.08,-0.10,764,765,764,764,LOITER,1
27.720,takeoff to 20 m,nan,19.601,-0.225,-0.06,0.17,95.68,-0.10,0.02,-0.01,765,764,765,764,LOITER,1
27.740,takeoff to 20 m,nan,19.601,-0.225,-0.06,0.17,95.68,-0.07,0.04,-0.02,765,764,765,764,LOITER,1
27.760,takeoff to 20 m,nan,19.614,-0.219,-0.06,0.17,95.68,0.01,0.07,-0.05,764,764,764,764,LOITER,1
27.780,takeoff to 20 m,nan,19.614,-0.219,-0.06,0.18,95.68,0.01,0.10,-0.02,764,764,764,764,LOITER,1
27.800,takeoff to 20 m,nan,19.614,-0.219,-0.06,0.18,95.68,-0.00,0.10,-0.02,764,764,764,764,LOITER,1
27.820,takeoff to 20 m,nan,19.625,-0.213,-0.07,0.18,95.68,-0.01,0.06,-0.01,765,765,764,765,LOITER,1
27.840,takeoff to 20 m,nan,19.625,-0.213,-0.07,0.18,95.68,0.03,0.12,-0.07,765,765,764,765,LOITER,1
27.860,takeoff to 20 m,nan,19.635,-0.208,-0.07,0.18,95.68,-0.03,0.04,-0.01,765,765,765,764,LOITER,1
27.880,takeoff to 20 m,nan,19.635,-0.208,-0.07,0.18,95.68,0.01,0.04,-0.02,765,765,765,764,LOITER,1
27.900,takeoff to 20 m,nan,19.635,-0.208,-0.07,0.18,95.69,0.04,0.08,-0.03,765,765,765,764,LOITER,1
27.920,takeoff to 20 m,nan,19.646,-0.202,-0.06,0.18,95.69,0.17,0.04,0.00,764,765,764,764,LOITER,1
27.940,takeoff to 20 m,nan,19.646,-0.202,-0.06,0.18,95.69,0.17,0.01,0.02,764,765,764,764,LOITER,1
27.960,takeoff to 20 m,nan,19.657,-0.196,-0.06,0.18,95.69,0.11,0.03,-0.00,764,764,764,764,LOITER,1
27.980,takeoff to 20 m,nan,19.657,-0.196,-0.06,0.18,95.69,0.10,-0.06,0.02,764,764,764,764,LOITER,1
28.000,takeoff to 20 m,nan,19.657,-0.196,-0.06,0.18,95.69,0.11,-0.01,0.01,764,764,764,764,LOITER,1
28.020,takeoff to 20 m,nan,19.667,-0.190,-0.05,0.18,95.69,0.13,0.03,-0.01,765,765,765,765,LOITER,1
28.040,takeoff to 20 m,nan,19.667,-0.190,-0.05,0.18,95.69,0.09,-0.08,-0.07,765,765,765,765,LOITER,1
28.060,takeoff to 20 m,nan,19.677,-0.185,-0.05,0.18,95.69,0.11,-0.18,-0.01,765,764,765,764,LOITER,1
28.080,takeoff to 20 m,nan,19.677,-0.185,-0.05,0.18,95.69,0.03,-0.08,0.01,765,764,765,764,LOITER,1
28.100,takeoff to 20 m,nan,19.677,-0.185,-0.05,0.18,95.69,-0.01,-0.09,-0.02,765,764,765,764,LOITER,1
28.120,takeoff to 20 m,nan,19.686,-0.180,-0.05,0.17,95.68,0.01,-0.06,-0.01,765,765,764,764,LOITER,1
28.140,takeoff to 20 m,nan,19.686,-0.180,-0.05,0.17,95.68,-0.03,-0.16,0.01,765,765,764,764,LOITER,1
28.160,takeoff to 20 m,nan,19.697,-0.174,-0.05,0.17,95.68,0.04,-0.13,-0.02,765,764,764,765,LOITER,1
28.180,takeoff to 20 m,nan,19.697,-0.174,-0.05,0.17,95.68,-0.07,-0.15,0.00,765,764,764,765,LOITER,1
28.204,takeoff to 20 m,nan,19.697,-0.174,-0.05,0.16,95.67,-0.10,-0.17,-0.05,765,764,764,765,LOITER,1
28.220,takeoff to 20 m,nan,19.706,-0.169,-0.05,0.16,95.67,0.01,-0.19,0.00,765,765,765,765,LOITER,1
28.240,takeoff to 20 m,nan,19.706,-0.169,-0.05,0.15,95.67,-0.07,-0.20,-0.07,765,765,765,765,LOITER,1
28.260,takeoff to 20 m,nan,19.714,-0.164,-0.05,0.15,95.66,-0.04,-0.21,0.02,765,765,765,765,LOITER,1
28.280,takeoff to 20 m,nan,19.714,-0.164,-0.05,0.15,95.66,-0.07,-0.19,-0.00,765,765,765,765,LOITER,1
28.300,takeoff to 20 m,nan,19.714,-0.164,-0.05,0.14,95.66,-0.06,-0.30,0.01,765,765,765,765,LOITER,1
28.320,takeoff to 20 m,nan,19.723,-0.159,-0.06,0.14,95.65,-0.17,-0.14,-0.04,765,765,765,765,LOITER,1
28.340,takeoff to 20 m,nan,19.723,-0.159,-0.06,0.13,95.65,-0.21,-0.18,-0.02,765,765,765,765,LOITER,1
28.360,takeoff to 20 m,nan,19.733,-0.153,-0.06,0.13,95.64,-0.21,-0.31,-0.00,765,765,765,764,LOITER,1
28.380,takeoff to 20 m,nan,19.733,-0.153,-0.07,0.12,95.64,-0.19,-0.31,-0.02,765,765,765,764,LOITER,1
28.400,takeoff to 20 m,nan,19.733,-0.153,-0.07,0.12,95.63,-0.19,-0.30,-0.01,765,765,765,764,LOITER,1
28.420,takeoff to 20 m,nan,19.741,-0.149,-0.07,0.11,95.63,-0.23,-0.22,-0.01,766,766,765,765,LOITER,1
28.440,takeoff to 20 m,nan,19.741,-0.149,-0.08,0.11,95.62,-0.27,-0.29,0.04,766,766,765,765,LOITER,1
28.460,takeoff to 20 m,nan,19.749,-0.144,-0.08,0.10,95.62,-0.20,-0.30,0.07,766,766,765,765,LOITER,1
28.480,takeoff to 20 m,nan,19.749,-0.144,-0.09,0.10,95.62,-0.28,-0.28,0.05,766,766,765,765,LOITER,1
28.500,takeoff to 20 m,nan,19.749,-0.144,-0.09,0.09,95.62,-0.23,-0.28,0.08,766,766,765,765,LOITER,1
28.520,takeoff to 20 m,nan,19.757,-0.140,-0.10,0.08,95.61,-0.25,-0.32,0.06,765,766,765,765,LOITER,1
28.540,takeoff to 20 m,nan,19.757,-0.140,-0.10,0.08,95.61,-0.28,-0.29,0.15,765,766,765,765,LOITER,1
28.560,takeoff to 20 m,nan,19.766,-0.135,-0.10,0.07,95.61,-0.12,-0.35,0.11,766,765,765,764,LOITER,1
28.580,takeoff to 20 m,nan,19.766,-0.135,-0.11,0.06,95.61,-0.20,-0.36,0.18,766,765,765,764,LOITER,1
28.600,takeoff to 20 m,nan,19.766,-0.135,-0.11,0.06,95.61,-0.23,-0.32,0.10,766,765,765,764,LOITER,1
28.620,takeoff to 20 m,nan,19.773,-0.131,-0.12,0.05,95.60,-0.26,-0.26,0.09,766,766,765,765,LOITER,1
28.640,takeoff to 20 m,nan,19.773,-0.131,-0.12,0.05,95.60,-0.22,-0.31,0.10,766,766,765,765,LOITER,1
28.660,takeoff to 20 m,nan,19.781,-0.126,-0.12,0.04,95.60,-0.32,-0.22,0.18,766,766,765,765,LOITER,1
28.680,takeoff to 20 m,nan,19.781,-0.126,-0.13,0.04,95.60,-0.26,-0.25,0.15,766,766,765,765,LOITER,1
28.700,takeoff to 20 m,nan,19.781,-0.126,-0.13,0.03,95.60,-0.18,-0.20,0.12,766,766,765,765,LOITER,1
28.720,takeoff to 20 m,nan,19.788,-0.122,-0.14,0.03,95.60,-0.13,-0.21,0.14,765,766,765,765,LOITER,1
28.740,takeoff to 20 m,nan,19.788,-0.122,-0.14,0.02,95.60,-0.06,-0.14,0.18,765,766,765,765,LOITER,1
28.760,takeoff to 20 m,nan,19.796,-0.117,-0.14,0.02,95.61,-0.08,-0.15,0.18,765,766,765,765,LOITER,1
28.780,takeoff to 20 m,nan,19.796,-0.117,-0.14,0.02,95.61,0.02,-0.13,0.17,765,766,765,765,LOITER,1
28.800,takeoff to 20 m,nan,19.796,-0.117,-0.14,0.02,95.61,0.08,-0.13,0.18,765,766,765,765,LOITER,1
28.820,takeoff to 20 m,nan,19.802,-0.113,-0.14,0.01,95.61,0.01,-0.08,0.21,766,766,766,766,LOITER,1
28.840,takeoff to 20 m,nan,19.802,-0.113,-0.14,0.01,95.61,0.03,-0.11,0.18,766,766,766,766,LOITER,1
28.860,takeoff to 20 m,nan,19.809,-0.110,-0.14,0.01,95.62,0.01,-0.11,0.14,766,766,766,766,LOITER,1
28.880,takeoff to 20 m,nan,19.809,-0.110,-0.14,0.01,95.62,0.04,-0.13,0.19,766,766,766,766,LOITER,1
28.900,takeoff to 20 m,nan,19.809,-0.110,-0.13,0.00,95.62,0.08,-0.12,0.23,766,766,766,766,LOITER,1
28.920,takeoff to 20 m,nan,19.816,-0.106,-0.13,-0.00,95.62,0.06,-0.23,0.19,766,766,765,766,LOITER,1
28.940,takeoff to 20 m,nan,19.816,-0.106,-0.13,-0.01,95.62,-0.03,-0.25,0.21,766,766,765,766,LOITER,1
28.960,takeoff to 20 m,nan,19.823,-0.101,-0.13,-0.01,95.63,-0.02,-0.21,0.18,765,766,765,765,LOITER,1
28.980,takeoff to 20 m,nan,19.823,-0.101,-0.13,-0.02,95.63,0.05,-0.26,0.18,765,766,765,765,LOITER,1
29.000,takeoff to 20 m,nan,19.823,-0.101,-0.13,-0.02,95.63,-0.01,-0.24,0.23,765,766,765,765,LOITER,1
29.020,takeoff to 20 m,nan,19.829,-0.098,-0.13,-0.02,95.63,-0.02,-0.14,0.21,766,766,766,766,LOITER,1
29.040,takeoff to 20 m,nan,19.829,-0.098,-0.13,-0.03,95.63,-0.04,-0.17,0.17,766,766,766,766,LOITER,1
29.060,takeoff to 20 m,nan,19.834,-0.094,-0.13,-0.03,95.64,-0.07,-0.19,0.20,767,766,767,766,LOITER,1
29.080,takeoff to 20 m,nan,19.834,-0.094,-0.13,-0.03,95.64,-0.13,-0.14,0.21,767,766,767,766,LOITER,1
29.100,takeoff to 20 m,nan,19.834,-0.094,-0.14,-0.04,95.64,-0.12,-0.08,0.17,767,766,767,766,LOITER,1
29.120,takeoff to 20 m,nan,19.839,-0.091,-0.14,-0.04,95.65,-0.08,-0.15,0.22,766,766,766,766,LOITER,1
29.140,takeoff to 20 m,nan,19.839,-0.091,-0.14,-0.04,95.65,-0.07,-0.17,0.17,766,766,766,766,LOITER,1
29.160,takeoff to 20 m,nan,19.844,-0.087,-0.14,-0.05,95.65,-0.07,-0.22,0.20,766,766,767,766,LOITER,1
29.180,takeoff to 20 m,nan,19.844,-0.087,-0.14,-0.05,95.66,-0.05,-0.14,0.19,766,766,767,766,LOITER,1
29.200,takeoff to 20 m,nan,19.844,-0.087,-0.14,-0.05,95.66,0.08,-0.11,0.19,766,766,767,766,LOITER,1
29.220,takeoff to 20 m,nan,19.848,-0.084,-0.14,-0.05,95.66,0.06,-0.06,0.11,767,767,768,768,LOITER,1
29.240,takeoff to 20 m,nan,19.848,-0.084,-0.14,-0.06,95.67,0.02,-0.08,0.15,767,767,768,768,LOITER,1
29.260,takeoff to 20 m,nan,19.852,-0.082,-0.14,-0.06,95.67,0.12,-0.09,0.18,768,767,768,768,LOITER,1
29.280,takeoff to 20 m,nan,19.852,-0.082,-0.14,-0.06,95.67,0.07,-0.18,0.16,768,767,768,768,LOITER,1
29.300,takeoff to 20 m,nan,19.852,-0.082,-0.13,-0.06,95.68,0.16,-0.17,0.15,768,767,768,768,LOITER,1
29.320,takeoff to 20 m,nan,19.856,-0.079,-0.13,-0.07,95.68,0.05,-0.13,0.16,768,767,768,768,LOITER,1
29.340,takeoff to 20 m,nan,19.856,-0.079,-0.13,-0.07,95.68,0.15,-0.08,0.15,768,767,768,768,LOITER,1
29.360,takeoff to 20 m,nan,19.860,-0.078,-0.13,-0.07,95.68,0.06,-0.07,0.11,767,768,768,768,LOITER,1
29.380,takeoff to 20 m,nan,19.860,-0.078,-0.12,-0.07,95.68,0.09,-0.20,0.16,767,768,768,768,LOITER,1
29.404,takeoff to 20 m,nan,19.860,-0.078,-0.12,-0.08,95.68,0.07,-0.27,0.07,767,768,768,768,LOITER,1
29.420,takeoff to 20 m,nan,19.864,-0.076,-0.12,-0.08,95.68,0.15,-0.20,0.08,768,768,769,768,LOITER,1
29.440,takeoff to 20 m,nan,19.864,-0.076,-0.12,-0.08,95.68,0.20,-0.16,0.08,768,768,769,768,LOITER,1
29.460,takeoff to 20 m,nan,19.867,-0.075,-0.11,-0.09,95.68,0.24,-0.16,0.08,768,768,768,769,LOITER,1
29.480,takeoff to 20 m,nan,19.867,-0.075,-0.11,-0.09,95.68,0.17,-0.30,0.11,768,768,768,769,LOITER,1
29.500,takeoff to 20 m,nan,19.867,-0.075,-0.11,-0.10,95.68,0.13,-0.22,0.05,768,768,768,769,LOITER,1
29.520,takeoff to 20 m,nan,19.871,-0.073,-0.11,-0.10,95.68,0.21,-0.40,0.14,767,768,768,768,LOITER,1
29.540,takeoff to 20 m,nan,19.871,-0.073,-0.10,-0.11,95.68,0.23,-0.32,0.07,767,768,768,768,LOITER,1
29.560,takeoff to 20 m,nan,19.874,-0.071,-0.10,-0.11,95.68,0.15,-0.32,0.06,767,768,768,768,LOITER,1
29.580,takeoff to 20 m,nan,19.874,-0.071,-0.09,-0.12,95.67,0.23,-0.36,-0.01,767,768,768,768,LOITER,1
29.600,takeoff to 20 m,nan,19.874,-0.071,-0.09,-0.13,95.67,0.16,-0.30,0.02,767,768,768,768,LOITER,1
29.616,takeoff to 20 m,nan,19.877,-0.070,-0.09,-0.13,95.67,0.17,-0.37,0.09,769,769,769,769,LOITER,1
29.640,takeoff to 20 m,nan,19.877,-0.070,-0.08,-0.14,95.67,0.14,-0.39,0.08,769,769,769,769,LOITER,1
29.660,takeoff to 20 m,nan,19.880,-0.069,-0.08,-0.15,95.67,0.15,-0.37,0.02,769,769,769,769,LOITER,1
29.680,takeoff to 20 m,nan,19.880,-0.069,-0.08,-0.15,95.67,0.11,-0.36,0.08,769,769,769,769,LOITER,1
29.700,takeoff to 20 m,nan,19.880,-0.069,-0.08,-0.16,95.67,0.10,-0.39,0.05,769,769,769,769,LOITER,1
29.720,takeoff to 20 m,nan,19.883,-0.068,-0.07,-0.17,95.67,0.08,-0.28,0.06,769,767,768,768,LOITER,1
29.740,takeoff to 20 m,nan,19.883,-0.068,-0.07,-0.17,95.67,0.09,-0.29,0.04,769,767,768,768,LOITER,1
29.760,takeoff to 20 m,nan,19.887,-0.067,-0.07,-0.18,95.67,0.02,-0.39,0.06,768,767,768,767,LOITER,1
29.780,takeoff to 20 m,nan,19.887,-0.067,-0.07,-0.18,95.67,0.07,-0.23,-0.04,768,767,768,767,LOITER,1
29.800,takeoff to 20 m,nan,19.887,-0.067,-0.07,-0.19,95.67,0.05,-0.16,0.02,768,767,768,767,LOITER,1
29.820,takeoff to 20 m,nan,19.890,-0.067,-0.07,-0.19,95.68,0.05,-0.18,0.05,769,769,769,769,LOITER,1
29.840,takeoff to 20 m,nan,19.890,-0.067,-0.07,-0.19,95.68,-0.07,-0.12,0.05,769,769,769,769,LOITER,1
29.860,takeoff to 20 m,nan,19.893,-0.066,-0.07,-0.19,95.68,-0.02,0.02,0.01,770,769,769,770,LOITER,1
29.880,takeoff to 20 m,nan,19.893,-0.066,-0.07,-0.19,95.69,-0.13,0.06,0.05,770,769,769,770,LOITER,1
29.900,takeoff to 20 m,nan,19.893,-0.066,-0.07,-0.19,95.69,-0.16,0.04,0.07,770,769,769,770,LOITER,1
29.920,takeoff to 20 m,nan,19.896,-0.064,-0.07,-0.19,95.70,-0.19,0.08,0.03,769,768,769,769,LOITER,1
29.940,takeoff to 20 m,nan,19.896,-0.064,-0.08,-0.19,95.70,-0.25,0.09,-0.00,769,768,769,769,LOITER,1
29.960,takeoff to 20 m,nan,19.900,-0.063,-0.08,-0.19,95.70,-0.16,0.15,0.03,768,767,768,768,LOITER,1
29.980,takeoff to 20 m,nan,19.900,-0.063,-0.08,-0.19,95.71,-0.19,0.08,0.04,768,767,768,768,LOITER,1
30.000,takeoff to 20 m,nan,19.900,-0.063,-0.09,-0.18,95.71,-0.10,0.10,0.02,768,767,768,768,LOITER,1
30.020,takeoff to 20 m,nan,19.903,-0.062,-0.09,-0.18,95.71,-0.16,0.18,-0.05,768,768,768,769,LOITER,1
30.040,takeoff to 20 m,nan,19.903,-0.062,-0.09,-0.18,95.71,-0.16,0.15,0.02,768,768,768,769,LOITER,1
30.060,takeoff to 20 m,nan,19.906,-0.061,-0.09,-0.18,95.71,-0.13,0.10,0.00,769,768,769,768,LOITER,1
30.080,takeoff to 20 m,nan,19.906,-0.061,-0.10,-0.17,95.72,-0.19,0.26,0.03,769,768,769,768,LOITER,1
30.100,takeoff to 20 m,nan,19.906,-0.061,-0.10,-0.17,95.72,-0.12,0.27,0.04,769,768,769,768,LOITER,1
30.120,takeoff to 20 m,nan,19.910,-0.059,-0.10,-0.16,95.72,-0.15,0.15,-0.03,767,767,767,767,LOITER,1
30.140,takeoff to 20 m,nan,19.910,-0.059,-0.10,-0.16,95.72,-0.06,0.13,-0.00,767,767,767,767,LOITER,1
30.160,takeoff to 20 m,nan,19.913,-0.058,-0.10,-0.16,95.72,-0.04,0.13,-0.01,766,767,767,767,LOITER,1
30.180,takeoff to 20 m,nan,19.913,-0.058,-0.10,-0.16,95.72,-0.03,0.11,-0.03,766,767,767,767,LOITER,1
30.200,takeoff to 20 m,nan,19.913,-0.058,-0.10,-0.15,95.72,0.02,0.25,0.03,766,767,767,767,LOITER,1
30.220,takeoff to 20 m,nan,19.917,-0.056,-0.10,-0.15,95.72,0.06,0.16,-0.04,768,768,768,769,LOITER,1
30.240,takeoff to 20 m,nan,19.917,-0.056,-0.10,-0.14,95.72,0.09,0.17,-0.03,768,768,768,769,LOITER,1
30.260,takeoff to 20 m,nan,19.920,-0.054,-0.10,-0.14,95.72,0.02,0.24,-0.04,768,768,768,769,LOITER,1
30.280,takeoff to 20 m,nan,19.920,-0.054,-0.10,-0.14,95.72,0.10,0.27,-0.05,768,768,768,769,LOITER,1
30.300,takeoff to 20 m,nan,19.920,-0.054,-0.10,-0.13,95.71,0.16,0.12,-0.04,768,768,768,769,LOITER,1
30.320,takeoff to 20 m,nan,19.923,-0.053,-0.10,-0.13,95.71,0.09,0.06,-0.07,767,766,767,767,LOITER,1
30.340,takeoff to 20 m,nan,19.923,-0.053,-0.09,-0.13,95.71,0.08,0.17,-0.07,767,766,767,767,LOITER,1
30.360,takeoff to 20 m,nan,19.927,-0.051,-0.09,-0.12,95.71,0.09,0.21,-0.00,766,767,767,767,LOITER,1
30.380,takeoff to 20 m,nan,19.927,-0.051,-0.09,-0.12,95.71,0.13,0.14,-0.03,766,767,767,767,LOITER,1
30.400,takeoff to 20 m,nan,19.927,-0.051,-0.09,-0.12,95.70,0.11,0.12,-0.08,766,767,767,767,LOITER,1
30.420,takeoff to 20 m,nan,19.930,-0.049,-0.08,-0.11,95.70,0.18,0.08,-0.08,768,768,768,768,LOITER,1
30.440,takeoff to 20 m,nan,19.930,-0.049,-0.08,-0.11,95.69,0.13,0.04,-0.09,768,768,768,768,LOITER,1
30.460,takeoff to 20 m,nan,19.933,-0.048,-0.08,-0.11,95.69,0.18,0.09,-0.05,768,768,768,768,LOITER,1
30.480,takeoff to 20 m,nan,19.933,-0.048,-0.07,-0.11,95.68,0.26,0.06,-0.01,768,768,768,768,LOITER,1
30.500,takeoff to 20 m,nan,19.933,-0.048,-0.07,-0.11,95.68,0.16,-0.02,-0.06,768,768,768,768,LOITER,1
30.520,takeoff to 20 m,nan,19.937,-0.046,-0.07,-0.11,95.67,0.25,-0.07,-0.03,767,767,767,766,LOITER,1
30.540,takeoff to 20 m,nan,19.937,-0.046,-0.06,-0.11,95.67,0.28,-0.03,-0.04,767,767,767,766,LOITER,1
30.564,takeoff to 20 m,nan,19.940,-0.043,-0.05,-0.11,95.66,0.24,-0.04,-0.04,767,767,766,766,LOITER,1
30.584,takeoff to 20 m,nan,19.940,-0.043,-0.05,-0.11,95.66,0.24,-0.03,-0.08,767,767,766,766,LOITER,1
30.600,takeoff to 20 m,nan,19.940,-0.043,-0.05,-0.11,95.66,0.22,-0.07,0.04,767,767,766,766,LOITER,1
30.620,takeoff to 20 m,nan,19.943,-0.041,-0.04,-0.11,95.65,0.16,-0.05,-0.03,765,765,765,765,LOITER,1
30.640,takeoff to 20 m,nan,19.943,-0.041,-0.04,-0.11,95.65,0.23,-0.04,-0.03,765,765,765,765,LOITER,1
30.660,takeoff to 20 m,nan,19.946,-0.039,-0.04,-0.11,95.64,0.22,0.03,0.01,768,768,767,768,LOITER,1
30.680,takeoff to 20 m,nan,19.946,-0.039,-0.03,-0.11,95.64,0.31,-0.02,0.02,768,768,767,768,LOITER,1
30.700,takeoff to 20 m,nan,19.946,-0.039,-0.02,-0.11,95.64,0.28,-0.10,-0.04,768,768,767,768,LOITER,1
30.720,takeoff to 20 m,nan,19.948,-0.037,-0.02,-0.11,95.64,0.30,-0.05,0.04,769,768,768,768,LOITER,1
30.740,takeoff to 20 m,nan,19.948,-0.037,-0.01,-0.11,95.64,0.25,-0.09,-0.03,769,768,768,768,LOITER,1
30.760,takeoff to 20 m,nan,19.950,-0.036,-0.01,-0.11,95.64,0.25,-0.12,-0.00,769,768,768,768,LOITER,1
30.780,takeoff to 20 m,nan,19.950,-0.036,-0.00,-0.11,95.64,0.26,-0.11,0.01,769,768,768,768,LOITER,1
30.800,takeoff to 20 m,nan,19.950,-0.036,0.00,-0.12,95.64,0.12,-0.04,0.02,769,768,768,768,LOITER,1
30.820,takeoff to 20 m,nan,19.952,-0.035,0.01,-0.12,95.64,0.20,-0.11,0.03,768,768,767,767,LOITER,1
30.840,takeoff to 20 m,nan,19.952,-0.035,0.01,-0.12,95.64,0.16,-0.13,0.07,768,768,767,767,LOITER,1
30.860,takeoff to 20 m,nan,19.954,-0.033,0.02,-0.12,95.65,0.20,-0.10,0.04,768,768,767,768,LOITER,1
30.880,takeoff to 20 m,nan,19.954,-0.033,0.02,-0.12,95.65,0.17,-0.04,0.02,768,768,767,768,LOITER,1
30.900,takeoff to 20 m,nan,19.954,-0.033,0.02,-0.12,95.65,0.04,-0.18,0.03,768,768,767,768,LOITER,1
30.920,takeoff to 20 m,nan,19.956,-0.032,0.02,-0.13,95.66,0.00,-0.11,0.08,769,768,768,768,LOITER,1
30.940,takeoff to 20 m,nan,19.956,-0.032,0.02,-0.13,95.67,0.03,-0.10,0.05,769,768,768,768,LOITER,1
30.960,takeoff to 20 m,nan,19.958,-0.031,0.02,-0.13,95.67,-0.08,-0.12,0.09,769,768,769,768,LOITER,1
30.980,takeoff to 20 m,nan,19.958,-0.031,0.02,-0.13,95.68,-0.13,-0.04,0.09,769,768,769,768,LOITER,1
31.000,takeoff to 20 m,nan,19.958,-0.031,0.02,-0.13,95.69,-0.15,0.01,0.05,769,768,769,768,LOITER,1
31.020,takeoff to 20 m,nan,19.959,-0.030,0.02,-0.13,95.69,-0.20,0.14,0.09,768,768,768,768,LOITER,1
31.040,takeoff to 20 m,nan,19.959,-0.030,0.01,-0.13,95.70,-0.20,0.17,0.07,768,768,768,768,LOITER,1
31.060,takeoff to 20 m,nan,19.961,-0.029,0.01,-0.12,95.70,-0.17,0.17,0.11,768,768,768,768,LOITER,1
31.080,takeoff to 20 m,nan,19.961,-0.029,0.01,-0.12,95.71,-0.18,0.11,0.03,768,768,768,768,LOITER,1
31.100,takeoff to 20 m,nan,19.961,-0.029,0.00,-0.12,95.71,-0.21,0.17,0.02,768,768,768,768,LOITER,1
31.120,takeoff to 20 m,nan,19.962,-0.028,-0.00,-0.11,95.71,-0.29,0.14,0.07,768,769,769,769,LOITER,1
31.140,takeoff to 20 m,nan,19.962,-0.028,-0.00,-0.11,95.72,-0.23,0.18,0.02,768,769,769,769,LOITER,1
31.160,takeoff to 20 m,nan,19.964,-0.027,-0.01,-0.11,95.72,-0.18,0.17,0.06,768,768,769,769,LOITER,1
31.180,takeoff to 20 m,nan,19.964,-0.027,-0.01,-0.10,95.72,-0.14,0.13,0.08,768,768,769,769,LOITER,1
31.200,takeoff to 20 m,nan,19.964,-0.027,-0.01,-0.10,95.73,-0.10,0.18,0.02,768,768,769,769,LOITER,1
31.220,takeoff to 20 m,nan,19.966,-0.027,-0.01,-0.10,95.73,-0.08,0.20,-0.00,768,768,768,769,LOITER,1
31.240,takeoff to 20 m,nan,19.966,-0.027,-0.02,-0.09,95.73,-0.18,0.19,0.00,768,768,768,769,LOITER,1
31.260,takeoff to 20 m,nan,19.968,-0.026,-0.02,-0.09,95.74,-0.17,0.17,-0.02,768,768,769,768,LOITER,1
31.280,takeoff to 20 m,nan,19.968,-0.026,-0.02,-0.08,95.74,-0.13,0.31,0.01,768,768,769,768,LOITER,1
31.300,takeoff to 20 m,nan,19.968,-0.026,-0.03,-0.08,95.74,-0.17,0.23,-0.06,768,768,769,768,LOITER,1
31.320,takeoff to 20 m,nan,19.970,-0.025,-0.03,-0.07,95.74,-0.13,0.27,-0.02,768,768,769,769,LOITER,1
31.340,takeoff to 20 m,nan,19.970,-0.025,-0.03,-0.07,95.74,-0.11,0.31,-0.01,768,768,769,769,LOITER,1
31.360,takeoff to 20 m,nan,19.971,-0.025,-0.03,-0.06,95.75,-0.11,0.27,-0.04,768,768,769,769,LOITER,1
31.380,takeoff to 20 m,nan,19.971,-0.025,-0.04,-0.06,95.75,-0.21,0.19,-0.09,768,768,769,769,LOITER,1
31.400,takeoff to 20 m,nan,19.971,-0.025,-0.04,-0.05,95.75,-0.04,0.24,-0.04,768,768,769,769,LOITER,1
31.420,takeoff to 20 m,nan,19.973,-0.024,-0.04,-0.05,95.75,-0.11,0.28,-0.04,767,768,768,769,LOITER,1
31.440,takeoff to 20 m,nan,19.973,-0.024,-0.04,-0.04,95.75,-0.07,0.14,-0.05,767,768,768,769,LOITER,1
31.460,takeoff to 20 m,nan,19.975,-0.023,-0.04,-0.04,95.75,-0.06,0.22,-0.06,767,768,768,768,LOITER,1
31.480,takeoff to 20 m,nan,19.975,-0.023,-0.04,-0.03,95.75,0.05,0.23,-0.10,767,768,768,768,LOITER,1
31.500,takeoff to 20 m,nan,19.975,-0.023,-0.04,-0.03,95.75,-0.06,0.16,-0.08,767,768,768,768,LOITER,1
31.520,takeoff to 20 m,nan,19.977,-0.022,-0.04,-0.03,95.75,-0.03,0.13,-0.07,768,768,769,768,LOITER,1
31.540,takeoff to 20 m,nan,19.977,-0.022,-0.04,-0.02,95.75,-0.08,0.18,-0.11,768,768,769,768,LOITER,1
31.560,takeoff to 20 m,nan,19.979,-0.021,-0.04,-0.02,95.75,0.05,0.15,-0.11,768,768,768,769,LOITER,1
31.580,takeoff to 20 m,nan,19.979,-0.021,-0.04,-0.02,95.75,-0.03,0.06,-0.17,768,768,768,769,LOITER,1
31.600,takeoff to 20 m,nan,19.979,-0.021,-0.04,-0.02,95.75,-0.05,0.10,-0.13,768,768,768,769,LOITER,1
31.620,takeoff to 20 m,nan,19.980,-0.020,-0.05,-0.01,95.75,-0.00,0.18,-0.10,768,768,768,768,LOITER,1
31.640,takeoff to 20 m,nan,19.980,-0.020,-0.05,-0.01,95.75,-0.04,0.16,-0.11,768,768,768,768,LOITER,1
31.660,takeoff to 20 m,nan,19.982,-0.019,-0.05,-0.01,95.75,-0.03,0.12,-0.10,768,768,769,768,LOITER,1
31.680,takeoff to 20 m,nan,19.982,-0.019,-0.05,-0.00,95.75,-0.01,0.17,-0.16,768,768,769,768,LOITER,1
31.700,takeoff to 20 m,nan,19.982,-0.019,-0.05,0.00,95.74,0.01,0.19,-0.14,768,768,769,768,LOITER,1
31.720,takeoff to 20 m,nan,19.983,-0.017,-0.05,0.00,95.74,-0.09,0.07,-0.11,768,768,769,769,LOITER,1
31.740,takeoff to 20 m,nan,19.983,-0.017,-0.05,0.01,95.74,-0.02,0.13,-0.16,768,768,769,769,LOITER,1
31.760,takeoff to 20 m,nan,19.984,-0.016,-0.05,0.01,95.74,0.03,0.06,-0.13,768,769,769,769,LOITER,1
31.780,takeoff to 20 m,nan,19.984,-0.016,-0.04,0.01,95.73,0.11,0.04,-0.16,768,769,769,769,LOITER,1
31.800,takeoff to 20 m,nan,19.984,-0.016,-0.04,0.01,95.73,0.07,0.05,-0.13,768,769,769,769,LOITER,1
31.820,takeoff to 20 m,nan,19.984,-0.016,-0.04,0.01,95.73,0.07,0.09,-0.15,768,769,769,769,LOITER,1
31.840,takeoff to 20 m,nan,19.984,-0.016,-0.04,0.02,95.73,0.15,0.10,-0.19,768,769,769,769,LOITER,1
31.860,takeoff to 20 m,nan,19.985,-0.015,-0.03,0.02,95.73,0.16,0.07,-0.14,769,769,769,769,LOITER,1
31.880,takeoff to 20 m,nan,19.985,-0.015,-0.03,0.02,95.73,0.12,0.10,-0.13,769,769,769,769,LOITER,1
31.900,takeoff to 20 m,nan,19.985,-0.015,-0.03,0.02,95.72,0.19,0.12,-0.14,769,769,769,769,LOITER,1
31.920,takeoff to 20 m,nan,19.985,-0.015,-0.03,0.02,95.72,0.13,0.02,-0.21,769,769,769,769,LOITER,1
31.940,takeoff to 20 m,nan,19.985,-0.015,-0.02,0.03,95.72,0.10,0.02,-0.20,769,769,769,769,LOITER,1
31.960,takeoff to 20 m,nan,19.985,-0.014,-0.02,0.03,95.72,0.09,0.04,-0.17,769,769,769,770,LOITER,1
31.980,takeoff to 20 m,nan,19.985,-0.014,-0.02,0.03,95.72,0.03,-0.02,-0.13,769,769,769,770,LOITER,1
32.000,takeoff to 20 m,nan,19.985,-0.014,-0.02,0.03,95.72,0.03,-0.02,-0.13,769,769,769,770,LOITER,1
32.020,takeoff to 20 m,nan,19.986,-0.014,-0.02,0.03,95.72,-0.05,0.02,-0.13,769,770,769,770,LOITER,1
32.040,takeoff to 20 m,nan,19.986,-0.014,-0.02,0.03,95.71,-0.12,-0.10,-0.11,769,770,769,770,LOITER,1
32.060,takeoff to 20 m,nan,19.986,-0.015,-0.02,0.02,95.71,-0.10,-0.06,-0.18,770,770,769,769,LOITER,1
32.080,takeoff to 20 m,nan,19.986,-0.015,-0.02,0.02,95.71,-0.09,-0.02,-0.15,770,770,769,769,LOITER,1
32.100,takeoff to 20 m,nan,19.986,-0.015,-0.02,0.02,95.71,-0.10,-0.12,-0.13,770,770,769,769,LOITER,1
32.120,takeoff to 20 m,nan,19.986,-0.015,-0.03,0.02,95.71,-0.09,-0.08,-0.05,770,769,769,769,LOITER,1
32.140,takeoff to 20 m,nan,19.986,-0.015,-0.03,0.02,95.71,-0.18,-0.02,-0.11,770,769,769,769,LOITER,1
32.160,takeoff to 20 m,nan,19.987,-0.016,-0.03,0.02,95.71,-0.19,-0.06,-0.13,769,769,769,769,LOITER,1
32.180,takeoff to 20 m,nan,19.987,-0.016,-0.03,0.02,95.71,-0.10,-0.05,-0.09,769,769,769,769,LOITER,1
32.200,takeoff to 20 m,nan,19.987,-0.016,-0.03,0.02,95.71,-0.10,-0.01,-0.07,769,769,769,769,LOITER,1
32.220,takeoff to 20 m,nan,19.988,-0.016,-0.04,0.02,95.71,-0.14,0.05,-0.10,769,769,769,769,LOITER,1
32.240,takeoff to 20 m,nan,19.988,-0.016,-0.04,0.02,95.71,-0.18,0.05,-0.06,769,769,769,769,LOITER,1
32.260,takeoff to 20 m,nan,19.989,-0.016,-0.04,0.02,95.71,-0.16,0.11,-0.10,769,769,769,769,LOITER,1
32.280,takeoff to 20 m,nan,19.989,-0.016,-0.04,0.03,95.71,-0.15,0.15,-0.09,769,769,769,769,LOITER,1
32.300,takeoff to 20 m,nan,19.989,-0.016,-0.05,0.03,95.71,-0.16,0.12,-0.08,769,769,769,769,LOITER,1
32.320,takeoff to 20 m,nan,19.990,-0.016,-0.05,0.03,95.71,-0.10,0.10,-0.13,769,769,769,769,LOITER,1
32.340,takeoff to 20 m,nan,19.990,-0.016,-0.05,0.03,95.71,-0.10,0.11,-0.06,769,769,769,769,LOITER,1
32.360,takeoff to 20 m,nan,19.991,-0.016,-0.05,0.04,95.71,-0.21,0.09,-0.08,768,769,769,769,LOITER,1
32.380,takeoff to 20 m,nan,19.991,-0.016,-0.06,0.04,95.71,-0.20,-0.04,-0.11,768,769,769,769,LOITER,1
32.400,takeoff to 20 m,nan,19.991,-0.016,-0.06,0.04,95.71,-0.20,0.01,-0.05,768,769,769,769,LOITER,1
32.420,takeoff to 20 m,nan,19.992,-0.015,-0.06,0.04,95.71,-0.18,-0.10,-0.10,768,769,769,769,LOITER,1
32.440,takeoff to 20 m,nan,19.992,-0.015,-0.07,0.03,95.71,-0.27,-0.06,-0.07,768,769,769,769,LOITER,1
32.460,takeoff to 20 m,nan,19.993,-0.015,-0.07,0.03,95.71,-0.20,-0.08,-0.10,768,769,768,769,LOITER,1
32.460,hover 20 m settled,nan,19.993,-0.015,-0.07,0.03,95.71,-0.20,-0.08,-0.10,768,769,768,769,LOITER,1
32.460,motor 1 at 100 %,1.0,19.993,-0.015,-0.07,0.03,95.71,-0.20,-0.08,-0.10,768,769,768,769,LOITER,1
32.480,motor 1 at 100 %,1.0,19.993,-0.015,-0.08,0.03,95.71,-0.17,-0.10,-0.04,768,769,768,769,LOITER,1
32.500,motor 1 at 100 %,1.0,19.993,-0.015,-0.08,0.03,95.70,-0.11,-0.09,-0.09,768,769,768,769,LOITER,1
32.520,motor 1 at 100 %,1.0,19.994,-0.015,-0.08,0.03,95.70,-0.15,-0.11,-0.05,769,768,768,769,LOITER,1
32.540,motor 1 at 100 %,1.0,19.994,-0.015,-0.08,0.03,95.70,-0.06,-0.13,-0.12,769,768,768,769,LOITER,1
32.560,motor 1 at 100 %,1.0,19.995,-0.014,-0.09,0.03,95.70,-0.08,0.02,-0.06,768,769,768,769,LOITER,1
32.580,motor 1 at 100 %,1.0,19.995,-0.014,-0.09,0.03,95.69,-0.01,-0.09,-0.10,768,769,768,769,LOITER,1
32.600,motor 1 at 100 %,1.0,19.995,-0.014,-0.09,0.03,95.69,-0.04,-0.01,-0.10,768,769,768,769,LOITER,1
32.620,motor 1 at 100 %,1.0,19.997,-0.014,-0.09,0.03,95.69,0.08,0.01,-0.07,768,769,768,768,LOITER,1
32.640,motor 1 at 100 %,1.0,19.997,-0.014,-0.08,0.03,95.68,0.16,-0.07,-0.06,768,769,768,768,LOITER,1
32.660,motor 1 at 100 %,1.0,19.998,-0.012,-0.08,0.02,95.68,0.24,-0.06,-0.07,769,769,768,768,LOITER,1
32.680,motor 1 at 100 %,1.0,19.998,-0.012,-0.08,0.03,95.68,0.24,0.12,-0.04,769,769,768,768,LOITER,1
32.700,motor 1 at 100 %,1.0,19.998,-0.012,-0.07,0.03,95.67,0.24,-0.03,-0.03,769,769,768,768,LOITER,1
32.720,motor 1 at 100 %,1.0,19.999,-0.012,-0.07,0.03,95.67,0.21,-0.02,-0.06,769,769,769,768,LOITER,1
32.740,motor 1 at 100 %,1.0,19.999,-0.012,-0.06,0.03,95.67,0.26,0.04,-0.01,769,769,769,768,LOITER,1
32.760,motor 1 at 100 %,1.0,20.000,-0.011,-0.06,0.03,95.66,0.31,0.06,0.00,769,769,768,768,LOITER,1
32.780,motor 1 at 100 %,1.0,20.000,-0.011,-0.05,0.03,95.66,0.34,0.12,0.03,769,769,768,768,LOITER,1
32.800,motor 1 at 100 %,1.0,20.000,-0.011,-0.05,0.03,95.66,0.36,0.04,0.03,769,769,768,768,LOITER,1
32.820,motor 1 at 100 %,1.0,20.001,-0.010,-0.04,0.03,95.66,0.31,0.05,-0.00,769,769,768,769,LOITER,1
32.840,motor 1 at 100 %,1.0,20.001,-0.010,-0.03,0.03,95.66,0.34,0.01,0.00,769,769,768,769,LOITER,1
32.860,motor 1 at 100 %,1.0,20.002,-0.009,-0.03,0.04,95.65,0.35,0.04,0.01,769,769,768,768,LOITER,1
32.880,motor 1 at 100 %,1.0,20.002,-0.009,-0.02,0.04,95.65,0.31,0.02,0.03,769,769,768,768,LOITER,1
32.900,motor 1 at 100 %,1.0,20.002,-0.009,-0.01,0.04,95.65,0.35,-0.02,0.06,769,769,768,768,LOITER,1
32.920,motor 1 at 100 %,1.0,20.003,-0.008,-0.01,0.04,95.65,0.39,-0.02,0.06,769,769,768,768,LOITER,1
32.940,motor 1 at 100 %,1.0,20.003,-0.008,0.00,0.04,95.65,0.43,0.03,0.05,769,769,768,768,LOITER,1
32.960,motor 1 at 100 %,1.0,20.004,-0.008,0.01,0.04,95.65,0.28,-0.02,0.02,769,769,769,768,LOITER,1
32.980,motor 1 at 100 %,1.0,20.004,-0.008,0.01,0.04,95.65,0.37,0.05,0.13,769,769,769,768,LOITER,1
33.000,motor 1 at 100 %,1.0,20.004,-0.008,0.02,0.04,95.65,0.35,-0.00,0.12,769,769,769,768,LOITER,1
33.020,motor 1 at 100 %,1.0,20.004,-0.007,0.03,0.04,95.65,0.37,0.04,0.08,769,769,769,769,LOITER,1
33.040,motor 1 at 100 %,1.0,20.004,-0.007,0.03,0.04,95.65,0.39,0.06,0.09,769,769,769,769,LOITER,1
33.060,motor 1 at 100 %,1.0,20.005,-0.007,0.04,0.04,95.65,0.39,0.10,0.05,769,769,768,769,LOITER,1
33.080,motor 1 at 100 %,1.0,20.005,-0.007,0.05,0.04,95.66,0.38,0.08,0.10,769,769,768,769,LOITER,1
33.100,motor 1 at 100 %,1.0,20.005,-0.007,0.06,0.04,95.66,0.36,0.10,0.03,769,769,768,769,LOITER,1
33.120,motor 1 at 100 %,1.0,20.005,-0.006,0.06,0.05,95.66,0.40,0.08,0.10,769,769,769,769,LOITER,1
33.140,motor 1 at 100 %,1.0,20.005,-0.006,0.07,0.05,95.66,0.41,0.11,0.07,769,769,769,769,LOITER,1
33.160,motor 1 at 100 %,1.0,20.005,-0.006,0.08,0.05,95.66,0.35,0.13,0.04,769,769,769,769,LOITER,1
33.180,motor 1 at 100 %,1.0,20.005,-0.006,0.09,0.05,95.66,0.27,0.11,0.07,769,769,769,769,LOITER,1
33.200,motor 1 at 100 %,1.0,20.005,-0.006,0.09,0.06,95.66,0.20,0.07,0.04,769,769,769,769,LOITER,1
33.220,motor 1 at 100 %,1.0,20.005,-0.006,0.09,0.06,95.66,0.05,0.26,0.05,770,769,769,769,LOITER,1
33.240,motor 1 at 100 %,1.0,20.005,-0.006,0.09,0.06,95.66,-0.05,0.17,0.08,770,769,769,769,LOITER,1
33.260,motor 1 at 100 %,1.0,20.005,-0.006,0.09,0.07,95.67,0.03,0.09,0.11,770,769,769,770,LOITER,1
33.280,motor 1 at 100 %,1.0,20.005,-0.006,0.09,0.07,95.67,-0.04,0.10,0.11,770,769,769,770,LOITER,1
33.300,motor 1 at 100 %,1.0,20.005,-0.006,0.09,0.07,95.67,-0.08,0.09,0.10,770,769,769,770,LOITER,1
33.320,motor 1 at 100 %,1.0,20.005,-0.006,0.09,0.07,95.67,-0.08,0.12,0.05,769,770,770,770,LOITER,1
33.340,motor 1 at 100 %,1.0,20.005,-0.006,0.09,0.07,95.67,0.06,-0.03,0.02,769,770,770,770,LOITER,1
33.360,motor 1 at 100 %,1.0,20.004,-0.006,0.09,0.07,95.67,-0.04,0.02,0.04,770,770,770,770,LOITER,1
33.380,motor 1 at 100 %,1.0,20.004,-0.006,0.09,0.07,95.67,-0.06,0.00,0.08,770,770,770,770,LOITER,1
33.400,motor 1 at 100 %,1.0,20.004,-0.006,0.09,0.07,95.68,-0.07,0.07,0.05,770,770,770,770,LOITER,1
33.420,motor 1 at 100 %,1.0,20.004,-0.007,0.08,0.07,95.68,-0.04,-0.00,0.07,770,770,770,770,LOITER,1
33.440,motor 1 at 100 %,1.0,20.004,-0.007,0.08,0.07,95.68,-0.00,-0.04,0.13,770,770,770,770,LOITER,1
33.460,motor 1 at 100 %,1.0,20.003,-0.008,0.08,0.07,95.68,-0.00,0.03,0.08,769,770,770,770,LOITER,1
33.480,motor 1 at 100 %,1.0,20.003,-0.008,0.08,0.07,95.68,0.09,-0.03,0.04,769,770,770,770,LOITER,1
33.500,motor 1 at 100 %,1.0,20.003,-0.008,0.08,0.08,95.69,0.04,0.00,0.07,769,770,770,770,LOITER,1
33.520,motor 1 at 100 %,1.0,20.003,-0.008,0.08,0.08,95.69,0.02,-0.00,0.03,769,770,770,770,LOITER,1
33.540,motor 1 at 100 %,1.0,20.003,-0.008,0.08,0.08,95.69,0.08,0.04,0.06,769,770,770,770,LOITER,1
33.560,motor 1 at 100 %,1.0,20.003,-0.009,0.09,0.08,95.69,0.11,0.01,0.04,769,769,770,770,LOITER,1
33.580,motor 1 at 100 %,1.0,20.003,-0.009,0.09,0.08,95.69,0.12,0.10,-0.03,769,769,770,770,LOITER,1
33.600,motor 1 at 100 %,1.0,20.003,-0.009,0.09,0.08,95.69,0.18,0.03,-0.01,769,769,770,770,LOITER,1
33.620,motor 1 at 100 %,1.0,20.004,-0.010,0.09,0.08,95.69,0.18,0.06,0.06,770,769,770,769,LOITER,1
33.640,motor 1 at 100 %,1.0,20.004,-0.010,0.10,0.08,95.69,0.21,0.19,0.00,770,769,770,769,LOITER,1
33.660,motor 1 at 100 %,1.0,20.004,-0.010,0.10,0.09,95.70,0.22,0.15,-0.02,769,769,769,769,LOITER,1
33.680,motor 1 at 100 %,1.0,20.004,-0.010,0.10,0.09,95.70,0.19,0.10,0.06,769,769,769,769,LOITER,1
33.700,motor 1 at 100 %,1.0,20.004,-0.010,0.11,0.09,95.70,0.19,0.05,-0.00,769,769,769,769,LOITER,1
33.720,motor 1 at 100 %,1.0,20.005,-0.010,0.11,0.09,95.70,0.30,0.13,0.05,769,769,769,769,LOITER,1
33.740,motor 1 at 100 %,1.0,20.005,-0.010,0.12,0.09,95.70,0.32,0.23,0.03,769,769,769,769,LOITER,1
33.760,motor 1 at 100 %,1.0,20.006,-0.010,0.12,0.10,95.70,0.30,0.13,0.00,769,769,769,769,LOITER,1
33.780,motor 1 at 100 %,1.0,20.006,-0.010,0.12,0.10,95.70,0.28,0.14,0.02,769,769,769,769,LOITER,1
33.800,motor 1 at 100 %,1.0,20.006,-0.010,0.13,0.10,95.71,0.30,0.06,-0.01,769,769,769,769,LOITER,1
33.820,motor 1 at 100 %,1.0,20.006,-0.010,0.13,0.10,95.71,0.31,0.09,0.00,769,769,769,769,LOITER,1
33.840,motor 1 at 100 %,1.0,20.006,-0.010,0.14,0.10,95.71,0.33,0.05,-0.07,769,769,769,769,LOITER,1
33.860,motor 1 at 100 %,1.0,20.007,-0.010,0.14,0.11,95.71,0.37,0.03,-0.02,769,769,769,769,LOITER,1
33.880,motor 1 at 100 %,1.0,20.007,-0.010,0.15,0.11,95.71,0.31,0.04,-0.03,769,769,769,769,LOITER,1
33.900,motor 1 at 100 %,1.0,20.007,-0.010,0.16,0.11,95.71,0.43,0.04,-0.02,769,769,769,769,LOITER,1
33.920,motor 1 at 100 %,1.0,20.008,-0.010,0.17,0.11,95.72,0.50,-0.08,0.04,769,769,769,769,LOITER,1
33.940,motor 1 at 100 %,1.0,20.008,-0.010,0.17,0.11,95.72,0.50,-0.05,-0.00,769,769,769,769,LOITER,1
33.960,motor 1 at 100 %,1.0,20.008,-0.009,0.18,0.11,95.72,0.52,-0.08,-0.02,769,769,769,769,LOITER,1
33.980,motor 1 at 100 %,1.0,20.008,-0.009,0.19,0.10,95.73,0.56,-0.05,-0.04,769,769,769,769,LOITER,1
34.000,motor 1 at 100 %,1.0,20.008,-0.009,0.20,0.10,95.73,0.64,-0.14,0.01,769,769,769,769,LOITER,1
34.020,motor 1 at 100 %,1.0,20.009,-0.009,0.21,0.10,95.73,0.57,-0.05,0.02,769,768,769,769,LOITER,1
34.040,motor 1 at 100 %,1.0,20.009,-0.009,0.23,0.10,95.73,0.64,-0.08,-0.00,769,768,769,769,LOITER,1
34.060,motor 1 at 100 %,1.0,20.010,-0.008,0.24,0.10,95.74,0.61,-0.11,0.00,768,768,769,769,LOITER,1
34.080,motor 1 at 100 %,1.0,20.010,-0.008,0.25,0.10,95.74,0.62,-0.19,-0.04,768,768,769,769,LOITER,1
34.100,motor 1 at 100 %,1.0,20.010,-0.008,0.26,0.10,95.74,0.48,-0.12,-0.10,768,768,769,769,LOITER,1
34.120,motor 1 at 100 %,1.0,20.011,-0.008,0.27,0.09,95.74,0.51,-0.08,-0.04,768,769,769,769,LOITER,1
34.140,motor 1 at 100 %,1.0,20.011,-0.008,0.28,0.09,95.74,0.51,-0.17,-0.09,768,769,769,769,LOITER,1
34.160,motor 1 at 100 %,1.0,20.012,-0.007,0.29,0.09,95.74,0.38,-0.30,-0.11,769,768,769,769,LOITER,1
34.180,motor 1 at 100 %,1.0,20.012,-0.007,0.29,0.08,95.74,0.17,-0.24,-0.10,769,768,769,769,LOITER,1
34.200,motor 1 at 100 %,1.0,20.012,-0.007,0.29,0.08,95.74,0.16,-0.24,-0.08,769,768,769,769,LOITER,1
34.220,motor 1 at 100 %,1.0,20.013,-0.007,0.29,0.07,95.74,0.14,-0.26,-0.11,768,768,768,769,LOITER,1
34.240,motor 1 at 100 %,1.0,20.013,-0.007,0.30,0.07,95.74,0.12,-0.19,-0.12,768,768,768,769,LOITER,1
34.260,motor 1 at 100 %,1.0,20.014,-0.006,0.30,0.07,95.74,0.04,-0.21,-0.13,768,768,769,769,LOITER,1
34.280,motor 1 at 100 %,1.0,20.014,-0.006,0.30,0.06,95.74,0.01,-0.21,-0.15,768,768,769,769,LOITER,1
34.300,motor 1 at 100 %,1.0,20.014,-0.006,0.30,0.06,95.74,0.00,-0.27,-0.11,768,768,769,769,LOITER,1
34.320,motor 1 at 100 %,1.0,20.015,-0.006,0.30,0.05,95.73,0.06,-0.20,-0.14,768,768,769,768,LOITER,1
34.340,motor 1 at 100 %,1.0,20.015,-0.006,0.30,0.05,95.73,0.03,-0.23,-0.15,768,768,769,768,LOITER,1
34.360,motor 1 at 100 %,1.0,20.017,-0.005,0.30,0.04,95.73,0.05,-0.23,-0.15,768,768,768,768,LOITER,1
34.380,motor 1 at 100 %,1.0,20.017,-0.005,0.30,0.04,95.72,-0.00,-0.25,-0.13,768,768,768,768,LOITER,1
34.400,motor 1 at 100 %,1.0,20.017,-0.005,0.30,0.03,95.72,-0.00,-0.19,-0.17,768,768,768,768,LOITER,1
34.420,motor 1 at 100 %,1.0,20.018,-0.004,0.30,0.03,95.72,-0.13,-0.08,-0.16,768,768,768,768,LOITER,1
34.440,motor 1 at 100 %,1.0,20.018,-0.004,0.29,0.03,95.71,-0.04,-0.14,-0.14,768,768,768,768,LOITER,1
34.460,motor 1 at 100 %,1.0,20.019,-0.003,0.29,0.02,95.71,-0.18,-0.06,-0.10,768,768,768,768,LOITER,1
34.480,motor 1 at 100 %,1.0,20.019,-0.003,0.29,0.02,95.70,-0.22,0.03,-0.11,768,768,768,768,LOITER,1
34.500,motor 1 at 100 %,1.0,20.019,-0.003,0.28,0.02,95.70,-0.27,-0.02,-0.13,768,768,768,768,LOITER,1
34.520,motor 1 at 100 %,1.0,20.020,-0.001,0.28,0.02,95.69,-0.26,0.08,-0.13,768,768,769,768,LOITER,1
34.540,motor 1 at 100 %,1.0,20.020,-0.001,0.27,0.02,95.69,-0.23,0.11,-0.13,768,768,769,768,LOITER,1
34.560,motor 1 at 100 %,1.0,20.021,-0.000,0.26,0.03,95.68,-0.31,0.20,-0.10,768,768,768,768,LOITER,1
34.580,motor 1 at 100 %,1.0,20.021,-0.000,0.26,0.03,95.68,-0.38,0.17,-0.15,768,768,768,768,LOITER,1
34.600,motor 1 at 100 %,1.0,20.021,-0.000,0.25,0.03,95.67,-0.46,0.21,-0.13,768,768,768,768,LOITER,1
34.620,motor 1 at 100 %,1.0,20.022,0.001,0.24,0.04,95.66,-0.35,0.17,-0.15,768,769,768,768,LOITER,1
34.640,motor 1 at 100 %,1.0,20.022,0.001,0.23,0.04,95.66,-0.43,0.18,-0.07,768,769,768,768,LOITER,1
34.660,motor 1 at 100 %,1.0,20.023,0.002,0.22,0.04,95.66,-0.52,0.23,-0.10,768,769,768,767,LOITER,1
34.680,motor 1 at 100 %,1.0,20.023,0.002,0.21,0.05,95.65,-0.39,0.24,-0.08,768,769,768,767,LOITER,1
34.700,motor 1 at 100 %,1.0,20.023,0.002,0.21,0.05,95.65,-0.45,0.23,-0.03,768,769,768,767,LOITER,1
34.720,motor 1 at 100 %,1.0,20.025,0.002,0.20,0.06,95.65,-0.46,0.24,-0.12,768,769,768,768,LOITER,1
34.740,motor 1 at 100 %,1.0,20.025,0.002,0.19,0.06,95.65,-0.43,0.20,-0.07,768,769,768,768,LOITER,1
34.760,motor 1 at 100 %,1.0,20.026,0.003,0.18,0.06,95.65,-0.31,0.16,-0.06,768,768,767,768,LOITER,1
34.780,motor 1 at 100 %,1.0,20.026,0.003,0.18,0.07,95.65,-0.34,0.16,-0.10,768,768,767,768,LOITER,1
34.800,motor 1 at 100 %,1.0,20.026,0.003,0.17,0.07,95.65,-0.45,0.14,-0.05,768,768,767,768,LOITER,1
34.820,motor 1 at 100 %,1.0,20.027,0.004,0.16,0.07,95.65,-0.39,0.06,-0.02,768,769,768,767,LOITER,1
34.840,motor 1 at 100 %,1.0,20.027,0.004,0.15,0.07,95.66,-0.35,0.04,-0.05,768,769,768,767,LOITER,1
34.860,motor 1 at 100 %,1.0,20.028,0.005,0.15,0.08,95.66,-0.37,0.08,-0.06,768,768,767,768,LOITER,1
34.880,motor 1 at 100 %,1.0,20.028,0.005,0.14,0.08,95.67,-0.38,-0.01,0.00,768,768,767,768,LOITER,1
34.900,motor 1 at 100 %,1.0,20.028,0.005,0.13,0.08,95.67,-0.39,-0.12,0.02,768,768,767,768,LOITER,1
34.920,motor 1 at 100 %,1.0,20.029,0.006,0.12,0.07,95.67,-0.36,-0.10,0.01,768,768,768,767,LOITER,1
34.940,motor 1 at 100 %,1.0,20.029,0.006,0.12,0.07,95.68,-0.37,-0.10,0.00,768,768,768,767,LOITER,1
34.960,motor 1 at 100 %,1.0,20.030,0.008,0.11,0.07,95.68,-0.41,-0.12,-0.05,768,768,768,768,LOITER,1
34.980,motor 1 at 100 %,1.0,20.030,0.008,0.10,0.07,95.69,-0.39,-0.16,-0.03,768,768,768,768,LOITER,1
35.000,motor 1 at 100 %,1.0,20.030,0.008,0.09,0.07,95.69,-0.39,-0.18,-0.00,768,768,768,768,LOITER,1
35.020,motor 1 at 100 %,1.0,20.031,0.009,0.08,0.06,95.69,-0.47,-0.17,-0.03,768,768,768,768,LOITER,1
35.040,motor 1 at 100 %,1.0,20.031,0.009,0.08,0.06,95.69,-0.44,-0.12,-0.02,768,768,768,768,LOITER,1
35.060,motor 1 at 100 %,1.0,20.032,0.010,0.07,0.06,95.70,-0.51,-0.17,-0.01,768,768,768,768,LOITER,1
35.080,motor 1 at 100 %,1.0,20.032,0.010,0.06,0.06,95.70,-0.55,-0.14,-0.07,768,768,768,768,LOITER,1
35.100,motor 1 at 100 %,1.0,20.032,0.010,0.04,0.05,95.70,-0.56,-0.18,-0.03,768,768,768,768,LOITER,1
35.120,motor 1 at 100 %,1.0,20.033,0.011,0.03,0.05,95.70,-0.61,-0.23,-0.05,768,768,768,768,LOITER,1
35.140,motor 1 at 100 %,1.0,20.033,0.011,0.02,0.04,95.70,-0.52,-0.26,-0.03,768,768,768,768,LOITER,1
35.160,motor 1 at 100 %,1.0,20.034,0.012,0.01,0.04,95.70,-0.55,-0.33,-0.01,769,768,769,768,LOITER,1
35.180,motor 1 at 100 %,1.0,20.034,0.012,0.00,0.03,95.70,-0.55,-0.22,0.01,769,768,769,768,LOITER,1
35.200,motor 1 at 100 %,1.0,20.034,0.012,-0.01,0.03,95.70,-0.55,-0.17,0.02,769,768,769,768,LOITER,1
35.220,motor 1 at 100 %,1.0,20.035,0.013,-0.02,0.03,95.70,-0.60,-0.21,-0.02,768,769,768,768,LOITER,1
35.240,motor 1 at 100 %,1.0,20.035,0.013,-0.03,0.02,95.70,-0.51,-0.14,0.05,768,769,768,768,LOITER,1
35.260,motor 1 at 100 %,1.0,20.036,0.014,-0.04,0.02,95.69,-0.43,-0.14,0.04,768,768,768,768,LOITER,1
35.280,motor 1 at 100 %,1.0,20.036,0.014,-0.05,0.02,95.69,-0.44,-0.22,-0.03,768,768,768,768,LOITER,1
35.300,motor 1 at 100 %,1.0,20.036,0.014,-0.06,0.01,95.69,-0.52,-0.12,-0.06,768,768,768,768,LOITER,1
35.320,motor 1 at 100 %,1.0,20.037,0.015,-0.07,0.01,95.69,-0.46,-0.04,0.02,768,769,768,768,LOITER,1
35.340,motor 1 at 100 %,1.0,20.037,0.015,-0.08,0.01,95.69,-0.49,-0.17,0.02,768,769,768,768,LOITER,1
35.360,motor 1 at 100 %,1.0,20.037,0.015,-0.08,0.01,95.68,-0.43,-0.13,-0.01,768,768,768,768,LOITER,1
35.380,motor 1 at 100 %,1.0,20.037,0.015,-0.09,0.00,95.68,-0.44,-0.10,0.00,768,768,768,768,LOITER,1
35.400,motor 1 at 100 %,1.0,20.037,0.015,-0.10,0.00,95.68,-0.42,-0.11,-0.02,768,768,768,768,LOITER,1
35.420,motor 1 at 100 %,1.0,20.038,0.016,-0.11,0.00,95.68,-0.41,-0.11,0.03,769,768,769,768,LOITER,1
35.440,motor 1 at 100 %,1.0,20.038,0.016,-0.12,0.00,95.67,-0.40,0.06,-0.01,769,768,769,768,LOITER,1
35.460,motor 1 at 100 %,1.0,20.038,0.017,-0.12,-0.00,95.67,-0.45,-0.10,0.01,769,769,769,768,LOITER,1
35.480,motor 1 at 100 %,1.0,20.038,0.017,-0.13,-0.00,95.67,-0.42,-0.09,-0.00,769,769,769,768,LOITER,1
35.500,motor 1 at 100 %,1.0,20.038,0.017,-0.14,-0.00,95.67,-0.36,-0.12,-0.00,769,769,769,768,LOITER,1
35.520,motor 1 at 100 %,1.0,20.038,0.017,-0.15,-0.01,95.67,-0.39,-0.13,-0.02,769,769,769,769,LOITER,1
35.540,motor 1 at 100 %,1.0,20.038,0.017,-0.15,-0.01,95.67,-0.42,-0.07,-0.02,769,769,769,769,LOITER,1
35.560,motor 1 at 100 %,1.0,20.038,0.017,-0.16,-0.01,95.67,-0.32,-0.08,-0.01,769,769,768,769,LOITER,1
35.580,motor 1 at 100 %,1.0,20.038,0.017,-0.17,-0.01,95.67,-0.40,-0.09,-0.02,769,769,768,769,LOITER,1
35.600,motor 1 at 100 %,1.0,20.038,0.017,-0.18,-0.01,95.67,-0.37,-0.04,-0.00,769,769,768,769,LOITER,1
35.620,motor 1 at 100 %,1.0,20.038,0.017,-0.19,-0.01,95.67,-0.43,-0.07,0.02,769,769,769,769,LOITER,1
35.640,motor 1 at 100 %,1.0,20.038,0.017,-0.19,-0.01,95.67,-0.41,-0.07,0.05,769,769,769,769,LOITER,1
35.660,motor 1 at 100 %,1.0,20.038,0.018,-0.20,-0.02,95.67,-0.31,-0.13,0.06,769,769,769,769,LOITER,1
35.680,motor 1 at 100 %,1.0,20.038,0.018,-0.21,-0.02,95.67,-0.32,-0.12,0.03,769,769,769,769,LOITER,1
35.700,motor 1 at 100 %,1.0,20.038,0.018,-0.21,-0.02,95.67,-0.33,-0.13,0.03,769,769,769,769,LOITER,1
35.720,motor 1 at 100 %,1.0,20.039,0.018,-0.22,-0.02,95.67,-0.32,-0.11,0.08,769,769,769,768,LOITER,1
35.740,motor 1 at 100 %,1.0,20.039,0.018,-0.23,-0.02,95.67,-0.31,-0.09,-0.04,769,769,769,768,LOITER,1
35.760,motor 1 at 100 %,1.0,20.039,0.018,-0.23,-0.03,95.68,-0.22,-0.04,0.05,769,769,769,769,LOITER,1
35.780,motor 1 at 100 %,1.0,20.039,0.018,-0.24,-0.03,95.68,-0.27,-0.08,0.06,769,769,769,769,LOITER,1
35.800,motor 1 at 100 %,1.0,20.039,0.018,-0.24,-0.03,95.68,-0.22,-0.00,0.02,769,769,769,769,LOITER,1
35.820,motor 1 at 100 %,1.0,20.039,0.018,-0.24,-0.03,95.68,-0.18,0.02,0.08,768,769,769,769,LOITER,1
35.840,motor 1 at 100 %,1.0,20.039,0.018,-0.25,-0.03,95.68,-0.13,0.02,0.02,768,769,769,769,LOITER,1
35.860,motor 1 at 100 %,1.0,20.040,0.018,-0.25,-0.03,95.68,0.01,-0.03,0.06,769,768,769,768,LOITER,1
35.880,motor 1 at 100 %,1.0,20.040,0.018,-0.25,-0.03,95.68,0.06,0.02,0.06,769,768,769,768,LOITER,1
35.900,motor 1 at 100 %,1.0,20.040,0.018,-0.24,-0.03,95.68,0.12,0.11,-0.00,769,768,769,768,LOITER,1
35.920,motor 1 at 100 %,1.0,20.040,0.018,-0.24,-0.03,95.68,0.15,-0.00,0.01,769,769,769,769,LOITER,1
35.940,motor 1 at 100 %,1.0,20.040,0.018,-0.24,-0.03,95.68,0.12,0.12,0.05,769,769,769,769,LOITER,1
35.960,motor 1 at 100 %,1.0,20.041,0.018,-0.24,-0.02,95.68,0.25,0.22,-0.02,768,769,768,769,LOITER,1
35.980,motor 1 at 100 %,1.0,20.041,0.018,-0.23,-0.02,95.68,0.31,0.16,0.08,768,769,768,769,LOITER,1
36.000,motor 1 at 100 %,1.0,20.041,0.018,-0.22,-0.02,95.68,0.29,0.23,0.04,768,769,768,769,LOITER,1
36.020,motor 1 at 100 %,1.0,20.041,0.018,-0.22,-0.01,95.68,0.34,0.20,0.03,768,769,768,768,LOITER,1
36.040,motor 1 at 100 %,1.0,20.041,0.018,-0.21,-0.01,95.67,0.43,0.25,0.03,768,769,768,768,LOITER,1
36.060,motor 1 at 100 %,1.0,20.042,0.019,-0.20,-0.00,95.67,0.38,0.33,0.02,768,769,768,769,LOITER,1
36.080,motor 1 at 100 %,1.0,20.042,0.019,-0.20,0.00,95.67,0.30,0.20,0.00,768,769,768,769,LOITER,1
36.100,motor 1 at 100 %,1.0,20.042,0.019,-0.19,0.00,95.67,0.31,0.18,0.04,768,769,768,769,LOITER,1
36.120,motor 1 at 100 %,1.0,20.043,0.019,-0.19,0.01,95.67,0.32,0.36,0.08,769,768,768,768,LOITER,1
36.140,motor 1 at 100 %,1.0,20.043,0.019,-0.18,0.02,95.67,0.34,0.34,0.06,769,768,768,768,LOITER,1
36.160,motor 1 at 100 %,1.0,20.043,0.020,-0.17,0.02,95.67,0.27,0.24,0.01,769,768,768,768,LOITER,1
36.180,motor 1 at 100 %,1.0,20.043,0.020,-0.17,0.03,95.67,0.20,0.23,0.02,769,768,768,768,LOITER,1
36.200,motor 1 at 100 %,1.0,20.043,0.020,-0.16,0.03,95.67,0.19,0.20,0.03,769,768,768,768,LOITER,1
36.220,motor 1 at 100 %,1.0,20.044,0.020,-0.16,0.03,95.67,0.21,0.26,0.01,768,768,768,768,LOITER,1
36.240,motor 1 at 100 %,1.0,20.044,0.020,-0.16,0.04,95.67,0.20,0.22,0.05,768,768,768,768,LOITER,1
36.260,motor 1 at 100 %,1.0,20.045,0.021,-0.15,0.04,95.67,0.25,0.24,0.04,769,768,768,769,LOITER,1
36.280,motor 1 at 100 %,1.0,20.045,0.021,-0.15,0.05,95.67,0.11,0.35,0.10,769,768,768,769,LOITER,1
36.300,motor 1 at 100 %,1.0,20.045,0.021,-0.15,0.05,95.67,0.11,0.25,0.03,769,768,768,769,LOITER,1
36.320,motor 1 at 100 %,1.0,20.045,0.022,-0.14,0.06,95.66,0.08,0.07,0.02,768,769,768,768,LOITER,1
36.340,motor 1 at 100 %,1.0,20.045,0.022,-0.14,0.06,95.66,0.12,0.15,0.06,768,769,768,768,LOITER,1
36.360,motor 1 at 100 %,1.0,20.046,0.022,-0.14,0.06,95.66,0.14,0.20,0.08,768,768,768,768,LOITER,1
36.380,motor 1 at 100 %,1.0,20.046,0.022,-0.14,0.07,95.66,0.11,0.22,0.05,768,768,768,768,LOITER,1
36.400,motor 1 at 100 %,1.0,20.046,0.022,-0.13,0.07,95.66,0.10,0.10,0.04,768,768,768,768,LOITER,1
36.420,motor 1 at 100 %,1.0,20.047,0.023,-0.13,0.07,95.66,0.12,0.18,0.07,769,768,768,768,LOITER,1
36.440,motor 1 at 100 %,1.0,20.047,0.023,-0.13,0.08,95.66,0.07,0.14,0.03,769,768,768,768,LOITER,1
36.460,motor 1 at 100 %,1.0,20.047,0.024,-0.13,0.08,95.66,0.07,0.03,0.06,768,768,768,768,LOITER,1
36.480,motor 1 at 100 %,1.0,20.047,0.024,-0.12,0.08,95.66,0.16,0.04,0.08,768,768,768,768,LOITER,1
36.500,motor 1 at 100 %,1.0,20.047,0.024,-0.12,0.08,95.66,0.08,0.11,0.04,768,768,768,768,LOITER,1
36.520,motor 1 at 100 %,1.0,20.048,0.024,-0.12,0.08,95.66,0.12,0.06,0.06,769,769,768,768,LOITER,1
36.540,motor 1 at 100 %,1.0,20.048,0.024,-0.12,0.08,95.66,0.00,0.02,0.06,769,769,768,768,LOITER,1
36.560,motor 1 at 100 %,1.0,20.048,0.025,-0.12,0.08,95.66,0.00,0.06,0.08,769,769,768,769,LOITER,1
36.580,motor 1 at 100 %,1.0,20.048,0.025,-0.12,0.08,95.66,0.00,0.08,0.07,769,769,768,769,LOITER,1
36.600,motor 1 at 100 %,1.0,20.048,0.025,-0.12,0.09,95.66,-0.06,0.13,0.10,769,769,768,769,LOITER,1
36.620,motor 1 at 100 %,1.0,20.048,0.025,-0.12,0.09,95.66,-0.03,0.03,0.09,769,769,768,769,LOITER,1
36.640,motor 1 at 100 %,1.0,20.048,0.025,-0.12,0.09,95.66,-0.07,-0.01,0.09,769,769,768,769,LOITER,1
36.660,motor 1 at 100 %,1.0,20.048,0.026,-0.12,0.09,95.66,-0.04,0.03,0.09,769,769,768,769,LOITER,1
36.680,motor 1 at 100 %,1.0,20.048,0.026,-0.12,0.09,95.66,-0.03,-0.00,0.08,769,769,768,769,LOITER,1
36.700,motor 1 at 100 %,1.0,20.048,0.026,-0.12,0.09,95.66,-0.06,0.05,0.06,769,769,768,769,LOITER,1
36.720,motor 1 at 100 %,1.0,20.048,0.026,-0.12,0.09,95.66,-0.08,0.02,0.08,769,769,768,769,LOITER,1
36.740,motor 1 at 100 %,1.0,20.048,0.026,-0.12,0.09,95.66,-0.11,0.02,0.05,769,769,768,769,LOITER,1
36.760,motor 1 at 100 %,1.0,20.049,0.026,-0.13,0.09,95.66,-0.06,-0.01,0.09,769,769,769,769,LOITER,1
36.780,motor 1 at 100 %,1.0,20.049,0.026,-0.13,0.09,95.66,-0.08,-0.03,0.08,769,769,769,769,LOITER,1
36.800,motor 1 at 100 %,1.0,20.049,0.026,-0.13,0.09,95.66,0.03,0.01,0.09,769,769,769,769,LOITER,1
36.820,motor 1 at 100 %,1.0,20.049,0.026,-0.13,0.09,95.66,0.04,-0.04,0.05,769,769,769,769,LOITER,1
36.840,motor 1 at 100 %,1.0,20.049,0.026,-0.13,0.09,95.66,0.05,0.06,0.06,769,769,769,769,LOITER,1
36.860,motor 1 at 100 %,1.0,20.049,0.026,-0.13,0.09,95.66,0.03,-0.00,0.08,769,769,769,768,LOITER,1
36.880,motor 1 at 100 %,1.0,20.049,0.026,-0.12,0.09,95.66,0.17,0.05,0.05,769,769,769,768,LOITER,1
36.900,motor 1 at 100 %,1.0,20.049,0.026,-0.12,0.09,95.67,0.23,-0.02,0.11,769,769,769,768,LOITER,1
36.920,motor 1 at 100 %,1.0,20.049,0.026,-0.11,0.09,95.67,0.26,-0.06,0.05,769,769,769,769,LOITER,1
36.940,motor 1 at 100 %,1.0,20.049,0.026,-0.11,0.09,95.67,0.28,-0.03,0.03,769,769,769,769,LOITER,1
36.960,motor 1 at 100 %,1.0,20.049,0.026,-0.10,0.09,95.67,0.33,0.10,0.04,768,769,768,769,LOITER,1
36.980,motor 1 at 100 %,1.0,20.049,0.026,-0.10,0.09,95.68,0.34,0.03,0.06,768,769,768,769,LOITER,1
37.000,motor 1 at 100 %,1.0,20.049,0.026,-0.09,0.09,95.68,0.30,-0.02,0.13,768,769,768,769,LOITER,1
37.020,motor 1 at 100 %,1.0,20.049,0.026,-0.09,0.09,95.68,0.34,0.04,0.10,769,769,769,769,LOITER,1
37.040,motor 1 at 100 %,1.0,20.049,0.026,-0.08,0.09,95.68,0.38,-0.01,0.03,769,769,769,769,LOITER,1
37.060,motor 1 at 100 %,1.0,20.049,0.027,-0.07,0.09,95.69,0.37,-0.04,0.16,769,768,769,769,LOITER,1
37.076,motor 1 at 100 %,1.0,20.049,0.027,-0.07,0.09,95.69,0.38,0.04,0.09,769,768,769,769,LOITER,1
37.100,motor 1 at 100 %,1.0,20.049,0.027,-0.06,0.09,95.69,0.37,-0.01,0.06,769,768,769,769,LOITER,1
37.120,motor 1 at 100 %,1.0,20.049,0.026,-0.05,0.09,95.69,0.34,0.05,0.08,769,768,769,769,LOITER,1
37.140,motor 1 at 100 %,1.0,20.049,0.026,-0.05,0.09,95.70,0.33,0.05,0.10,769,768,769,769,LOITER,1
37.160,motor 1 at 100 %,1.0,20.049,0.026,-0.04,0.09,95.70,0.39,0.04,0.05,769,769,769,769,LOITER,1
37.180,motor 1 at 100 %,1.0,20.049,0.026,-0.03,0.09,95.70,0.41,-0.02,0.04,769,769,769,769,LOITER,1
37.200,motor 1 at 100 %,1.0,20.049,0.026,-0.03,0.09,95.70,0.40,0.02,0.16,769,769,769,769,LOITER,1
37.220,motor 1 at 100 %,1.0,20.049,0.026,-0.02,0.09,95.70,0.40,0.01,0.12,769,768,769,769,LOITER,1
37.240,motor 1 at 100 %,1.0,20.049,0.026,-0.01,0.09,95.71,0.34,0.06,0.05,769,768,769,769,LOITER,1
37.260,motor 1 at 100 %,1.0,20.049,0.026,-0.00,0.09,95.71,0.28,-0.04,0.02,769,769,769,769,LOITER,1
37.280,motor 1 at 100 %,1.0,20.049,0.026,0.00,0.09,95.71,0.31,-0.13,0.06,769,769,769,769,LOITER,1
37.300,motor 1 at 100 %,1.0,20.049,0.026,0.01,0.09,95.71,0.18,-0.06,0.07,769,769,769,769,LOITER,1
37.320,motor 1 at 100 %,1.0,20.049,0.026,0.01,0.09,95.71,0.21,-0.02,0.06,768,769,769,769,LOITER,1
37.340,motor 1 at 100 %,1.0,20.049,0.026,0.01,0.09,95.71,0.15,-0.20,0.05,768,769,769,769,LOITER,1
37.360,motor 1 at 100 %,1.0,20.048,0.026,0.02,0.08,95.71,0.09,-0.11,-0.01,769,769,769,769,LOITER,1
37.380,motor 1 at 100 %,1.0,20.048,0.026,0.02,0.08,95.71,0.13,-0.02,0.06,769,769,769,769,LOITER,1
37.400,motor 1 at 100 %,1.0,20.048,0.026,0.02,0.08,95.71,0.14,-0.12,0.00,769,769,769,769,LOITER,1
37.420,motor 1 at 100 %,1.0,20.048,0.026,0.02,0.08,95.71,0.02,-0.05,0.02,769,768,769,769,LOITER,1
37.440,motor 1 at 100 %,1.0,20.048,0.026,0.03,0.08,95.70,0.07,-0.11,0.01,769,768,769,769,LOITER,1
37.460,motor 1 at 100 %,1.0,20.048,0.026,0.03,0.07,95.70,0.10,-0.12,0.04,769,769,769,770,LOITER,1
37.480,motor 1 at 100 %,1.0,20.048,0.026,0.03,0.07,95.70,0.03,-0.18,0.04,769,769,769,770,LOITER,1
37.500,motor 1 at 100 %,1.0,20.048,0.026,0.03,0.07,95.70,0.07,-0.22,-0.02,769,769,769,770,LOITER,1
37.520,motor 1 at 100 %,1.0,20.047,0.026,0.03,0.07,95.70,0.02,-0.14,-0.01,769,769,769,770,LOITER,1
37.540,motor 1 at 100 %,1.0,20.047,0.026,0.03,0.06,95.69,0.01,-0.19,-0.02,769,769,769,770,LOITER,1
37.560,motor 1 at 100 %,1.0,20.047,0.026,0.03,0.06,95.69,0.03,-0.20,-0.04,769,769,769,769,LOITER,1
37.580,motor 1 at 100 %,1.0,20.047,0.026,0.03,0.05,95.69,0.11,-0.15,0.01,769,769,769,769,LOITER,1
37.600,motor 1 at 100 %,1.0,20.047,0.026,0.04,0.05,95.68,-0.01,-0.22,-0.01,769,769,769,769,LOITER,1
37.620,motor 1 at 100 %,1.0,20.046,0.025,0.04,0.05,95.68,-0.06,-0.20,-0.06,769,769,770,769,LOITER,1
37.640,motor 1 at 100 %,1.0,20.046,0.025,0.03,0.04,95.68,-0.12,-0.19,-0.04,769,769,770,769,LOITER,1
37.660,motor 1 at 100 %,1.0,20.045,0.025,0.03,0.04,95.67,-0.05,-0.19,-0.01,770,769,770,770,LOITER,1
37.680,motor 1 at 100 %,1.0,20.045,0.025,0.03,0.04,95.67,-0.06,-0.08,-0.04,770,769,770,770,LOITER,1
37.700,motor 1 at 100 %,1.0,20.045,0.025,0.03,0.04,95.67,-0.11,-0.14,-0.06,770,769,770,770,LOITER,1
37.720,motor 1 at 100 %,1.0,20.044,0.024,0.03,0.03,95.66,-0.20,-0.16,-0.06,770,770,770,770,LOITER,1
37.740,motor 1 at 100 %,1.0,20.044,0.024,0.03,0.03,95.66,-0.12,-0.23,-0.04,770,770,770,770,LOITER,1
37.760,motor 1 at 100 %,1.0,20.042,0.023,0.02,0.03,95.65,-0.13,-0.17,0.01,770,770,770,770,LOITER,1
37.780,motor 1 at 100 %,1.0,20.042,0.023,0.02,0.02,95.65,-0.07,-0.17,-0.04,770,770,770,770,LOITER,1
37.800,motor 1 at 100 %,1.0,20.042,0.023,0.02,0.02,95.65,-0.09,-0.08,-0.04,770,770,770,770,LOITER,1
37.820,motor 1 at 100 %,1.0,20.041,0.022,0.02,0.02,95.64,-0.08,-0.21,-0.00,770,771,770,770,LOITER,1
37.840,motor 1 at 100 %,1.0,20.041,0.022,0.02,0.01,95.64,-0.11,-0.26,0.03,770,771,770,770,LOITER,1
37.860,motor 1 at 100 %,1.0,20.039,0.021,0.02,0.01,95.64,-0.21,-0.16,-0.00,770,771,770,770,LOITER,1
37.880,motor 1 at 100 %,1.0,20.039,0.021,0.01,0.01,95.63,-0.14,-0.26,-0.00,770,771,770,770,LOITER,1
37.900,motor 1 at 100 %,1.0,20.039,0.021,0.01,0.00,95.63,-0.20,-0.22,-0.01,770,771,770,770,LOITER,1
37.920,motor 1 at 100 %,1.0,20.038,0.019,0.01,-0.00,95.63,-0.18,-0.14,0.09,770,771,770,770,LOITER,1
37.940,motor 1 at 100 %,1.0,20.038,0.019,0.01,-0.01,95.63,-0.09,-0.23,0.02,770,771,770,770,LOITER,1
37.960,motor 1 at 100 %,1.0,20.037,0.018,0.01,-0.01,95.63,-0.19,-0.14,0.07,770,770,770,770,LOITER,1
37.980,motor 1 at 100 %,1.0,20.037,0.018,0.00,-0.01,95.63,-0.21,-0.16,0.05,770,770,770,770,LOITER,1
38.000,motor 1 at 100 %,1.0,20.037,0.018,-0.00,-0.02,95.62,-0.26,-0.16,0.07,770,770,770,770,LOITER,1
38.020,motor 1 at 100 %,1.0,20.037,0.017,-0.01,-0.02,95.62,-0.31,-0.11,0.04,770,770,769,770,LOITER,1
38.040,motor 1 at 100 %,1.0,20.037,0.017,-0.01,-0.02,95.62,-0.36,-0.13,0.05,770,770,769,770,LOITER,1
38.060,motor 1 at 100 %,1.0,20.036,0.015,-0.02,-0.03,95.62,-0.36,-0.20,0.06,770,770,770,769,LOITER,1
38.080,motor 1 at 100 %,1.0,20.036,0.015,-0.03,-0.03,95.63,-0.26,-0.12,0.10,770,770,770,769,LOITER,1
38.100,motor 1 at 100 %,1.0,20.036,0.015,-0.03,-0.03,95.63,-0.16,-0.03,0.04,770,770,770,769,LOITER,1
38.120,motor 1 at 100 %,1.0,20.035,0.014,-0.03,-0.03,95.63,-0.26,-0.20,0.03,770,770,769,770,LOITER,1
38.140,motor 1 at 100 %,1.0,20.035,0.014,-0.04,-0.04,95.63,-0.24,-0.12,0.07,770,770,769,770,LOITER,1
38.160,motor 1 at 100 %,1.0,20.035,0.013,-0.04,-0.04,95.63,-0.20,-0.09,0.10,770,770,770,769,LOITER,1
38.180,motor 1 at 100 %,1.0,20.035,0.013,-0.05,-0.04,95.63,-0.12,-0.02,0.14,770,770,770,769,LOITER,1
38.200,motor 1 at 100 %,1.0,20.035,0.013,-0.05,-0.04,95.63,-0.13,-0.01,0.08,770,770,770,769,LOITER,1
38.220,motor 1 at 100 %,1.0,20.034,0.013,-0.05,-0.04,95.64,-0.10,-0.02,0.15,770,770,769,769,LOITER,1
38.240,motor 1 at 100 %,1.0,20.034,0.013,-0.05,-0.04,95.64,-0.01,-0.01,0.11,770,770,769,769,LOITER,1
38.260,motor 1 at 100 %,1.0,20.033,0.012,-0.05,-0.04,95.64,-0.00,0.06,0.16,770,770,769,770,LOITER,1
38.280,motor 1 at 100 %,1.0,20.033,0.012,-0.05,-0.04,95.65,-0.12,0.03,0.13,770,770,769,770,LOITER,1
38.300,motor 1 at 100 %,1.0,20.033,0.012,-0.06,-0.04,95.65,-0.03,-0.02,0.10,770,770,769,770,LOITER,1
38.320,motor 1 at 100 %,1.0,20.033,0.011,-0.06,-0.04,95.65,0.02,-0.01,0.10,770,770,770,769,LOITER,1
38.340,motor 1 at 100 %,1.0,20.033,0.011,-0.06,-0.04,95.66,-0.02,-0.02,0.08,770,770,770,769,LOITER,1
38.360,motor 1 at 100 %,1.0,20.032,0.011,-0.06,-0.04,95.66,-0.02,0.05,0.16,770,770,770,770,LOITER,1
38.380,motor 1 at 100 %,1.0,20.032,0.011,-0.06,-0.04,95.66,0.05,0.03,0.13,770,770,770,770,LOITER,1
38.400,motor 1 at 100 %,1.0,20.032,0.011,-0.06,-0.04,95.66,0.01,0.04,0.11,770,770,770,770,LOITER,1
38.420,motor 1 at 100 %,1.0,20.031,0.010,-0.06,-0.04,95.67,0.01,-0.01,0.10,770,770,770,770,LOITER,1
38.440,motor 1 at 100 %,1.0,20.031,0.010,-0.06,-0.03,95.67,-0.05,0.10,0.11,770,770,770,770,LOITER,1
38.460,motor 1 at 100 %,1.0,20.030,0.009,-0.06,-0.03,95.67,0.05,0.03,0.12,770,770,770,770,LOITER,1
38.480,motor 1 at 100 %,1.0,20.030,0.009,-0.06,-0.03,95.68,0.09,0.01,0.11,770,770,770,770,LOITER,1
38.500,motor 1 at 100 %,1.0,20.030,0.009,-0.06,-0.03,95.68,0.13,-0.04,0.10,770,770,770,770,LOITER,1
38.520,motor 1 at 100 %,1.0,20.029,0.008,-0.05,-0.03,95.68,0.15,-0.03,0.10,770,770,770,770,LOITER,1
38.540,motor 1 at 100 %,1.0,20.029,0.008,-0.05,-0.03,95.68,0.14,-0.01,0.07,770,770,770,770,LOITER,1
38.560,motor 1 at 100 %,1.0,20.029,0.007,-0.05,-0.03,95.69,0.12,0.02,0.15,769,770,770,770,LOITER,1
38.580,motor 1 at 100 %,1.0,20.029,0.007,-0.04,-0.04,95.69,0.20,-0.10,0.09,769,770,770,770,LOITER,1
38.600,motor 1 at 100 %,1.0,20.029,0.007,-0.04,-0.04,95.69,0.20,-0.04,0.09,769,770,770,770,LOITER,1
38.620,motor 1 at 100 %,1.0,20.028,0.007,-0.04,-0.04,95.70,0.22,0.01,0.07,770,769,770,770,LOITER,1
38.640,motor 1 at 100 %,1.0,20.028,0.007,-0.03,-0.04,95.70,0.27,0.06,0.11,770,769,770,770,LOITER,1
38.660,motor 1 at 100 %,1.0,20.028,0.006,-0.03,-0.03,95.70,0.20,0.10,0.10,769,769,770,770,LOITER,1
38.680,motor 1 at 100 %,1.0,20.028,0.006,-0.02,-0.03,95.71,0.25,0.15,0.05,769,769,770,770,LOITER,1
38.700,motor 1 at 100 %,1.0,20.028,0.006,-0.02,-0.03,95.71,0.37,0.15,0.09,769,769,770,770,LOITER,1
38.720,motor 1 at 100 %,1.0,20.028,0.005,-0.01,-0.03,95.71,0.26,0.28,0.08,770,769,770,770,LOITER,1
38.740,motor 1 at 100 %,1.0,20.028,0.005,-0.01,-0.02,95.72,0.32,0.27,0.05,770,769,770,770,LOITER,1
38.760,motor 1 at 100 %,1.0,20.028,0.004,0.00,-0.02,95.72,0.31,0.32,0.02,769,769,770,770,LOITER,1
38.780,motor 1 at 100 %,1.0,20.028,0.004,0.01,-0.01,95.72,0.32,0.32,0.06,769,769,770,770,LOITER,1
38.800,motor 1 at 100 %,1.0,20.028,0.004,0.01,-0.00,95.73,0.33,0.34,0.03,769,769,770,770,LOITER,1
38.820,motor 1 at 100 %,1.0,20.028,0.004,0.02,0.00,95.73,0.32,0.34,0.02,769,769,769,770,LOITER,1
38.840,motor 1 at 100 %,1.0,20.028,0.004,0.02,0.01,95.73,0.21,0.26,0.00,769,769,769,770,LOITER,1
38.860,motor 1 at 100 %,1.0,20.029,0.004,0.03,0.01,95.73,0.30,0.29,0.07,769,769,769,770,LOITER,1
38.880,motor 1 at 100 %,1.0,20.029,0.004,0.04,0.02,95.74,0.24,0.36,-0.03,769,769,769,770,LOITER,1
38.900,motor 1 at 100 %,1.0,20.029,0.004,0.04,0.02,95.74,0.23,0.33,0.04,769,769,769,770,LOITER,1
38.920,motor 1 at 100 %,1.0,20.029,0.004,0.04,0.03,95.74,0.19,0.36,-0.01,769,769,770,769,LOITER,1
38.940,motor 1 at 100 %,1.0,20.029,0.004,0.05,0.04,95.74,0.28,0.34,0.04,769,769,770,769,LOITER,1
38.960,motor 1 at 100 %,1.0,20.029,0.003,0.05,0.04,95.74,0.24,0.35,-0.09,769,768,769,769,LOITER,1
38.980,motor 1 at 100 %,1.0,20.029,0.003,0.06,0.05,95.74,0.17,0.38,-0.02,769,768,769,769,LOITER,1
39.000,motor 1 at 100 %,1.0,20.029,0.003,0.06,0.06,95.75,0.15,0.38,-0.03,769,768,769,769,LOITER,1
39.020,motor 1 at 100 %,1.0,20.029,0.004,0.06,0.06,95.75,0.07,0.25,-0.04,769,768,770,769,LOITER,1
39.040,motor 1 at 100 %,1.0,20.029,0.004,0.06,0.07,95.75,0.13,0.27,-0.11,769,768,770,769,LOITER,1
39.060,motor 1 at 100 %,1.0,20.028,0.004,0.07,0.07,95.74,0.15,0.39,-0.08,768,769,769,770,LOITER,1
39.080,motor 1 at 100 %,1.0,20.028,0.004,0.07,0.08,95.74,0.23,0.29,-0.07,768,769,769,770,LOITER,1
39.100,motor 1 at 100 %,1.0,20.028,0.004,0.07,0.09,95.74,0.20,0.23,-0.07,768,769,769,770,LOITER,1
39.120,motor 1 at 100 %,1.0,20.028,0.004,0.08,0.09,95.74,0.24,0.30,-0.09,769,769,770,769,LOITER,1
39.140,motor 1 at 100 %,1.0,20.028,0.004,0.08,0.10,95.74,0.27,0.32,-0.09,769,769,770,769,LOITER,1
39.160,motor 1 at 100 %,1.0,20.028,0.004,0.08,0.10,95.74,0.12,0.17,-0.13,769,769,770,769,LOITER,1
39.180,motor 1 at 100 %,1.0,20.028,0.004,0.09,0.11,95.74,0.17,0.22,-0.10,769,769,770,769,LOITER,1
39.200,motor 1 at 100 %,1.0,20.028,0.004,0.09,0.11,95.73,0.23,0.33,-0.06,769,769,770,769,LOITER,1
39.220,motor 1 at 100 %,1.0,20.028,0.004,0.09,0.12,95.73,0.22,0.29,-0.08,769,769,769,770,LOITER,1
39.240,motor 1 at 100 %,1.0,20.028,0.004,0.10,0.12,95.73,0.14,0.24,-0.17,769,769,769,770,LOITER,1
39.260,motor 1 at 100 %,1.0,20.027,0.004,0.10,0.13,95.73,0.22,0.27,-0.17,769,770,769,770,LOITER,1
39.280,motor 1 at 100 %,1.0,20.027,0.004,0.10,0.13,95.72,0.24,0.15,-0.20,769,770,769,770,LOITER,1
39.300,motor 1 at 100 %,1.0,20.027,0.004,0.11,0.13,95.72,0.33,0.23,-0.08,769,770,769,770,LOITER,1
39.320,motor 1 at 100 %,1.0,20.027,0.004,0.11,0.14,95.72,0.27,0.29,-0.15,769,770,769,770,LOITER,1
39.340,motor 1 at 100 %,1.0,20.027,0.004,0.12,0.14,95.72,0.24,0.17,-0.13,769,770,769,770,LOITER,1
39.360,motor 1 at 100 %,1.0,20.026,0.003,0.12,0.15,95.71,0.18,0.22,-0.11,769,770,770,770,LOITER,1
39.380,motor 1 at 100 %,1.0,20.026,0.003,0.12,0.15,95.71,0.16,0.06,-0.14,769,770,770,770,LOITER,1
39.400,motor 1 at 100 %,1.0,20.026,0.003,0.13,0.15,95.71,0.16,0.18,-0.15,769,770,770,770,LOITER,1
39.420,motor 1 at 100 %,1.0,20.025,0.003,0.13,0.16,95.71,0.09,0.20,-0.11,770,770,770,770,LOITER,1
39.440,motor 1 at 100 %,1.0,20.025,0.003,0.13,0.16,95.71,0.11,0.12,-0.14,770,770,770,770,LOITER,1
39.460,motor 1 at 100 %,1.0,20.025,0.002,0.13,0.16,95.70,0.08,0.11,-0.10,770,770,770,770,LOITER,1
39.480,motor 1 at 100 %,1.0,20.025,0.002,0.14,0.16,95.70,0.10,0.19,-0.16,770,770,770,770,LOITER,1
39.500,motor 1 at 100 %,1.0,20.025,0.002,0.14,0.17,95.70,-0.03,0.07,-0.14,770,770,770,770,LOITER,1
39.520,motor 1 at 100 %,1.0,20.024,0.002,0.14,0.17,95.70,0.02,0.02,-0.07,770,770,770,770,LOITER,1
39.540,motor 1 at 100 %,1.0,20.024,0.002,0.14,0.17,95.70,-0.01,0.04,-0.09,770,770,770,770,LOITER,1
39.560,motor 1 at 100 %,1.0,20.023,0.001,0.14,0.17,95.69,0.02,0.04,-0.18,770,770,770,770,LOITER,1
39.580,motor 1 at 100 %,1.0,20.023,0.001,0.14,0.17,95.69,0.02,0.04,-0.08,770,770,770,770,LOITER,1
39.600,motor 1 at 100 %,1.0,20.023,0.001,0.14,0.17,95.69,-0.08,-0.03,-0.13,770,770,770,770,LOITER,1
39.620,motor 1 at 100 %,1.0,20.022,0.000,0.13,0.17,95.69,-0.07,-0.11,-0.11,770,770,770,770,LOITER,1
39.640,motor 1 at 100 %,1.0,20.022,0.000,0.13,0.17,95.68,-0.05,-0.10,-0.09,770,770,770,770,LOITER,1
39.660,motor 1 at 100 %,1.0,20.022,-0.001,0.13,0.17,95.68,-0.17,-0.09,-0.15,770,770,769,770,LOITER,1
39.680,motor 1 at 100 %,1.0,20.022,-0.001,0.13,0.16,95.68,-0.19,-0.13,-0.13,770,770,769,770,LOITER,1
39.700,motor 1 at 100 %,1.0,20.022,-0.001,0.12,0.16,95.68,-0.11,-0.08,-0.13,770,770,769,770,LOITER,1
39.720,motor 1 at 100 %,1.0,20.022,-0.001,0.12,0.16,95.68,-0.07,-0.10,-0.12,770,770,769,770,LOITER,1
39.740,motor 1 at 100 %,1.0,20.022,-0.001,0.12,0.16,95.67,-0.22,-0.16,-0.12,770,770,769,770,LOITER,1
39.760,motor 1 at 100 %,1.0,20.021,-0.002,0.11,0.16,95.67,-0.20,-0.24,-0.12,770,770,769,769,LOITER,1
39.780,motor 1 at 100 %,1.0,20.021,-0.002,0.11,0.15,95.67,-0.12,-0.31,-0.09,770,770,769,769,LOITER,1
39.800,motor 1 at 100 %,1.0,20.021,-0.002,0.11,0.15,95.67,-0.09,-0.28,-0.08,770,770,769,769,LOITER,1
39.820,motor 1 at 100 %,1.0,20.021,-0.002,0.11,0.14,95.67,-0.07,-0.29,-0.05,770,770,769,769,LOITER,1
39.840,motor 1 at 100 %,1.0,20.021,-0.002,0.11,0.13,95.67,-0.05,-0.40,-0.06,770,770,769,769,LOITER,1
39.860,motor 1 at 100 %,1.0,20.021,-0.003,0.10,0.13,95.67,-0.03,-0.39,-0.02,770,770,769,769,LOITER,1
39.880,motor 1 at 100 %,1.0,20.021,-0.003,0.10,0.12,95.67,-0.06,-0.44,-0.01,770,770,769,769,LOITER,1
39.900,motor 1 at 100 %,1.0,20.021,-0.003,0.10,0.11,95.67,-0.02,-0.45,-0.00,770,770,769,769,LOITER,1
39.920,motor 1 at 100 %,1.0,20.021,-0.003,0.10,0.10,95.67,-0.02,-0.48,-0.04,770,770,769,769,LOITER,1
39.940,motor 1 at 100 %,1.0,20.021,-0.003,0.10,0.10,95.67,-0.04,-0.49,0.05,770,770,769,769,LOITER,1
39.960,motor 1 at 100 %,1.0,20.020,-0.003,0.10,0.09,95.67,0.03,-0.43,-0.01,770,770,769,770,LOITER,1
39.980,motor 1 at 100 %,1.0,20.020,-0.003,0.10,0.08,95.67,-0.07,-0.51,0.04,770,770,769,770,LOITER,1
40.000,motor 1 at 100 %,1.0,20.020,-0.003,0.10,0.07,95.67,-0.05,-0.53,0.03,770,770,769,770,LOITER,1
40.020,motor 1 at 100 %,1.0,20.020,-0.004,0.10,0.06,95.68,-0.06,-0.49,0.04,770,769,769,769,LOITER,1
40.040,motor 1 at 100 %,1.0,20.020,-0.004,0.10,0.05,95.68,-0.03,-0.51,0.03,770,769,769,769,LOITER,1
40.060,motor 1 at 100 %,1.0,20.020,-0.004,0.09,0.04,95.68,-0.05,-0.44,0.03,770,770,769,770,LOITER,1
40.080,motor 1 at 100 %,1.0,20.020,-0.004,0.09,0.03,95.68,-0.12,-0.44,0.05,770,770,769,770,LOITER,1
40.100,motor 1 at 100 %,1.0,20.020,-0.004,0.09,0.02,95.68,-0.17,-0.43,0.11,770,770,769,770,LOITER,1
40.120,motor 1 at 100 %,1.0,20.020,-0.004,0.09,0.02,95.68,-0.15,-0.47,0.03,770,769,769,770,LOITER,1
40.140,motor 1 at 100 %,1.0,20.020,-0.004,0.08,0.01,95.68,-0.12,-0.30,0.03,770,769,769,770,LOITER,1
40.160,motor 1 at 100 %,1.0,20.020,-0.005,0.08,0.00,95.68,-0.16,-0.39,0.04,770,769,770,769,LOITER,1
40.180,motor 1 at 100 %,1.0,20.020,-0.005,0.08,-0.01,95.68,-0.29,-0.38,0.02,770,769,770,769,LOITER,1
40.200,motor 1 at 100 %,1.0,20.020,-0.005,0.07,-0.01,95.68,-0.28,-0.36,0.04,770,769,770,769,LOITER,1
40.220,motor 1 at 100 %,1.0,20.019,-0.005,0.07,-0.02,95.68,-0.34,-0.14,0.03,769,769,769,770,LOITER,1
40.240,motor 1 at 100 %,1.0,20.019,-0.005,0.06,-0.02,95.68,-0.36,-0.26,0.02,769,769,769,770,LOITER,1
40.260,motor 1 at 100 %,1.0,20.019,-0.005,0.05,-0.03,95.68,-0.39,-0.27,-0.01,769,769,770,769,LOITER,1
40.280,motor 1 at 100 %,1.0,20.019,-0.005,0.05,-0.03,95.68,-0.38,-0.17,0.09,769,769,770,769,LOITER,1
40.300,motor 1 at 100 %,1.0,20.019,-0.005,0.04,-0.04,95.68,-0.40,-0.16,0.02,769,769,770,769,LOITER,1
40.320,motor 1 at 100 %,1.0,20.019,-0.006,0.03,-0.04,95.68,-0.40,-0.17,0.06,769,769,769,769,LOITER,1
40.340,motor 1 at 100 %,1.0,20.019,-0.006,0.02,-0.04,95.68,-0.43,-0.16,0.02,769,769,769,769,LOITER,1
40.360,motor 1 at 100 %,1.0,20.019,-0.006,0.02,-0.05,95.68,-0.37,-0.10,0.02,769,769,769,770,LOITER,1
40.380,motor 1 at 100 %,1.0,20.019,-0.006,0.01,-0.05,95.68,-0.42,-0.08,0.03,769,769,769,770,LOITER,1
40.400,motor 1 at 100 %,1.0,20.019,-0.006,-0.00,-0.05,95.68,-0.39,-0.18,0.03,769,769,769,770,LOITER,1
40.420,motor 1 at 100 %,1.0,20.019,-0.006,-0.01,-0.06,95.68,-0.41,-0.16,0.01,770,769,770,769,LOITER,1
40.440,motor 1 at 100 %,1.0,20.019,-0.006,-0.02,-0.06,95.68,-0.43,-0.03,-0.00,770,769,770,769,LOITER,1
40.460,motor 1 at 100 %,1.0,20.019,-0.006,-0.03,-0.06,95.68,-0.41,-0.06,0.01,769,769,769,769,LOITER,1
40.480,motor 1 at 100 %,1.0,20.019,-0.006,-0.03,-0.06,95.68,-0.39,-0.09,0.00,769,769,769,769,LOITER,1
40.500,motor 1 at 100 %,1.0,20.019,-0.006,-0.04,-0.06,95.68,-0.43,-0.08,0.05,769,769,769,769,LOITER,1
40.520,motor 1 at 100 %,1.0,20.020,-0.006,-0.05,-0.06,95.68,-0.35,-0.08,0.01,769,769,770,769,LOITER,1
40.540,motor 1 at 100 %,1.0,20.020,-0.006,-0.06,-0.07,95.68,-0.42,-0.10,0.01,769,769,770,769,LOITER,1
40.560,motor 1 at 100 %,1.0,20.020,-0.006,-0.07,-0.07,95.69,-0.40,-0.13,0.01,769,769,769,769,LOITER,1
40.580,motor 1 at 100 %,1.0,20.020,-0.006,-0.07,-0.07,95.69,-0.41,-0.08,0.07,769,769,769,769,LOITER,1
40.600,motor 1 at 100 %,1.0,20.020,-0.006,-0.08,-0.07,95.69,-0.42,-0.08,0.01,769,769,769,769,LOITER,1
40.620,motor 1 at 100 %,1.0,20.021,-0.006,-0.09,-0.07,95.69,-0.33,-0.08,-0.04,769,769,769,768,LOITER,1
40.640,motor 1 at 100 %,1.0,20.021,-0.006,-0.10,-0.07,95.69,-0.29,0.03,0.03,769,769,769,768,LOITER,1
40.660,motor 1 at 100 %,1.0,20.021,-0.006,-0.10,-0.07,95.69,-0.26,-0.03,0.03,769,769,769,768,LOITER,1
40.680,motor 1 at 100 %,1.0,20.021,-0.006,-0.11,-0.07,95.69,-0.21,0.13,0.01,769,769,769,768,LOITER,1
40.700,motor 1 at 100 %,1.0,20.021,-0.006,-0.11,-0.07,95.69,-0.20,0.11,0.04,769,769,769,768,LOITER,1
40.720,motor 1 at 100 %,1.0,20.022,-0.005,-0.12,-0.07,95.69,-0.18,0.06,0.04,768,769,769,769,LOITER,1
40.740,motor 1 at 100 %,1.0,20.022,-0.005,-0.12,-0.07,95.70,-0.05,0.08,0.01,768,769,769,769,LOITER,1
40.760,motor 1 at 100 %,1.0,20.022,-0.005,-0.12,-0.07,95.70,-0.04,0.09,0.03,768,769,769,769,LOITER,1
40.780,motor 1 at 100 %,1.0,20.022,-0.005,-0.12,-0.06,95.70,-0.01,0.12,0.03,768,769,769,769,LOITER,1
40.800,motor 1 at 100 %,1.0,20.022,-0.005,-0.12,-0.06,95.70,0.06,0.11,0.01,768,769,769,769,LOITER,1
40.820,motor 1 at 100 %,1.0,20.022,-0.005,-0.12,-0.06,95.70,0.09,0.02,-0.02,769,769,769,769,LOITER,1
40.840,motor 1 at 100 %,1.0,20.022,-0.005,-0.12,-0.06,95.70,0.11,0.13,0.07,769,769,769,769,LOITER,1
40.860,motor 1 at 100 %,1.0,20.022,-0.004,-0.12,-0.06,95.70,0.21,0.10,0.02,769,769,769,769,LOITER,1
40.880,motor 1 at 100 %,1.0,20.022,-0.004,-0.11,-0.05,95.70,0.26,0.17,0.02,769,769,769,769,LOITER,1
40.900,motor 1 at 100 %,1.0,20.022,-0.004,-0.11,-0.05,95.70,0.29,0.15,-0.06,769,769,769,769,LOITER,1
40.920,motor 1 at 100 %,1.0,20.022,-0.004,-0.10,-0.05,95.70,0.26,0.04,0.00,769,769,769,769,LOITER,1
40.940,motor 1 at 100 %,1.0,20.022,-0.004,-0.10,-0.05,95.70,0.30,0.21,0.05,769,769,769,769,LOITER,1
40.960,motor 1 at 100 %,1.0,20.022,-0.004,-0.09,-0.04,95.70,0.40,0.26,-0.00,769,769,769,769,LOITER,1
40.980,motor 1 at 100 %,1.0,20.022,-0.004,-0.08,-0.04,95.70,0.47,0.27,0.01,769,769,769,769,LOITER,1
41.000,motor 1 at 100 %,1.0,20.022,-0.004,-0.08,-0.03,95.70,0.42,0.35,-0.00,769,769,769,769,LOITER,1
41.020,motor 1 at 100 %,1.0,20.022,-0.004,-0.07,-0.02,95.70,0.39,0.21,-0.01,769,769,769,770,LOITER,1
41.040,motor 1 at 100 %,1.0,20.022,-0.004,-0.06,-0.02,95.70,0.41,0.16,-0.04,769,769,769,770,LOITER,1
41.060,motor 1 at 100 %,1.0,20.021,-0.004,-0.05,-0.02,95.70,0.48,0.11,0.02,769,769,769,769,LOITER,1
41.080,motor 1 at 100 %,1.0,20.021,-0.004,-0.04,-0.02,95.70,0.41,0.10,0.01,769,769,769,769,LOITER,1
41.100,motor 1 at 100 %,1.0,20.021,-0.004,-0.04,-0.01,95.70,0.46,0.14,0.02,769,769,769,769,LOITER,1
41.120,motor 1 at 100 %,1.0,20.021,-0.004,-0.03,-0.01,95.70,0.43,0.08,-0.00,769,769,769,769,LOITER,1
41.140,motor 1 at 100 %,1.0,20.021,-0.004,-0.02,-0.01,95.70,0.41,0.01,-0.04,769,769,769,769,LOITER,1
41.160,motor 1 at 100 %,1.0,20.021,-0.003,-0.01,-0.01,95.70,0.43,0.07,-0.01,769,769,769,770,LOITER,1
41.180,motor 1 at 100 %,1.0,20.021,-0.003,-0.01,-0.01,95.69,0.42,0.03,-0.04,769,769,769,770,LOITER,1
41.200,motor 1 at 100 %,1.0,20.021,-0.003,0.00,-0.01,95.69,0.31,0.07,-0.09,769,769,769,770,LOITER,1
41.220,motor 1 at 100 %,1.0,20.021,-0.004,0.01,-0.00,95.69,0.29,0.02,-0.04,769,769,769,769,LOITER,1
41.240,motor 1 at 100 %,1.0,20.021,-0.004,0.01,-0.00,95.69,0.35,0.08,-0.04,769,769,769,769,LOITER,1
41.260,motor 1 at 100 %,1.0,20.021,-0.004,0.02,-0.00,95.69,0.33,0.12,-0.05,769,769,769,769,LOITER,1
41.280,motor 1 at 100 %,1.0,20.021,-0.004,0.02,-0.00,95.68,0.24,0.00,-0.09,769,769,769,769,LOITER,1
41.300,motor 1 at 100 %,1.0,20.021,-0.004,0.03,0.00,95.68,0.33,0.16,0.03,769,769,769,769,LOITER,1
41.320,motor 1 at 100 %,1.0,20.022,-0.004,0.04,0.00,95.68,0.40,0.08,-0.03,769,770,769,769,LOITER,1
41.340,motor 1 at 100 %,1.0,20.022,-0.004,0.05,0.01,95.68,0.38,0.05,-0.04,769,770,769,769,LOITER,1
41.360,motor 1 at 100 %,1.0,20.022,-0.004,0.05,0.00,95.68,0.33,-0.03,-0.00,769,769,769,769,LOITER,1
41.380,motor 1 at 100 %,1.0,20.022,-0.004,0.06,0.00,95.68,0.32,-0.04,-0.03,769,769,769,769,LOITER,1
41.400,motor 1 at 100 %,1.0,20.022,-0.004,0.06,0.00,95.68,0.35,-0.08,-0.01,769,769,769,769,LOITER,1
41.420,motor 1 at 100 %,1.0,20.023,-0.004,0.07,0.00,95.68,0.36,-0.08,-0.07,769,769,769,769,LOITER,1
41.440,motor 1 at 100 %,1.0,20.023,-0.004,0.08,0.00,95.67,0.24,-0.03,-0.05,769,769,769,769,LOITER,1
41.460,motor 1 at 100 %,1.0,20.023,-0.004,0.08,0.00,95.67,0.23,-0.05,-0.01,769,768,769,769,LOITER,1
41.480,motor 1 at 100 %,1.0,20.023,-0.004,0.09,0.00,95.67,0.23,-0.09,-0.02,769,768,769,769,LOITER,1
41.500,motor 1 at 100 %,1.0,20.023,-0.004,0.09,0.00,95.67,0.12,0.01,-0.02,769,768,769,769,LOITER,1
41.520,motor 1 at 100 %,1.0,20.024,-0.003,0.09,0.00,95.67,0.03,-0.07,-0.08,769,769,768,769,LOITER,1
41.540,motor 1 at 100 %,1.0,20.024,-0.003,0.09,-0.00,95.67,-0.01,-0.00,-0.05,769,769,768,769,LOITER,1
41.560,motor 1 at 100 %,1.0,20.024,-0.003,0.09,-0.00,95.68,-0.03,0.06,0.02,769,769,768,769,LOITER,1
41.580,motor 1 at 100 %,1.0,20.024,-0.003,0.09,0.00,95.68,-0.13,0.00,-0.03,769,769,768,769,LOITER,1
41.600,motor 1 at 100 %,1.0,20.024,-0.003,0.09,0.00,95.68,-0.10,0.04,-0.01,769,769,768,769,LOITER,1
41.620,motor 1 at 100 %,1.0,20.025,-0.003,0.09,0.00,95.68,-0.16,0.06,0.01,769,768,768,769,LOITER,1
41.640,motor 1 at 100 %,1.0,20.025,-0.003,0.08,0.00,95.68,-0.27,0.03,-0.03,769,768,768,769,LOITER,1
41.660,motor 1 at 100 %,1.0,20.025,-0.002,0.08,0.00,95.68,-0.28,0.02,0.01,769,769,768,768,LOITER,1
41.680,motor 1 at 100 %,1.0,20.025,-0.002,0.07,0.00,95.68,-0.24,0.07,-0.02,769,769,768,768,LOITER,1
41.700,motor 1 at 100 %,1.0,20.025,-0.002,0.07,0.01,95.69,-0.32,0.08,-0.03,769,769,768,768,LOITER,1
41.720,motor 1 at 100 %,1.0,20.025,-0.001,0.06,0.01,95.69,-0.33,-0.00,-0.03,769,769,768,769,LOITER,1
41.740,motor 1 at 100 %,1.0,20.025,-0.001,0.06,0.01,95.69,-0.38,0.06,0.05,769,769,768,769,LOITER,1
41.760,motor 1 at 100 %,1.0,20.026,-0.001,0.05,0.01,95.69,-0.38,-0.02,0.02,769,769,769,769,LOITER,1
41.780,motor 1 at 100 %,1.0,20.026,-0.001,0.04,0.01,95.69,-0.43,0.03,-0.03,769,769,769,769,LOITER,1
41.800,motor 1 at 100 %,1.0,20.026,-0.001,0.03,0.01,95.69,-0.45,0.04,0.03,769,769,769,769,LOITER,1
41.820,motor 1 at 100 %,1.0,20.026,-0.001,0.02,0.01,95.70,-0.45,0.06,-0.01,769,769,769,769,LOITER,1
41.840,motor 1 at 100 %,1.0,20.026,-0.001,0.02,0.01,95.70,-0.46,0.04,-0.02,769,769,769,769,LOITER,1
41.860,motor 1 at 100 %,1.0,20.026,-0.000,0.01,0.01,95.70,-0.52,-0.04,-0.03,769,769,769,769,LOITER,1
41.880,motor 1 at 100 %,1.0,20.026,-0.000,-0.00,0.01,95.70,-0.46,0.06,-0.00,769,769,769,769,LOITER,1
41.900,motor 1 at 100 %,1.0,20.026,-0.000,-0.01,0.01,95.70,-0.52,0.06,0.02,769,769,769,769,LOITER,1
41.920,motor 1 at 100 %,1.0,20.026,-0.000,-0.02,0.01,95.70,-0.52,0.01,0.07,768,769,769,769,LOITER,1
41.940,motor 1 at 100 %,1.0,20.026,-0.000,-0.03,0.01,95.70,-0.51,0.00,0.01,768,769,769,769,LOITER,1
41.960,motor 1 at 100 %,1.0,20.026,0.000,-0.04,0.01,95.70,-0.53,-0.03,0.03,769,769,769,769,LOITER,1
41.980,motor 1 at 100 %,1.0,20.026,0.000,-0.05,0.01,95.71,-0.48,-0.06,0.02,769,769,769,769,LOITER,1
42.000,motor 1 at 100 %,1.0,20.026,0.000,-0.06,0.01,95.71,-0.53,-0.06,0.06,769,769,769,769,LOITER,1
42.020,motor 1 at 100 %,1.0,20.026,0.000,-0.07,0.01,95.71,-0.54,0.01,0.02,769,769,769,769,LOITER,1
42.040,motor 1 at 100 %,1.0,20.026,0.000,-0.08,0.01,95.71,-0.41,-0.05,0.01,769,769,769,769,LOITER,1
42.060,motor 1 at 100 %,1.0,20.026,0.001,-0.09,0.01,95.71,-0.41,-0.03,0.03,769,769,769,769,LOITER,1
42.080,motor 1 at 100 %,1.0,20.026,0.001,-0.10,0.01,95.71,-0.35,0.05,-0.05,769,769,769,769,LOITER,1
42.100,motor 1 at 100 %,1.0,20.026,0.001,-0.11,0.01,95.71,-0.39,-0.04,-0.03,769,769,769,769,LOITER,1
42.120,motor 1 at 100 %,1.0,20.026,0.001,-0.11,0.01,95.71,-0.28,0.08,-0.01,769,769,769,769,LOITER,1
42.140,motor 1 at 100 %,1.0,20.026,0.001,-0.12,0.01,95.71,-0.27,0.10,0.02,769,769,769,769,LOITER,1
42.160,motor 1 at 100 %,1.0,20.027,0.001,-0.12,0.02,95.72,-0.23,0.12,-0.07,769,769,769,769,LOITER,1
42.180,motor 1 at 100 %,1.0,20.027,0.001,-0.13,0.02,95.72,-0.23,0.17,-0.04,769,769,769,769,LOITER,1
42.200,motor 1 at 100 %,1.0,20.027,0.001,-0.13,0.02,95.72,-0.25,0.09,0.01,769,769,769,769,LOITER,1
42.220,motor 1 at 100 %,1.0,20.027,0.001,-0.13,0.02,95.72,-0.24,0.11,-0.01,769,769,769,769,LOITER,1
42.240,motor 1 at 100 %,1.0,20.027,0.001,-0.14,0.03,95.72,-0.20,0.05,0.01,769,769,769,769,LOITER,1
42.260,motor 1 at 100 %,1.0,20.027,0.002,-0.14,0.03,95.72,-0.28,0.07,-0.01,768,769,769,769,LOITER,1
42.280,motor 1 at 100 %,1.0,20.027,0.002,-0.15,0.03,95.72,-0.25,0.04,-0.04,768,769,769,769,LOITER,1
42.300,motor 1 at 100 %,1.0,20.027,0.002,-0.15,0.03,95.72,-0.25,0.07,-0.01,768,769,769,769,LOITER,1
42.320,motor 1 at 100 %,1.0,20.027,0.002,-0.16,0.03,95.72,-0.30,-0.04,-0.00,769,769,769,769,LOITER,1
42.340,motor 1 at 100 %,1.0,20.027,0.002,-0.16,0.03,95.72,-0.21,0.04,-0.05,769,769,769,769,LOITER,1
42.360,motor 1 at 100 %,1.0,20.027,0.002,-0.16,0.03,95.72,-0.28,0.05,0.03,769,769,770,770,LOITER,1
42.380,motor 1 at 100 %,1.0,20.027,0.002,-0.17,0.03,95.72,-0.26,0.04,-0.06,769,769,770,770,LOITER,1
42.400,motor 1 at 100 %,1.0,20.027,0.002,-0.17,0.03,95.72,-0.37,-0.02,-0.03,769,769,770,770,LOITER,1
42.420,motor 1 at 100 %,1.0,20.027,0.002,-0.18,0.03,95.72,-0.28,0.08,-0.04,769,769,770,769,LOITER,1
42.440,motor 1 at 100 %,1.0,20.027,0.002,-0.18,0.03,95.72,-0.29,0.00,-0.13,769,769,770,769,LOITER,1
42.460,motor 1 at 100 %,1.0,20.026,0.002,-0.19,0.03,95.72,-0.30,-0.04,-0.08,769,769,770,769,LOITER,1
42.480,motor 1 at 100 %,1.0,20.026,0.002,-0.20,0.03,95.72,-0.23,0.06,-0.07,769,769,770,769,LOITER,1
42.500,motor 1 at 100 %,1.0,20.026,0.002,-0.20,0.03,95.72,-0.23,0.06,-0.08,769,769,770,769,LOITER,1
42.520,motor 1 at 100 %,1.0,20.026,0.002,-0.20,0.03,95.72,-0.28,0.01,-0.10,769,769,770,769,LOITER,1
42.540,motor 1 at 100 %,1.0,20.026,0.002,-0.21,0.04,95.71,-0.26,0.05,-0.11,769,769,770,769,LOITER,1
42.560,motor 1 at 100 %,1.0,20.026,0.002,-0.21,0.04,95.71,-0.19,0.09,-0.16,769,769,769,770,LOITER,1
42.580,motor 1 at 100 %,1.0,20.026,0.002,-0.22,0.04,95.71,-0.22,-0.03,-0.08,769,769,769,770,LOITER,1
42.600,motor 1 at 100 %,1.0,20.026,0.002,-0.22,0.04,95.71,-0.20,-0.02,-0.13,769,769,769,770,LOITER,1
42.620,motor 1 at 100 %,1.0,20.026,0.002,-0.22,0.04,95.70,-0.27,0.06,-0.10,769,769,770,769,LOITER,1
42.620,motor 1 effectiveness -> 100% (PX4 reads back 1.00),1.0,20.026,0.002,-0.22,0.04,95.70,-0.27,0.06,-0.10,769,769,770,769,LOITER,1
42.640,motor 1 effectiveness -> 100% (PX4 reads back 1.00),1.0,20.026,0.002,-0.23,0.04,95.70,-0.29,-0.00,-0.10,769,769,770,769,LOITER,1
42.660,motor 1 effectiveness -> 100% (PX4 reads back 1.00),1.0,20.026,0.002,-0.23,0.04,95.70,-0.13,-0.09,-0.12,770,769,769,769,LOITER,1
42.680,motor 1 effectiveness -> 100% (PX4 reads back 1.00),1.0,20.026,0.002,-0.24,0.04,95.70,-0.08,-0.08,-0.12,770,769,769,769,LOITER,1
42.700,motor 1 effectiveness -> 100% (PX4 reads back 1.00),1.0,20.026,0.002,-0.24,0.04,95.69,-0.12,-0.08,-0.12,770,769,769,769,LOITER,1
42.720,motor 1 effectiveness -> 100% (PX4 reads back 1.00),1.0,20.025,0.001,-0.24,0.03,95.69,-0.06,-0.07,-0.09,770,770,769,769,LOITER,1
42.740,motor 1 effectiveness -> 100% (PX4 reads back 1.00),1.0,20.025,0.001,-0.24,0.03,95.68,0.02,-0.15,-0.07,770,770,769,769,LOITER,1
42.760,motor 1 effectiveness -> 100% (PX4 reads back 1.00),1.0,20.025,0.001,-0.24,0.03,95.68,0.03,-0.18,-0.07,770,769,769,769,LOITER,1
42.780,motor 1 effectiveness -> 100% (PX4 reads back 1.00),1.0,20.025,0.001,-0.24,0.03,95.68,-0.05,-0.12,-0.04,770,769,769,769,LOITER,1
42.800,motor 1 effectiveness -> 100% (PX4 reads back 1.00),1.0,20.025,0.001,-0.24,0.03,95.67,-0.04,-0.15,-0.06,770,769,769,769,LOITER,1
42.820,motor 1 effectiveness -> 100% (PX4 reads back 1.00),1.0,20.025,0.001,-0.24,0.02,95.67,0.01,-0.15,-0.03,770,770,769,769,LOITER,1
42.840,motor 1 effectiveness -> 100% (PX4 reads back 1.00),1.0,20.025,0.001,-0.24,0.02,95.66,0.06,-0.23,-0.09,770,770,769,769,LOITER,1
42.860,motor 1 effectiveness -> 100% (PX4 reads back 1.00),1.0,20.026,0.001,-0.24,0.02,95.66,0.01,-0.23,-0.02,769,770,769,769,LOITER,1
42.880,motor 1 effectiveness -> 100% (PX4 reads back 1.00),1.0,20.026,0.001,-0.24,0.01,95.65,0.09,-0.26,0.02,769,770,769,769,LOITER,1
42.900,motor 1 effectiveness -> 100% (PX4 reads back 1.00),1.0,20.026,0.001,-0.24,0.01,95.65,0.20,-0.33,0.01,769,770,769,769,LOITER,1
42.920,motor 1 effectiveness -> 100% (PX4 reads back 1.00),1.0,20.026,0.001,-0.23,0.00,95.64,0.17,-0.26,0.00,769,769,769,769,LOITER,1
42.940,motor 1 effectiveness -> 100% (PX4 reads back 1.00),1.0,20.026,0.001,-0.23,-0.00,95.64,0.16,-0.32,-0.01,769,769,769,769,LOITER,1
42.960,motor 1 effectiveness -> 100% (PX4 reads back 1.00),1.0,20.027,0.001,-0.23,-0.01,95.64,0.23,-0.29,-0.01,769,769,769,769,LOITER,1
42.980,motor 1 effectiveness -> 100% (PX4 reads back 1.00),1.0,20.027,0.001,-0.22,-0.02,95.63,0.27,-0.33,0.03,769,769,769,769,LOITER,1
43.000,motor 1 effectiveness -> 100% (PX4 reads back 1.00),1.0,20.027,0.001,-0.22,-0.02,95.63,0.34,-0.33,0.02,769,769,769,769,LOITER,1
43.020,motor 1 effectiveness -> 100% (PX4 reads back 1.00),1.0,20.028,0.001,-0.21,-0.03,95.62,0.35,-0.30,-0.01,769,769,768,768,LOITER,1
43.040,motor 1 effectiveness -> 100% (PX4 reads back 1.00),1.0,20.028,0.001,-0.20,-0.03,95.62,0.32,-0.27,0.03,769,769,768,768,LOITER,1
43.060,motor 1 effectiveness -> 100% (PX4 reads back 1.00),1.0,20.029,0.001,-0.20,-0.04,95.62,0.38,-0.25,-0.00,769,769,768,768,LOITER,1
43.080,motor 1 effectiveness -> 100% (PX4 reads back 1.00),1.0,20.029,0.001,-0.19,-0.04,95.62,0.33,-0.35,0.03,769,769,768,768,LOITER,1
43.100,motor 1 effectiveness -> 100% (PX4 reads back 1.00),1.0,20.029,0.001,-0.18,-0.05,95.61,0.33,-0.30,0.05,769,769,768,768,LOITER,1
43.120,motor 1 effectiveness -> 100% (PX4 reads back 1.00),1.0,20.029,0.002,-0.17,-0.05,95.61,0.36,-0.27,0.05,769,769,768,768,LOITER,1
43.140,motor 1 effectiveness -> 100% (PX4 reads back 1.00),1.0,20.029,0.002,-0.17,-0.06,95.61,0.41,-0.29,0.02,769,769,768,768,LOITER,1
43.160,motor 1 effectiveness -> 100% (PX4 reads back 1.00),1.0,20.030,0.003,-0.16,-0.07,95.61,0.38,-0.30,0.08,769,768,768,768,LOITER,1
43.180,motor 1 effectiveness -> 100% (PX4 reads back 1.00),1.0,20.030,0.003,-0.15,-0.07,95.61,0.41,-0.21,0.08,769,768,768,768,LOITER,1
43.200,motor 1 effectiveness -> 100% (PX4 reads back 1.00),1.0,20.030,0.003,-0.14,-0.08,95.61,0.36,-0.22,0.12,769,768,768,768,LOITER,1
43.220,motor 1 effectiveness -> 100% (PX4 reads back 1.00),1.0,20.031,0.003,-0.14,-0.08,95.62,0.39,-0.28,0.11,769,769,768,768,LOITER,1
43.240,motor 1 effectiveness -> 100% (PX4 reads back 1.00),1.0,20.031,0.003,-0.13,-0.08,95.62,0.38,-0.08,0.11,769,769,768,768,LOITER,1
43.260,motor 1 effectiveness -> 100% (PX4 reads back 1.00),1.0,20.032,0.004,-0.12,-0.09,95.62,0.39,-0.11,0.13,769,768,768,768,LOITER,1
43.280,motor 1 effectiveness -> 100% (PX4 reads back 1.00),1.0,20.032,0.004,-0.11,-0.09,95.62,0.33,-0.02,0.11,769,768,768,768,LOITER,1
43.300,motor 1 effectiveness -> 100% (PX4 reads back 1.00),1.0,20.032,0.004,-0.11,-0.09,95.62,0.38,0.01,0.14,769,768,768,768,LOITER,1
43.320,motor 1 effectiveness -> 100% (PX4 reads back 1.00),1.0,20.033,0.005,-0.10,-0.09,95.62,0.43,0.00,0.15,769,769,768,768,LOITER,1
43.340,motor 1 effectiveness -> 100% (PX4 reads back 1.00),1.0,20.033,0.005,-0.09,-0.09,95.63,0.36,0.05,0.17,769,769,768,768,LOITER,1
43.360,motor 1 effectiveness -> 100% (PX4 reads back 1.00),1.0,20.033,0.006,-0.09,-0.09,95.63,0.36,0.09,0.16,769,768,768,768,LOITER,1
43.380,motor 1 effectiveness -> 100% (PX4 reads back 1.00),1.0,20.033,0.006,-0.08,-0.09,95.63,0.31,0.11,0.17,769,768,768,768,LOITER,1
43.400,motor 1 effectiveness -> 100% (PX4 reads back 1.00),1.0,20.033,0.006,-0.07,-0.08,95.63,0.28,0.14,0.22,769,768,768,768,LOITER,1
43.420,motor 1 effectiveness -> 100% (PX4 reads back 1.00),1.0,20.034,0.006,-0.07,-0.08,95.64,0.34,0.10,0.16,769,768,768,768,LOITER,1
43.440,motor 1 effectiveness -> 100% (PX4 reads back 1.00),1.0,20.034,0.006,-0.06,-0.08,95.64,0.36,0.13,0.21,769,768,768,768,LOITER,1
43.460,motor 1 effectiveness -> 100% (PX4 reads back 1.00),1.0,20.034,0.007,-0.05,-0.07,95.65,0.31,0.26,0.12,768,769,768,769,LOITER,1
43.480,motor 1 effectiveness -> 100% (PX4 reads back 1.00),1.0,20.034,0.007,-0.05,-0.07,95.65,0.22,0.14,0.18,768,769,768,769,LOITER,1
43.500,motor 1 effectiveness -> 100% (PX4 reads back 1.00),1.0,20.034,0.007,-0.05,-0.07,95.65,0.27,0.11,0.22,768,769,768,769,LOITER,1
43.520,motor 1 effectiveness -> 100% (PX4 reads back 1.00),1.0,20.034,0.008,-0.04,-0.07,95.66,0.34,0.17,0.15,769,768,769,769,LOITER,1
43.540,motor 1 effectiveness -> 100% (PX4 reads back 1.00),1.0,20.034,0.008,-0.03,-0.06,95.66,0.40,0.19,0.25,769,768,769,769,LOITER,1
43.560,motor 1 effectiveness -> 100% (PX4 reads back 1.00),1.0,20.034,0.008,-0.02,-0.06,95.67,0.37,0.21,0.18,769,769,769,769,LOITER,1
43.580,motor 1 effectiveness -> 100% (PX4 reads back 1.00),1.0,20.034,0.008,-0.02,-0.06,95.68,0.39,0.24,0.17,769,769,769,769,LOITER,1
43.600,motor 1 effectiveness -> 100% (PX4 reads back 1.00),1.0,20.034,0.008,-0.01,-0.05,95.68,0.38,0.24,0.15,769,769,769,769,LOITER,1
43.620,motor 1 effectiveness -> 100% (PX4 reads back 1.00),1.0,20.033,0.008,-0.00,-0.05,95.69,0.40,0.27,0.19,769,769,769,769,LOITER,1
43.640,motor 1 effectiveness -> 100% (PX4 reads back 1.00),1.0,20.033,0.008,0.01,-0.04,95.70,0.37,0.19,0.13,769,769,769,769,LOITER,1
43.660,motor 1 effectiveness -> 100% (PX4 reads back 1.00),1.0,20.032,0.009,0.01,-0.04,95.70,0.44,0.21,0.22,769,769,770,770,LOITER,1
43.680,motor 1 effectiveness -> 100% (PX4 reads back 1.00),1.0,20.032,0.009,0.02,-0.03,95.71,0.39,0.23,0.16,769,769,770,770,LOITER,1
43.700,motor 1 effectiveness -> 100% (PX4 reads back 1.00),1.0,20.032,0.009,0.03,-0.03,95.72,0.42,0.32,0.06,769,769,770,770,LOITER,1
43.720,motor 1 effectiveness -> 100% (PX4 reads back 1.00),1.0,20.031,0.009,0.04,-0.03,95.72,0.42,0.27,0.15,769,769,770,770,LOITER,1
43.740,motor 1 effectiveness -> 100% (PX4 reads back 1.00),1.0,20.031,0.009,0.04,-0.02,95.73,0.45,0.32,0.11,769,769,770,770,LOITER,1
43.760,motor 1 effectiveness -> 100% (PX4 reads back 1.00),1.0,20.031,0.009,0.05,-0.01,95.74,0.40,0.30,0.16,770,769,770,770,LOITER,1
43.780,motor 1 effectiveness -> 100% (PX4 reads back 1.00),1.0,20.031,0.009,0.06,-0.01,95.74,0.28,0.37,0.09,770,769,770,770,LOITER,1
43.800,motor 1 effectiveness -> 100% (PX4 reads back 1.00),1.0,20.031,0.009,0.06,0.00,95.75,0.22,0.40,0.14,770,769,770,770,LOITER,1
43.820,motor 1 effectiveness -> 100% (PX4 reads back 1.00),1.0,20.030,0.008,0.07,0.00,95.75,0.20,0.32,0.02,769,769,771,770,LOITER,1
43.840,motor 1 effectiveness -> 100% (PX4 reads back 1.00),1.0,20.030,0.008,0.07,0.01,95.76,0.14,0.33,0.12,769,769,771,770,LOITER,1
43.860,motor 1 effectiveness -> 100% (PX4 reads back 1.00),1.0,20.029,0.007,0.07,0.02,95.76,0.18,0.46,-0.01,769,769,770,771,LOITER,1
43.880,motor 1 effectiveness -> 100% (PX4 reads back 1.00),1.0,20.029,0.007,0.08,0.03,95.76,0.22,0.40,0.04,769,769,770,771,LOITER,1
43.900,motor 1 effectiveness -> 100% (PX4 reads back 1.00),1.0,20.029,0.007,0.08,0.03,95.76,0.23,0.31,0.00,769,769,770,771,LOITER,1
43.920,motor 1 effectiveness -> 100% (PX4 reads back 1.00),1.0,20.029,0.006,0.09,0.04,95.76,0.26,0.29,-0.05,769,769,770,771,LOITER,1
43.940,motor 1 effectiveness -> 100% (PX4 reads back 1.00),1.0,20.029,0.006,0.09,0.05,95.77,0.23,0.28,0.01,769,769,770,771,LOITER,1
43.960,motor 1 effectiveness -> 100% (PX4 reads back 1.00),1.0,20.028,0.006,0.09,0.05,95.77,0.15,0.28,-0.07,769,769,771,770,LOITER,1
43.980,motor 1 effectiveness -> 100% (PX4 reads back 1.00),1.0,20.028,0.006,0.10,0.06,95.77,0.24,0.27,-0.10,769,769,771,770,LOITER,1
44.000,motor 1 effectiveness -> 100% (PX4 reads back 1.00),1.0,20.028,0.006,0.10,0.06,95.77,0.10,0.18,-0.07,769,769,771,770,LOITER,1
44.020,motor 1 effectiveness -> 100% (PX4 reads back 1.00),1.0,20.028,0.005,0.10,0.07,95.77,0.21,0.24,-0.09,769,769,770,770,LOITER,1
44.040,motor 1 effectiveness -> 100% (PX4 reads back 1.00),1.0,20.028,0.005,0.11,0.07,95.77,0.15,0.26,-0.12,769,769,770,770,LOITER,1
44.060,motor 1 effectiveness -> 100% (PX4 reads back 1.00),1.0,20.028,0.004,0.11,0.08,95.77,0.20,0.24,-0.11,769,769,770,770,LOITER,1
44.080,motor 1 effectiveness -> 100% (PX4 reads back 1.00),1.0,20.028,0.004,0.12,0.08,95.76,0.21,0.28,-0.14,769,769,770,770,LOITER,1
44.100,motor 1 effectiveness -> 100% (PX4 reads back 1.00),1.0,20.028,0.004,0.12,0.09,95.76,0.16,0.28,-0.10,769,769,770,770,LOITER,1
44.120,motor 1 effectiveness -> 100% (PX4 reads back 1.00),1.0,20.028,0.003,0.12,0.09,95.76,0.20,0.26,-0.17,769,769,770,770,LOITER,1
44.140,motor 1 effectiveness -> 100% (PX4 reads back 1.00),1.0,20.028,0.003,0.13,0.10,95.76,0.16,0.29,-0.15,769,769,770,770,LOITER,1
44.160,motor 1 effectiveness -> 100% (PX4 reads back 1.00),1.0,20.028,0.003,0.13,0.10,95.76,0.13,0.19,-0.17,769,768,769,770,LOITER,1
44.180,motor 1 effectiveness -> 100% (PX4 reads back 1.00),1.0,20.028,0.003,0.13,0.11,95.76,-0.01,0.13,-0.19,769,768,769,770,LOITER,1
44.200,motor 1 effectiveness -> 100% (PX4 reads back 1.00),1.0,20.028,0.003,0.13,0.11,95.75,-0.01,0.22,-0.21,769,768,769,770,LOITER,1
44.220,motor 1 effectiveness -> 100% (PX4 reads back 1.00),1.0,20.028,0.003,0.13,0.11,95.75,-0.14,0.25,-0.16,769,769,769,770,LOITER,1
44.240,motor 1 effectiveness -> 100% (PX4 reads back 1.00),1.0,20.028,0.003,0.13,0.12,95.75,-0.19,0.26,-0.17,769,769,769,770,LOITER,1
44.260,motor 1 effectiveness -> 100% (PX4 reads back 1.00),1.0,20.029,0.003,0.12,0.12,95.75,-0.22,0.14,-0.21,769,768,769,769,LOITER,1
44.280,motor 1 effectiveness -> 100% (PX4 reads back 1.00),1.0,20.029,0.003,0.12,0.13,95.74,-0.26,0.20,-0.17,769,768,769,769,LOITER,1
44.300,motor 1 effectiveness -> 100% (PX4 reads back 1.00),1.0,20.029,0.003,0.11,0.13,95.74,-0.27,0.24,-0.22,769,768,769,769,LOITER,1
44.320,motor 1 effectiveness -> 100% (PX4 reads back 1.00),1.0,20.029,0.003,0.11,0.14,95.74,-0.25,0.20,-0.20,769,769,769,769,LOITER,1
44.340,motor 1 effectiveness -> 100% (PX4 reads back 1.00),1.0,20.029,0.003,0.10,0.14,95.74,-0.21,0.19,-0.16,769,769,769,769,LOITER,1
44.360,motor 1 effectiveness -> 100% (PX4 reads back 1.00),1.0,20.030,0.003,0.10,0.14,95.73,-0.30,0.11,-0.17,769,769,769,769,LOITER,1
44.380,motor 1 effectiveness -> 100% (PX4 reads back 1.00),1.0,20.030,0.003,0.09,0.15,95.73,-0.28,0.10,-0.21,769,769,769,769,LOITER,1
44.400,motor 1 effectiveness -> 100% (PX4 reads back 1.00),1.0,20.030,0.003,0.09,0.15,95.73,-0.25,0.16,-0.15,769,769,769,769,LOITER,1
44.420,motor 1 effectiveness -> 100% (PX4 reads back 1.00),1.0,20.030,0.003,0.08,0.15,95.73,-0.34,0.09,-0.14,768,769,768,769,LOITER,1
44.440,motor 1 effectiveness -> 100% (PX4 reads back 1.00),1.0,20.030,0.003,0.08,0.15,95.72,-0.31,0.09,-0.19,768,769,768,769,LOITER,1
44.460,motor 1 effectiveness -> 100% (PX4 reads back 1.00),1.0,20.031,0.003,0.07,0.15,95.72,-0.20,-0.06,-0.17,769,768,768,768,LOITER,1
44.480,motor 1 effectiveness -> 100% (PX4 reads back 1.00),1.0,20.031,0.003,0.07,0.15,95.72,-0.32,-0.06,-0.16,769,768,768,768,LOITER,1
44.500,motor 1 effectiveness -> 100% (PX4 reads back 1.00),1.0,20.031,0.003,0.06,0.15,95.71,-0.24,0.04,-0.18,769,768,768,768,LOITER,1
44.520,motor 1 effectiveness -> 100% (PX4 reads back 1.00),1.0,20.032,0.004,0.06,0.15,95.71,-0.24,0.02,-0.18,768,768,768,768,LOITER,1
44.540,motor 1 effectiveness -> 100% (PX4 reads back 1.00),1.0,20.032,0.004,0.05,0.15,95.71,-0.17,0.03,-0.12,768,768,768,768,LOITER,1
44.560,motor 1 effectiveness -> 100% (PX4 reads back 1.00),1.0,20.033,0.005,0.05,0.15,95.71,-0.16,0.03,-0.17,768,768,768,768,LOITER,1
44.580,motor 1 effectiveness -> 100% (PX4 reads back 1.00),1.0,20.033,0.005,0.05,0.15,95.70,-0.17,-0.00,-0.20,768,768,768,768,LOITER,1
44.600,motor 1 effectiveness -> 100% (PX4 reads back 1.00),1.0,20.033,0.005,0.04,0.15,95.70,-0.14,0.03,-0.14,768,768,768,768,LOITER,1
44.620,motor 1 effectiveness -> 100% (PX4 reads back 1.00),1.0,20.034,0.006,0.04,0.15,95.70,-0.16,0.01,-0.14,768,768,768,768,LOITER,1
44.640,motor 1 effectiveness -> 100% (PX4 reads back 1.00),1.0,20.034,0.006,0.04,0.15,95.69,-0.16,-0.01,-0.19,768,768,768,768,LOITER,1
44.660,motor 1 effectiveness -> 100% (PX4 reads back 1.00),1.0,20.035,0.007,0.04,0.15,95.69,-0.08,0.03,-0.17,768,769,767,768,LOITER,1
44.680,motor 1 effectiveness -> 100% (PX4 reads back 1.00),1.0,20.035,0.007,0.03,0.15,95.69,-0.03,-0.13,-0.18,768,769,767,768,LOITER,1
44.700,motor 1 effectiveness -> 100% (PX4 reads back 1.00),1.0,20.035,0.007,0.03,0.15,95.68,-0.10,-0.09,-0.16,768,769,767,768,LOITER,1
44.720,motor 1 effectiveness -> 100% (PX4 reads back 1.00),1.0,20.036,0.008,0.03,0.15,95.68,-0.14,-0.08,-0.12,768,769,768,768,LOITER,1
44.740,motor 1 effectiveness -> 100% (PX4 reads back 1.00),1.0,20.036,0.008,0.03,0.15,95.68,-0.11,-0.12,-0.15,768,769,768,768,LOITER,1
44.760,motor 1 effectiveness -> 100% (PX4 reads back 1.00),1.0,20.037,0.009,0.02,0.14,95.68,-0.07,-0.19,-0.12,769,768,768,768,LOITER,1
44.780,motor 1 effectiveness -> 100% (PX4 reads back 1.00),1.0,20.037,0.009,0.02,0.14,95.67,-0.08,-0.09,-0.15,769,768,768,768,LOITER,1
44.800,motor 1 effectiveness -> 100% (PX4 reads back 1.00),1.0,20.037,0.009,0.02,0.14,95.67,-0.08,-0.10,-0.11,769,768,768,768,LOITER,1
44.820,motor 1 effectiveness -> 100% (PX4 reads back 1.00),1.0,20.038,0.010,0.02,0.14,95.67,-0.06,-0.15,-0.08,768,769,768,768,LOITER,1
44.840,motor 1 effectiveness -> 100% (PX4 reads back 1.00),1.0,20.038,0.010,0.02,0.13,95.67,0.02,-0.20,-0.10,768,769,768,768,LOITER,1
44.860,motor 1 effectiveness -> 100% (PX4 reads back 1.00),1.0,20.039,0.011,0.02,0.13,95.67,-0.01,-0.06,-0.04,768,769,768,768,LOITER,1
44.880,motor 1 effectiveness -> 100% (PX4 reads back 1.00),1.0,20.039,0.011,0.02,0.13,95.67,-0.00,-0.13,-0.12,768,769,768,768,LOITER,1
44.900,motor 1 effectiveness -> 100% (PX4 reads back 1.00),1.0,20.039,0.011,0.02,0.12,95.67,0.16,-0.13,-0.09,768,769,768,768,LOITER,1
44.920,motor 1 effectiveness -> 100% (PX4 reads back 1.00),1.0,20.040,0.011,0.02,0.12,95.66,0.11,-0.16,-0.05,769,768,768,768,LOITER,1
44.940,motor 1 effectiveness -> 100% (PX4 reads back 1.00),1.0,20.040,0.011,0.02,0.12,95.66,0.13,-0.17,-0.08,769,768,768,768,LOITER,1
44.960,motor 1 effectiveness -> 100% (PX4 reads back 1.00),1.0,20.040,0.012,0.02,0.11,95.66,0.14,-0.18,-0.03,769,768,768,768,LOITER,1
44.980,motor 1 effectiveness -> 100% (PX4 reads back 1.00),1.0,20.040,0.012,0.03,0.11,95.66,0.19,-0.24,-0.00,769,768,768,768,LOITER,1
45.000,motor 1 effectiveness -> 100% (PX4 reads back 1.00),1.0,20.040,0.012,0.03,0.11,95.66,0.17,-0.25,0.03,769,768,768,768,LOITER,1
45.020,motor 1 effectiveness -> 100% (PX4 reads back 1.00),1.0,20.041,0.013,0.03,0.10,95.66,0.10,-0.19,-0.01,768,768,768,768,LOITER,1
45.040,motor 1 effectiveness -> 100% (PX4 reads back 1.00),1.0,20.041,0.013,0.03,0.10,95.66,0.17,-0.22,-0.02,768,768,768,768,LOITER,1
45.060,motor 1 effectiveness -> 100% (PX4 reads back 1.00),1.0,20.041,0.014,0.04,0.09,95.66,0.13,-0.23,0.01,769,768,768,768,LOITER,1
45.080,motor 1 effectiveness -> 100% (PX4 reads back 1.00),1.0,20.041,0.014,0.04,0.09,95.66,0.13,-0.17,-0.02,769,768,768,768,LOITER,1
45.100,motor 1 effectiveness -> 100% (PX4 reads back 1.00),1.0,20.041,0.014,0.04,0.09,95.66,0.12,-0.20,0.01,769,768,768,768,LOITER,1
45.120,motor 1 effectiveness -> 100% (PX4 reads back 1.00),1.0,20.042,0.015,0.05,0.08,95.66,0.11,-0.26,0.04,769,769,768,768,LOITER,1
45.140,motor 1 effectiveness -> 100% (PX4 reads back 1.00),1.0,20.042,0.015,0.05,0.08,95.66,0.09,-0.15,0.04,769,769,768,768,LOITER,1
45.160,motor 1 effectiveness -> 100% (PX4 reads back 1.00),1.0,20.042,0.015,0.05,0.07,95.66,0.10,-0.23,0.02,769,768,769,768,LOITER,1
45.180,motor 1 effectiveness -> 100% (PX4 reads back 1.00),1.0,20.042,0.015,0.05,0.07,95.66,0.09,-0.14,0.06,769,768,769,768,LOITER,1
45.200,motor 1 effectiveness -> 100% (PX4 reads back 1.00),1.0,20.042,0.015,0.05,0.07,95.66,0.14,-0.24,0.04,769,768,769,768,LOITER,1
45.220,motor 1 effectiveness -> 100% (PX4 reads back 1.00),1.0,20.042,0.016,0.06,0.06,95.66,0.18,-0.13,0.01,769,768,769,768,LOITER,1
45.240,motor 1 effectiveness -> 100% (PX4 reads back 1.00),1.0,20.042,0.016,0.06,0.06,95.66,0.16,-0.07,0.05,769,768,769,768,LOITER,1
45.260,motor 1 effectiveness -> 100% (PX4 reads back 1.00),1.0,20.042,0.017,0.06,0.06,95.66,0.12,-0.16,0.08,769,769,769,769,LOITER,1
45.280,motor 1 effectiveness -> 100% (PX4 reads back 1.00),1.0,20.042,0.017,0.07,0.05,95.65,0.12,-0.22,0.02,769,769,769,769,LOITER,1
45.304,motor 1 effectiveness -> 100% (PX4 reads back 1.00),1.0,20.042,0.017,0.07,0.05,95.66,0.08,-0.23,0.09,769,769,769,769,LOITER,1
45.320,motor 1 effectiveness -> 100% (PX4 reads back 1.00),1.0,20.042,0.017,0.07,0.05,95.65,0.10,-0.24,0.04,769,769,769,769,LOITER,1
45.340,motor 1 effectiveness -> 100% (PX4 reads back 1.00),1.0,20.042,0.017,0.07,0.04,95.65,0.09,-0.20,0.08,769,769,769,769,LOITER,1
45.360,motor 1 effectiveness -> 100% (PX4 reads back 1.00),1.0,20.042,0.017,0.07,0.04,95.65,0.10,-0.24,0.05,770,769,769,769,LOITER,1
45.380,motor 1 effectiveness -> 100% (PX4 reads back 1.00),1.0,20.042,0.017,0.07,0.04,95.65,0.13,-0.18,0.03,770,769,769,769,LOITER,1
45.400,motor 1 effectiveness -> 100% (PX4 reads back 1.00),1.0,20.042,0.017,0.08,0.03,95.65,-0.00,-0.16,0.10,770,769,769,769,LOITER,1
45.420,motor 1 effectiveness -> 100% (PX4 reads back 1.00),1.0,20.042,0.017,0.08,0.03,95.65,-0.06,-0.15,0.03,769,769,769,769,LOITER,1
45.440,motor 1 effectiveness -> 100% (PX4 reads back 1.00),1.0,20.042,0.017,0.08,0.03,95.65,-0.00,-0.13,0.07,769,769,769,769,LOITER,1
45.460,motor 1 effectiveness -> 100% (PX4 reads back 1.00),1.0,20.042,0.017,0.08,0.02,95.65,-0.09,-0.15,0.04,770,769,769,769,LOITER,1
45.480,motor 1 effectiveness -> 100% (PX4 reads back 1.00),1.0,20.042,0.017,0.07,0.02,95.65,-0.09,-0.05,0.06,770,769,769,769,LOITER,1
45.500,motor 1 effectiveness -> 100% (PX4 reads back 1.00),1.0,20.042,0.017,0.07,0.02,95.65,-0.18,-0.03,0.06,770,769,769,769,LOITER,1
45.520,motor 1 effectiveness -> 100% (PX4 reads back 1.00),1.0,20.042,0.017,0.07,0.02,95.66,-0.21,-0.01,0.08,769,769,769,769,LOITER,1
45.540,motor 1 effectiveness -> 100% (PX4 reads back 1.00),1.0,20.042,0.017,0.06,0.02,95.66,-0.21,-0.00,0.09,769,769,769,769,LOITER,1
45.560,motor 1 effectiveness -> 100% (PX4 reads back 1.00),1.0,20.042,0.017,0.06,0.02,95.66,-0.21,-0.07,0.05,769,769,769,769,LOITER,1
45.580,motor 1 effectiveness -> 100% (PX4 reads back 1.00),1.0,20.042,0.017,0.06,0.02,95.66,-0.27,-0.08,0.02,769,769,769,769,LOITER,1
45.600,motor 1 effectiveness -> 100% (PX4 reads back 1.00),1.0,20.042,0.017,0.05,0.02,95.66,-0.23,-0.03,0.06,769,769,769,769,LOITER,1
45.620,motor 1 effectiveness -> 100% (PX4 reads back 1.00),1.0,20.043,0.017,0.05,0.01,95.66,-0.22,-0.13,0.04,769,769,768,769,LOITER,1
45.640,motor 1 effectiveness -> 100% (PX4 reads back 1.00),1.0,20.043,0.017,0.04,0.01,95.66,-0.32,-0.06,0.03,769,769,768,769,LOITER,1
45.660,motor 1 effectiveness -> 100% (PX4 reads back 1.00),1.0,20.043,0.017,0.04,0.01,95.66,-0.28,-0.04,0.05,769,769,768,769,LOITER,1
45.680,motor 1 effectiveness -> 100% (PX4 reads back 1.00),1.0,20.043,0.017,0.03,0.01,95.66,-0.31,-0.11,0.10,769,769,768,769,LOITER,1
45.700,motor 1 effectiveness -> 100% (PX4 reads back 1.00),1.0,20.043,0.017,0.03,0.01,95.66,-0.33,-0.14,0.08,769,769,768,769,LOITER,1
45.720,motor 1 effectiveness -> 100% (PX4 reads back 1.00),1.0,20.044,0.017,0.02,0.00,95.66,-0.39,-0.09,0.05,768,769,768,768,LOITER,1
45.740,motor 1 effectiveness -> 100% (PX4 reads back 1.00),1.0,20.044,0.017,0.01,0.00,95.66,-0.17,-0.04,0.09,768,769,768,768,LOITER,1
45.760,motor 1 effectiveness -> 100% (PX4 reads back 1.00),1.0,20.044,0.018,0.01,0.00,95.66,-0.23,-0.02,0.11,768,769,768,769,LOITER,1
45.780,motor 1 effectiveness -> 100% (PX4 reads back 1.00),1.0,20.044,0.018,0.00,0.00,95.67,-0.36,-0.04,0.12,768,769,768,769,LOITER,1
45.800,motor 1 effectiveness -> 100% (PX4 reads back 1.00),1.0,20.044,0.018,-0.00,-0.00,95.67,-0.29,0.02,0.10,768,769,768,769,LOITER,1
45.820,motor 1 effectiveness -> 100% (PX4 reads back 1.00),1.0,20.044,0.018,-0.01,-0.00,95.67,-0.22,-0.09,0.06,768,768,768,768,LOITER,1
45.840,motor 1 effectiveness -> 100% (PX4 reads back 1.00),1.0,20.044,0.018,-0.01,-0.00,95.67,-0.22,0.06,0.12,768,768,768,768,LOITER,1
45.860,motor 1 effectiveness -> 100% (PX4 reads back 1.00),1.0,20.045,0.019,-0.02,-0.00,95.67,-0.25,-0.04,0.07,769,768,769,768,LOITER,1
45.880,motor 1 effectiveness -> 100% (PX4 reads back 1.00),1.0,20.045,0.019,-0.02,-0.00,95.68,-0.21,0.08,0.05,769,768,769,768,LOITER,1
45.900,motor 1 effectiveness -> 100% (PX4 reads back 1.00),1.0,20.045,0.019,-0.03,-0.00,95.68,-0.16,0.00,0.05,769,768,769,768,LOITER,1
45.920,motor 1 effectiveness -> 100% (PX4 reads back 1.00),1.0,20.045,0.019,-0.03,-0.00,95.68,-0.12,0.01,0.06,769,768,769,768,LOITER,1
45.940,motor 1 effectiveness -> 100% (PX4 reads back 1.00),1.0,20.045,0.019,-0.04,-0.00,95.68,-0.19,0.04,0.05,769,768,769,768,LOITER,1
45.960,motor 1 effectiveness -> 100% (PX4 reads back 1.00),1.0,20.045,0.019,-0.04,-0.00,95.69,-0.11,0.16,0.04,768,769,769,769,LOITER,1
45.980,motor 1 effectiveness -> 100% (PX4 reads back 1.00),1.0,20.045,0.019,-0.04,0.00,95.69,-0.06,0.10,0.03,768,769,769,769,LOITER,1
46.000,motor 1 effectiveness -> 100% (PX4 reads back 1.00),1.0,20.045,0.019,-0.04,0.00,95.69,0.01,0.02,0.05,768,769,769,769,LOITER,1
46.020,motor 1 effectiveness -> 100% (PX4 reads back 1.00),1.0,20.044,0.020,-0.04,0.00,95.69,-0.10,0.04,0.07,769,769,769,769,LOITER,1
46.040,motor 1 effectiveness -> 100% (PX4 reads back 1.00),1.0,20.044,0.020,-0.05,0.00,95.69,-0.03,0.05,0.06,769,769,769,769,LOITER,1
46.060,motor 1 effectiveness -> 100% (PX4 reads back 1.00),1.0,20.044,0.020,-0.05,0.00,95.70,-0.06,-0.00,0.08,769,769,770,769,LOITER,1
46.080,motor 1 effectiveness -> 100% (PX4 reads back 1.00),1.0,20.044,0.020,-0.05,0.00,95.70,-0.02,0.05,0.08,769,769,770,769,LOITER,1
46.100,motor 1 effectiveness -> 100% (PX4 reads back 1.00),1.0,20.044,0.020,-0.05,0.01,95.70,-0.00,0.12,0.04,769,769,770,769,LOITER,1
46.120,motor 1 effectiveness -> 100% (PX4 reads back 1.00),1.0,20.043,0.020,-0.05,0.01,95.70,-0.02,0.04,0.07,769,769,769,770,LOITER,1
46.140,motor 1 effectiveness -> 100% (PX4 reads back 1.00),1.0,20.043,0.020,-0.05,0.01,95.71,-0.09,0.03,0.03,769,769,769,770,LOITER,1
46.160,motor 1 effectiveness -> 100% (PX4 reads back 1.00),1.0,20.042,0.020,-0.05,0.01,95.71,-0.08,0.03,-0.00,769,769,770,770,LOITER,1
46.180,motor 1 effectiveness -> 100% (PX4 reads back 1.00),1.0,20.042,0.020,-0.06,0.01,95.71,0.02,0.00,0.03,769,769,770,770,LOITER,1
46.200,motor 1 effectiveness -> 100% (PX4 reads back 1.00),1.0,20.042,0.020,-0.06,0.01,95.71,0.00,0.03,-0.01,769,769,770,770,LOITER,1
46.220,motor 1 effectiveness -> 100% (PX4 reads back 1.00),1.0,20.042,0.019,-0.05,0.01,95.71,0.07,0.00,-0.02,769,769,770,770,LOITER,1
46.240,motor 1 effectiveness -> 100% (PX4 reads back 1.00),1.0,20.042,0.019,-0.05,0.01,95.71,-0.06,-0.02,-0.02,769,769,770,770,LOITER,1
46.260,motor 1 effectiveness -> 100% (PX4 reads back 1.00),1.0,20.041,0.019,-0.06,0.01,95.71,0.01,0.01,-0.00,769,769,769,770,LOITER,1
46.280,motor 1 effectiveness -> 100% (PX4 reads back 1.00),1.0,20.041,0.019,-0.05,0.01,95.71,0.04,-0.15,-0.02,769,769,769,770,LOITER,1
46.304,motor 1 effectiveness -> 100% (PX4 reads back 1.00),1.0,20.041,0.019,-0.05,0.01,95.71,0.04,-0.02,-0.01,769,769,769,770,LOITER,1
46.320,motor 1 effectiveness -> 100% (PX4 reads back 1.00),1.0,20.041,0.018,-0.05,0.01,95.71,0.04,-0.02,-0.03,769,769,769,770,LOITER,1
46.340,motor 1 effectiveness -> 100% (PX4 reads back 1.00),1.0,20.041,0.018,-0.05,0.01,95.71,-0.05,-0.06,-0.04,769,769,769,770,LOITER,1
46.360,motor 1 effectiveness -> 100% (PX4 reads back 1.00),1.0,20.041,0.017,-0.05,0.01,95.71,-0.11,-0.04,-0.08,769,769,769,770,LOITER,1
46.380,motor 1 effectiveness -> 100% (PX4 reads back 1.00),1.0,20.041,0.017,-0.05,0.01,95.71,-0.19,-0.13,-0.05,769,769,769,770,LOITER,1
46.400,motor 1 effectiveness -> 100% (PX4 reads back 1.00),1.0,20.041,0.017,-0.06,0.01,95.71,-0.10,-0.07,-0.05,769,769,769,770,LOITER,1
46.420,motor 1 effectiveness -> 100% (PX4 reads back 1.00),1.0,20.040,0.017,-0.06,0.01,95.71,-0.07,0.01,0.01,769,769,769,770,LOITER,1
46.440,motor 1 effectiveness -> 100% (PX4 reads back 1.00),1.0,20.040,0.017,-0.06,0.01,95.71,-0.11,-0.21,-0.11,769,769,769,770,LOITER,1
46.460,motor 1 effectiveness -> 100% (PX4 reads back 1.00),1.0,20.040,0.017,-0.06,0.00,95.71,-0.15,-0.20,-0.09,769,769,769,769,LOITER,1
46.480,motor 1 effectiveness -> 100% (PX4 reads back 1.00),1.0,20.040,0.017,-0.06,-0.00,95.71,-0.14,-0.10,-0.09,769,769,769,769,LOITER,1
46.500,motor 1 effectiveness -> 100% (PX4 reads back 1.00),1.0,20.040,0.017,-0.07,-0.00,95.71,-0.12,-0.12,-0.04,769,769,769,769,LOITER,1
46.520,motor 1 effectiveness -> 100% (PX4 reads back 1.00),1.0,20.040,0.016,-0.07,-0.01,95.71,-0.12,-0.22,-0.02,769,769,769,769,LOITER,1
46.540,motor 1 effectiveness -> 100% (PX4 reads back 1.00),1.0,20.040,0.016,-0.07,-0.01,95.71,-0.15,-0.24,-0.07,769,769,769,769,LOITER,1
46.560,motor 1 effectiveness -> 100% (PX4 reads back 1.00),1.0,20.039,0.016,-0.07,-0.02,95.70,-0.14,-0.25,-0.05,769,769,769,769,LOITER,1
46.580,motor 1 effectiveness -> 100% (PX4 reads back 1.00),1.0,20.039,0.016,-0.08,-0.02,95.70,-0.13,-0.23,-0.06,769,769,769,769,LOITER,1
46.600,motor 1 effectiveness -> 100% (PX4 reads back 1.00),1.0,20.039,0.016,-0.08,-0.02,95.70,-0.26,-0.21,-0.07,769,769,769,769,LOITER,1
46.620,motor 1 effectiveness -> 100% (PX4 reads back 1.00),1.0,20.039,0.016,-0.08,-0.03,95.70,-0.15,-0.20,-0.05,769,770,769,769,LOITER,1
46.640,motor 1 effectiveness -> 100% (PX4 reads back 1.00),1.0,20.039,0.016,-0.09,-0.03,95.70,-0.07,-0.33,-0.05,769,770,769,769,LOITER,1
46.660,motor 1 effectiveness -> 100% (PX4 reads back 1.00),1.0,20.039,0.016,-0.09,-0.04,95.70,-0.10,-0.34,-0.02,770,769,770,769,LOITER,1
46.680,motor 1 effectiveness -> 100% (PX4 reads back 1.00),1.0,20.039,0.016,-0.09,-0.04,95.70,-0.17,-0.19,-0.07,770,769,770,769,LOITER,1
46.700,motor 1 effectiveness -> 100% (PX4 reads back 1.00),1.0,20.039,0.016,-0.09,-0.05,95.70,-0.12,-0.31,-0.08,770,769,770,769,LOITER,1
46.720,motor 1 effectiveness -> 100% (PX4 reads back 1.00),1.0,20.038,0.015,-0.10,-0.05,95.70,-0.11,-0.35,-0.05,770,769,770,769,LOITER,1
46.740,motor 1 effectiveness -> 100% (PX4 reads back 1.00),1.0,20.038,0.015,-0.10,-0.06,95.70,-0.07,-0.21,-0.06,770,769,770,769,LOITER,1
46.760,motor 1 effectiveness -> 100% (PX4 reads back 1.00),1.0,20.037,0.015,-0.10,-0.06,95.70,-0.01,-0.23,-0.07,770,770,769,770,LOITER,1
46.780,motor 1 effectiveness -> 100% (PX4 reads back 1.00),1.0,20.037,0.015,-0.10,-0.07,95.70,0.00,-0.33,-0.08,770,770,769,770,LOITER,1
46.800,motor 1 effectiveness -> 100% (PX4 reads back 1.00),1.0,20.037,0.015,-0.10,-0.07,95.69,0.00,-0.24,-0.08,770,770,769,770,LOITER,1
46.820,motor 1 effectiveness -> 100% (PX4 reads back 1.00),1.0,20.036,0.014,-0.10,-0.08,95.69,0.05,-0.21,-0.06,770,770,770,770,LOITER,1
46.840,motor 1 effectiveness -> 100% (PX4 reads back 1.00),1.0,20.036,0.014,-0.10,-0.08,95.69,0.02,-0.20,-0.06,770,770,770,770,LOITER,1
46.860,motor 1 effectiveness -> 100% (PX4 reads back 1.00),1.0,20.035,0.014,-0.10,-0.09,95.69,0.02,-0.27,-0.03,770,770,770,770,LOITER,1
46.880,motor 1 effectiveness -> 100% (PX4 reads back 1.00),1.0,20.035,0.014,-0.10,-0.09,95.69,0.06,-0.17,-0.04,770,770,770,770,LOITER,1
46.900,motor 1 effectiveness -> 100% (PX4 reads back 1.00),1.0,20.035,0.014,-0.09,-0.09,95.69,0.08,-0.18,-0.06,770,770,770,770,LOITER,1
46.920,motor 1 effectiveness -> 100% (PX4 reads back 1.00),1.0,20.033,0.013,-0.09,-0.10,95.69,0.01,-0.24,-0.04,770,770,770,770,LOITER,1
46.940,motor 1 effectiveness -> 100% (PX4 reads back 1.00),1.0,20.033,0.013,-0.09,-0.10,95.69,0.02,-0.09,-0.04,770,770,770,770,LOITER,1
46.960,motor 1 effectiveness -> 100% (PX4 reads back 1.00),1.0,20.032,0.012,-0.09,-0.10,95.69,0.06,-0.12,-0.04,771,770,770,770,LOITER,1
46.980,motor 1 effectiveness -> 100% (PX4 reads back 1.00),1.0,20.032,0.012,-0.09,-0.11,95.69,0.15,-0.12,-0.04,771,770,770,770,LOITER,1
47.000,motor 1 effectiveness -> 100% (PX4 reads back 1.00),1.0,20.032,0.012,-0.09,-0.11,95.69,0.07,-0.08,-0.05,771,770,770,770,LOITER,1
47.020,motor 1 effectiveness -> 100% (PX4 reads back 1.00),1.0,20.030,0.011,-0.09,-0.11,95.69,0.07,0.03,-0.06,771,771,770,771,LOITER,1
47.040,motor 1 effectiveness -> 100% (PX4 reads back 1.00),1.0,20.030,0.011,-0.08,-0.11,95.69,-0.01,0.02,-0.04,771,771,770,771,LOITER,1
47.060,motor 1 effectiveness -> 100% (PX4 reads back 1.00),1.0,20.029,0.010,-0.08,-0.11,95.69,-0.11,-0.00,-0.01,771,770,771,770,LOITER,1
47.080,motor 1 effectiveness -> 100% (PX4 reads back 1.00),1.0,20.029,0.010,-0.08,-0.11,95.69,0.02,0.16,0.01,771,770,771,770,LOITER,1
47.100,motor 1 effectiveness -> 100% (PX4 reads back 1.00),1.0,20.029,0.010,-0.08,-0.11,95.69,-0.08,0.08,-0.02,771,770,771,770,LOITER,1
47.120,motor 1 effectiveness -> 100% (PX4 reads back 1.00),1.0,20.028,0.008,-0.09,-0.11,95.69,-0.11,0.18,-0.03,771,771,770,771,LOITER,1
47.140,motor 1 effectiveness -> 100% (PX4 reads back 1.00),1.0,20.028,0.008,-0.09,-0.10,95.69,-0.11,0.20,-0.05,771,771,770,771,LOITER,1
47.164,motor 1 effectiveness -> 100% (PX4 reads back 1.00),1.0,20.026,0.006,-0.09,-0.10,95.69,-0.03,0.21,-0.02,771,770,770,770,LOITER,1
47.180,motor 1 effectiveness -> 100% (PX4 reads back 1.00),1.0,20.026,0.006,-0.09,-0.10,95.69,0.01,0.33,-0.03,771,770,770,770,LOITER,1
47.204,motor 1 effectiveness -> 100% (PX4 reads back 1.00),1.0,20.026,0.006,-0.09,-0.09,95.69,-0.16,0.31,-0.02,771,770,770,770,LOITER,1
47.220,motor 1 effectiveness -> 100% (PX4 reads back 1.00),1.0,20.025,0.005,-0.09,-0.08,95.69,-0.07,0.36,-0.00,771,770,771,770,LOITER,1
47.240,motor 1 effectiveness -> 100% (PX4 reads back 1.00),1.0,20.025,0.005,-0.09,-0.08,95.69,-0.13,0.41,-0.01,771,770,771,770,LOITER,1
47.260,motor 1 effectiveness -> 100% (PX4 reads back 1.00),1.0,20.024,0.003,-0.09,-0.07,95.69,-0.09,0.42,0.03,770,770,770,771,LOITER,1
47.280,motor 1 effectiveness -> 100% (PX4 reads back 1.00),1.0,20.024,0.003,-0.10,-0.06,95.70,-0.12,0.41,0.01,770,770,770,771,LOITER,1
47.300,motor 1 effectiveness -> 100% (PX4 reads back 1.00),1.0,20.024,0.003,-0.10,-0.05,95.70,-0.07,0.36,-0.02,770,770,770,771,LOITER,1
47.320,motor 1 effectiveness -> 100% (PX4 reads back 1.00),1.0,20.024,0.002,-0.10,-0.05,95.70,-0.14,0.38,-0.02,771,770,770,770,LOITER,1
47.340,motor 1 effectiveness -> 100% (PX4 reads back 1.00),1.0,20.024,0.002,-0.10,-0.04,95.70,-0.14,0.44,0.02,771,770,770,770,LOITER,1
47.360,motor 1 effectiveness -> 100% (PX4 reads back 1.00),1.0,20.023,0.001,-0.10,-0.03,95.70,-0.17,0.48,-0.01,770,770,770,770,LOITER,1
47.380,motor 1 effectiveness -> 100% (PX4 reads back 1.00),1.0,20.023,0.001,-0.11,-0.02,95.70,-0.15,0.53,0.02,770,770,770,770,LOITER,1
47.400,motor 1 effectiveness -> 100% (PX4 reads back 1.00),1.0,20.023,0.001,-0.11,-0.01,95.71,-0.16,0.55,0.02,770,770,770,770,LOITER,1
47.420,motor 1 effectiveness -> 100% (PX4 reads back 1.00),1.0,20.023,0.001,-0.11,-0.00,95.71,-0.19,0.50,0.06,770,770,770,770,LOITER,1
47.440,motor 1 effectiveness -> 100% (PX4 reads back 1.00),1.0,20.023,0.001,-0.12,0.01,95.71,-0.10,0.47,-0.03,770,770,770,770,LOITER,1
47.460,motor 1 effectiveness -> 100% (PX4 reads back 1.00),1.0,20.022,-0.000,-0.12,0.02,95.71,-0.12,0.51,-0.04,770,770,770,770,LOITER,1
47.480,motor 1 effectiveness -> 100% (PX4 reads back 1.00),1.0,20.022,-0.000,-0.12,0.03,95.71,-0.13,0.50,-0.03,770,770,770,770,LOITER,1
47.500,motor 1 effectiveness -> 100% (PX4 reads back 1.00),1.0,20.022,-0.000,-0.12,0.04,95.71,-0.12,0.51,-0.00,770,770,770,770,LOITER,1
47.520,motor 1 effectiveness -> 100% (PX4 reads back 1.00),1.0,20.022,-0.001,-0.12,0.05,95.71,-0.09,0.54,0.01,770,770,770,770,LOITER,1
47.540,motor 1 effectiveness -> 100% (PX4 reads back 1.00),1.0,20.022,-0.001,-0.13,0.06,95.72,-0.16,0.48,-0.01,770,770,770,770,LOITER,1
47.560,motor 1 effectiveness -> 100% (PX4 reads back 1.00),1.0,20.021,-0.002,-0.13,0.07,95.72,-0.06,0.50,0.01,769,770,770,770,LOITER,1
47.580,motor 1 effectiveness -> 100% (PX4 reads back 1.00),1.0,20.021,-0.002,-0.13,0.08,95.72,-0.01,0.40,0.04,769,770,770,770,LOITER,1
47.600,motor 1 effectiveness -> 100% (PX4 reads back 1.00),1.0,20.021,-0.002,-0.13,0.08,95.72,0.05,0.39,-0.04,769,770,770,770,LOITER,1
47.620,motor 1 effectiveness -> 100% (PX4 reads back 1.00),1.0,20.021,-0.003,-0.13,0.09,95.72,0.06,0.40,-0.03,769,770,770,770,LOITER,1
47.640,motor 1 effectiveness -> 100% (PX4 reads back 1.00),1.0,20.021,-0.003,-0.13,0.10,95.72,0.09,0.33,0.01,769,770,770,770,LOITER,1
47.660,motor 1 effectiveness -> 100% (PX4 reads back 1.00),1.0,20.021,-0.003,-0.13,0.11,95.72,0.16,0.32,-0.01,770,769,770,770,LOITER,1
47.680,motor 1 effectiveness -> 100% (PX4 reads back 1.00),1.0,20.021,-0.003,-0.12,0.11,95.72,0.12,0.34,-0.01,770,769,770,770,LOITER,1
47.700,motor 1 effectiveness -> 100% (PX4 reads back 1.00),1.0,20.021,-0.003,-0.12,0.12,95.72,0.15,0.33,-0.01,770,769,770,770,LOITER,1
47.720,motor 1 effectiveness -> 100% (PX4 reads back 1.00),1.0,20.021,-0.004,-0.12,0.13,95.72,0.21,0.25,-0.06,769,769,769,770,LOITER,1
47.740,motor 1 effectiveness -> 100% (PX4 reads back 1.00),1.0,20.021,-0.004,-0.11,0.13,95.72,0.16,0.23,-0.03,769,769,769,770,LOITER,1
47.760,motor 1 effectiveness -> 100% (PX4 reads back 1.00),1.0,20.021,-0.004,-0.11,0.13,95.71,0.17,0.23,-0.04,769,769,769,770,LOITER,1
47.780,motor 1 effectiveness -> 100% (PX4 reads back 1.00),1.0,20.021,-0.004,-0.11,0.14,95.71,0.16,0.20,-0.03,769,769,769,770,LOITER,1
47.800,motor 1 effectiveness -> 100% (PX4 reads back 1.00),1.0,20.021,-0.004,-0.10,0.14,95.71,0.15,0.20,-0.08,769,769,769,770,LOITER,1
47.820,motor 1 effectiveness -> 100% (PX4 reads back 1.00),1.0,20.021,-0.004,-0.10,0.15,95.71,0.11,0.16,-0.08,769,769,770,770,LOITER,1
47.840,motor 1 effectiveness -> 100% (PX4 reads back 1.00),1.0,20.021,-0.004,-0.10,0.15,95.71,0.07,0.19,-0.05,769,769,770,770,LOITER,1
47.860,motor 1 effectiveness -> 100% (PX4 reads back 1.00),1.0,20.021,-0.004,-0.10,0.15,95.71,0.14,0.11,-0.07,769,769,769,769,LOITER,1
47.880,motor 1 effectiveness -> 100% (PX4 reads back 1.00),1.0,20.021,-0.004,-0.09,0.15,95.70,0.10,0.09,-0.11,769,769,769,769,LOITER,1
47.900,motor 1 effectiveness -> 100% (PX4 reads back 1.00),1.0,20.021,-0.004,-0.09,0.16,95.70,0.18,0.21,-0.11,769,769,769,769,LOITER,1
47.920,motor 1 effectiveness -> 100% (PX4 reads back 1.00),1.0,20.021,-0.005,-0.09,0.16,95.70,0.14,0.09,-0.07,769,769,769,769,LOITER,1
47.940,motor 1 effectiveness -> 100% (PX4 reads back 1.00),1.0,20.021,-0.005,-0.09,0.16,95.69,0.24,0.09,-0.08,769,769,769,769,LOITER,1
47.960,motor 1 effectiveness -> 100% (PX4 reads back 1.00),1.0,20.021,-0.005,-0.08,0.16,95.69,0.20,0.12,-0.05,769,770,769,769,LOITER,1
47.980,motor 1 effectiveness -> 100% (PX4 reads back 1.00),1.0,20.021,-0.005,-0.08,0.17,95.69,0.23,0.12,-0.10,769,770,769,769,LOITER,1
48.000,motor 1 effectiveness -> 100% (PX4 reads back 1.00),1.0,20.021,-0.005,-0.07,0.17,95.68,0.28,0.12,-0.13,769,770,769,769,LOITER,1
48.020,motor 1 effectiveness -> 100% (PX4 reads back 1.00),1.0,20.021,-0.004,-0.07,0.17,95.68,0.44,0.01,-0.02,769,769,769,769,LOITER,1
48.040,motor 1 effectiveness -> 100% (PX4 reads back 1.00),1.0,20.021,-0.004,-0.06,0.17,95.68,0.38,0.10,-0.11,769,769,769,769,LOITER,1
48.060,motor 1 effectiveness -> 100% (PX4 reads back 1.00),1.0,20.021,-0.004,-0.05,0.17,95.68,0.40,0.01,-0.10,770,769,769,769,LOITER,1
48.080,motor 1 effectiveness -> 100% (PX4 reads back 1.00),1.0,20.021,-0.004,-0.04,0.17,95.67,0.30,-0.08,-0.13,770,769,769,769,LOITER,1
48.100,motor 1 effectiveness -> 100% (PX4 reads back 1.00),1.0,20.021,-0.004,-0.04,0.17,95.67,0.27,0.03,-0.01,770,769,769,769,LOITER,1
48.120,motor 1 effectiveness -> 100% (PX4 reads back 1.00),1.0,20.021,-0.005,-0.03,0.17,95.66,0.29,-0.12,-0.03,769,770,768,769,LOITER,1
48.140,motor 1 effectiveness -> 100% (PX4 reads back 1.00),1.0,20.021,-0.005,-0.03,0.17,95.66,0.23,-0.04,-0.05,769,770,768,769,LOITER,1
48.160,motor 1 effectiveness -> 100% (PX4 reads back 1.00),1.0,20.022,-0.005,-0.02,0.17,95.66,0.24,-0.07,-0.03,769,769,769,769,LOITER,1
48.180,motor 1 effectiveness -> 100% (PX4 reads back 1.00),1.0,20.022,-0.005,-0.02,0.17,95.66,0.28,-0.18,0.01,769,769,769,769,LOITER,1
48.200,motor 1 effectiveness -> 100% (PX4 reads back 1.00),1.0,20.022,-0.005,-0.01,0.16,95.65,0.19,-0.16,-0.02,769,769,769,769,LOITER,1
48.220,motor 1 effectiveness -> 100% (PX4 reads back 1.00),1.0,20.022,-0.005,-0.01,0.16,95.65,0.08,-0.11,0.00,769,769,768,769,LOITER,1
48.240,motor 1 effectiveness -> 100% (PX4 reads back 1.00),1.0,20.022,-0.005,-0.00,0.16,95.65,0.14,-0.24,-0.03,769,769,768,769,LOITER,1
48.260,motor 1 effectiveness -> 100% (PX4 reads back 1.00),1.0,20.022,-0.004,-0.00,0.15,95.65,0.16,-0.19,-0.01,770,769,769,769,LOITER,1
48.280,motor 1 effectiveness -> 100% (PX4 reads back 1.00),1.0,20.022,-0.004,0.00,0.15,95.65,0.08,-0.16,0.01,770,769,769,769,LOITER,1
48.300,motor 1 effectiveness -> 100% (PX4 reads back 1.00),1.0,20.022,-0.004,0.00,0.15,95.65,0.05,-0.12,0.02,770,769,769,769,LOITER,1
48.320,motor 1 effectiveness -> 100% (PX4 reads back 1.00),1.0,20.022,-0.005,0.01,0.14,95.65,0.12,-0.15,0.02,769,769,769,769,LOITER,1
48.344,motor 1 effectiveness -> 100% (PX4 reads back 1.00),1.0,20.022,-0.005,0.01,0.14,95.65,0.04,-0.13,0.02,769,769,769,769,LOITER,1
48.360,motor 1 effectiveness -> 100% (PX4 reads back 1.00),1.0,20.022,-0.005,0.01,0.14,95.65,0.11,-0.17,0.04,770,769,769,769,LOITER,1
48.380,motor 1 effectiveness -> 100% (PX4 reads back 1.00),1.0,20.022,-0.005,0.01,0.14,95.65,0.01,-0.10,0.00,770,769,769,769,LOITER,1
48.400,motor 1 effectiveness -> 100% (PX4 reads back 1.00),1.0,20.022,-0.005,0.01,0.13,95.65,-0.04,-0.22,0.06,770,769,769,769,LOITER,1
48.420,motor 1 effectiveness -> 100% (PX4 reads back 1.00),1.0,20.022,-0.005,0.01,0.13,95.65,-0.06,-0.10,0.04,770,769,769,769,LOITER,1
48.440,motor 1 effectiveness -> 100% (PX4 reads back 1.00),1.0,20.022,-0.005,0.01,0.13,95.65,-0.13,-0.13,0.04,770,769,769,769,LOITER,1
48.460,motor 1 effectiveness -> 100% (PX4 reads back 1.00),1.0,20.021,-0.005,0.01,0.12,95.65,-0.05,-0.19,0.05,770,769,769,769,LOITER,1
48.480,motor 1 effectiveness -> 100% (PX4 reads back 1.00),1.0,20.021,-0.005,0.01,0.12,95.65,-0.04,-0.15,0.09,770,769,769,769,LOITER,1
48.500,motor 1 effectiveness -> 100% (PX4 reads back 1.00),1.0,20.021,-0.005,0.01,0.12,95.65,-0.11,-0.11,0.06,770,769,769,769,LOITER,1
48.520,motor 1 effectiveness -> 100% (PX4 reads back 1.00),1.0,20.021,-0.005,0.00,0.11,95.65,-0.08,-0.13,0.07,769,769,769,769,LOITER,1
48.540,motor 1 effectiveness -> 100% (PX4 reads back 1.00),1.0,20.021,-0.005,0.00,0.11,95.65,-0.09,-0.11,0.03,769,769,769,769,LOITER,1
48.560,motor 1 effectiveness -> 100% (PX4 reads back 1.00),1.0,20.021,-0.005,0.00,0.11,95.65,-0.02,-0.11,0.07,769,769,769,769,LOITER,1
48.580,motor 1 effectiveness -> 100% (PX4 reads back 1.00),1.0,20.021,-0.005,-0.00,0.11,95.66,0.01,-0.14,0.07,769,769,769,769,LOITER,1
48.600,motor 1 effectiveness -> 100% (PX4 reads back 1.00),1.0,20.021,-0.005,-0.00,0.10,95.66,0.06,-0.19,0.06,769,769,769,769,LOITER,1
48.620,motor 1 effectiveness -> 100% (PX4 reads back 1.00),1.0,20.021,-0.004,0.00,0.10,95.66,-0.03,-0.17,0.03,770,769,769,769,LOITER,1
48.640,motor 1 effectiveness -> 100% (PX4 reads back 1.00),1.0,20.021,-0.004,-0.00,0.10,95.66,0.00,-0.16,0.13,770,769,769,769,LOITER,1
48.660,motor 1 effectiveness -> 100% (PX4 reads back 1.00),1.0,20.021,-0.004,-0.00,0.09,95.66,0.13,-0.25,0.09,770,769,769,769,LOITER,1
48.680,motor 1 effectiveness -> 100% (PX4 reads back 1.00),1.0,20.021,-0.004,0.00,0.09,95.67,0.08,-0.20,0.06,770,769,769,769,LOITER,1
48.700,motor 1 effectiveness -> 100% (PX4 reads back 1.00),1.0,20.021,-0.004,0.00,0.08,95.67,0.14,-0.12,0.02,770,769,769,769,LOITER,1
48.720,motor 1 effectiveness -> 100% (PX4 reads back 1.00),1.0,20.021,-0.004,0.01,0.08,95.67,0.16,-0.22,0.13,769,769,769,769,LOITER,1
48.740,motor 1 effectiveness -> 100% (PX4 reads back 1.00),1.0,20.021,-0.004,0.01,0.08,95.67,0.20,-0.08,0.08,769,769,769,769,LOITER,1
48.760,motor 1 effectiveness -> 100% (PX4 reads back 1.00),1.0,20.021,-0.005,0.01,0.08,95.68,0.24,0.02,0.08,769,769,769,770,LOITER,1
48.780,motor 1 effectiveness -> 100% (PX4 reads back 1.00),1.0,20.021,-0.005,0.02,0.07,95.68,0.14,-0.11,0.09,769,769,769,770,LOITER,1
48.800,motor 1 effectiveness -> 100% (PX4 reads back 1.00),1.0,20.021,-0.005,0.02,0.07,95.68,0.18,-0.10,0.04,769,769,769,770,LOITER,1
48.820,motor 1 effectiveness -> 100% (PX4 reads back 1.00),1.0,20.021,-0.005,0.02,0.07,95.68,0.19,-0.15,0.12,769,769,769,769,LOITER,1
48.840,motor 1 effectiveness -> 100% (PX4 reads back 1.00),1.0,20.021,-0.005,0.02,0.07,95.69,0.17,-0.16,0.12,769,769,769,769,LOITER,1
48.860,motor 1 effectiveness -> 100% (PX4 reads back 1.00),1.0,20.022,-0.005,0.03,0.06,95.69,0.24,-0.15,0.07,769,769,769,769,LOITER,1
48.880,motor 1 effectiveness -> 100% (PX4 reads back 1.00),1.0,20.022,-0.005,0.03,0.06,95.69,0.27,-0.17,0.08,769,769,769,769,LOITER,1
48.900,motor 1 effectiveness -> 100% (PX4 reads back 1.00),1.0,20.022,-0.005,0.04,0.06,95.69,0.23,-0.12,0.04,769,769,769,769,LOITER,1
48.920,motor 1 effectiveness -> 100% (PX4 reads back 1.00),1.0,20.022,-0.005,0.04,0.05,95.70,0.25,-0.17,0.04,769,769,769,769,LOITER,1
48.940,motor 1 effectiveness -> 100% (PX4 reads back 1.00),1.0,20.022,-0.005,0.05,0.05,95.70,0.29,-0.13,0.10,769,769,769,769,LOITER,1
48.960,motor 1 effectiveness -> 100% (PX4 reads back 1.00),1.0,20.022,-0.005,0.05,0.05,95.70,0.19,-0.15,0.05,769,768,769,769,LOITER,1
48.980,motor 1 effectiveness -> 100% (PX4 reads back 1.00),1.0,20.022,-0.005,0.05,0.05,95.70,0.19,-0.03,0.07,769,768,769,769,LOITER,1
49.000,motor 1 effectiveness -> 100% (PX4 reads back 1.00),1.0,20.022,-0.005,0.06,0.04,95.70,0.17,-0.07,0.07,769,768,769,769,LOITER,1
49.020,motor 1 effectiveness -> 100% (PX4 reads back 1.00),1.0,20.022,-0.004,0.06,0.04,95.71,0.21,-0.09,0.05,769,769,769,769,LOITER,1
49.040,motor 1 effectiveness -> 100% (PX4 reads back 1.00),1.0,20.022,-0.004,0.06,0.04,95.71,0.13,-0.09,0.09,769,769,769,769,LOITER,1
49.060,motor 1 effectiveness -> 100% (PX4 reads back 1.00),1.0,20.022,-0.004,0.07,0.04,95.71,0.26,-0.08,0.03,769,768,769,769,LOITER,1
49.080,motor 1 effectiveness -> 100% (PX4 reads back 1.00),1.0,20.022,-0.004,0.07,0.04,95.71,0.29,0.01,0.02,769,768,769,769,LOITER,1
49.100,motor 1 effectiveness -> 100% (PX4 reads back 1.00),1.0,20.022,-0.004,0.08,0.04,95.71,0.24,-0.06,0.06,769,768,769,769,LOITER,1
49.120,motor 1 effectiveness -> 100% (PX4 reads back 1.00),1.0,20.022,-0.004,0.08,0.04,95.72,0.28,0.09,0.03,769,769,770,769,LOITER,1
49.140,motor 1 effectiveness -> 100% (PX4 reads back 1.00),1.0,20.022,-0.004,0.09,0.04,95.72,0.27,0.03,0.00,769,769,770,769,LOITER,1
49.160,motor 1 effectiveness -> 100% (PX4 reads back 1.00),1.0,20.022,-0.004,0.09,0.04,95.72,0.35,0.02,0.04,769,768,770,769,LOITER,1
49.180,motor 1 effectiveness -> 100% (PX4 reads back 1.00),1.0,20.022,-0.004,0.10,0.04,95.72,0.32,0.15,0.01,769,768,770,769,LOITER,1
49.200,motor 1 effectiveness -> 100% (PX4 reads back 1.00),1.0,20.022,-0.004,0.11,0.04,95.72,0.27,0.02,0.01,769,768,770,769,LOITER,1
49.220,motor 1 effectiveness -> 100% (PX4 reads back 1.00),1.0,20.022,-0.004,0.11,0.04,95.72,0.29,0.03,0.03,769,768,769,769,LOITER,1
49.240,motor 1 effectiveness -> 100% (PX4 reads back 1.00),1.0,20.022,-0.004,0.12,0.04,95.72,0.29,0.15,0.02,769,768,769,769,LOITER,1
49.260,motor 1 effectiveness -> 100% (PX4 reads back 1.00),1.0,20.023,-0.004,0.12,0.05,95.72,0.25,0.16,-0.01,769,769,769,769,LOITER,1
49.280,motor 1 effectiveness -> 100% (PX4 reads back 1.00),1.0,20.023,-0.004,0.13,0.05,95.73,0.19,0.05,-0.01,769,769,769,769,LOITER,1
49.300,motor 1 effectiveness -> 100% (PX4 reads back 1.00),1.0,20.023,-0.004,0.13,0.05,95.73,0.13,0.05,0.02,769,769,769,769,LOITER,1
49.320,motor 1 effectiveness -> 100% (PX4 reads back 1.00),1.0,20.023,-0.004,0.13,0.05,95.73,0.05,0.20,0.01,769,768,769,769,LOITER,1
49.340,motor 1 effectiveness -> 100% (PX4 reads back 1.00),1.0,20.023,-0.004,0.13,0.06,95.73,0.08,0.18,-0.03,769,768,769,769,LOITER,1
49.360,motor 1 effectiveness -> 100% (PX4 reads back 1.00),1.0,20.023,-0.004,0.14,0.06,95.73,0.13,0.09,-0.02,769,768,769,769,LOITER,1
49.380,motor 1 effectiveness -> 100% (PX4 reads back 1.00),1.0,20.023,-0.004,0.14,0.06,95.73,0.06,0.10,-0.03,769,768,769,769,LOITER,1
49.400,motor 1 effectiveness -> 100% (PX4 reads back 1.00),1.0,20.023,-0.004,0.14,0.06,95.73,0.12,0.04,-0.00,769,768,769,769,LOITER,1
49.420,motor 1 effectiveness -> 100% (PX4 reads back 1.00),1.0,20.024,-0.003,0.14,0.06,95.73,0.08,0.05,-0.01,769,768,769,769,LOITER,1
49.440,motor 1 effectiveness -> 100% (PX4 reads back 1.00),1.0,20.024,-0.003,0.14,0.07,95.73,0.06,0.01,-0.02,769,768,769,769,LOITER,1
49.460,motor 1 effectiveness -> 100% (PX4 reads back 1.00),1.0,20.024,-0.003,0.14,0.07,95.73,0.06,-0.15,-0.07,769,768,769,769,LOITER,1
49.480,motor 1 effectiveness -> 100% (PX4 reads back 1.00),1.0,20.024,-0.003,0.15,0.06,95.73,-0.08,-0.12,-0.08,769,768,769,769,LOITER,1
49.500,motor 1 effectiveness -> 100% (PX4 reads back 1.00),1.0,20.024,-0.003,0.14,0.06,95.73,-0.08,-0.17,-0.05,769,768,769,769,LOITER,1
49.520,motor 1 effectiveness -> 100% (PX4 reads back 1.00),1.0,20.024,-0.002,0.14,0.06,95.73,-0.12,-0.22,-0.08,769,768,769,769,LOITER,1
49.540,motor 1 effectiveness -> 100% (PX4 reads back 1.00),1.0,20.024,-0.002,0.14,0.05,95.72,-0.12,-0.25,-0.10,769,768,769,769,LOITER,1
49.560,motor 1 effectiveness -> 100% (PX4 reads back 1.00),1.0,20.024,-0.002,0.14,0.05,95.72,-0.11,-0.31,-0.06,769,769,769,770,LOITER,1
49.580,motor 1 effectiveness -> 100% (PX4 reads back 1.00),1.0,20.024,-0.002,0.14,0.04,95.72,-0.20,-0.41,-0.08,769,769,769,770,LOITER,1
49.600,motor 1 effectiveness -> 100% (PX4 reads back 1.00),1.0,20.024,-0.002,0.13,0.04,95.72,-0.18,-0.42,-0.07,769,769,769,770,LOITER,1
49.620,motor 1 effectiveness -> 100% (PX4 reads back 1.00),1.0,20.024,-0.002,0.13,0.03,95.72,-0.15,-0.42,-0.06,769,769,769,769,LOITER,1
49.640,motor 1 effectiveness -> 100% (PX4 reads back 1.00),1.0,20.024,-0.002,0.13,0.02,95.72,-0.27,-0.49,-0.05,769,769,769,769,LOITER,1
49.660,motor 1 effectiveness -> 100% (PX4 reads back 1.00),1.0,20.024,-0.001,0.12,0.01,95.72,-0.25,-0.58,-0.03,769,769,769,769,LOITER,1
49.680,motor 1 effectiveness -> 100% (PX4 reads back 1.00),1.0,20.024,-0.001,0.12,0.00,95.72,-0.24,-0.50,-0.09,769,769,769,769,LOITER,1
49.700,motor 1 effectiveness -> 100% (PX4 reads back 1.00),1.0,20.024,-0.001,0.11,-0.01,95.71,-0.21,-0.53,-0.09,769,769,769,769,LOITER,1
49.720,motor 1 effectiveness -> 100% (PX4 reads back 1.00),1.0,20.024,-0.001,0.11,-0.02,95.71,-0.25,-0.56,-0.04,769,769,769,769,LOITER,1
49.740,motor 1 effectiveness -> 100% (PX4 reads back 1.00),1.0,20.024,-0.001,0.10,-0.03,95.71,-0.26,-0.55,-0.08,769,769,769,769,LOITER,1
49.760,motor 1 effectiveness -> 100% (PX4 reads back 1.00),1.0,20.024,-0.001,0.10,-0.04,95.71,-0.24,-0.53,-0.08,769,769,769,769,LOITER,1
49.780,motor 1 effectiveness -> 100% (PX4 reads back 1.00),1.0,20.024,-0.001,0.10,-0.05,95.71,-0.29,-0.54,-0.09,769,769,769,769,LOITER,1
49.800,motor 1 effectiveness -> 100% (PX4 reads back 1.00),1.0,20.024,-0.001,0.09,-0.06,95.71,-0.34,-0.55,-0.14,769,769,769,769,LOITER,1
49.820,motor 1 effectiveness -> 100% (PX4 reads back 1.00),1.0,20.024,-0.001,0.08,-0.07,95.71,-0.28,-0.56,-0.08,769,769,769,769,LOITER,1
49.840,motor 1 effectiveness -> 100% (PX4 reads back 1.00),1.0,20.024,-0.001,0.08,-0.08,95.71,-0.42,-0.47,-0.12,769,769,769,769,LOITER,1
49.860,motor 1 effectiveness -> 100% (PX4 reads back 1.00),1.0,20.024,-0.001,0.07,-0.09,95.71,-0.45,-0.39,-0.06,769,769,769,770,LOITER,1
49.880,motor 1 effectiveness -> 100% (PX4 reads back 1.00),1.0,20.024,-0.001,0.06,-0.09,95.71,-0.55,-0.46,-0.05,769,769,769,770,LOITER,1
49.900,motor 1 effectiveness -> 100% (PX4 reads back 1.00),1.0,20.024,-0.001,0.05,-0.10,95.71,-0.55,-0.52,-0.04,769,769,769,770,LOITER,1
49.920,motor 1 effectiveness -> 100% (PX4 reads back 1.00),1.0,20.024,-0.001,0.04,-0.11,95.71,-0.54,-0.40,-0.09,770,769,769,769,LOITER,1
49.940,motor 1 effectiveness -> 100% (PX4 reads back 1.00),1.0,20.024,-0.001,0.03,-0.12,95.71,-0.59,-0.45,-0.10,770,769,769,769,LOITER,1
49.960,motor 1 effectiveness -> 100% (PX4 reads back 1.00),1.0,20.024,-0.001,0.02,-0.13,95.71,-0.68,-0.46,-0.07,769,769,770,769,LOITER,1
49.980,motor 1 effectiveness -> 100% (PX4 reads back 1.00),1.0,20.024,-0.001,0.00,-0.14,95.71,-0.69,-0.40,-0.08,769,769,770,769,LOITER,1
50.000,motor 1 effectiveness -> 100% (PX4 reads back 1.00),1.0,20.024,-0.001,-0.01,-0.14,95.71,-0.61,-0.50,-0.11,769,769,770,769,LOITER,1
50.020,motor 1 effectiveness -> 100% (PX4 reads back 1.00),1.0,20.023,-0.001,-0.02,-0.15,95.71,-0.56,-0.50,-0.08,770,769,770,769,LOITER,1
50.040,motor 1 effectiveness -> 100% (PX4 reads back 1.00),1.0,20.023,-0.001,-0.03,-0.16,95.71,-0.50,-0.39,-0.07,770,769,770,769,LOITER,1
50.060,motor 1 effectiveness -> 100% (PX4 reads back 1.00),1.0,20.023,-0.001,-0.04,-0.17,95.71,-0.59,-0.33,-0.16,769,770,770,769,LOITER,1
50.080,motor 1 effectiveness -> 100% (PX4 reads back 1.00),1.0,20.023,-0.001,-0.05,-0.18,95.70,-0.51,-0.38,-0.09,769,770,770,769,LOITER,1
50.100,motor 1 effectiveness -> 100% (PX4 reads back 1.00),1.0,20.023,-0.001,-0.06,-0.18,95.70,-0.45,-0.27,-0.12,769,770,770,769,LOITER,1
50.120,motor 1 effectiveness -> 100% (PX4 reads back 1.00),1.0,20.023,-0.002,-0.07,-0.19,95.70,-0.44,-0.32,-0.08,770,769,769,769,LOITER,1
50.140,motor 1 effectiveness -> 100% (PX4 reads back 1.00),1.0,20.023,-0.002,-0.08,-0.20,95.70,-0.51,-0.26,-0.08,770,769,769,769,LOITER,1
50.160,motor 1 effectiveness -> 100% (PX4 reads back 1.00),1.0,20.022,-0.002,-0.09,-0.20,95.70,-0.51,-0.12,-0.07,769,770,769,770,LOITER,1
50.180,motor 1 effectiveness -> 100% (PX4 reads back 1.00),1.0,20.022,-0.002,-0.10,-0.20,95.70,-0.43,-0.20,-0.12,769,770,769,770,LOITER,1
50.200,motor 1 effectiveness -> 100% (PX4 reads back 1.00),1.0,20.022,-0.002,-0.11,-0.21,95.69,-0.42,-0.27,-0.09,769,770,769,770,LOITER,1
50.220,motor 1 effectiveness -> 100% (PX4 reads back 1.00),1.0,20.022,-0.002,-0.11,-0.21,95.69,-0.47,-0.08,-0.08,770,769,770,769,LOITER,1
50.240,motor 1 effectiveness -> 100% (PX4 reads back 1.00),1.0,20.022,-0.002,-0.12,-0.21,95.69,-0.42,-0.08,-0.09,770,769,770,769,LOITER,1
50.260,motor 1 effectiveness -> 100% (PX4 reads back 1.00),1.0,20.022,-0.002,-0.13,-0.21,95.69,-0.37,-0.02,-0.09,770,769,769,769,LOITER,1
50.280,motor 1 effectiveness -> 100% (PX4 reads back 1.00),1.0,20.022,-0.002,-0.14,-0.21,95.69,-0.49,0.08,-0.10,770,769,769,769,LOITER,1
50.300,motor 1 effectiveness -> 100% (PX4 reads back 1.00),1.0,20.022,-0.002,-0.15,-0.21,95.68,-0.41,0.01,-0.05,770,769,769,769,LOITER,1
50.320,motor 1 effectiveness -> 100% (PX4 reads back 1.00),1.0,20.022,-0.003,-0.15,-0.21,95.68,-0.43,0.19,-0.06,770,769,770,769,LOITER,1
50.340,motor 1 effectiveness -> 100% (PX4 reads back 1.00),1.0,20.022,-0.003,-0.16,-0.21,95.68,-0.35,0.18,-0.02,770,769,770,769,LOITER,1
50.360,motor 1 effectiveness -> 100% (PX4 reads back 1.00),1.0,20.022,-0.003,-0.17,-0.21,95.68,-0.34,0.20,0.00,770,769,770,769,LOITER,1
50.380,motor 1 effectiveness -> 100% (PX4 reads back 1.00),1.0,20.022,-0.003,-0.18,-0.20,95.68,-0.30,0.35,-0.04,770,769,770,769,LOITER,1
50.400,motor 1 effectiveness -> 100% (PX4 reads back 1.00),1.0,20.022,-0.003,-0.18,-0.20,95.68,-0.28,0.35,-0.04,770,769,770,769,LOITER,1
50.416,motor 1 effectiveness -> 100% (PX4 reads back 1.00),1.0,20.021,-0.003,-0.18,-0.19,95.67,-0.30,0.34,0.03,770,769,769,769,LOITER,1
50.440,motor 1 effectiveness -> 100% (PX4 reads back 1.00),1.0,20.021,-0.003,-0.19,-0.19,95.67,-0.30,0.35,0.03,770,769,769,769,LOITER,1
50.460,motor 1 effectiveness -> 100% (PX4 reads back 1.00),1.0,20.021,-0.003,-0.20,-0.18,95.67,-0.27,0.41,-0.04,769,770,769,769,LOITER,1
50.480,motor 1 effectiveness -> 100% (PX4 reads back 1.00),1.0,20.021,-0.003,-0.20,-0.17,95.67,-0.20,0.47,0.02,769,770,769,769,LOITER,1
50.500,motor 1 effectiveness -> 100% (PX4 reads back 1.00),1.0,20.021,-0.003,-0.21,-0.16,95.67,-0.14,0.43,-0.02,769,770,769,769,LOITER,1
50.520,motor 1 effectiveness -> 100% (PX4 reads back 1.00),1.0,20.021,-0.003,-0.21,-0.15,95.66,-0.11,0.51,0.00,770,769,769,769,LOITER,1
50.540,motor 1 effectiveness -> 100% (PX4 reads back 1.00),1.0,20.021,-0.003,-0.21,-0.15,95.66,-0.11,0.52,0.08,770,769,769,769,LOITER,1
50.560,motor 1 effectiveness -> 100% (PX4 reads back 1.00),1.0,20.022,-0.003,-0.21,-0.14,95.66,-0.12,0.47,0.07,770,769,770,769,LOITER,1
50.580,motor 1 effectiveness -> 100% (PX4 reads back 1.00),1.0,20.022,-0.003,-0.21,-0.13,95.66,-0.09,0.54,-0.03,770,769,770,769,LOITER,1
50.600,motor 1 effectiveness -> 100% (PX4 reads back 1.00),1.0,20.022,-0.003,-0.22,-0.12,95.66,-0.03,0.48,0.00,770,769,770,769,LOITER,1
50.620,motor 1 effectiveness -> 100% (PX4 reads back 1.00),1.0,20.022,-0.003,-0.22,-0.11,95.66,0.08,0.55,-0.05,770,769,770,769,LOITER,1
50.640,motor 1 effectiveness -> 100% (PX4 reads back 1.00),1.0,20.022,-0.003,-0.22,-0.10,95.66,0.05,0.60,0.08,770,769,770,769,LOITER,1
50.660,motor 1 effectiveness -> 100% (PX4 reads back 1.00),1.0,20.022,-0.004,-0.21,-0.09,95.66,0.17,0.59,0.03,769,769,769,769,LOITER,1
50.680,motor 1 effectiveness -> 100% (PX4 reads back 1.00),1.0,20.022,-0.004,-0.21,-0.08,95.66,0.15,0.57,0.05,769,769,769,769,LOITER,1
50.700,motor 1 effectiveness -> 100% (PX4 reads back 1.00),1.0,20.022,-0.004,-0.21,-0.06,95.66,0.19,0.59,0.00,769,769,769,769,LOITER,1
50.720,motor 1 effectiveness -> 100% (PX4 reads back 1.00),1.0,20.023,-0.004,-0.21,-0.05,95.66,0.17,0.62,0.04,769,769,769,769,LOITER,1
50.740,motor 1 effectiveness -> 100% (PX4 reads back 1.00),1.0,20.023,-0.004,-0.20,-0.04,95.66,0.19,0.61,0.00,769,769,769,769,LOITER,1
50.760,motor 1 effectiveness -> 100% (PX4 reads back 1.00),1.0,20.024,-0.003,-0.20,-0.03,95.65,0.19,0.56,0.04,769,769,769,769,LOITER,1
50.780,motor 1 effectiveness -> 100% (PX4 reads back 1.00),1.0,20.024,-0.003,-0.20,-0.02,95.65,0.23,0.56,0.07,769,769,769,769,LOITER,1
50.800,motor 1 effectiveness -> 100% (PX4 reads back 1.00),1.0,20.024,-0.003,-0.19,-0.01,95.65,0.16,0.53,0.05,769,769,769,769,LOITER,1
50.820,motor 1 effectiveness -> 100% (PX4 reads back 1.00),1.0,20.024,-0.003,-0.19,0.00,95.65,0.16,0.45,0.01,768,769,769,769,LOITER,1
50.840,motor 1 effectiveness -> 100% (PX4 reads back 1.00),1.0,20.024,-0.003,-0.19,0.01,95.65,0.22,0.50,0.04,768,769,769,769,LOITER,1
50.860,motor 1 effectiveness -> 100% (PX4 reads back 1.00),1.0,20.025,-0.003,-0.18,0.02,95.65,0.20,0.41,0.04,768,769,768,768,LOITER,1
50.880,motor 1 effectiveness -> 100% (PX4 reads back 1.00),1.0,20.025,-0.003,-0.18,0.03,95.65,0.32,0.29,0.04,768,769,768,768,LOITER,1
50.900,motor 1 effectiveness -> 100% (PX4 reads back 1.00),1.0,20.025,-0.003,-0.17,0.04,95.65,0.32,0.23,0.01,768,769,768,768,LOITER,1
50.920,motor 1 effectiveness -> 100% (PX4 reads back 1.00),1.0,20.026,-0.002,-0.16,0.04,95.65,0.33,0.29,0.02,769,769,768,768,LOITER,1
50.940,motor 1 effectiveness -> 100% (PX4 reads back 1.00),1.0,20.026,-0.002,-0.16,0.05,95.65,0.34,0.26,0.05,769,769,768,768,LOITER,1
50.960,motor 1 effectiveness -> 100% (PX4 reads back 1.00),1.0,20.027,-0.002,-0.15,0.05,95.65,0.41,0.18,0.12,769,768,768,768,LOITER,1
50.980,motor 1 effectiveness -> 100% (PX4 reads back 1.00),1.0,20.027,-0.002,-0.14,0.06,95.65,0.42,0.18,0.06,769,768,768,768,LOITER,1
51.000,motor 1 effectiveness -> 100% (PX4 reads back 1.00),1.0,20.027,-0.002,-0.13,0.06,95.65,0.33,0.20,0.04,769,768,768,768,LOITER,1
51.020,motor 1 effectiveness -> 100% (PX4 reads back 1.00),1.0,20.028,-0.001,-0.13,0.07,95.65,0.44,0.26,0.17,768,769,768,768,LOITER,1
51.040,motor 1 effectiveness -> 100% (PX4 reads back 1.00),1.0,20.028,-0.001,-0.12,0.07,95.65,0.38,0.20,0.10,768,769,768,768,LOITER,1
51.060,motor 1 effectiveness -> 100% (PX4 reads back 1.00),1.0,20.029,-0.000,-0.11,0.07,95.65,0.39,0.17,0.10,768,768,768,768,LOITER,1
51.080,motor 1 effectiveness -> 100% (PX4 reads back 1.00),1.0,20.029,-0.000,-0.10,0.08,95.65,0.39,0.11,0.09,768,768,768,768,LOITER,1
51.100,motor 1 effectiveness -> 100% (PX4 reads back 1.00),1.0,20.029,-0.000,-0.10,0.08,95.65,0.34,0.11,0.12,768,768,768,768,LOITER,1
51.120,motor 1 effectiveness -> 100% (PX4 reads back 1.00),1.0,20.030,0.001,-0.09,0.08,95.65,0.40,0.10,0.01,768,768,768,768,LOITER,1
51.140,motor 1 effectiveness -> 100% (PX4 reads back 1.00),1.0,20.030,0.001,-0.08,0.09,95.65,0.37,0.16,0.16,768,768,768,768,LOITER,1
51.160,motor 1 effectiveness -> 100% (PX4 reads back 1.00),1.0,20.031,0.002,-0.07,0.09,95.65,0.44,0.13,0.10,768,768,768,768,LOITER,1
51.180,motor 1 effectiveness -> 100% (PX4 reads back 1.00),1.0,20.031,0.002,-0.07,0.09,95.65,0.35,0.13,0.07,768,768,768,768,LOITER,1
51.200,motor 1 effectiveness -> 100% (PX4 reads back 1.00),1.0,20.031,0.002,-0.06,0.09,95.65,0.34,0.10,0.14,768,768,768,768,LOITER,1
51.220,motor 1 effectiveness -> 100% (PX4 reads back 1.00),1.0,20.032,0.003,-0.05,0.10,95.66,0.35,-0.01,0.06,768,768,768,768,LOITER,1
51.240,motor 1 effectiveness -> 100% (PX4 reads back 1.00),1.0,20.032,0.003,-0.05,0.10,95.66,0.28,0.08,0.06,768,768,768,768,LOITER,1
51.260,motor 1 effectiveness -> 100% (PX4 reads back 1.00),1.0,20.032,0.005,-0.04,0.10,95.65,0.25,0.01,0.09,768,768,768,768,LOITER,1
51.280,motor 1 effectiveness -> 100% (PX4 reads back 1.00),1.0,20.032,0.005,-0.04,0.10,95.66,0.27,-0.03,0.12,768,768,768,768,LOITER,1
51.300,motor 1 effectiveness -> 100% (PX4 reads back 1.00),1.0,20.032,0.005,-0.03,0.10,95.66,0.21,0.04,0.08,768,768,768,768,LOITER,1
51.320,motor 1 effectiveness -> 100% (PX4 reads back 1.00),1.0,20.032,0.006,-0.03,0.10,95.66,0.27,-0.06,0.05,769,769,769,769,LOITER,1
51.340,motor 1 effectiveness -> 100% (PX4 reads back 1.00),1.0,20.032,0.006,-0.02,0.10,95.66,0.21,0.01,0.09,769,769,769,769,LOITER,1
51.360,motor 1 effectiveness -> 100% (PX4 reads back 1.00),1.0,20.033,0.006,-0.02,0.10,95.66,0.21,0.00,0.07,769,769,769,769,LOITER,1
51.380,motor 1 effectiveness -> 100% (PX4 reads back 1.00),1.0,20.033,0.006,-0.01,0.10,95.66,0.24,0.00,0.06,769,769,769,769,LOITER,1
51.400,motor 1 effectiveness -> 100% (PX4 reads back 1.00),1.0,20.033,0.006,-0.01,0.10,95.66,0.23,-0.04,0.12,769,769,769,769,LOITER,1
51.420,motor 1 effectiveness -> 100% (PX4 reads back 1.00),1.0,20.033,0.007,-0.00,0.09,95.66,0.33,0.05,0.07,769,769,769,768,LOITER,1
51.440,motor 1 effectiveness -> 100% (PX4 reads back 1.00),1.0,20.033,0.007,0.00,0.10,95.66,0.26,0.02,0.11,769,769,769,768,LOITER,1
51.460,motor 1 effectiveness -> 100% (PX4 reads back 1.00),1.0,20.033,0.007,0.01,0.10,95.66,0.25,0.05,0.07,768,769,769,769,LOITER,1
51.480,motor 1 effectiveness -> 100% (PX4 reads back 1.00),1.0,20.033,0.007,0.01,0.10,95.66,0.33,0.04,0.06,768,769,769,769,LOITER,1
51.500,motor 1 effectiveness -> 100% (PX4 reads back 1.00),1.0,20.033,0.007,0.02,0.10,95.66,0.32,-0.04,0.10,768,769,769,769,LOITER,1
51.520,motor 1 effectiveness -> 100% (PX4 reads back 1.00),1.0,20.034,0.007,0.02,0.10,95.66,0.35,-0.00,0.07,769,768,769,769,LOITER,1
51.540,motor 1 effectiveness -> 100% (PX4 reads back 1.00),1.0,20.034,0.007,0.03,0.10,95.66,0.37,0.02,0.10,769,768,769,769,LOITER,1
51.560,motor 1 effectiveness -> 100% (PX4 reads back 1.00),1.0,20.034,0.007,0.04,0.10,95.66,0.37,-0.03,0.06,768,768,768,769,LOITER,1
51.580,motor 1 effectiveness -> 100% (PX4 reads back 1.00),1.0,20.034,0.007,0.04,0.10,95.66,0.38,-0.11,0.09,768,768,768,769,LOITER,1
51.600,motor 1 effectiveness -> 100% (PX4 reads back 1.00),1.0,20.034,0.007,0.05,0.09,95.66,0.31,-0.08,0.09,768,768,768,769,LOITER,1
51.620,motor 1 effectiveness -> 100% (PX4 reads back 1.00),1.0,20.035,0.007,0.06,0.09,95.66,0.28,-0.14,0.11,768,768,768,769,LOITER,1
51.640,motor 1 effectiveness -> 100% (PX4 reads back 1.00),1.0,20.035,0.007,0.06,0.09,95.66,0.29,-0.08,0.11,768,768,768,769,LOITER,1
51.660,motor 1 effectiveness -> 100% (PX4 reads back 1.00),1.0,20.036,0.008,0.07,0.09,95.66,0.23,-0.08,0.05,768,768,768,768,LOITER,1
51.680,motor 1 effectiveness -> 100% (PX4 reads back 1.00),1.0,20.036,0.008,0.07,0.09,95.66,0.27,-0.16,0.12,768,768,768,768,LOITER,1
51.700,motor 1 effectiveness -> 100% (PX4 reads back 1.00),1.0,20.036,0.008,0.08,0.09,95.66,0.28,-0.19,0.08,768,768,768,768,LOITER,1
51.720,motor 1 effectiveness -> 100% (PX4 reads back 1.00),1.0,20.037,0.009,0.09,0.08,95.66,0.32,-0.12,0.04,769,768,769,768,LOITER,1
51.740,motor 1 effectiveness -> 100% (PX4 reads back 1.00),1.0,20.037,0.009,0.09,0.08,95.66,0.34,-0.10,0.12,769,768,769,768,LOITER,1
51.760,motor 1 effectiveness -> 100% (PX4 reads back 1.00),1.0,20.038,0.011,0.10,0.08,95.66,0.28,-0.22,0.08,768,768,769,768,LOITER,1
51.780,motor 1 effectiveness -> 100% (PX4 reads back 1.00),1.0,20.038,0.011,0.10,0.07,95.66,0.33,-0.17,0.06,768,768,769,768,LOITER,1
51.800,motor 1 effectiveness -> 100% (PX4 reads back 1.00),1.0,20.038,0.011,0.11,0.07,95.67,0.33,-0.19,0.03,768,768,769,768,LOITER,1
51.820,motor 1 effectiveness -> 100% (PX4 reads back 1.00),1.0,20.038,0.011,0.12,0.07,95.66,0.26,-0.27,0.02,769,768,769,768,LOITER,1
51.840,motor 1 effectiveness -> 100% (PX4 reads back 1.00),1.0,20.038,0.011,0.12,0.06,95.66,0.29,-0.15,0.01,769,768,769,768,LOITER,1
51.860,motor 1 effectiveness -> 100% (PX4 reads back 1.00),1.0,20.038,0.012,0.13,0.06,95.66,0.26,-0.15,0.03,769,769,768,769,LOITER,1
51.880,motor 1 effectiveness -> 100% (PX4 reads back 1.00),1.0,20.038,0.012,0.13,0.06,95.66,0.27,-0.22,0.05,769,769,768,769,LOITER,1
51.900,motor 1 effectiveness -> 100% (PX4 reads back 1.00),1.0,20.038,0.012,0.14,0.05,95.66,0.20,-0.19,0.12,769,769,768,769,LOITER,1
51.920,motor 1 effectiveness -> 100% (PX4 reads back 1.00),1.0,20.038,0.013,0.14,0.05,95.67,0.23,-0.29,0.11,769,769,769,769,LOITER,1
51.940,motor 1 effectiveness -> 100% (PX4 reads back 1.00),1.0,20.038,0.013,0.15,0.04,95.67,0.24,-0.20,0.07,769,769,769,769,LOITER,1
51.960,motor 1 effectiveness -> 100% (PX4 reads back 1.00),1.0,20.038,0.013,0.15,0.04,95.67,0.20,-0.25,0.07,769,769,769,769,LOITER,1
51.980,motor 1 effectiveness -> 100% (PX4 reads back 1.00),1.0,20.038,0.013,0.16,0.04,95.67,0.16,-0.22,0.02,769,769,769,769,LOITER,1
52.000,motor 1 effectiveness -> 100% (PX4 reads back 1.00),1.0,20.038,0.013,0.16,0.03,95.67,0.23,-0.24,0.02,769,769,769,769,LOITER,1
52.020,motor 1 effectiveness -> 100% (PX4 reads back 1.00),1.0,20.038,0.013,0.16,0.03,95.67,0.20,-0.19,0.10,769,769,769,769,LOITER,1
52.040,motor 1 effectiveness -> 100% (PX4 reads back 1.00),1.0,20.038,0.013,0.17,0.02,95.67,0.22,-0.24,0.09,769,769,769,769,LOITER,1
52.060,motor 1 effectiveness -> 100% (PX4 reads back 1.00),1.0,20.037,0.014,0.17,0.02,95.67,0.19,-0.24,0.07,770,769,769,770,LOITER,1
52.080,motor 1 effectiveness -> 100% (PX4 reads back 1.00),1.0,20.037,0.014,0.18,0.02,95.67,0.04,-0.27,0.13,770,769,769,770,LOITER,1
52.100,motor 1 effectiveness -> 100% (PX4 reads back 1.00),1.0,20.037,0.014,0.18,0.01,95.67,-0.12,-0.24,0.04,770,769,769,770,LOITER,1
52.120,motor 1 effectiveness -> 100% (PX4 reads back 1.00),1.0,20.036,0.014,0.17,0.01,95.68,-0.14,-0.24,0.02,769,770,769,770,LOITER,1
52.140,motor 1 effectiveness -> 100% (PX4 reads back 1.00),1.0,20.036,0.014,0.17,0.00,95.68,-0.11,-0.27,0.03,769,770,769,770,LOITER,1
52.160,motor 1 effectiveness -> 100% (PX4 reads back 1.00),1.0,20.036,0.014,0.17,-0.00,95.68,-0.02,-0.25,0.02,770,769,769,770,LOITER,1
52.180,motor 1 effectiveness -> 100% (PX4 reads back 1.00),1.0,20.036,0.014,0.17,-0.01,95.68,-0.14,-0.17,0.03,770,769,769,770,LOITER,1
52.200,motor 1 effectiveness -> 100% (PX4 reads back 1.00),1.0,20.036,0.014,0.17,-0.01,95.68,-0.13,-0.11,0.02,770,769,769,770,LOITER,1
52.220,motor 1 effectiveness -> 100% (PX4 reads back 1.00),1.0,20.035,0.013,0.16,-0.01,95.68,-0.16,-0.23,0.02,770,770,770,770,LOITER,1
52.240,motor 1 effectiveness -> 100% (PX4 reads back 1.00),1.0,20.035,0.013,0.16,-0.02,95.68,-0.15,-0.19,0.04,770,770,770,770,LOITER,1
52.260,motor 1 effectiveness -> 100% (PX4 reads back 1.00),1.0,20.034,0.012,0.16,-0.02,95.68,-0.20,-0.15,0.03,770,770,770,770,LOITER,1
52.280,motor 1 effectiveness -> 100% (PX4 reads back 1.00),1.0,20.034,0.012,0.15,-0.03,95.69,-0.15,-0.16,0.10,770,770,770,770,LOITER,1
52.300,motor 1 effectiveness -> 100% (PX4 reads back 1.00),1.0,20.034,0.012,0.15,-0.03,95.69,-0.15,-0.15,0.01,770,770,770,770,LOITER,1
52.320,motor 1 effectiveness -> 100% (PX4 reads back 1.00),1.0,20.034,0.011,0.15,-0.03,95.69,-0.22,-0.14,-0.03,769,770,770,770,LOITER,1
52.340,motor 1 effectiveness -> 100% (PX4 reads back 1.00),1.0,20.034,0.011,0.14,-0.03,95.69,-0.17,-0.21,0.00,769,770,770,770,LOITER,1
52.360,motor 1 effectiveness -> 100% (PX4 reads back 1.00),1.0,20.033,0.011,0.14,-0.04,95.69,-0.14,-0.19,0.03,770,770,770,770,LOITER,1
52.380,motor 1 effectiveness -> 100% (PX4 reads back 1.00),1.0,20.033,0.011,0.13,-0.04,95.69,-0.20,-0.18,0.02,770,770,770,770,LOITER,1
52.400,motor 1 effectiveness -> 100% (PX4 reads back 1.00),1.0,20.033,0.011,0.13,-0.04,95.69,-0.16,-0.16,0.07,770,770,770,770,LOITER,1
52.420,motor 1 effectiveness -> 100% (PX4 reads back 1.00),1.0,20.032,0.010,0.13,-0.05,95.70,-0.17,-0.15,-0.01,770,770,770,770,LOITER,1
52.440,motor 1 effectiveness -> 100% (PX4 reads back 1.00),1.0,20.032,0.010,0.12,-0.05,95.70,-0.18,-0.09,0.04,770,770,770,770,LOITER,1
52.460,motor 1 effectiveness -> 100% (PX4 reads back 1.00),1.0,20.032,0.009,0.12,-0.05,95.70,-0.18,-0.11,-0.01,770,769,770,770,LOITER,1
52.480,motor 1 effectiveness -> 100% (PX4 reads back 1.00),1.0,20.032,0.009,0.12,-0.05,95.70,-0.24,-0.07,0.02,770,769,770,770,LOITER,1
52.500,motor 1 effectiveness -> 100% (PX4 reads back 1.00),1.0,20.032,0.009,0.11,-0.06,95.70,-0.16,-0.13,0.04,770,769,770,770,LOITER,1
52.520,motor 1 effectiveness -> 100% (PX4 reads back 1.00),1.0,20.031,0.008,0.11,-0.06,95.70,-0.23,-0.09,0.02,770,769,770,770,LOITER,1
52.540,motor 1 effectiveness -> 100% (PX4 reads back 1.00),1.0,20.031,0.008,0.10,-0.06,95.70,-0.21,-0.01,0.01,770,769,770,770,LOITER,1
52.560,motor 1 effectiveness -> 100% (PX4 reads back 1.00),1.0,20.031,0.008,0.10,-0.06,95.70,-0.14,-0.03,0.04,769,769,770,770,LOITER,1
52.580,motor 1 effectiveness -> 100% (PX4 reads back 1.00),1.0,20.031,0.008,0.10,-0.06,95.70,-0.15,-0.03,-0.04,769,769,770,770,LOITER,1
52.600,motor 1 effectiveness -> 100% (PX4 reads back 1.00),1.0,20.031,0.008,0.10,-0.06,95.70,-0.20,-0.02,0.02,769,769,770,770,LOITER,1
52.620,motor 1 effectiveness -> 100% (PX4 reads back 1.00),1.0,20.031,0.007,0.09,-0.06,95.70,-0.14,-0.07,-0.03,769,769,770,770,LOITER,1
52.640,motor 1 effectiveness -> 100% (PX4 reads back 1.00),1.0,20.031,0.007,0.09,-0.06,95.70,-0.19,-0.00,0.02,769,769,770,770,LOITER,1
52.660,motor 1 effectiveness -> 100% (PX4 reads back 1.00),1.0,20.031,0.007,0.09,-0.06,95.71,-0.11,0.03,-0.03,769,769,769,770,LOITER,1
52.680,motor 1 effectiveness -> 100% (PX4 reads back 1.00),1.0,20.031,0.007,0.08,-0.06,95.71,-0.22,-0.01,0.03,769,769,769,770,LOITER,1
52.700,motor 1 effectiveness -> 100% (PX4 reads back 1.00),1.0,20.031,0.007,0.08,-0.06,95.71,-0.25,-0.02,-0.07,769,769,769,770,LOITER,1
52.720,motor 1 effectiveness -> 100% (PX4 reads back 1.00),1.0,20.031,0.006,0.08,-0.06,95.71,-0.16,0.01,-0.08,769,769,770,769,LOITER,1
52.740,motor 1 effectiveness -> 100% (PX4 reads back 1.00),1.0,20.031,0.006,0.07,-0.06,95.70,-0.19,0.07,0.00,769,769,770,769,LOITER,1
52.760,motor 1 effectiveness -> 100% (PX4 reads back 1.00),1.0,20.032,0.006,0.07,-0.06,95.70,-0.06,0.08,-0.05,769,769,769,769,LOITER,1
52.780,motor 1 effectiveness -> 100% (PX4 reads back 1.00),1.0,20.032,0.006,0.07,-0.06,95.70,-0.19,0.07,-0.05,769,769,769,769,LOITER,1
52.800,motor 1 effectiveness -> 100% (PX4 reads back 1.00),1.0,20.032,0.006,0.06,-0.06,95.70,-0.13,0.06,-0.03,769,769,769,769,LOITER,1
52.820,motor 1 effectiveness -> 100% (PX4 reads back 1.00),1.0,20.032,0.006,0.06,-0.06,95.70,-0.11,0.10,-0.12,769,768,769,769,LOITER,1
52.840,motor 1 effectiveness -> 100% (PX4 reads back 1.00),1.0,20.032,0.006,0.06,-0.05,95.70,-0.26,0.22,-0.07,769,768,769,769,LOITER,1
52.860,motor 1 effectiveness -> 100% (PX4 reads back 1.00),1.0,20.033,0.006,0.05,-0.05,95.69,-0.26,0.17,-0.09,769,769,769,769,LOITER,1
52.880,motor 1 effectiveness -> 100% (PX4 reads back 1.00),1.0,20.033,0.006,0.05,-0.05,95.69,-0.24,0.23,-0.05,769,769,769,769,LOITER,1
52.900,motor 1 effectiveness -> 100% (PX4 reads back 1.00),1.0,20.033,0.006,0.04,-0.04,95.69,-0.24,0.24,0.02,769,769,769,769,LOITER,1
52.920,motor 1 effectiveness -> 100% (PX4 reads back 1.00),1.0,20.033,0.007,0.03,-0.04,95.69,-0.27,0.19,-0.04,769,769,769,769,LOITER,1
52.940,motor 1 effectiveness -> 100% (PX4 reads back 1.00),1.0,20.033,0.007,0.03,-0.03,95.69,-0.20,0.30,-0.09,769,769,769,769,LOITER,1
52.960,motor 1 effectiveness -> 100% (PX4 reads back 1.00),1.0,20.034,0.007,0.03,-0.03,95.68,-0.19,0.29,-0.04,769,769,769,768,LOITER,1
52.980,motor 1 effectiveness -> 100% (PX4 reads back 1.00),1.0,20.034,0.007,0.02,-0.02,95.68,-0.23,0.38,-0.06,769,769,769,768,LOITER,1
53.000,motor 1 effectiveness -> 100% (PX4 reads back 1.00),1.0,20.034,0.007,0.02,-0.02,95.68,-0.21,0.23,-0.08,769,769,769,768,LOITER,1
53.020,motor 1 effectiveness -> 100% (PX4 reads back 1.00),1.0,20.034,0.007,0.01,-0.01,95.68,-0.14,0.17,-0.03,769,769,769,768,LOITER,1
53.040,motor 1 effectiveness -> 100% (PX4 reads back 1.00),1.0,20.034,0.007,0.01,-0.01,95.67,-0.11,0.33,-0.05,769,769,769,768,LOITER,1
53.060,motor 1 effectiveness -> 100% (PX4 reads back 1.00),1.0,20.034,0.008,0.01,-0.00,95.67,-0.11,0.33,-0.01,768,769,769,769,LOITER,1
53.080,motor 1 effectiveness -> 100% (PX4 reads back 1.00),1.0,20.034,0.008,0.01,0.00,95.67,-0.03,0.30,-0.07,768,769,769,769,LOITER,1
53.100,motor 1 effectiveness -> 100% (PX4 reads back 1.00),1.0,20.034,0.008,0.01,0.01,95.67,0.09,0.34,-0.11,768,769,769,769,LOITER,1
53.120,motor 1 effectiveness -> 100% (PX4 reads back 1.00),1.0,20.034,0.008,0.01,0.02,95.66,0.10,0.35,0.00,769,769,768,769,LOITER,1
53.140,motor 1 effectiveness -> 100% (PX4 reads back 1.00),1.0,20.034,0.008,0.01,0.02,95.66,0.06,0.19,0.01,769,769,768,769,LOITER,1
53.160,motor 1 effectiveness -> 100% (PX4 reads back 1.00),1.0,20.034,0.009,0.01,0.03,95.66,0.08,0.34,0.01,769,770,769,769,LOITER,1
53.180,motor 1 effectiveness -> 100% (PX4 reads back 1.00),1.0,20.034,0.009,0.01,0.03,95.66,0.20,0.24,-0.01,769,770,769,769,LOITER,1
53.200,motor 1 effectiveness -> 100% (PX4 reads back 1.00),1.0,20.034,0.009,0.01,0.04,95.66,0.21,0.20,0.03,769,770,769,769,LOITER,1
53.220,motor 1 effectiveness -> 100% (PX4 reads back 1.00),1.0,20.034,0.009,0.02,0.04,95.66,0.26,0.20,-0.02,769,770,769,769,LOITER,1
53.240,motor 1 effectiveness -> 100% (PX4 reads back 1.00),1.0,20.034,0.009,0.02,0.04,95.65,0.30,0.10,0.04,769,770,769,769,LOITER,1
53.260,motor 1 effectiveness -> 100% (PX4 reads back 1.00),1.0,20.034,0.009,0.03,0.05,95.65,0.38,0.10,-0.07,769,769,769,769,LOITER,1
53.280,motor 1 effectiveness -> 100% (PX4 reads back 1.00),1.0,20.034,0.009,0.03,0.05,95.65,0.29,0.08,0.04,769,769,769,769,LOITER,1
53.300,motor 1 effectiveness -> 100% (PX4 reads back 1.00),1.0,20.034,0.009,0.04,0.05,95.65,0.36,0.12,-0.06,769,769,769,769,LOITER,1
53.320,motor 1 effectiveness -> 100% (PX4 reads back 1.00),1.0,20.033,0.009,0.05,0.05,95.65,0.36,0.08,0.02,770,769,769,769,LOITER,1
53.340,motor 1 effectiveness -> 100% (PX4 reads back 1.00),1.0,20.033,0.009,0.05,0.05,95.64,0.25,0.17,0.02,770,769,769,769,LOITER,1
53.360,motor 1 effectiveness -> 100% (PX4 reads back 1.00),1.0,20.033,0.009,0.06,0.06,95.64,0.31,0.10,0.01,770,770,769,769,LOITER,1
53.380,motor 1 effectiveness -> 100% (PX4 reads back 1.00),1.0,20.033,0.009,0.06,0.06,95.64,0.31,0.13,0.05,770,770,769,769,LOITER,1
53.400,motor 1 effectiveness -> 100% (PX4 reads back 1.00),1.0,20.033,0.009,0.07,0.06,95.64,0.33,0.15,0.02,770,770,769,769,LOITER,1
53.420,motor 1 effectiveness -> 100% (PX4 reads back 1.00),1.0,20.032,0.009,0.07,0.06,95.64,0.34,0.11,0.02,770,769,769,769,LOITER,1
53.440,motor 1 effectiveness -> 100% (PX4 reads back 1.00),1.0,20.032,0.009,0.08,0.07,95.64,0.31,0.09,0.05,770,769,769,769,LOITER,1
53.460,motor 1 effectiveness -> 100% (PX4 reads back 1.00),1.0,20.032,0.008,0.09,0.07,95.64,0.32,0.12,0.09,770,770,769,769,LOITER,1
53.480,motor 1 effectiveness -> 100% (PX4 reads back 1.00),1.0,20.032,0.008,0.09,0.07,95.64,0.35,0.09,0.05,770,770,769,769,LOITER,1
53.500,motor 1 effectiveness -> 100% (PX4 reads back 1.00),1.0,20.032,0.008,0.10,0.07,95.64,0.32,0.11,0.11,770,770,769,769,LOITER,1
53.520,motor 1 effectiveness -> 100% (PX4 reads back 1.00),1.0,20.032,0.008,0.10,0.07,95.64,0.33,0.06,0.07,770,770,769,769,LOITER,1
53.540,motor 1 effectiveness -> 100% (PX4 reads back 1.00),1.0,20.032,0.008,0.11,0.07,95.64,0.31,0.11,0.08,770,770,769,769,LOITER,1
53.560,motor 1 effectiveness -> 100% (PX4 reads back 1.00),1.0,20.032,0.008,0.12,0.08,95.64,0.35,0.21,0.12,769,770,769,769,LOITER,1
53.580,motor 1 effectiveness -> 100% (PX4 reads back 1.00),1.0,20.032,0.008,0.12,0.08,95.64,0.40,0.21,0.08,769,770,769,769,LOITER,1
53.600,motor 1 effectiveness -> 100% (PX4 reads back 1.00),1.0,20.032,0.008,0.13,0.09,95.64,0.43,0.22,0.15,769,770,769,769,LOITER,1
53.620,motor 1 effectiveness -> 100% (PX4 reads back 1.00),1.0,20.032,0.007,0.14,0.09,95.64,0.37,0.22,0.16,770,769,769,769,LOITER,1
53.640,motor 1 effectiveness -> 100% (PX4 reads back 1.00),1.0,20.032,0.007,0.15,0.10,95.64,0.29,0.31,0.09,770,769,769,769,LOITER,1
53.660,motor 1 effectiveness -> 100% (PX4 reads back 1.00),1.0,20.031,0.007,0.15,0.10,95.64,0.29,0.25,0.11,769,769,769,769,LOITER,1
53.680,motor 1 effectiveness -> 100% (PX4 reads back 1.00),1.0,20.031,0.007,0.16,0.11,95.65,0.37,0.22,0.11,769,769,769,769,LOITER,1
53.700,motor 1 effectiveness -> 100% (PX4 reads back 1.00),1.0,20.031,0.007,0.16,0.11,95.65,0.27,0.19,0.15,769,769,769,769,LOITER,1
53.720,motor 1 effectiveness -> 100% (PX4 reads back 1.00),1.0,20.031,0.007,0.17,0.11,95.65,0.15,0.09,0.13,769,769,769,769,LOITER,1
53.740,motor 1 effectiveness -> 100% (PX4 reads back 1.00),1.0,20.031,0.007,0.17,0.11,95.65,0.06,0.12,0.17,769,769,769,769,LOITER,1
53.760,motor 1 effectiveness -> 100% (PX4 reads back 1.00),1.0,20.031,0.007,0.17,0.12,95.66,0.01,0.15,0.09,769,769,769,770,LOITER,1
53.780,motor 1 effectiveness -> 100% (PX4 reads back 1.00),1.0,20.031,0.007,0.17,0.12,95.66,-0.11,0.08,0.14,769,769,769,770,LOITER,1
53.800,motor 1 effectiveness -> 100% (PX4 reads back 1.00),1.0,20.031,0.007,0.17,0.12,95.66,-0.10,-0.03,0.17,769,769,769,770,LOITER,1
53.820,motor 1 effectiveness -> 100% (PX4 reads back 1.00),1.0,20.031,0.007,0.16,0.12,95.67,-0.13,-0.05,0.14,770,769,770,769,LOITER,1
53.840,motor 1 effectiveness -> 100% (PX4 reads back 1.00),1.0,20.031,0.007,0.16,0.12,95.67,-0.10,0.04,0.07,770,769,770,769,LOITER,1
53.860,motor 1 effectiveness -> 100% (PX4 reads back 1.00),1.0,20.031,0.006,0.16,0.12,95.68,-0.13,0.01,0.19,769,769,769,770,LOITER,1
53.880,motor 1 effectiveness -> 100% (PX4 reads back 1.00),1.0,20.031,0.006,0.16,0.12,95.68,-0.16,-0.07,0.10,769,769,769,770,LOITER,1
53.900,motor 1 effectiveness -> 100% (PX4 reads back 1.00),1.0,20.031,0.006,0.15,0.12,95.68,-0.21,-0.15,0.11,769,769,769,770,LOITER,1
53.920,motor 1 effectiveness -> 100% (PX4 reads back 1.00),1.0,20.030,0.006,0.15,0.12,95.69,-0.29,-0.07,0.06,769,769,770,769,LOITER,1
53.940,motor 1 effectiveness -> 100% (PX4 reads back 1.00),1.0,20.030,0.006,0.14,0.11,95.69,-0.20,-0.18,0.08,769,769,770,769,LOITER,1
53.960,motor 1 effectiveness -> 100% (PX4 reads back 1.00),1.0,20.030,0.006,0.14,0.11,95.69,-0.18,-0.21,0.05,769,769,770,770,LOITER,1
53.980,motor 1 effectiveness -> 100% (PX4 reads back 1.00),1.0,20.030,0.006,0.14,0.11,95.70,-0.15,-0.27,0.02,769,769,770,770,LOITER,1
54.000,motor 1 effectiveness -> 100% (PX4 reads back 1.00),1.0,20.030,0.006,0.14,0.10,95.70,-0.15,-0.26,0.09,769,769,770,770,LOITER,1
54.020,motor 1 effectiveness -> 100% (PX4 reads back 1.00),1.0,20.030,0.006,0.13,0.10,95.71,-0.19,-0.26,0.03,769,769,770,769,LOITER,1
54.040,motor 1 effectiveness -> 100% (PX4 reads back 1.00),1.0,20.030,0.006,0.13,0.09,95.71,-0.28,-0.31,0.08,769,769,770,769,LOITER,1
54.060,motor 1 effectiveness -> 100% (PX4 reads back 1.00),1.0,20.030,0.006,0.12,0.09,95.71,-0.21,-0.25,0.04,769,769,769,770,LOITER,1
54.080,motor 1 effectiveness -> 100% (PX4 reads back 1.00),1.0,20.030,0.006,0.12,0.08,95.72,-0.28,-0.38,0.02,769,769,769,770,LOITER,1
54.100,motor 1 effectiveness -> 100% (PX4 reads back 1.00),1.0,20.030,0.006,0.11,0.07,95.72,-0.26,-0.31,-0.01,769,769,769,770,LOITER,1
54.120,motor 1 effectiveness -> 100% (PX4 reads back 1.00),1.0,20.030,0.005,0.11,0.07,95.72,-0.24,-0.34,-0.00,769,769,769,770,LOITER,1
54.140,motor 1 effectiveness -> 100% (PX4 reads back 1.00),1.0,20.030,0.005,0.10,0.06,95.72,-0.36,-0.42,0.03,769,769,769,770,LOITER,1
54.160,motor 1 effectiveness -> 100% (PX4 reads back 1.00),1.0,20.030,0.005,0.10,0.05,95.72,-0.32,-0.41,-0.01,769,769,770,770,LOITER,1
54.180,motor 1 effectiveness -> 100% (PX4 reads back 1.00),1.0,20.030,0.005,0.09,0.05,95.73,-0.33,-0.28,-0.03,769,769,770,770,LOITER,1
54.200,motor 1 effectiveness -> 100% (PX4 reads back 1.00),1.0,20.030,0.005,0.08,0.04,95.73,-0.32,-0.29,-0.05,769,769,770,770,LOITER,1
54.220,motor 1 effectiveness -> 100% (PX4 reads back 1.00),1.0,20.029,0.005,0.08,0.04,95.73,-0.46,-0.30,-0.04,769,769,769,770,LOITER,1
54.240,motor 1 effectiveness -> 100% (PX4 reads back 1.00),1.0,20.029,0.005,0.07,0.03,95.73,-0.46,-0.41,0.01,769,769,769,770,LOITER,1
54.260,motor 1 effectiveness -> 100% (PX4 reads back 1.00),1.0,20.029,0.004,0.06,0.02,95.73,-0.50,-0.28,-0.03,769,769,769,770,LOITER,1
54.280,motor 1 effectiveness -> 100% (PX4 reads back 1.00),1.0,20.029,0.004,0.05,0.02,95.73,-0.54,-0.37,-0.01,769,769,769,770,LOITER,1
54.300,motor 1 effectiveness -> 100% (PX4 reads back 1.00),1.0,20.029,0.004,0.04,0.01,95.73,-0.52,-0.35,-0.11,769,769,769,770,LOITER,1
54.320,motor 1 effectiveness -> 100% (PX4 reads back 1.00),1.0,20.029,0.004,0.03,0.00,95.72,-0.53,-0.36,-0.03,769,769,770,769,LOITER,1
54.340,motor 1 effectiveness -> 100% (PX4 reads back 1.00),1.0,20.029,0.004,0.02,-0.00,95.72,-0.53,-0.29,-0.04,769,769,770,769,LOITER,1
54.360,motor 1 effectiveness -> 100% (PX4 reads back 1.00),1.0,20.028,0.004,0.01,-0.01,95.72,-0.52,-0.27,-0.09,769,769,770,770,LOITER,1
54.380,motor 1 effectiveness -> 100% (PX4 reads back 1.00),1.0,20.028,0.004,-0.00,-0.02,95.72,-0.58,-0.30,-0.03,769,769,770,770,LOITER,1
54.400,motor 1 effectiveness -> 100% (PX4 reads back 1.00),1.0,20.028,0.004,-0.01,-0.02,95.71,-0.65,-0.13,-0.14,769,769,770,770,LOITER,1
54.420,motor 1 effectiveness -> 100% (PX4 reads back 1.00),1.0,20.027,0.004,-0.03,-0.02,95.71,-0.69,-0.21,-0.10,769,770,770,770,LOITER,1
54.440,motor 1 effectiveness -> 100% (PX4 reads back 1.00),1.0,20.027,0.004,-0.04,-0.03,95.70,-0.66,-0.17,-0.10,769,770,770,770,LOITER,1
54.460,motor 1 effectiveness -> 100% (PX4 reads back 1.00),1.0,20.027,0.004,-0.05,-0.03,95.70,-0.68,-0.09,-0.16,770,770,770,770,LOITER,1
54.480,motor 1 effectiveness -> 100% (PX4 reads back 1.00),1.0,20.027,0.004,-0.07,-0.03,95.69,-0.66,-0.07,-0.06,770,770,770,770,LOITER,1
54.500,motor 1 effectiveness -> 100% (PX4 reads back 1.00),1.0,20.027,0.004,-0.08,-0.03,95.69,-0.73,-0.12,-0.10,770,770,770,770,LOITER,1
54.520,motor 1 effectiveness -> 100% (PX4 reads back 1.00),1.0,20.026,0.003,-0.09,-0.04,95.68,-0.65,-0.05,-0.12,770,770,770,769,LOITER,1
54.540,motor 1 effectiveness -> 100% (PX4 reads back 1.00),1.0,20.026,0.003,-0.10,-0.04,95.68,-0.60,0.03,-0.18,770,770,770,769,LOITER,1
54.560,motor 1 effectiveness -> 100% (PX4 reads back 1.00),1.0,20.025,0.002,-0.12,-0.04,95.67,-0.57,0.05,-0.07,770,770,770,769,LOITER,1
54.580,motor 1 effectiveness -> 100% (PX4 reads back 1.00),1.0,20.025,0.002,-0.13,-0.03,95.66,-0.61,0.12,-0.12,770,770,770,769,LOITER,1
54.600,motor 1 effectiveness -> 100% (PX4 reads back 1.00),1.0,20.025,0.002,-0.14,-0.03,95.66,-0.51,0.16,-0.08,770,770,770,769,LOITER,1
54.620,motor 1 effectiveness -> 100% (PX4 reads back 1.00),1.0,20.025,0.002,-0.15,-0.03,95.65,-0.56,0.09,-0.03,770,770,769,770,LOITER,1
54.640,motor 1 effectiveness -> 100% (PX4 reads back 1.00),1.0,20.025,0.002,-0.16,-0.03,95.65,-0.53,0.13,-0.02,770,770,769,770,LOITER,1
54.660,motor 1 effectiveness -> 100% (PX4 reads back 1.00),1.0,20.024,0.001,-0.17,-0.03,95.64,-0.53,0.23,-0.11,770,770,769,769,LOITER,1
54.680,motor 1 effectiveness -> 100% (PX4 reads back 1.00),1.0,20.024,0.001,-0.18,-0.02,95.63,-0.59,0.22,-0.07,770,770,769,769,LOITER,1
54.700,motor 1 effectiveness -> 100% (PX4 reads back 1.00),1.0,20.024,0.001,-0.19,-0.02,95.63,-0.60,0.21,-0.01,770,770,769,769,LOITER,1
54.720,motor 1 effectiveness -> 100% (PX4 reads back 1.00),1.0,20.024,0.000,-0.20,-0.02,95.63,-0.56,0.27,0.00,770,770,769,769,LOITER,1
54.740,motor 1 effectiveness -> 100% (PX4 reads back 1.00),1.0,20.024,0.000,-0.21,-0.01,95.62,-0.57,0.24,-0.01,770,770,769,769,LOITER,1
54.760,motor 1 effectiveness -> 100% (PX4 reads back 1.00),1.0,20.025,-0.000,-0.22,-0.01,95.62,-0.53,0.34,0.01,769,770,769,769,LOITER,1
54.780,motor 1 effectiveness -> 100% (PX4 reads back 1.00),1.0,20.025,-0.000,-0.23,-0.00,95.62,-0.58,0.27,-0.02,769,770,769,769,LOITER,1
54.800,motor 1 effectiveness -> 100% (PX4 reads back 1.00),1.0,20.025,-0.000,-0.24,0.00,95.61,-0.43,0.27,0.01,769,770,769,769,LOITER,1
54.820,motor 1 effectiveness -> 100% (PX4 reads back 1.00),1.0,20.025,-0.001,-0.25,0.01,95.61,-0.40,0.30,-0.00,770,770,769,768,LOITER,1
54.840,motor 1 effectiveness -> 100% (PX4 reads back 1.00),1.0,20.025,-0.001,-0.26,0.02,95.61,-0.21,0.33,0.11,770,770,769,768,LOITER,1
54.860,motor 1 effectiveness -> 100% (PX4 reads back 1.00),1.0,20.026,-0.001,-0.26,0.02,95.61,-0.22,0.24,0.05,769,769,769,768,LOITER,1
54.880,motor 1 effectiveness -> 100% (PX4 reads back 1.00),1.0,20.026,-0.001,-0.26,0.02,95.61,-0.23,0.24,0.06,769,769,769,768,LOITER,1
54.900,motor 1 effectiveness -> 100% (PX4 reads back 1.00),1.0,20.026,-0.001,-0.27,0.03,95.61,-0.22,0.31,0.02,769,769,769,768,LOITER,1
54.920,motor 1 effectiveness -> 100% (PX4 reads back 1.00),1.0,20.027,-0.001,-0.27,0.04,95.61,-0.28,0.28,0.08,769,769,768,768,LOITER,1
54.940,motor 1 effectiveness -> 100% (PX4 reads back 1.00),1.0,20.027,-0.001,-0.28,0.04,95.61,-0.27,0.38,0.14,769,769,768,768,LOITER,1
54.960,motor 1 effectiveness -> 100% (PX4 reads back 1.00),1.0,20.028,-0.001,-0.29,0.05,95.61,-0.23,0.30,0.14,768,769,768,767,LOITER,1
54.980,motor 1 effectiveness -> 100% (PX4 reads back 1.00),1.0,20.028,-0.001,-0.29,0.05,95.61,-0.17,0.28,0.07,768,769,768,767,LOITER,1
55.000,motor 1 effectiveness -> 100% (PX4 reads back 1.00),1.0,20.028,-0.001,-0.29,0.06,95.61,-0.12,0.19,0.17,768,769,768,767,LOITER,1
55.020,motor 1 effectiveness -> 100% (PX4 reads back 1.00),1.0,20.029,-0.000,-0.29,0.06,95.61,-0.03,0.23,0.11,768,769,768,767,LOITER,1
55.040,motor 1 effectiveness -> 100% (PX4 reads back 1.00),1.0,20.029,-0.000,-0.29,0.07,95.61,0.07,0.19,0.16,768,769,768,767,LOITER,1
55.060,motor 1 effectiveness -> 100% (PX4 reads back 1.00),1.0,20.030,0.001,-0.29,0.07,95.62,0.12,0.24,0.14,768,768,768,768,LOITER,1
55.080,motor 1 effectiveness -> 100% (PX4 reads back 1.00),1.0,20.030,0.001,-0.29,0.07,95.62,0.11,0.24,0.14,768,768,768,768,LOITER,1
55.100,motor 1 effectiveness -> 100% (PX4 reads back 1.00),1.0,20.030,0.001,-0.28,0.08,95.62,0.25,0.25,0.16,768,768,768,768,LOITER,1
55.120,motor 1 effectiveness -> 100% (PX4 reads back 1.00),1.0,20.031,0.002,-0.28,0.08,95.62,0.28,0.18,0.21,769,768,768,768,LOITER,1
55.140,motor 1 effectiveness -> 100% (PX4 reads back 1.00),1.0,20.031,0.002,-0.27,0.09,95.63,0.21,0.21,0.16,769,768,768,768,LOITER,1
55.160,motor 1 effectiveness -> 100% (PX4 reads back 1.00),1.0,20.032,0.003,-0.27,0.09,95.63,0.24,0.17,0.18,768,768,768,768,LOITER,1
55.180,motor 1 effectiveness -> 100% (PX4 reads back 1.00),1.0,20.032,0.003,-0.26,0.09,95.63,0.25,0.23,0.22,768,768,768,768,LOITER,1
55.200,motor 1 effectiveness -> 100% (PX4 reads back 1.00),1.0,20.032,0.003,-0.26,0.10,95.64,0.26,0.26,0.13,768,768,768,768,LOITER,1
55.220,motor 1 effectiveness -> 100% (PX4 reads back 1.00),1.0,20.033,0.004,-0.25,0.10,95.64,0.23,0.24,0.12,768,768,768,768,LOITER,1
55.240,motor 1 effectiveness -> 100% (PX4 reads back 1.00),1.0,20.033,0.004,-0.25,0.10,95.64,0.33,0.04,0.15,768,768,768,768,LOITER,1
55.260,motor 1 effectiveness -> 100% (PX4 reads back 1.00),1.0,20.034,0.005,-0.24,0.11,95.64,0.35,0.16,0.18,768,768,768,768,LOITER,1
55.280,motor 1 effectiveness -> 100% (PX4 reads back 1.00),1.0,20.034,0.005,-0.23,0.11,95.64,0.31,0.21,0.18,768,768,768,768,LOITER,1
55.300,motor 1 effectiveness -> 100% (PX4 reads back 1.00),1.0,20.034,0.005,-0.23,0.11,95.65,0.45,0.12,0.15,768,768,768,768,LOITER,1
55.320,motor 1 effectiveness -> 100% (PX4 reads back 1.00),1.0,20.034,0.006,-0.22,0.12,95.65,0.43,0.09,0.24,769,768,768,768,LOITER,1
55.340,motor 1 effectiveness -> 100% (PX4 reads back 1.00),1.0,20.034,0.006,-0.21,0.12,95.65,0.43,0.09,0.12,769,768,768,768,LOITER,1
55.360,motor 1 effectiveness -> 100% (PX4 reads back 1.00),1.0,20.035,0.007,-0.20,0.12,95.65,0.31,0.08,0.22,768,769,768,768,LOITER,1
55.380,motor 1 effectiveness -> 100% (PX4 reads back 1.00),1.0,20.035,0.007,-0.20,0.12,95.65,0.34,-0.04,0.13,768,769,768,768,LOITER,1
55.400,motor 1 effectiveness -> 100% (PX4 reads back 1.00),1.0,20.035,0.007,-0.19,0.12,95.65,0.48,-0.04,0.20,768,769,768,768,LOITER,1
55.420,motor 1 effectiveness -> 100% (PX4 reads back 1.00),1.0,20.035,0.008,-0.18,0.12,95.66,0.41,0.02,0.23,768,768,768,769,LOITER,1
55.440,motor 1 effectiveness -> 100% (PX4 reads back 1.00),1.0,20.035,0.008,-0.17,0.12,95.66,0.50,-0.02,0.13,768,768,768,769,LOITER,1
55.460,motor 1 effectiveness -> 100% (PX4 reads back 1.00),1.0,20.036,0.009,-0.16,0.12,95.66,0.42,-0.14,0.18,769,768,769,768,LOITER,1
55.480,motor 1 effectiveness -> 100% (PX4 reads back 1.00),1.0,20.036,0.009,-0.15,0.11,95.66,0.33,-0.08,0.17,769,768,769,768,LOITER,1
55.500,motor 1 effectiveness -> 100% (PX4 reads back 1.00),1.0,20.036,0.009,-0.15,0.11,95.66,0.39,-0.19,0.17,769,768,769,768,LOITER,1
55.520,motor 1 effectiveness -> 100% (PX4 reads back 1.00),1.0,20.036,0.009,-0.14,0.11,95.65,0.45,-0.15,0.10,769,768,769,769,LOITER,1
55.540,motor 1 effectiveness -> 100% (PX4 reads back 1.00),1.0,20.036,0.009,-0.13,0.11,95.65,0.36,-0.11,0.15,769,768,769,769,LOITER,1
55.560,motor 1 effectiveness -> 100% (PX4 reads back 1.00),1.0,20.036,0.010,-0.12,0.10,95.65,0.43,-0.24,0.19,769,768,769,769,LOITER,1
55.580,motor 1 effectiveness -> 100% (PX4 reads back 1.00),1.0,20.036,0.010,-0.11,0.10,95.65,0.45,-0.24,0.14,769,768,769,769,LOITER,1
55.600,motor 1 effectiveness -> 100% (PX4 reads back 1.00),1.0,20.036,0.010,-0.10,0.10,95.65,0.48,-0.27,0.10,769,768,769,769,LOITER,1
55.620,motor 1 effectiveness -> 100% (PX4 reads back 1.00),1.0,20.035,0.011,-0.09,0.09,95.64,0.43,-0.27,0.13,769,769,769,769,LOITER,1
55.640,motor 1 effectiveness -> 100% (PX4 reads back 1.00),1.0,20.035,0.011,-0.09,0.08,95.64,0.38,-0.43,0.16,769,769,769,769,LOITER,1
55.660,motor 1 effectiveness -> 100% (PX4 reads back 1.00),1.0,20.034,0.011,-0.08,0.08,95.64,0.34,-0.44,0.14,769,769,769,769,LOITER,1
55.680,motor 1 effectiveness -> 100% (PX4 reads back 1.00),1.0,20.034,0.011,-0.07,0.07,95.64,0.28,-0.35,0.15,769,769,769,769,LOITER,1
55.700,motor 1 effectiveness -> 100% (PX4 reads back 1.00),1.0,20.034,0.011,-0.07,0.06,95.63,0.28,-0.45,0.10,769,769,769,769,LOITER,1
55.720,motor 1 effectiveness -> 100% (PX4 reads back 1.00),1.0,20.034,0.011,-0.06,0.05,95.63,0.29,-0.46,0.16,770,769,769,770,LOITER,1
55.740,motor 1 effectiveness -> 100% (PX4 reads back 1.00),1.0,20.034,0.011,-0.05,0.04,95.63,0.26,-0.40,0.12,770,769,769,770,LOITER,1
55.760,motor 1 effectiveness -> 100% (PX4 reads back 1.00),1.0,20.033,0.011,-0.05,0.04,95.63,0.20,-0.48,0.09,770,770,770,769,LOITER,1
55.780,motor 1 effectiveness -> 100% (PX4 reads back 1.00),1.0,20.033,0.011,-0.05,0.03,95.63,0.26,-0.45,0.13,770,770,770,769,LOITER,1
55.800,motor 1 effectiveness -> 100% (PX4 reads back 1.00),1.0,20.033,0.011,-0.04,0.02,95.63,0.30,-0.45,0.14,770,770,770,769,LOITER,1
55.820,motor 1 effectiveness -> 100% (PX4 reads back 1.00),1.0,20.032,0.010,-0.03,0.01,95.62,0.29,-0.46,0.11,770,770,770,770,LOITER,1
55.840,motor 1 effectiveness -> 100% (PX4 reads back 1.00),1.0,20.032,0.010,-0.03,0.00,95.62,0.36,-0.41,0.13,770,770,770,770,LOITER,1
55.860,motor 1 effectiveness -> 100% (PX4 reads back 1.00),1.0,20.032,0.009,-0.02,-0.01,95.62,0.35,-0.42,0.09,770,770,770,770,LOITER,1
55.880,motor 1 effectiveness -> 100% (PX4 reads back 1.00),1.0,20.032,0.009,-0.01,-0.01,95.62,0.33,-0.40,0.10,770,770,770,770,LOITER,1
55.900,motor 1 effectiveness -> 100% (PX4 reads back 1.00),1.0,20.032,0.009,-0.01,-0.02,95.63,0.37,-0.38,0.18,770,770,770,770,LOITER,1
55.920,motor 1 effectiveness -> 100% (PX4 reads back 1.00),1.0,20.031,0.009,0.00,-0.03,95.63,0.36,-0.38,0.10,771,769,770,770,LOITER,1
55.940,motor 1 effectiveness -> 100% (PX4 reads back 1.00),1.0,20.031,0.009,0.01,-0.04,95.63,0.27,-0.34,0.10,771,769,770,770,LOITER,1
55.960,motor 1 effectiveness -> 100% (PX4 reads back 1.00),1.0,20.030,0.008,0.01,-0.04,95.63,0.39,-0.31,0.10,771,770,769,770,LOITER,1
55.980,motor 1 effectiveness -> 100% (PX4 reads back 1.00),1.0,20.030,0.008,0.02,-0.05,95.63,0.25,-0.30,0.16,771,770,769,770,LOITER,1
56.000,motor 1 effectiveness -> 100% (PX4 reads back 1.00),1.0,20.030,0.008,0.02,-0.05,95.64,0.22,-0.21,0.17,771,770,769,770,LOITER,1
56.020,motor 1 effectiveness -> 100% (PX4 reads back 1.00),1.0,20.029,0.008,0.03,-0.06,95.64,0.17,-0.25,0.14,770,770,770,770,LOITER,1
56.040,motor 1 effectiveness -> 100% (PX4 reads back 1.00),1.0,20.029,0.008,0.03,-0.06,95.64,0.18,-0.19,0.12,770,770,770,770,LOITER,1
56.060,motor 1 effectiveness -> 100% (PX4 reads back 1.00),1.0,20.028,0.007,0.03,-0.07,95.65,0.19,-0.24,0.11,770,770,770,770,LOITER,1
56.076,motor 1 effectiveness -> 100% (PX4 reads back 1.00),1.0,20.028,0.007,0.04,-0.07,95.65,0.16,-0.20,0.13,770,770,770,770,LOITER,1
56.100,motor 1 effectiveness -> 100% (PX4 reads back 1.00),1.0,20.028,0.007,0.04,-0.07,95.65,0.09,-0.18,0.12,770,770,770,770,LOITER,1
56.120,motor 1 effectiveness -> 100% (PX4 reads back 1.00),1.0,20.028,0.006,0.04,-0.08,95.66,0.10,-0.12,0.19,770,770,770,770,LOITER,1
56.140,motor 1 effectiveness -> 100% (PX4 reads back 1.00),1.0,20.028,0.006,0.04,-0.08,95.66,0.15,-0.15,0.13,770,770,770,770,LOITER,1
56.160,motor 1 effectiveness -> 100% (PX4 reads back 1.00),1.0,20.027,0.005,0.04,-0.08,95.66,0.07,-0.14,0.15,770,770,770,770,LOITER,1
56.180,motor 1 effectiveness -> 100% (PX4 reads back 1.00),1.0,20.027,0.005,0.05,-0.09,95.67,0.15,-0.15,0.18,770,770,770,770,LOITER,1
56.200,motor 1 effectiveness -> 100% (PX4 reads back 1.00),1.0,20.027,0.005,0.05,-0.09,95.67,0.11,-0.16,0.15,770,770,770,770,LOITER,1
56.220,motor 1 effectiveness -> 100% (PX4 reads back 1.00),1.0,20.027,0.004,0.05,-0.09,95.67,0.09,-0.06,0.14,770,770,770,770,LOITER,1
56.240,motor 1 effectiveness -> 100% (PX4 reads back 1.00),1.0,20.027,0.004,0.05,-0.09,95.68,0.13,-0.11,0.17,770,770,770,770,LOITER,1
56.260,motor 1 effectiveness -> 100% (PX4 reads back 1.00),1.0,20.027,0.003,0.05,-0.09,95.68,0.10,-0.08,0.06,769,770,770,770,LOITER,1
56.280,motor 1 effectiveness -> 100% (PX4 reads back 1.00),1.0,20.027,0.003,0.06,-0.09,95.68,0.05,-0.09,0.10,769,770,770,770,LOITER,1
56.300,motor 1 effectiveness -> 100% (PX4 reads back 1.00),1.0,20.027,0.003,0.06,-0.10,95.68,0.09,-0.16,0.10,769,770,770,770,LOITER,1
56.320,motor 1 effectiveness -> 100% (PX4 reads back 1.00),1.0,20.027,0.003,0.06,-0.10,95.68,0.12,-0.17,0.15,770,769,770,770,LOITER,1
56.340,motor 1 effectiveness -> 100% (PX4 reads back 1.00),1.0,20.027,0.003,0.06,-0.10,95.69,0.04,-0.14,0.08,770,769,770,770,LOITER,1
56.360,motor 1 effectiveness -> 100% (PX4 reads back 1.00),1.0,20.027,0.002,0.06,-0.10,95.69,0.02,-0.12,0.09,769,769,770,770,LOITER,1
56.380,motor 1 effectiveness -> 100% (PX4 reads back 1.00),1.0,20.027,0.002,0.06,-0.11,95.69,0.07,-0.12,0.14,769,769,770,770,LOITER,1
56.400,motor 1 effectiveness -> 100% (PX4 reads back 1.00),1.0,20.027,0.002,0.06,-0.11,95.69,0.03,-0.15,0.07,769,769,770,770,LOITER,1
56.420,motor 1 effectiveness -> 100% (PX4 reads back 1.00),1.0,20.027,0.002,0.06,-0.11,95.69,-0.03,-0.25,0.05,769,769,770,769,LOITER,1
56.440,motor 1 effectiveness -> 100% (PX4 reads back 1.00),1.0,20.027,0.002,0.06,-0.12,95.69,-0.02,-0.23,0.03,769,769,770,769,LOITER,1
56.460,motor 1 effectiveness -> 100% (PX4 reads back 1.00),1.0,20.027,0.002,0.06,-0.12,95.69,0.01,-0.15,0.05,769,769,769,769,LOITER,1
56.480,motor 1 effectiveness -> 100% (PX4 reads back 1.00),1.0,20.027,0.002,0.06,-0.12,95.69,0.17,-0.21,0.08,769,769,769,769,LOITER,1
56.500,motor 1 effectiveness -> 100% (PX4 reads back 1.00),1.0,20.027,0.002,0.06,-0.13,95.69,0.13,-0.26,0.11,769,769,769,769,LOITER,1
56.520,motor 1 effectiveness -> 100% (PX4 reads back 1.00),1.0,20.028,0.002,0.07,-0.13,95.69,0.12,-0.24,0.07,769,769,769,769,LOITER,1
56.540,motor 1 effectiveness -> 100% (PX4 reads back 1.00),1.0,20.028,0.002,0.07,-0.14,95.69,0.17,-0.28,0.06,769,769,769,769,LOITER,1
56.560,motor 1 effectiveness -> 100% (PX4 reads back 1.00),1.0,20.028,0.002,0.07,-0.14,95.69,0.07,-0.27,0.02,769,769,769,769,LOITER,1
56.580,motor 1 effectiveness -> 100% (PX4 reads back 1.00),1.0,20.028,0.002,0.07,-0.15,95.69,0.08,-0.32,0.05,769,769,769,769,LOITER,1
56.600,motor 1 effectiveness -> 100% (PX4 reads back 1.00),1.0,20.028,0.002,0.07,-0.15,95.69,0.07,-0.23,0.05,769,769,769,769,LOITER,1
56.620,motor 1 effectiveness -> 100% (PX4 reads back 1.00),1.0,20.028,0.002,0.07,-0.16,95.69,0.07,-0.19,-0.00,769,769,769,769,LOITER,1
56.640,motor 1 effectiveness -> 100% (PX4 reads back 1.00),1.0,20.028,0.002,0.08,-0.16,95.69,0.12,-0.22,0.08,769,769,769,769,LOITER,1
56.660,motor 1 effectiveness -> 100% (PX4 reads back 1.00),1.0,20.028,0.002,0.08,-0.16,95.69,0.10,-0.19,0.04,768,769,769,769,LOITER,1
56.680,motor 1 effectiveness -> 100% (PX4 reads back 1.00),1.0,20.028,0.002,0.08,-0.17,95.69,0.13,-0.21,0.10,768,769,769,769,LOITER,1
56.700,motor 1 effectiveness -> 100% (PX4 reads back 1.00),1.0,20.028,0.002,0.08,-0.17,95.69,0.15,-0.18,0.06,768,769,769,769,LOITER,1
56.720,motor 1 effectiveness -> 100% (PX4 reads back 1.00),1.0,20.029,0.002,0.08,-0.18,95.69,0.11,-0.30,0.01,769,768,769,769,LOITER,1
56.740,motor 1 effectiveness -> 100% (PX4 reads back 1.00),1.0,20.029,0.002,0.09,-0.18,95.69,0.09,-0.19,0.03,769,768,769,769,LOITER,1
56.760,motor 1 effectiveness -> 100% (PX4 reads back 1.00),1.0,20.029,0.002,0.09,-0.18,95.69,0.07,-0.21,0.02,768,768,769,769,LOITER,1
56.780,motor 1 effectiveness -> 100% (PX4 reads back 1.00),1.0,20.029,0.002,0.09,-0.19,95.69,0.13,-0.21,0.03,768,768,769,769,LOITER,1
56.800,motor 1 effectiveness -> 100% (PX4 reads back 1.00),1.0,20.029,0.002,0.09,-0.19,95.69,0.10,-0.22,-0.04,768,768,769,769,LOITER,1
56.820,motor 1 effectiveness -> 100% (PX4 reads back 1.00),1.0,20.030,0.002,0.09,-0.19,95.69,0.05,-0.12,0.01,768,768,768,769,LOITER,1
56.840,motor 1 effectiveness -> 100% (PX4 reads back 1.00),1.0,20.030,0.002,0.09,-0.19,95.69,-0.02,-0.16,0.05,768,768,768,769,LOITER,1
56.860,motor 1 effectiveness -> 100% (PX4 reads back 1.00),1.0,20.030,0.003,0.09,-0.20,95.69,-0.03,-0.27,0.04,769,768,769,769,LOITER,1
56.880,motor 1 effectiveness -> 100% (PX4 reads back 1.00),1.0,20.030,0.003,0.09,-0.20,95.69,-0.05,-0.22,0.04,769,768,769,769,LOITER,1
56.900,motor 1 effectiveness -> 100% (PX4 reads back 1.00),1.0,20.030,0.003,0.09,-0.21,95.69,-0.03,-0.26,0.01,769,768,769,769,LOITER,1
56.920,motor 1 effectiveness -> 100% (PX4 reads back 1.00),1.0,20.031,0.003,0.09,-0.21,95.69,-0.17,-0.19,-0.03,769,768,769,769,LOITER,1
56.936,motor 1 effectiveness -> 100% (PX4 reads back 1.00),1.0,20.031,0.003,0.08,-0.21,95.69,-0.07,-0.24,-0.09,769,768,769,769,LOITER,1
56.960,motor 1 effectiveness -> 100% (PX4 reads back 1.00),1.0,20.031,0.003,0.08,-0.22,95.69,-0.12,-0.30,-0.06,769,768,769,768,LOITER,1
56.980,motor 1 effectiveness -> 100% (PX4 reads back 1.00),1.0,20.031,0.003,0.08,-0.22,95.69,-0.08,-0.30,-0.03,769,768,769,768,LOITER,1
57.000,motor 1 effectiveness -> 100% (PX4 reads back 1.00),1.0,20.031,0.003,0.08,-0.23,95.69,-0.11,-0.18,-0.00,769,768,769,768,LOITER,1
57.020,motor 1 effectiveness -> 100% (PX4 reads back 1.00),1.0,20.031,0.004,0.08,-0.23,95.69,-0.13,-0.12,-0.02,768,768,768,769,LOITER,1
57.040,motor 1 effectiveness -> 100% (PX4 reads back 1.00),1.0,20.031,0.004,0.07,-0.23,95.69,-0.15,-0.17,0.03,768,768,768,769,LOITER,1
57.060,motor 1 effectiveness -> 100% (PX4 reads back 1.00),1.0,20.032,0.005,0.07,-0.23,95.70,-0.22,-0.00,0.04,768,769,768,769,LOITER,1
57.080,motor 1 effectiveness -> 100% (PX4 reads back 1.00),1.0,20.032,0.005,0.07,-0.23,95.70,-0.17,0.01,-0.02,768,769,768,769,LOITER,1
57.100,motor 1 effectiveness -> 100% (PX4 reads back 1.00),1.0,20.032,0.005,0.06,-0.23,95.70,-0.21,-0.03,-0.01,768,769,768,769,LOITER,1
57.120,motor 1 effectiveness -> 100% (PX4 reads back 1.00),1.0,20.032,0.005,0.06,-0.23,95.70,-0.31,0.09,-0.07,769,768,769,768,LOITER,1
57.140,motor 1 effectiveness -> 100% (PX4 reads back 1.00),1.0,20.032,0.005,0.05,-0.23,95.70,-0.30,0.17,-0.05,769,768,769,768,LOITER,1
57.160,motor 1 effectiveness -> 100% (PX4 reads back 1.00),1.0,20.033,0.005,0.05,-0.23,95.71,-0.34,0.04,0.02,769,768,769,768,LOITER,1
57.180,motor 1 effectiveness -> 100% (PX4 reads back 1.00),1.0,20.033,0.005,0.04,-0.23,95.71,-0.40,0.07,-0.08,769,768,769,768,LOITER,1
57.200,motor 1 effectiveness -> 100% (PX4 reads back 1.00),1.0,20.033,0.005,0.03,-0.22,95.71,-0.34,0.24,-0.00,769,768,769,768,LOITER,1
57.220,motor 1 effectiveness -> 100% (PX4 reads back 1.00),1.0,20.033,0.006,0.03,-0.22,95.72,-0.33,0.29,-0.08,768,769,768,769,LOITER,1
57.240,motor 1 effectiveness -> 100% (PX4 reads back 1.00),1.0,20.033,0.006,0.02,-0.21,95.72,-0.35,0.18,-0.05,768,769,768,769,LOITER,1
57.260,motor 1 effectiveness -> 100% (PX4 reads back 1.00),1.0,20.034,0.006,0.01,-0.21,95.72,-0.35,0.24,-0.00,768,768,768,769,LOITER,1
57.280,motor 1 effectiveness -> 100% (PX4 reads back 1.00),1.0,20.034,0.006,0.01,-0.21,95.73,-0.41,0.22,-0.02,768,768,768,769,LOITER,1
57.300,motor 1 effectiveness -> 100% (PX4 reads back 1.00),1.0,20.034,0.006,-0.00,-0.20,95.73,-0.42,0.27,-0.06,768,768,768,769,LOITER,1
57.320,motor 1 effectiveness -> 100% (PX4 reads back 1.00),1.0,20.034,0.007,-0.01,-0.20,95.73,-0.33,0.27,-0.10,768,768,769,769,LOITER,1
57.340,motor 1 effectiveness -> 100% (PX4 reads back 1.00),1.0,20.034,0.007,-0.01,-0.19,95.73,-0.37,0.23,-0.10,768,768,769,769,LOITER,1
57.360,motor 1 effectiveness -> 100% (PX4 reads back 1.00),1.0,20.034,0.007,-0.02,-0.19,95.73,-0.41,0.33,-0.08,768,769,769,769,LOITER,1
57.380,motor 1 effectiveness -> 100% (PX4 reads back 1.00),1.0,20.034,0.007,-0.03,-0.18,95.74,-0.43,0.35,-0.06,768,769,769,769,LOITER,1
57.400,motor 1 effectiveness -> 100% (PX4 reads back 1.00),1.0,20.034,0.007,-0.04,-0.17,95.74,-0.34,0.32,-0.02,768,769,769,769,LOITER,1
57.420,motor 1 effectiveness -> 100% (PX4 reads back 1.00),1.0,20.033,0.008,-0.04,-0.17,95.74,-0.25,0.25,-0.01,769,768,769,769,LOITER,1
57.440,motor 1 effectiveness -> 100% (PX4 reads back 1.00),1.0,20.033,0.008,-0.05,-0.16,95.74,-0.36,0.30,-0.10,769,768,769,769,LOITER,1
57.460,motor 1 effectiveness -> 100% (PX4 reads back 1.00),1.0,20.033,0.008,-0.06,-0.15,95.74,-0.28,0.31,-0.09,769,769,769,769,LOITER,1
57.480,motor 1 effectiveness -> 100% (PX4 reads back 1.00),1.0,20.033,0.008,-0.06,-0.15,95.74,-0.23,0.36,-0.09,769,769,769,769,LOITER,1
57.500,motor 1 effectiveness -> 100% (PX4 reads back 1.00),1.0,20.033,0.008,-0.07,-0.14,95.74,-0.32,0.28,-0.05,769,769,769,769,LOITER,1
57.520,motor 1 effectiveness -> 100% (PX4 reads back 1.00),1.0,20.032,0.008,-0.07,-0.13,95.74,-0.28,0.39,-0.11,769,769,770,769,LOITER,1
57.540,motor 1 effectiveness -> 100% (PX4 reads back 1.00),1.0,20.032,0.008,-0.08,-0.13,95.73,-0.29,0.31,-0.08,769,769,770,769,LOITER,1
57.560,motor 1 effectiveness -> 100% (PX4 reads back 1.00),1.0,20.032,0.008,-0.08,-0.12,95.73,-0.17,0.38,-0.13,769,769,769,770,LOITER,1
57.580,motor 1 effectiveness -> 100% (PX4 reads back 1.00),1.0,20.032,0.008,-0.09,-0.11,95.73,-0.11,0.40,-0.11,769,769,769,770,LOITER,1
57.600,motor 1 effectiveness -> 100% (PX4 reads back 1.00),1.0,20.032,0.008,-0.09,-0.11,95.72,-0.10,0.38,-0.10,769,769,769,770,LOITER,1
57.620,motor 1 effectiveness -> 100% (PX4 reads back 1.00),1.0,20.031,0.008,-0.09,-0.10,95.72,-0.03,0.29,-0.11,769,769,770,769,LOITER,1
57.640,motor 1 effectiveness -> 100% (PX4 reads back 1.00),1.0,20.031,0.008,-0.09,-0.09,95.71,0.13,0.35,-0.12,769,769,770,769,LOITER,1
57.660,motor 1 effectiveness -> 100% (PX4 reads back 1.00),1.0,20.031,0.007,-0.09,-0.08,95.71,0.12,0.37,-0.12,769,770,769,769,LOITER,1
57.680,motor 1 effectiveness -> 100% (PX4 reads back 1.00),1.0,20.031,0.007,-0.09,-0.08,95.70,0.12,0.39,-0.10,769,770,769,769,LOITER,1
57.700,motor 1 effectiveness -> 100% (PX4 reads back 1.00),1.0,20.031,0.007,-0.08,-0.07,95.70,0.22,0.34,-0.11,769,770,769,769,LOITER,1
57.720,motor 1 effectiveness -> 100% (PX4 reads back 1.00),1.0,20.030,0.007,-0.08,-0.06,95.69,0.25,0.41,-0.12,769,769,769,769,LOITER,1
57.740,motor 1 effectiveness -> 100% (PX4 reads back 1.00),1.0,20.030,0.007,-0.07,-0.06,95.68,0.34,0.37,-0.16,769,769,769,769,LOITER,1
57.760,motor 1 effectiveness -> 100% (PX4 reads back 1.00),1.0,20.030,0.006,-0.07,-0.05,95.68,0.46,0.39,-0.09,770,770,769,769,LOITER,1
57.780,motor 1 effectiveness -> 100% (PX4 reads back 1.00),1.0,20.030,0.006,-0.06,-0.04,95.67,0.37,0.41,-0.06,770,770,769,769,LOITER,1
57.800,motor 1 effectiveness -> 100% (PX4 reads back 1.00),1.0,20.030,0.006,-0.05,-0.03,95.66,0.49,0.35,-0.09,770,770,769,769,LOITER,1
57.820,motor 1 effectiveness -> 100% (PX4 reads back 1.00),1.0,20.030,0.006,-0.04,-0.02,95.65,0.47,0.39,-0.09,770,769,769,769,LOITER,1
57.840,motor 1 effectiveness -> 100% (PX4 reads back 1.00),1.0,20.030,0.006,-0.03,-0.02,95.65,0.48,0.34,-0.04,770,769,769,769,LOITER,1
57.860,motor 1 effectiveness -> 100% (PX4 reads back 1.00),1.0,20.029,0.005,-0.03,-0.01,95.64,0.46,0.37,-0.06,769,770,769,769,LOITER,1
57.880,motor 1 effectiveness -> 100% (PX4 reads back 1.00),1.0,20.029,0.005,-0.02,-0.00,95.63,0.53,0.35,-0.11,769,770,769,769,LOITER,1
57.900,motor 1 effectiveness -> 100% (PX4 reads back 1.00),1.0,20.029,0.005,-0.01,0.00,95.63,0.57,0.38,-0.06,769,770,769,769,LOITER,1
57.920,motor 1 effectiveness -> 100% (PX4 reads back 1.00),1.0,20.029,0.005,0.00,0.01,95.62,0.68,0.32,-0.04,769,770,768,769,LOITER,1
57.940,motor 1 effectiveness -> 100% (PX4 reads back 1.00),1.0,20.029,0.005,0.02,0.02,95.61,0.59,0.25,0.01,769,770,768,769,LOITER,1
57.960,motor 1 effectiveness -> 100% (PX4 reads back 1.00),1.0,20.029,0.004,0.03,0.02,95.61,0.60,0.22,-0.03,770,769,768,768,LOITER,1
57.980,motor 1 effectiveness -> 100% (PX4 reads back 1.00),1.0,20.029,0.004,0.04,0.03,95.60,0.46,0.33,0.03,770,769,768,768,LOITER,1
58.000,motor 1 effectiveness -> 100% (PX4 reads back 1.00),1.0,20.029,0.004,0.05,0.03,95.60,0.55,0.26,0.02,770,769,768,768,LOITER,1
58.020,motor 1 effectiveness -> 100% (PX4 reads back 1.00),1.0,20.030,0.004,0.06,0.04,95.59,0.59,0.23,-0.02,770,769,768,768,LOITER,1
58.040,motor 1 effectiveness -> 100% (PX4 reads back 1.00),1.0,20.030,0.004,0.07,0.04,95.59,0.62,0.27,0.08,770,769,768,768,LOITER,1
58.060,motor 1 effectiveness -> 100% (PX4 reads back 1.00),1.0,20.030,0.004,0.08,0.05,95.59,0.66,0.38,0.06,769,770,767,769,LOITER,1
58.080,motor 1 effectiveness -> 100% (PX4 reads back 1.00),1.0,20.030,0.004,0.09,0.05,95.58,0.59,0.11,0.06,769,770,767,769,LOITER,1
58.100,motor 1 effectiveness -> 100% (PX4 reads back 1.00),1.0,20.030,0.004,0.10,0.06,95.58,0.52,0.16,0.10,769,770,767,769,LOITER,1
58.120,motor 1 effectiveness -> 100% (PX4 reads back 1.00),1.0,20.030,0.004,0.11,0.06,95.58,0.52,0.13,0.12,770,769,768,768,LOITER,1
58.140,motor 1 effectiveness -> 100% (PX4 reads back 1.00),1.0,20.030,0.004,0.12,0.06,95.58,0.50,0.14,0.06,770,769,768,768,LOITER,1
58.160,motor 1 effectiveness -> 100% (PX4 reads back 1.00),1.0,20.031,0.004,0.13,0.07,95.58,0.51,0.19,0.17,769,769,768,768,LOITER,1
58.180,motor 1 effectiveness -> 100% (PX4 reads back 1.00),1.0,20.031,0.004,0.14,0.07,95.58,0.48,0.21,0.16,769,769,768,768,LOITER,1
58.200,motor 1 effectiveness -> 100% (PX4 reads back 1.00),1.0,20.031,0.004,0.15,0.08,95.58,0.44,0.25,0.14,769,769,768,768,LOITER,1
58.220,motor 1 effectiveness -> 100% (PX4 reads back 1.00),1.0,20.031,0.005,0.16,0.08,95.58,0.52,0.10,0.18,769,769,768,768,LOITER,1
58.240,motor 1 effectiveness -> 100% (PX4 reads back 1.00),1.0,20.031,0.005,0.17,0.08,95.58,0.53,0.15,0.18,769,769,768,768,LOITER,1
58.260,motor 1 effectiveness -> 100% (PX4 reads back 1.00),1.0,20.031,0.005,0.18,0.08,95.59,0.37,0.16,0.24,769,769,768,768,LOITER,1
58.280,motor 1 effectiveness -> 100% (PX4 reads back 1.00),1.0,20.031,0.005,0.18,0.09,95.59,0.28,0.19,0.25,769,769,768,768,LOITER,1
58.300,motor 1 effectiveness -> 100% (PX4 reads back 1.00),1.0,20.031,0.005,0.19,0.09,95.60,0.20,0.19,0.27,769,769,768,768,LOITER,1
58.320,motor 1 effectiveness -> 100% (PX4 reads back 1.00),1.0,20.031,0.005,0.19,0.09,95.60,0.27,0.17,0.23,769,770,768,769,LOITER,1
58.340,motor 1 effectiveness -> 100% (PX4 reads back 1.00),1.0,20.031,0.005,0.20,0.10,95.61,0.26,0.10,0.24,769,770,768,769,LOITER,1
58.360,motor 1 effectiveness -> 100% (PX4 reads back 1.00),1.0,20.031,0.006,0.20,0.10,95.62,0.21,0.03,0.21,769,769,769,769,LOITER,1
58.380,motor 1 effectiveness -> 100% (PX4 reads back 1.00),1.0,20.031,0.006,0.21,0.10,95.62,0.14,0.09,0.28,769,769,769,769,LOITER,1
58.400,motor 1 effectiveness -> 100% (PX4 reads back 1.00),1.0,20.031,0.006,0.21,0.10,95.63,0.16,0.18,0.21,769,769,769,769,LOITER,1
58.420,motor 1 effectiveness -> 100% (PX4 reads back 1.00),1.0,20.031,0.006,0.21,0.10,95.63,0.11,0.12,0.23,769,769,768,769,LOITER,1
58.440,motor 1 effectiveness -> 100% (PX4 reads back 1.00),1.0,20.031,0.006,0.22,0.11,95.64,0.09,0.15,0.23,769,769,768,769,LOITER,1
58.460,motor 1 effectiveness -> 100% (PX4 reads back 1.00),1.0,20.031,0.006,0.22,0.11,95.65,0.04,0.10,0.20,769,769,769,769,LOITER,1
58.480,motor 1 effectiveness -> 100% (PX4 reads back 1.00),1.0,20.031,0.006,0.22,0.11,95.65,0.04,0.15,0.24,769,769,769,769,LOITER,1
58.500,motor 1 effectiveness -> 100% (PX4 reads back 1.00),1.0,20.031,0.006,0.22,0.11,95.66,0.06,0.16,0.22,769,769,769,769,LOITER,1
58.520,motor 1 effectiveness -> 100% (PX4 reads back 1.00),1.0,20.030,0.006,0.22,0.12,95.67,-0.03,0.17,0.19,769,769,769,770,LOITER,1
58.540,motor 1 effectiveness -> 100% (PX4 reads back 1.00),1.0,20.030,0.006,0.22,0.12,95.67,-0.13,0.07,0.21,769,769,769,770,LOITER,1
58.560,motor 1 effectiveness -> 100% (PX4 reads back 1.00),1.0,20.030,0.006,0.22,0.12,95.68,-0.15,0.02,0.22,769,769,769,769,LOITER,1
58.580,motor 1 effectiveness -> 100% (PX4 reads back 1.00),1.0,20.030,0.006,0.21,0.12,95.69,-0.26,0.03,0.23,769,769,769,769,LOITER,1
58.600,motor 1 effectiveness -> 100% (PX4 reads back 1.00),1.0,20.030,0.006,0.21,0.12,95.69,-0.25,0.04,0.20,769,769,769,769,LOITER,1
58.620,motor 1 effectiveness -> 100% (PX4 reads back 1.00),1.0,20.029,0.006,0.20,0.12,95.70,-0.33,-0.09,0.14,769,769,770,770,LOITER,1
58.640,motor 1 effectiveness -> 100% (PX4 reads back 1.00),1.0,20.029,0.006,0.19,0.12,95.70,-0.34,0.01,0.17,769,769,770,770,LOITER,1
58.660,motor 1 effectiveness -> 100% (PX4 reads back 1.00),1.0,20.029,0.005,0.19,0.12,95.71,-0.33,-0.00,0.13,769,769,770,770,LOITER,1
58.680,motor 1 effectiveness -> 100% (PX4 reads back 1.00),1.0,20.029,0.005,0.18,0.12,95.71,-0.35,0.05,0.12,769,769,770,770,LOITER,1
58.700,motor 1 effectiveness -> 100% (PX4 reads back 1.00),1.0,20.029,0.005,0.17,0.12,95.72,-0.33,-0.01,0.09,769,769,770,770,LOITER,1
58.720,motor 1 effectiveness -> 100% (PX4 reads back 1.00),1.0,20.028,0.005,0.17,0.12,95.72,-0.38,0.03,0.12,769,769,770,770,LOITER,1
58.740,motor 1 effectiveness -> 100% (PX4 reads back 1.00),1.0,20.028,0.005,0.16,0.12,95.72,-0.35,0.02,0.10,769,769,770,770,LOITER,1
58.760,motor 1 effectiveness -> 100% (PX4 reads back 1.00),1.0,20.028,0.005,0.15,0.12,95.72,-0.28,-0.05,0.09,769,769,770,770,LOITER,1
58.780,motor 1 effectiveness -> 100% (PX4 reads back 1.00),1.0,20.028,0.005,0.15,0.12,95.73,-0.25,-0.03,0.08,769,769,770,770,LOITER,1
58.800,motor 1 effectiveness -> 100% (PX4 reads back 1.00),1.0,20.028,0.005,0.14,0.12,95.73,-0.29,-0.06,0.10,769,769,770,770,LOITER,1
58.820,motor 1 effectiveness -> 100% (PX4 reads back 1.00),1.0,20.027,0.004,0.14,0.12,95.73,-0.30,-0.08,0.09,769,769,770,770,LOITER,1
58.840,motor 1 effectiveness -> 100% (PX4 reads back 1.00),1.0,20.027,0.004,0.13,0.12,95.73,-0.25,-0.08,0.05,769,769,770,770,LOITER,1
58.860,motor 1 effectiveness -> 100% (PX4 reads back 1.00),1.0,20.026,0.004,0.13,0.12,95.73,-0.16,-0.15,-0.02,769,769,771,770,LOITER,1
58.880,motor 1 effectiveness -> 100% (PX4 reads back 1.00),1.0,20.026,0.004,0.12,0.12,95.73,-0.08,-0.13,0.03,769,769,771,770,LOITER,1
58.900,motor 1 effectiveness -> 100% (PX4 reads back 1.00),1.0,20.026,0.004,0.12,0.11,95.73,-0.11,-0.14,-0.02,769,769,771,770,LOITER,1
58.920,motor 1 effectiveness -> 100% (PX4 reads back 1.00),1.0,20.025,0.004,0.12,0.11,95.73,-0.14,-0.16,0.03,770,770,771,771,LOITER,1
58.940,motor 1 effectiveness -> 100% (PX4 reads back 1.00),1.0,20.025,0.004,0.12,0.10,95.73,-0.16,-0.20,-0.05,770,770,771,771,LOITER,1
58.960,motor 1 effectiveness -> 100% (PX4 reads back 1.00),1.0,20.023,0.003,0.11,0.10,95.73,-0.17,-0.12,-0.00,770,770,771,771,LOITER,1
58.980,motor 1 effectiveness -> 100% (PX4 reads back 1.00),1.0,20.023,0.003,0.11,0.10,95.73,-0.09,-0.01,-0.03,770,770,771,771,LOITER,1
59.000,motor 1 effectiveness -> 100% (PX4 reads back 1.00),1.0,20.023,0.003,0.11,0.10,95.73,-0.21,-0.11,-0.04,770,770,771,771,LOITER,1
59.020,motor 1 effectiveness -> 100% (PX4 reads back 1.00),1.0,20.022,0.002,0.10,0.10,95.73,-0.21,-0.10,-0.06,770,770,771,770,LOITER,1
59.040,motor 1 effectiveness -> 100% (PX4 reads back 1.00),1.0,20.022,0.002,0.10,0.10,95.72,-0.20,0.01,-0.03,770,770,771,770,LOITER,1
59.060,motor 1 effectiveness -> 100% (PX4 reads back 1.00),1.0,20.021,0.001,0.10,0.10,95.72,-0.16,-0.06,-0.06,770,770,771,771,LOITER,1
59.080,motor 1 effectiveness -> 100% (PX4 reads back 1.00),1.0,20.021,0.001,0.09,0.09,95.72,-0.16,-0.07,-0.04,770,770,771,771,LOITER,1
59.100,motor 1 effectiveness -> 100% (PX4 reads back 1.00),1.0,20.021,0.001,0.09,0.09,95.72,-0.22,-0.04,-0.10,770,770,771,771,LOITER,1
59.120,motor 1 effectiveness -> 100% (PX4 reads back 1.00),1.0,20.019,-0.000,0.09,0.09,95.72,-0.16,-0.07,-0.06,770,771,771,771,LOITER,1
59.140,motor 1 effectiveness -> 100% (PX4 reads back 1.00),1.0,20.019,-0.000,0.08,0.09,95.71,-0.12,-0.15,-0.09,770,771,771,771,LOITER,1
59.160,motor 1 effectiveness -> 100% (PX4 reads back 1.00),1.0,20.018,-0.002,0.08,0.09,95.71,-0.20,-0.06,-0.14,770,771,771,771,LOITER,1
59.180,motor 1 effectiveness -> 100% (PX4 reads back 1.00),1.0,20.018,-0.002,0.08,0.09,95.71,-0.20,0.01,-0.15,770,771,771,771,LOITER,1
59.200,motor 1 effectiveness -> 100% (PX4 reads back 1.00),1.0,20.018,-0.002,0.07,0.09,95.70,-0.08,-0.04,-0.07,770,771,771,771,LOITER,1
59.220,motor 1 effectiveness -> 100% (PX4 reads back 1.00),1.0,20.017,-0.003,0.07,0.09,95.70,-0.09,-0.01,-0.10,771,770,771,771,LOITER,1
59.240,motor 1 effectiveness -> 100% (PX4 reads back 1.00),1.0,20.017,-0.003,0.07,0.09,95.70,-0.17,-0.02,-0.13,771,770,771,771,LOITER,1
59.260,motor 1 effectiveness -> 100% (PX4 reads back 1.00),1.0,20.016,-0.005,0.07,0.09,95.69,-0.13,0.06,-0.08,770,771,770,771,LOITER,1
59.280,motor 1 effectiveness -> 100% (PX4 reads back 1.00),1.0,20.016,-0.005,0.06,0.09,95.69,-0.11,0.01,-0.06,770,771,770,771,LOITER,1
59.300,motor 1 effectiveness -> 100% (PX4 reads back 1.00),1.0,20.016,-0.005,0.06,0.09,95.69,-0.10,-0.00,-0.12,770,771,770,771,LOITER,1
59.320,motor 1 effectiveness -> 100% (PX4 reads back 1.00),1.0,20.015,-0.006,0.06,0.09,95.68,-0.02,0.12,-0.10,771,771,770,770,LOITER,1
59.340,motor 1 effectiveness -> 100% (PX4 reads back 1.00),1.0,20.015,-0.006,0.06,0.09,95.68,0.01,0.11,-0.09,771,771,770,770,LOITER,1
59.360,motor 1 effectiveness -> 100% (PX4 reads back 1.00),1.0,20.014,-0.008,0.06,0.09,95.68,-0.10,0.01,-0.06,771,770,770,770,LOITER,1
59.380,motor 1 effectiveness -> 100% (PX4 reads back 1.00),1.0,20.014,-0.008,0.06,0.09,95.67,-0.15,0.14,-0.05,771,770,770,770,LOITER,1
59.400,motor 1 effectiveness -> 100% (PX4 reads back 1.00),1.0,20.014,-0.008,0.05,0.09,95.67,-0.09,0.09,-0.03,771,770,770,770,LOITER,1
59.420,motor 1 effectiveness -> 100% (PX4 reads back 1.00),1.0,20.014,-0.009,0.05,0.09,95.67,-0.14,0.03,-0.09,770,770,770,770,LOITER,1
59.440,motor 1 effectiveness -> 100% (PX4 reads back 1.00),1.0,20.014,-0.009,0.05,0.10,95.67,-0.11,0.09,-0.06,770,770,770,770,LOITER,1
59.460,motor 1 effectiveness -> 100% (PX4 reads back 1.00),1.0,20.013,-0.010,0.05,0.10,95.66,-0.08,0.05,-0.07,770,770,770,769,LOITER,1
59.480,motor 1 effectiveness -> 100% (PX4 reads back 1.00),1.0,20.013,-0.010,0.04,0.10,95.66,-0.11,0.06,-0.12,770,770,770,769,LOITER,1
59.500,motor 1 effectiveness -> 100% (PX4 reads back 1.00),1.0,20.013,-0.010,0.04,0.10,95.66,-0.04,0.14,-0.05,770,770,770,769,LOITER,1
59.520,motor 1 effectiveness -> 100% (PX4 reads back 1.00),1.0,20.013,-0.011,0.04,0.10,95.66,-0.05,0.10,-0.06,770,770,769,769,LOITER,1
59.540,motor 1 effectiveness -> 100% (PX4 reads back 1.00),1.0,20.013,-0.011,0.04,0.10,95.65,-0.12,0.09,-0.03,770,770,769,769,LOITER,1
59.560,motor 1 effectiveness -> 100% (PX4 reads back 1.00),1.0,20.014,-0.012,0.04,0.11,95.65,-0.05,0.09,-0.02,770,770,769,769,LOITER,1
59.580,motor 1 effectiveness -> 100% (PX4 reads back 1.00),1.0,20.014,-0.012,0.03,0.11,95.65,-0.13,0.07,0.00,770,770,769,769,LOITER,1
59.600,motor 1 effectiveness -> 100% (PX4 reads back 1.00),1.0,20.014,-0.012,0.03,0.11,95.65,-0.11,0.12,0.00,770,770,769,769,LOITER,1
59.620,motor 1 effectiveness -> 100% (PX4 reads back 1.00),1.0,20.014,-0.012,0.03,0.11,95.65,-0.05,0.02,0.02,769,770,769,769,LOITER,1
59.640,motor 1 effectiveness -> 100% (PX4 reads back 1.00),1.0,20.014,-0.012,0.03,0.11,95.65,-0.04,-0.08,0.04,769,770,769,769,LOITER,1
59.660,motor 1 effectiveness -> 100% (PX4 reads back 1.00),1.0,20.014,-0.012,0.03,0.11,95.65,-0.08,-0.01,0.02,769,770,769,769,LOITER,1
59.680,motor 1 effectiveness -> 100% (PX4 reads back 1.00),1.0,20.014,-0.012,0.03,0.11,95.65,-0.05,-0.02,0.05,769,770,769,769,LOITER,1
59.700,motor 1 effectiveness -> 100% (PX4 reads back 1.00),1.0,20.014,-0.012,0.03,0.11,95.65,-0.04,-0.03,0.06,769,770,769,769,LOITER,1
59.720,motor 1 effectiveness -> 100% (PX4 reads back 1.00),1.0,20.014,-0.012,0.02,0.11,95.65,0.03,-0.18,0.06,769,770,769,769,LOITER,1
59.740,motor 1 effectiveness -> 100% (PX4 reads back 1.00),1.0,20.014,-0.012,0.02,0.10,95.65,-0.09,-0.15,0.04,769,770,769,769,LOITER,1
59.760,motor 1 effectiveness -> 100% (PX4 reads back 1.00),1.0,20.013,-0.012,0.02,0.10,95.65,-0.03,-0.09,0.12,769,770,769,769,LOITER,1
59.780,motor 1 effectiveness -> 100% (PX4 reads back 1.00),1.0,20.013,-0.012,0.02,0.10,95.66,-0.04,-0.21,0.08,769,770,769,769,LOITER,1
59.800,motor 1 effectiveness -> 100% (PX4 reads back 1.00),1.0,20.013,-0.012,0.02,0.09,95.66,-0.02,-0.17,0.10,769,770,769,769,LOITER,1
59.820,motor 1 effectiveness -> 100% (PX4 reads back 1.00),1.0,20.013,-0.012,0.02,0.09,95.66,-0.06,-0.10,0.10,769,770,769,769,LOITER,1
59.840,motor 1 effectiveness -> 100% (PX4 reads back 1.00),1.0,20.013,-0.012,0.02,0.09,95.67,-0.02,-0.13,0.12,769,770,769,769,LOITER,1
59.860,motor 1 effectiveness -> 100% (PX4 reads back 1.00),1.0,20.013,-0.012,0.02,0.09,95.67,-0.03,-0.22,0.05,770,769,769,769,LOITER,1
59.880,motor 1 effectiveness -> 100% (PX4 reads back 1.00),1.0,20.013,-0.012,0.02,0.08,95.67,-0.07,-0.24,0.07,770,769,769,769,LOITER,1
59.900,motor 1 effectiveness -> 100% (PX4 reads back 1.00),1.0,20.013,-0.012,0.01,0.08,95.67,-0.05,-0.12,0.09,770,769,769,769,LOITER,1
59.920,motor 1 effectiveness -> 100% (PX4 reads back 1.00),1.0,20.013,-0.012,0.01,0.08,95.68,-0.06,-0.15,0.10,769,770,769,770,LOITER,1
59.940,motor 1 effectiveness -> 100% (PX4 reads back 1.00),1.0,20.013,-0.012,0.01,0.07,95.68,-0.07,-0.25,0.09,769,770,769,770,LOITER,1
59.960,motor 1 effectiveness -> 100% (PX4 reads back 1.00),1.0,20.013,-0.012,0.01,0.07,95.68,0.00,-0.28,0.10,770,769,770,769,LOITER,1
59.980,motor 1 effectiveness -> 100% (PX4 reads back 1.00),1.0,20.013,-0.012,0.01,0.06,95.68,-0.03,-0.17,0.09,770,769,770,769,LOITER,1
60.000,motor 1 effectiveness -> 100% (PX4 reads back 1.00),1.0,20.013,-0.012,0.01,0.06,95.69,-0.11,-0.19,0.09,770,769,770,769,LOITER,1
60.020,motor 1 effectiveness -> 100% (PX4 reads back 1.00),1.0,20.014,-0.012,0.01,0.06,95.69,-0.11,-0.16,0.11,769,769,770,769,LOITER,1
60.040,motor 1 effectiveness -> 100% (PX4 reads back 1.00),1.0,20.014,-0.012,0.01,0.05,95.69,-0.17,-0.14,0.07,769,769,770,769,LOITER,1
60.060,motor 1 effectiveness -> 100% (PX4 reads back 1.00),1.0,20.014,-0.012,0.00,0.05,95.69,-0.16,-0.16,0.03,769,769,769,769,LOITER,1
60.080,motor 1 effectiveness -> 100% (PX4 reads back 1.00),1.0,20.014,-0.012,-0.00,0.05,95.69,-0.13,-0.14,0.08,769,769,769,769,LOITER,1
60.100,motor 1 effectiveness -> 100% (PX4 reads back 1.00),1.0,20.014,-0.012,-0.00,0.05,95.69,-0.21,-0.15,0.06,769,769,769,769,LOITER,1
60.120,motor 1 effectiveness -> 100% (PX4 reads back 1.00),1.0,20.015,-0.012,-0.01,0.04,95.69,-0.23,-0.08,0.05,769,769,769,769,LOITER,1
60.140,motor 1 effectiveness -> 100% (PX4 reads back 1.00),1.0,20.015,-0.012,-0.01,0.04,95.69,-0.20,-0.13,0.06,769,769,769,769,LOITER,1
60.160,motor 1 effectiveness -> 100% (PX4 reads back 1.00),1.0,20.015,-0.012,-0.02,0.04,95.69,-0.17,-0.14,0.05,769,769,769,769,LOITER,1
60.180,motor 1 effectiveness -> 100% (PX4 reads back 1.00),1.0,20.015,-0.012,-0.02,0.04,95.69,-0.18,-0.18,0.04,769,769,769,769,LOITER,1
60.200,motor 1 effectiveness -> 100% (PX4 reads back 1.00),1.0,20.015,-0.012,-0.02,0.03,95.70,-0.11,-0.31,0.07,769,769,769,769,LOITER,1
60.220,motor 1 effectiveness -> 100% (PX4 reads back 1.00),1.0,20.016,-0.012,-0.02,0.03,95.70,-0.14,-0.24,0.06,769,768,769,769,LOITER,1
60.240,motor 1 effectiveness -> 100% (PX4 reads back 1.00),1.0,20.016,-0.012,-0.03,0.02,95.70,-0.20,-0.23,0.01,769,768,769,769,LOITER,1
60.260,motor 1 effectiveness -> 100% (PX4 reads back 1.00),1.0,20.017,-0.011,-0.03,0.02,95.70,-0.14,-0.33,0.06,769,768,769,769,LOITER,1
60.280,motor 1 effectiveness -> 100% (PX4 reads back 1.00),1.0,20.017,-0.011,-0.03,0.01,95.70,-0.19,-0.25,0.03,769,768,769,769,LOITER,1
60.300,motor 1 effectiveness -> 100% (PX4 reads back 1.00),1.0,20.017,-0.011,-0.04,0.01,95.70,-0.29,-0.27,0.02,769,768,769,769,LOITER,1
60.320,motor 1 effectiveness -> 100% (PX4 reads back 1.00),1.0,20.018,-0.011,-0.04,0.00,95.70,-0.22,-0.23,0.05,768,768,769,768,LOITER,1
60.340,motor 1 effectiveness -> 100% (PX4 reads back 1.00),1.0,20.018,-0.011,-0.05,-0.00,95.70,-0.21,-0.17,-0.02,768,768,769,768,LOITER,1
60.360,motor 1 effectiveness -> 100% (PX4 reads back 1.00),1.0,20.018,-0.010,-0.05,-0.01,95.70,-0.17,-0.15,-0.02,769,768,769,769,LOITER,1
60.380,motor 1 effectiveness -> 100% (PX4 reads back 1.00),1.0,20.018,-0.010,-0.06,-0.01,95.69,-0.27,-0.13,-0.02,769,768,769,769,LOITER,1
60.400,motor 1 effectiveness -> 100% (PX4 reads back 1.00),1.0,20.018,-0.010,-0.06,-0.01,95.69,-0.25,-0.04,-0.05,769,768,769,769,LOITER,1
60.420,motor 1 effectiveness -> 100% (PX4 reads back 1.00),1.0,20.019,-0.009,-0.07,-0.01,95.69,-0.17,-0.09,-0.01,768,769,769,768,LOITER,1
60.440,motor 1 effectiveness -> 100% (PX4 reads back 1.00),1.0,20.019,-0.009,-0.07,-0.01,95.69,-0.04,0.04,0.00,768,769,769,768,LOITER,1
60.460,motor 1 effectiveness -> 100% (PX4 reads back 1.00),1.0,20.019,-0.009,-0.07,-0.01,95.69,-0.19,0.11,-0.01,768,769,769,768,LOITER,1
60.480,motor 1 effectiveness -> 100% (PX4 reads back 1.00),1.0,20.019,-0.009,-0.07,-0.01,95.69,-0.11,0.13,-0.06,768,769,769,768,LOITER,1
60.500,motor 1 effectiveness -> 100% (PX4 reads back 1.00),1.0,20.019,-0.009,-0.08,-0.01,95.69,-0.11,0.15,0.03,768,769,769,768,LOITER,1
60.520,motor 1 effectiveness -> 100% (PX4 reads back 1.00),1.0,20.020,-0.008,-0.08,-0.01,95.69,-0.07,0.14,-0.01,769,768,769,769,LOITER,1
60.540,motor 1 effectiveness -> 100% (PX4 reads back 1.00),1.0,20.020,-0.008,-0.08,-0.00,95.69,-0.05,0.24,-0.04,769,768,769,769,LOITER,1
60.560,motor 1 effectiveness -> 100% (PX4 reads back 1.00),1.0,20.020,-0.007,-0.08,0.00,95.68,-0.11,0.28,-0.01,768,769,769,769,LOITER,1
60.580,motor 1 effectiveness -> 100% (PX4 reads back 1.00),1.0,20.020,-0.007,-0.08,0.01,95.68,-0.13,0.28,0.03,768,769,769,769,LOITER,1
60.600,motor 1 effectiveness -> 100% (PX4 reads back 1.00),1.0,20.020,-0.007,-0.09,0.01,95.68,-0.13,0.25,0.01,768,769,769,769,LOITER,1
60.620,motor 1 effectiveness -> 100% (PX4 reads back 1.00),1.0,20.020,-0.007,-0.09,0.02,95.68,-0.06,0.35,-0.07,769,769,769,769,LOITER,1
60.640,motor 1 effectiveness -> 100% (PX4 reads back 1.00),1.0,20.020,-0.007,-0.09,0.02,95.68,-0.11,0.27,0.05,769,769,769,769,LOITER,1
60.660,motor 1 effectiveness -> 100% (PX4 reads back 1.00),1.0,20.021,-0.006,-0.09,0.03,95.68,-0.10,0.29,0.04,769,769,769,769,LOITER,1
60.680,motor 1 effectiveness -> 100% (PX4 reads back 1.00),1.0,20.021,-0.006,-0.09,0.03,95.68,-0.13,0.29,-0.04,769,769,769,769,LOITER,1
60.700,motor 1 effectiveness -> 100% (PX4 reads back 1.00),1.0,20.021,-0.006,-0.10,0.04,95.68,-0.14,0.28,-0.02,769,769,769,769,LOITER,1
60.720,motor 1 effectiveness -> 100% (PX4 reads back 1.00),1.0,20.021,-0.006,-0.10,0.04,95.68,-0.10,0.26,-0.01,768,769,769,769,LOITER,1
60.740,motor 1 effectiveness -> 100% (PX4 reads back 1.00),1.0,20.021,-0.006,-0.10,0.05,95.68,-0.17,0.27,-0.02,768,769,769,769,LOITER,1
60.760,motor 1 effectiveness -> 100% (PX4 reads back 1.00),1.0,20.022,-0.006,-0.10,0.05,95.68,-0.06,0.32,0.02,768,769,768,769,LOITER,1
60.780,motor 1 effectiveness -> 100% (PX4 reads back 1.00),1.0,20.022,-0.006,-0.11,0.06,95.68,-0.13,0.19,0.03,768,769,768,769,LOITER,1
60.800,motor 1 effectiveness -> 100% (PX4 reads back 1.00),1.0,20.022,-0.006,-0.11,0.06,95.68,-0.19,0.28,0.01,768,769,768,769,LOITER,1
60.820,motor 1 effectiveness -> 100% (PX4 reads back 1.00),1.0,20.022,-0.005,-0.11,0.07,95.68,-0.13,0.27,-0.05,768,769,768,769,LOITER,1
60.840,motor 1 effectiveness -> 100% (PX4 reads back 1.00),1.0,20.022,-0.005,-0.11,0.07,95.68,-0.14,0.20,-0.01,768,769,768,769,LOITER,1
60.860,motor 1 effectiveness -> 100% (PX4 reads back 1.00),1.0,20.023,-0.004,-0.11,0.08,95.68,-0.09,0.19,0.04,769,768,769,768,LOITER,1
60.880,motor 1 effectiveness -> 100% (PX4 reads back 1.00),1.0,20.023,-0.004,-0.12,0.08,95.68,-0.11,0.22,0.06,769,768,769,768,LOITER,1
60.900,motor 1 effectiveness -> 100% (PX4 reads back 1.00),1.0,20.023,-0.004,-0.12,0.09,95.68,-0.11,0.23,0.04,769,768,769,768,LOITER,1
60.920,motor 1 effectiveness -> 100% (PX4 reads back 1.00),1.0,20.023,-0.004,-0.12,0.09,95.68,-0.12,0.12,-0.03,769,769,769,769,LOITER,1
60.940,motor 1 effectiveness -> 100% (PX4 reads back 1.00),1.0,20.023,-0.004,-0.12,0.09,95.68,-0.14,0.08,0.01,769,769,769,769,LOITER,1
60.960,motor 1 effectiveness -> 100% (PX4 reads back 1.00),1.0,20.024,-0.003,-0.13,0.09,95.67,-0.13,0.11,-0.00,768,769,768,769,LOITER,1
60.980,motor 1 effectiveness -> 100% (PX4 reads back 1.00),1.0,20.024,-0.003,-0.13,0.09,95.67,-0.07,0.12,0.01,768,769,768,769,LOITER,1
60.996,motor 1 effectiveness -> 100% (PX4 reads back 1.00),1.0,20.024,-0.003,-0.13,0.10,95.67,-0.10,0.10,0.03,768,769,768,769,LOITER,1
61.020,motor 1 effectiveness -> 100% (PX4 reads back 1.00),1.0,20.024,-0.003,-0.13,0.10,95.67,-0.15,-0.01,0.01,769,769,769,768,LOITER,1
61.040,motor 1 effectiveness -> 100% (PX4 reads back 1.00),1.0,20.024,-0.003,-0.14,0.10,95.67,-0.21,0.06,-0.01,769,769,769,768,LOITER,1
61.060,motor 1 effectiveness -> 100% (PX4 reads back 1.00),1.0,20.025,-0.002,-0.14,0.10,95.67,-0.15,0.16,0.00,768,769,768,769,LOITER,1
61.080,motor 1 effectiveness -> 100% (PX4 reads back 1.00),1.0,20.025,-0.002,-0.14,0.10,95.67,-0.15,0.04,-0.02,768,769,768,769,LOITER,1
61.100,motor 1 effectiveness -> 100% (PX4 reads back 1.00),1.0,20.025,-0.002,-0.14,0.10,95.67,-0.17,0.05,0.03,768,769,768,769,LOITER,1
61.120,motor 1 effectiveness -> 100% (PX4 reads back 1.00),1.0,20.026,-0.002,-0.15,0.11,95.67,-0.07,0.14,-0.01,768,769,769,768,LOITER,1
61.140,motor 1 effectiveness -> 100% (PX4 reads back 1.00),1.0,20.026,-0.002,-0.15,0.11,95.67,-0.12,0.15,0.04,768,769,769,768,LOITER,1
61.160,motor 1 effectiveness -> 100% (PX4 reads back 1.00),1.0,20.026,-0.001,-0.15,0.11,95.67,-0.11,0.11,0.07,769,768,769,768,LOITER,1
61.180,motor 1 effectiveness -> 100% (PX4 reads back 1.00),1.0,20.026,-0.001,-0.15,0.11,95.68,-0.19,0.08,0.01,769,768,769,768,LOITER,1
61.200,motor 1 effectiveness -> 100% (PX4 reads back 1.00),1.0,20.026,-0.001,-0.16,0.11,95.68,-0.09,0.10,0.02,769,768,769,768,LOITER,1
61.220,motor 1 effectiveness -> 100% (PX4 reads back 1.00),1.0,20.027,-0.001,-0.16,0.12,95.68,0.00,0.18,0.08,768,769,768,768,LOITER,1
61.240,motor 1 effectiveness -> 100% (PX4 reads back 1.00),1.0,20.027,-0.001,-0.16,0.12,95.68,-0.02,0.06,0.05,768,769,768,768,LOITER,1
61.260,motor 1 effectiveness -> 100% (PX4 reads back 1.00),1.0,20.027,-0.000,-0.16,0.12,95.68,0.00,0.16,0.05,768,768,768,769,LOITER,1
61.280,motor 1 effectiveness -> 100% (PX4 reads back 1.00),1.0,20.027,-0.000,-0.16,0.12,95.69,-0.06,0.13,-0.00,768,768,768,769,LOITER,1
61.300,motor 1 effectiveness -> 100% (PX4 reads back 1.00),1.0,20.027,-0.000,-0.16,0.12,95.69,0.09,0.14,0.04,768,768,768,769,LOITER,1
61.320,motor 1 effectiveness -> 100% (PX4 reads back 1.00),1.0,20.028,0.001,-0.16,0.13,95.69,0.02,0.05,0.03,769,768,768,769,LOITER,1
61.340,motor 1 effectiveness -> 100% (PX4 reads back 1.00),1.0,20.028,0.001,-0.16,0.13,95.69,-0.02,0.12,0.07,769,768,768,769,LOITER,1
61.360,motor 1 effectiveness -> 100% (PX4 reads back 1.00),1.0,20.028,0.002,-0.16,0.13,95.70,0.01,0.16,0.05,768,769,769,769,LOITER,1
61.380,motor 1 effectiveness -> 100% (PX4 reads back 1.00),1.0,20.028,0.002,-0.16,0.13,95.70,0.08,0.11,0.02,768,769,769,769,LOITER,1
61.400,motor 1 effectiveness -> 100% (PX4 reads back 1.00),1.0,20.028,0.002,-0.15,0.13,95.70,0.09,0.10,0.01,768,769,769,769,LOITER,1
61.420,motor 1 effectiveness -> 100% (PX4 reads back 1.00),1.0,20.028,0.002,-0.15,0.13,95.70,0.10,0.03,0.05,769,768,769,769,LOITER,1
61.440,motor 1 effectiveness -> 100% (PX4 reads back 1.00),1.0,20.028,0.002,-0.15,0.13,95.71,0.12,0.03,-0.01,769,768,769,769,LOITER,1
61.460,motor 1 effectiveness -> 100% (PX4 reads back 1.00),1.0,20.028,0.002,-0.15,0.13,95.71,0.13,0.03,0.03,769,768,769,769,LOITER,1
61.480,motor 1 effectiveness -> 100% (PX4 reads back 1.00),1.0,20.028,0.002,-0.15,0.13,95.71,0.05,0.12,0.03,769,768,769,769,LOITER,1
61.500,motor 1 effectiveness -> 100% (PX4 reads back 1.00),1.0,20.028,0.002,-0.15,0.14,95.71,0.07,0.06,-0.02,769,768,769,769,LOITER,1
61.520,motor 1 effectiveness -> 100% (PX4 reads back 1.00),1.0,20.028,0.003,-0.14,0.14,95.72,0.15,0.03,0.02,769,768,769,769,LOITER,1
61.540,motor 1 effectiveness -> 100% (PX4 reads back 1.00),1.0,20.028,0.003,-0.14,0.14,95.72,0.06,0.02,0.04,769,768,769,769,LOITER,1
61.560,motor 1 effectiveness -> 100% (PX4 reads back 1.00),1.0,20.029,0.003,-0.14,0.14,95.72,0.09,0.15,-0.01,768,769,769,769,LOITER,1
61.580,motor 1 effectiveness -> 100% (PX4 reads back 1.00),1.0,20.029,0.003,-0.14,0.14,95.72,0.20,0.09,0.00,768,769,769,769,LOITER,1
61.600,motor 1 effectiveness -> 100% (PX4 reads back 1.00),1.0,20.029,0.003,-0.14,0.14,95.73,0.19,0.06,-0.02,768,769,769,769,LOITER,1
61.620,motor 1 effectiveness -> 100% (PX4 reads back 1.00),1.0,20.029,0.003,-0.13,0.14,95.73,0.18,0.12,-0.01,769,768,769,769,LOITER,1
61.640,motor 1 effectiveness -> 100% (PX4 reads back 1.00),1.0,20.029,0.003,-0.13,0.14,95.73,0.18,0.02,0.01,769,768,769,769,LOITER,1
61.660,motor 1 effectiveness -> 100% (PX4 reads back 1.00),1.0,20.029,0.003,-0.12,0.14,95.73,0.23,0.07,-0.04,769,769,769,769,LOITER,1
61.680,motor 1 effectiveness -> 100% (PX4 reads back 1.00),1.0,20.029,0.003,-0.12,0.15,95.73,0.29,0.08,-0.06,769,769,769,769,LOITER,1
61.700,motor 1 effectiveness -> 100% (PX4 reads back 1.00),1.0,20.029,0.003,-0.11,0.15,95.73,0.23,0.13,0.01,769,769,769,769,LOITER,1
61.720,motor 1 effectiveness -> 100% (PX4 reads back 1.00),1.0,20.029,0.004,-0.11,0.15,95.73,0.25,0.13,-0.08,769,769,769,769,LOITER,1
61.740,motor 1 effectiveness -> 100% (PX4 reads back 1.00),1.0,20.029,0.004,-0.10,0.15,95.74,0.28,0.04,-0.03,769,769,769,769,LOITER,1
61.760,motor 1 effectiveness -> 100% (PX4 reads back 1.00),1.0,20.028,0.004,-0.10,0.15,95.74,0.20,-0.02,-0.06,769,769,770,769,LOITER,1
61.780,motor 1 effectiveness -> 100% (PX4 reads back 1.00),1.0,20.028,0.004,-0.09,0.15,95.74,0.27,-0.01,-0.01,769,769,770,769,LOITER,1
61.800,motor 1 effectiveness -> 100% (PX4 reads back 1.00),1.0,20.028,0.004,-0.09,0.15,95.73,0.18,-0.05,-0.09,769,769,770,769,LOITER,1
61.820,motor 1 effectiveness -> 100% (PX4 reads back 1.00),1.0,20.028,0.004,-0.09,0.15,95.73,0.19,-0.08,-0.03,769,769,770,769,LOITER,1
61.840,motor 1 effectiveness -> 100% (PX4 reads back 1.00),1.0,20.028,0.004,-0.08,0.15,95.73,0.20,-0.08,-0.03,769,769,770,769,LOITER,1
61.860,motor 1 effectiveness -> 100% (PX4 reads back 1.00),1.0,20.028,0.004,-0.08,0.15,95.73,0.20,-0.12,-0.06,769,769,770,769,LOITER,1
61.880,motor 1 effectiveness -> 100% (PX4 reads back 1.00),1.0,20.028,0.004,-0.07,0.14,95.73,0.28,-0.07,-0.05,769,769,770,769,LOITER,1
61.900,motor 1 effectiveness -> 100% (PX4 reads back 1.00),1.0,20.028,0.004,-0.07,0.14,95.73,0.23,-0.11,-0.10,769,769,770,769,LOITER,1
61.920,motor 1 effectiveness -> 100% (PX4 reads back 1.00),1.0,20.028,0.004,-0.06,0.14,95.72,0.23,-0.05,-0.13,769,769,769,769,LOITER,1
61.940,motor 1 effectiveness -> 100% (PX4 reads back 1.00),1.0,20.028,0.004,-0.06,0.14,95.72,0.13,-0.20,-0.10,769,769,769,769,LOITER,1
61.960,motor 1 effectiveness -> 100% (PX4 reads back 1.00),1.0,20.028,0.004,-0.06,0.13,95.72,0.14,-0.14,-0.10,769,769,769,769,LOITER,1
61.980,motor 1 effectiveness -> 100% (PX4 reads back 1.00),1.0,20.028,0.004,-0.05,0.13,95.71,0.18,-0.19,-0.12,769,769,769,769,LOITER,1
62.000,motor 1 effectiveness -> 100% (PX4 reads back 1.00),1.0,20.028,0.004,-0.05,0.13,95.71,0.22,-0.19,-0.07,769,769,769,769,LOITER,1
62.020,motor 1 effectiveness -> 100% (PX4 reads back 1.00),1.0,20.028,0.004,-0.04,0.12,95.71,0.24,-0.22,-0.09,769,769,769,769,LOITER,1
62.040,motor 1 effectiveness -> 100% (PX4 reads back 1.00),1.0,20.028,0.004,-0.04,0.12,95.70,0.09,-0.16,-0.08,769,769,769,769,LOITER,1
62.060,motor 1 effectiveness -> 100% (PX4 reads back 1.00),1.0,20.028,0.004,-0.04,0.12,95.70,0.16,-0.15,-0.12,769,769,769,769,LOITER,1
62.080,motor 1 effectiveness -> 100% (PX4 reads back 1.00),1.0,20.028,0.004,-0.04,0.11,95.70,0.10,-0.17,-0.06,769,769,769,769,LOITER,1
62.100,motor 1 effectiveness -> 100% (PX4 reads back 1.00),1.0,20.028,0.004,-0.04,0.11,95.69,0.11,-0.17,-0.16,769,769,769,769,LOITER,1
62.120,motor 1 effectiveness -> 100% (PX4 reads back 1.00),1.0,20.028,0.004,-0.03,0.11,95.69,0.04,-0.24,-0.05,769,769,769,769,LOITER,1
62.140,motor 1 effectiveness -> 100% (PX4 reads back 1.00),1.0,20.028,0.004,-0.03,0.10,95.68,0.07,-0.19,-0.09,769,769,769,769,LOITER,1
62.160,motor 1 effectiveness -> 100% (PX4 reads back 1.00),1.0,20.029,0.004,-0.03,0.10,95.68,0.05,-0.21,-0.07,769,769,769,769,LOITER,1
62.180,motor 1 effectiveness -> 100% (PX4 reads back 1.00),1.0,20.029,0.004,-0.03,0.09,95.68,0.06,-0.25,-0.11,769,769,769,769,LOITER,1
62.200,motor 1 effectiveness -> 100% (PX4 reads back 1.00),1.0,20.029,0.004,-0.03,0.09,95.67,0.09,-0.32,-0.10,769,769,769,769,LOITER,1
62.220,motor 1 effectiveness -> 100% (PX4 reads back 1.00),1.0,20.029,0.004,-0.03,0.08,95.67,0.08,-0.24,-0.11,769,769,769,769,LOITER,1
62.240,motor 1 effectiveness -> 100% (PX4 reads back 1.00),1.0,20.029,0.004,-0.03,0.08,95.67,0.02,-0.31,-0.08,769,769,769,769,LOITER,1
62.260,motor 1 effectiveness -> 100% (PX4 reads back 1.00),1.0,20.029,0.004,-0.03,0.07,95.66,-0.06,-0.28,-0.06,769,770,769,769,LOITER,1
62.280,motor 1 effectiveness -> 100% (PX4 reads back 1.00),1.0,20.029,0.004,-0.03,0.07,95.66,0.05,-0.34,-0.07,769,770,769,769,LOITER,1
62.300,motor 1 effectiveness -> 100% (PX4 reads back 1.00),1.0,20.029,0.004,-0.03,0.06,95.65,-0.01,-0.38,-0.09,769,770,769,769,LOITER,1
62.320,motor 1 effectiveness -> 100% (PX4 reads back 1.00),1.0,20.029,0.004,-0.03,0.05,95.65,-0.00,-0.40,-0.08,769,769,769,768,LOITER,1
62.340,motor 1 effectiveness -> 100% (PX4 reads back 1.00),1.0,20.029,0.004,-0.03,0.04,95.65,0.04,-0.40,-0.09,769,769,769,768,LOITER,1
62.360,motor 1 effectiveness -> 100% (PX4 reads back 1.00),1.0,20.030,0.004,-0.02,0.04,95.64,0.01,-0.38,-0.07,769,769,768,769,LOITER,1
62.380,motor 1 effectiveness -> 100% (PX4 reads back 1.00),1.0,20.030,0.004,-0.02,0.03,95.64,-0.07,-0.39,-0.05,769,769,768,769,LOITER,1
62.400,motor 1 effectiveness -> 100% (PX4 reads back 1.00),1.0,20.030,0.004,-0.03,0.02,95.63,-0.13,-0.46,-0.04,769,769,768,769,LOITER,1
62.420,motor 1 effectiveness -> 100% (PX4 reads back 1.00),1.0,20.030,0.004,-0.03,0.01,95.63,-0.02,-0.39,-0.07,769,769,768,768,LOITER,1
62.440,motor 1 effectiveness -> 100% (PX4 reads back 1.00),1.0,20.030,0.004,-0.03,0.01,95.62,-0.05,-0.40,-0.12,769,769,768,768,LOITER,1
62.460,motor 1 effectiveness -> 100% (PX4 reads back 1.00),1.0,20.030,0.004,-0.03,-0.00,95.62,-0.07,-0.29,-0.06,769,770,768,768,LOITER,1
62.480,motor 1 effectiveness -> 100% (PX4 reads back 1.00),1.0,20.030,0.004,-0.03,-0.01,95.62,-0.07,-0.39,0.01,769,770,768,768,LOITER,1
62.500,motor 1 effectiveness -> 100% (PX4 reads back 1.00),1.0,20.030,0.004,-0.03,-0.01,95.61,-0.06,-0.45,0.01,769,770,768,768,LOITER,1
62.520,motor 1 effectiveness -> 100% (PX4 reads back 1.00),1.0,20.031,0.005,-0.03,-0.02,95.61,-0.19,-0.44,0.00,770,769,768,768,LOITER,1
62.540,motor 1 effectiveness -> 100% (PX4 reads back 1.00),1.0,20.031,0.005,-0.04,-0.03,95.60,-0.26,-0.39,0.07,770,769,768,768,LOITER,1
62.560,motor 1 effectiveness -> 100% (PX4 reads back 1.00),1.0,20.031,0.005,-0.04,-0.04,95.60,-0.17,-0.48,0.06,770,769,768,768,LOITER,1
62.580,motor 1 effectiveness -> 100% (PX4 reads back 1.00),1.0,20.031,0.005,-0.04,-0.05,95.60,-0.15,-0.50,0.10,770,769,768,768,LOITER,1
62.600,motor 1 effectiveness -> 100% (PX4 reads back 1.00),1.0,20.031,0.005,-0.05,-0.06,95.59,-0.08,-0.32,0.06,770,769,768,768,LOITER,1
62.620,motor 1 effectiveness -> 100% (PX4 reads back 1.00),1.0,20.031,0.005,-0.05,-0.06,95.59,-0.11,-0.35,0.09,769,770,768,769,LOITER,1
62.640,motor 1 effectiveness -> 100% (PX4 reads back 1.00),1.0,20.031,0.005,-0.05,-0.07,95.59,-0.10,-0.50,0.08,769,770,768,769,LOITER,1
62.660,motor 1 effectiveness -> 100% (PX4 reads back 1.00),1.0,20.030,0.005,-0.05,-0.08,95.59,-0.09,-0.44,0.09,770,769,768,768,LOITER,1
62.680,motor 1 effectiveness -> 100% (PX4 reads back 1.00),1.0,20.030,0.005,-0.06,-0.07,95.59,-2.94,2.45,0.62,770,769,768,768,LOITER,1
62.700,motor 1 effectiveness -> 100% (PX4 reads back 1.00),1.0,20.030,0.005,-0.31,0.16,95.61,-20.00,18.82,1.83,770,769,768,768,LOITER,1
62.700,motor 1 effectiveness -> 75% (PX4 reads back 0.75),0.75,20.031,-0.023,-0.31,0.16,95.61,-20.00,18.82,1.83,836,862,744,785,LOITER,1
62.720,motor 1 effectiveness -> 75% (PX4 reads back 0.75),0.75,20.031,-0.023,-0.86,0.64,95.65,-32.28,26.69,2.88,836,862,744,785,LOITER,1
62.740,motor 1 effectiveness -> 75% (PX4 reads back 0.75),0.75,20.031,-0.023,-1.56,1.16,95.70,-36.19,24.46,3.94,836,862,744,785,LOITER,1
62.760,motor 1 effectiveness -> 75% (PX4 reads back 0.75),0.75,20.034,-0.079,-2.29,1.61,95.77,-36.67,20.97,4.81,818,835,757,750,LOITER,1
62.780,motor 1 effectiveness -> 75% (PX4 reads back 0.75),0.75,20.034,-0.079,-3.00,2.01,95.85,-35.25,18.41,5.54,818,835,757,750,LOITER,1
62.800,motor 1 effectiveness -> 75% (PX4 reads back 0.75),0.75,20.034,-0.079,-3.67,2.36,95.95,-32.43,15.93,6.42,818,835,757,750,LOITER,1
62.820,motor 1 effectiveness -> 75% (PX4 reads back 0.75),0.75,20.039,-0.112,-4.28,2.65,96.06,-28.58,12.93,6.96,790,822,752,745,LOITER,1
62.840,motor 1 effectiveness -> 75% (PX4 reads back 0.75),0.75,20.039,-0.112,-4.79,2.89,96.18,-24.31,9.87,7.62,790,822,752,745,LOITER,1
62.860,motor 1 effectiveness -> 75% (PX4 reads back 0.75),0.75,20.047,-0.126,-5.22,3.06,96.32,-19.81,7.04,8.02,775,805,754,743,LOITER,1
62.880,motor 1 effectiveness -> 75% (PX4 reads back 0.75),0.75,20.047,-0.126,-5.56,3.19,96.47,-15.26,4.56,8.46,775,805,754,743,LOITER,1
62.900,motor 1 effectiveness -> 75% (PX4 reads back 0.75),0.75,20.047,-0.126,-5.81,3.27,96.64,-10.89,2.20,8.88,775,805,754,743,LOITER,1
62.920,motor 1 effectiveness -> 75% (PX4 reads back 0.75),0.75,20.054,-0.128,-5.97,3.31,96.81,-6.80,0.08,9.12,767,791,757,748,LOITER,1
62.940,motor 1 effectiveness -> 75% (PX4 reads back 0.75),0.75,20.054,-0.128,-6.05,3.31,96.99,-2.98,-1.82,9.36,767,791,757,748,LOITER,1
62.960,motor 1 effectiveness -> 75% (PX4 reads back 0.75),0.75,20.061,-0.123,-6.06,3.28,97.17,0.51,-3.46,9.45,762,778,761,754,LOITER,1
62.980,motor 1 effectiveness -> 75% (PX4 reads back 0.75),0.75,20.061,-0.123,-6.00,3.21,97.36,3.55,-4.81,9.52,762,778,761,754,LOITER,1
63.000,motor 1 effectiveness -> 75% (PX4 reads back 0.75),0.75,20.061,-0.123,-5.89,3.12,97.55,6.19,-6.10,9.61,762,778,761,754,LOITER,1
63.020,motor 1 effectiveness -> 75% (PX4 reads back 0.75),0.75,20.068,-0.115,-5.73,3.01,97.74,8.53,-7.18,9.54,759,769,766,761,LOITER,1
63.040,motor 1 effectiveness -> 75% (PX4 reads back 0.75),0.75,20.068,-0.115,-5.53,2.88,97.92,10.62,-8.02,9.49,759,769,766,761,LOITER,1
63.060,motor 1 effectiveness -> 75% (PX4 reads back 0.75),0.75,20.075,-0.106,-5.29,2.73,98.11,12.25,-8.70,9.37,755,761,770,768,LOITER,1
63.080,motor 1 effectiveness -> 75% (PX4 reads back 0.75),0.75,20.075,-0.106,-5.02,2.57,98.28,13.50,-9.35,9.22,755,761,770,768,LOITER,1
63.100,motor 1 effectiveness -> 75% (PX4 reads back 0.75),0.75,20.075,-0.106,-4.73,2.39,98.44,14.65,-9.79,8.94,755,761,770,768,LOITER,1
63.120,motor 1 effectiveness -> 75% (PX4 reads back 0.75),0.75,20.081,-0.098,-4.42,2.21,98.60,15.47,-10.16,8.70,753,755,773,773,LOITER,1
63.140,motor 1 effectiveness -> 75% (PX4 reads back 0.75),0.75,20.081,-0.098,-4.10,2.02,98.74,16.18,-10.51,8.45,753,755,773,773,LOITER,1
63.160,motor 1 effectiveness -> 75% (PX4 reads back 0.75),0.75,20.086,-0.090,-3.76,1.82,98.88,16.52,-10.72,8.11,751,750,776,777,LOITER,1
63.180,motor 1 effectiveness -> 75% (PX4 reads back 0.75),0.75,20.086,-0.090,-3.42,1.62,99.00,16.88,-10.81,7.73,751,750,776,777,LOITER,1
63.200,motor 1 effectiveness -> 75% (PX4 reads back 0.75),0.75,20.086,-0.090,-3.08,1.42,99.10,16.89,-10.85,7.42,751,750,776,777,LOITER,1
63.220,motor 1 effectiveness -> 75% (PX4 reads back 0.75),0.75,20.091,-0.083,-2.74,1.21,99.20,16.90,-10.91,7.02,750,747,778,780,LOITER,1
63.240,motor 1 effectiveness -> 75% (PX4 reads back 0.75),0.75,20.091,-0.083,-2.40,1.00,99.28,16.74,-10.89,6.65,750,747,778,780,LOITER,1
63.260,motor 1 effectiveness -> 75% (PX4 reads back 0.75),0.75,20.096,-0.075,-2.07,0.80,99.35,16.54,-10.84,6.21,750,745,779,781,LOITER,1
63.280,motor 1 effectiveness -> 75% (PX4 reads back 0.75),0.75,20.096,-0.075,-1.74,0.59,99.41,16.17,-10.63,5.91,750,745,779,781,LOITER,1
63.300,motor 1 effectiveness -> 75% (PX4 reads back 0.75),0.75,20.096,-0.075,-1.42,0.39,99.46,15.87,-10.38,5.48,750,745,779,781,LOITER,1
63.320,motor 1 effectiveness -> 75% (PX4 reads back 0.75),0.75,20.100,-0.069,-1.10,0.19,99.50,15.36,-10.23,5.05,749,744,779,782,LOITER,1
63.340,motor 1 effectiveness -> 75% (PX4 reads back 0.75),0.75,20.100,-0.069,-0.80,-0.01,99.53,14.90,-9.87,4.66,749,744,779,782,LOITER,1
63.360,motor 1 effectiveness -> 75% (PX4 reads back 0.75),0.75,20.104,-0.063,-0.51,-0.20,99.55,14.26,-9.64,4.27,750,745,780,781,LOITER,1
63.380,motor 1 effectiveness -> 75% (PX4 reads back 0.75),0.75,20.104,-0.063,-0.23,-0.38,99.57,13.80,-9.22,3.85,750,745,780,781,LOITER,1
63.400,motor 1 effectiveness -> 75% (PX4 reads back 0.75),0.75,20.104,-0.063,0.04,-0.56,99.58,13.17,-9.01,3.48,750,745,780,781,LOITER,1
63.420,motor 1 effectiveness -> 75% (PX4 reads back 0.75),0.75,20.107,-0.057,0.30,-0.73,99.58,12.60,-8.56,3.10,752,745,779,780,LOITER,1
63.440,motor 1 effectiveness -> 75% (PX4 reads back 0.75),0.75,20.107,-0.057,0.54,-0.90,99.58,11.98,-8.20,2.76,752,745,779,780,LOITER,1
63.460,motor 1 effectiveness -> 75% (PX4 reads back 0.75),0.75,20.110,-0.050,0.78,-1.06,99.57,11.39,-7.84,2.44,753,747,778,779,LOITER,1
63.480,motor 1 effectiveness -> 75% (PX4 reads back 0.75),0.75,20.110,-0.050,1.00,-1.21,99.56,10.86,-7.42,2.09,753,747,778,779,LOITER,1
63.500,motor 1 effectiveness -> 75% (PX4 reads back 0.75),0.75,20.110,-0.050,1.21,-1.36,99.55,10.38,-7.05,1.81,753,747,778,779,LOITER,1
63.520,motor 1 effectiveness -> 75% (PX4 reads back 0.75),0.75,20.112,-0.044,1.41,-1.49,99.54,9.73,-6.59,1.47,755,749,777,778,LOITER,1
63.540,motor 1 effectiveness -> 75% (PX4 reads back 0.75),0.75,20.112,-0.044,1.60,-1.62,99.53,9.26,-6.21,1.23,755,749,777,778,LOITER,1
63.560,motor 1 effectiveness -> 75% (PX4 reads back 0.75),0.75,20.113,-0.038,1.77,-1.74,99.51,8.69,-5.79,0.90,757,751,776,777,LOITER,1
63.580,motor 1 effectiveness -> 75% (PX4 reads back 0.75),0.75,20.113,-0.038,1.94,-1.86,99.50,8.21,-5.46,0.73,757,751,776,777,LOITER,1
63.600,motor 1 effectiveness -> 75% (PX4 reads back 0.75),0.75,20.113,-0.038,2.10,-1.96,99.49,7.57,-4.92,0.44,757,751,776,777,LOITER,1
63.620,motor 1 effectiveness -> 75% (PX4 reads back 0.75),0.75,20.115,-0.032,2.24,-2.06,99.47,7.11,-4.58,0.18,758,753,775,776,LOITER,1
63.640,motor 1 effectiveness -> 75% (PX4 reads back 0.75),0.75,20.115,-0.032,2.38,-2.15,99.45,6.54,-4.13,-0.03,758,753,775,776,LOITER,1
63.660,motor 1 effectiveness -> 75% (PX4 reads back 0.75),0.75,20.116,-0.026,2.50,-2.23,99.43,6.04,-3.76,-0.16,760,754,774,775,LOITER,1
63.680,motor 1 effectiveness -> 75% (PX4 reads back 0.75),0.75,20.116,-0.026,2.62,-2.30,99.41,5.64,-3.42,-0.38,760,754,774,775,LOITER,1
63.700,motor 1 effectiveness -> 75% (PX4 reads back 0.75),0.75,20.116,-0.026,2.73,-2.37,99.39,5.10,-3.01,-0.54,760,754,774,775,LOITER,1
63.720,motor 1 effectiveness -> 75% (PX4 reads back 0.75),0.75,20.117,-0.021,2.83,-2.43,99.37,4.63,-2.64,-0.68,761,756,773,774,LOITER,1
63.740,motor 1 effectiveness -> 75% (PX4 reads back 0.75),0.75,20.117,-0.021,2.91,-2.48,99.34,4.22,-2.34,-0.87,761,756,773,774,LOITER,1
63.760,motor 1 effectiveness -> 75% (PX4 reads back 0.75),0.75,20.118,-0.016,3.00,-2.52,99.32,3.82,-1.89,-0.98,761,758,772,773,LOITER,1
63.780,motor 1 effectiveness -> 75% (PX4 reads back 0.75),0.75,20.118,-0.016,3.07,-2.55,99.29,3.46,-1.53,-1.17,761,758,772,773,LOITER,1
63.800,motor 1 effectiveness -> 75% (PX4 reads back 0.75),0.75,20.118,-0.016,3.14,-2.58,99.26,3.06,-1.29,-1.25,761,758,772,773,LOITER,1
63.820,motor 1 effectiveness -> 75% (PX4 reads back 0.75),0.75,20.119,-0.011,3.19,-2.61,99.23,2.54,-1.02,-1.38,762,759,771,772,LOITER,1
63.844,motor 1 effectiveness -> 75% (PX4 reads back 0.75),0.75,20.119,-0.011,3.25,-2.63,99.20,2.08,-0.78,-1.49,762,759,771,772,LOITER,1
63.860,motor 1 effectiveness -> 75% (PX4 reads back 0.75),0.75,20.120,-0.006,3.28,-2.64,99.17,1.76,-0.57,-1.61,763,760,771,772,LOITER,1
63.880,motor 1 effectiveness -> 75% (PX4 reads back 0.75),0.75,20.120,-0.006,3.32,-2.65,99.14,1.41,-0.31,-1.69,763,760,771,772,LOITER,1
63.900,motor 1 effectiveness -> 75% (PX4 reads back 0.75),0.75,20.120,-0.006,3.34,-2.65,99.11,1.06,-0.05,-1.73,763,760,771,772,LOITER,1
63.920,motor 1 effectiveness -> 75% (PX4 reads back 0.75),0.75,20.120,-0.001,3.36,-2.65,99.08,0.67,0.18,-1.90,764,761,770,771,LOITER,1
63.940,motor 1 effectiveness -> 75% (PX4 reads back 0.75),0.75,20.120,-0.001,3.38,-2.64,99.05,0.42,0.44,-1.98,764,761,770,771,LOITER,1
63.960,motor 1 effectiveness -> 75% (PX4 reads back 0.75),0.75,20.120,0.004,3.39,-2.63,99.03,0.15,0.59,-2.02,765,762,770,771,LOITER,1
63.980,motor 1 effectiveness -> 75% (PX4 reads back 0.75),0.75,20.120,0.004,3.39,-2.61,99.00,-0.17,0.80,-2.06,765,762,770,771,LOITER,1
64.000,motor 1 effectiveness -> 75% (PX4 reads back 0.75),0.75,20.120,0.004,3.39,-2.59,98.97,-0.42,0.96,-2.12,765,762,770,771,LOITER,1
64.020,motor 1 effectiveness -> 75% (PX4 reads back 0.75),0.75,20.120,0.008,3.38,-2.57,98.94,-0.70,1.19,-2.20,766,763,770,770,LOITER,1
64.040,motor 1 effectiveness -> 75% (PX4 reads back 0.75),0.75,20.120,0.008,3.37,-2.54,98.91,-0.95,1.38,-2.21,766,763,770,770,LOITER,1
64.060,motor 1 effectiveness -> 75% (PX4 reads back 0.75),0.75,20.119,0.012,3.35,-2.51,98.89,-1.12,1.57,-2.27,766,764,769,770,LOITER,1
64.080,motor 1 effectiveness -> 75% (PX4 reads back 0.75),0.75,20.119,0.012,3.33,-2.48,98.86,-1.30,1.72,-2.29,766,764,769,770,LOITER,1
64.100,motor 1 effectiveness -> 75% (PX4 reads back 0.75),0.75,20.119,0.012,3.30,-2.44,98.83,-1.56,1.83,-2.30,766,764,769,770,LOITER,1
64.120,motor 1 effectiveness -> 75% (PX4 reads back 0.75),0.75,20.119,0.015,3.27,-2.40,98.81,-1.75,1.96,-2.33,767,765,770,770,LOITER,1
64.140,motor 1 effectiveness -> 75% (PX4 reads back 0.75),0.75,20.119,0.015,3.24,-2.36,98.78,-1.91,2.07,-2.40,767,765,770,770,LOITER,1
64.160,motor 1 effectiveness -> 75% (PX4 reads back 0.75),0.75,20.118,0.018,3.20,-2.31,98.76,-2.12,2.20,-2.44,766,766,769,770,LOITER,1
64.180,motor 1 effectiveness -> 75% (PX4 reads back 0.75),0.75,20.118,0.018,3.16,-2.27,98.73,-2.25,2.18,-2.42,766,766,769,770,LOITER,1
64.200,motor 1 effectiveness -> 75% (PX4 reads back 0.75),0.75,20.118,0.018,3.12,-2.22,98.70,-2.42,2.23,-2.49,766,766,769,770,LOITER,1
64.220,motor 1 effectiveness -> 75% (PX4 reads back 0.75),0.75,20.117,0.021,3.07,-2.17,98.68,-2.55,2.40,-2.44,767,766,770,769,LOITER,1
64.240,motor 1 effectiveness -> 75% (PX4 reads back 0.75),0.75,20.117,0.021,3.02,-2.12,98.66,-2.75,2.51,-2.47,767,766,770,769,LOITER,1
64.260,motor 1 effectiveness -> 75% (PX4 reads back 0.75),0.75,20.116,0.024,2.97,-2.06,98.64,-2.85,2.55,-2.50,767,767,769,770,LOITER,1
64.280,motor 1 effectiveness -> 75% (PX4 reads back 0.75),0.75,20.116,0.024,2.91,-2.01,98.62,-3.01,2.64,-2.50,767,767,769,770,LOITER,1
64.300,motor 1 effectiveness -> 75% (PX4 reads back 0.75),0.75,20.116,0.024,2.85,-1.96,98.60,-3.22,2.63,-2.54,767,767,769,770,LOITER,1
64.320,motor 1 effectiveness -> 75% (PX4 reads back 0.75),0.75,20.115,0.026,2.79,-1.90,98.58,-3.25,2.69,-2.49,767,767,770,770,LOITER,1
64.344,motor 1 effectiveness -> 75% (PX4 reads back 0.75),0.75,20.115,0.026,2.72,-1.83,98.56,-3.35,2.83,-2.53,767,767,770,770,LOITER,1
64.360,motor 1 effectiveness -> 75% (PX4 reads back 0.75),0.75,20.114,0.027,2.67,-1.78,98.54,-3.47,2.86,-2.51,767,767,770,770,LOITER,1
64.380,motor 1 effectiveness -> 75% (PX4 reads back 0.75),0.75,20.114,0.027,2.60,-1.72,98.52,-3.53,2.89,-2.54,767,767,770,770,LOITER,1
64.400,motor 1 effectiveness -> 75% (PX4 reads back 0.75),0.75,20.114,0.027,2.53,-1.66,98.50,-3.51,2.89,-2.55,767,767,770,770,LOITER,1
64.420,motor 1 effectiveness -> 75% (PX4 reads back 0.75),0.75,20.113,0.028,2.46,-1.60,98.48,-3.69,2.96,-2.53,767,768,769,770,LOITER,1
64.440,motor 1 effectiveness -> 75% (PX4 reads back 0.75),0.75,20.113,0.028,2.39,-1.54,98.46,-3.71,2.92,-2.56,767,768,769,770,LOITER,1
64.460,motor 1 effectiveness -> 75% (PX4 reads back 0.75),0.75,20.111,0.030,2.32,-1.48,98.43,-3.70,2.92,-2.59,768,768,770,770,LOITER,1
64.480,motor 1 effectiveness -> 75% (PX4 reads back 0.75),0.75,20.111,0.030,2.25,-1.42,98.40,-3.75,2.94,-2.60,768,768,770,770,LOITER,1
64.500,motor 1 effectiveness -> 75% (PX4 reads back 0.75),0.75,20.111,0.030,2.17,-1.36,98.37,-3.80,2.97,-2.58,768,768,770,770,LOITER,1
64.520,motor 1 effectiveness -> 75% (PX4 reads back 0.75),0.75,20.110,0.031,2.10,-1.30,98.34,-3.81,2.99,-2.61,768,768,770,770,LOITER,1
64.540,motor 1 effectiveness -> 75% (PX4 reads back 0.75),0.75,20.110,0.031,2.03,-1.24,98.30,-3.92,3.03,-2.60,768,768,770,770,LOITER,1
64.560,motor 1 effectiveness -> 75% (PX4 reads back 0.75),0.75,20.108,0.031,1.95,-1.18,98.27,-3.76,2.95,-2.62,768,768,769,769,LOITER,1
64.580,motor 1 effectiveness -> 75% (PX4 reads back 0.75),0.75,20.108,0.031,1.88,-1.12,98.23,-3.83,2.97,-2.57,768,768,769,769,LOITER,1
64.600,motor 1 effectiveness -> 75% (PX4 reads back 0.75),0.75,20.108,0.031,1.80,-1.05,98.18,-3.79,2.97,-2.59,768,768,769,769,LOITER,1
64.620,motor 1 effectiveness -> 75% (PX4 reads back 0.75),0.75,20.107,0.032,1.73,-0.99,98.14,-3.81,3.04,-2.65,768,769,769,769,LOITER,1
64.640,motor 1 effectiveness -> 75% (PX4 reads back 0.75),0.75,20.107,0.032,1.65,-0.93,98.09,-3.83,3.08,-2.57,768,769,769,769,LOITER,1
64.660,motor 1 effectiveness -> 75% (PX4 reads back 0.75),0.75,20.105,0.032,1.58,-0.87,98.04,-3.79,2.97,-2.57,769,770,769,769,LOITER,1
64.680,motor 1 effectiveness -> 75% (PX4 reads back 0.75),0.75,20.105,0.032,1.50,-0.81,97.98,-3.69,2.85,-2.51,769,770,769,769,LOITER,1
64.700,motor 1 effectiveness -> 75% (PX4 reads back 0.75),0.75,20.105,0.032,1.43,-0.75,97.93,-3.69,2.88,-2.55,769,770,769,769,LOITER,1
64.720,motor 1 effectiveness -> 75% (PX4 reads back 0.75),0.75,20.104,0.033,1.36,-0.69,97.87,-3.64,2.94,-2.49,769,770,769,768,LOITER,1
64.740,motor 1 effectiveness -> 75% (PX4 reads back 0.75),0.75,20.104,0.033,1.28,-0.63,97.81,-3.58,2.91,-2.47,769,770,769,768,LOITER,1
64.760,motor 1 effectiveness -> 75% (PX4 reads back 0.75),0.75,20.103,0.033,1.21,-0.58,97.75,-3.49,2.89,-2.43,770,771,768,768,LOITER,1
64.780,motor 1 effectiveness -> 75% (PX4 reads back 0.75),0.75,20.103,0.033,1.14,-0.52,97.68,-3.45,2.88,-2.38,770,771,768,768,LOITER,1
64.800,motor 1 effectiveness -> 75% (PX4 reads back 0.75),0.75,20.103,0.033,1.08,-0.46,97.62,-3.33,2.85,-2.32,770,771,768,768,LOITER,1
64.820,motor 1 effectiveness -> 75% (PX4 reads back 0.75),0.75,20.101,0.033,1.01,-0.41,97.55,-3.18,2.78,-2.25,770,772,768,767,LOITER,1
64.840,motor 1 effectiveness -> 75% (PX4 reads back 0.75),0.75,20.101,0.033,0.95,-0.35,97.48,-3.14,2.80,-2.16,770,772,768,767,LOITER,1
64.860,motor 1 effectiveness -> 75% (PX4 reads back 0.75),0.75,20.100,0.032,0.88,-0.29,97.42,-3.10,2.73,-2.16,771,773,767,766,LOITER,1
64.880,motor 1 effectiveness -> 75% (PX4 reads back 0.75),0.75,20.100,0.032,0.82,-0.24,97.36,-3.00,2.61,-2.03,771,773,767,766,LOITER,1
64.900,motor 1 effectiveness -> 75% (PX4 reads back 0.75),0.75,20.100,0.032,0.76,-0.19,97.30,-2.91,2.54,-1.97,771,773,767,766,LOITER,1
64.920,motor 1 effectiveness -> 75% (PX4 reads back 0.75),0.75,20.099,0.032,0.70,-0.14,97.24,-2.88,2.61,-1.90,772,773,766,766,LOITER,1
64.940,motor 1 effectiveness -> 75% (PX4 reads back 0.75),0.75,20.099,0.032,0.64,-0.09,97.19,-2.80,2.50,-1.84,772,773,766,766,LOITER,1
64.960,motor 1 effectiveness -> 75% (PX4 reads back 0.75),0.75,20.098,0.032,0.59,-0.04,97.13,-2.74,2.48,-1.72,772,774,766,765,LOITER,1
64.980,motor 1 effectiveness -> 75% (PX4 reads back 0.75),0.75,20.098,0.032,0.53,0.01,97.08,-2.61,2.35,-1.61,772,774,766,765,LOITER,1
65.000,motor 1 effectiveness -> 75% (PX4 reads back 0.75),0.75,20.098,0.032,0.48,0.06,97.03,-2.50,2.27,-1.53,772,774,766,765,LOITER,1
65.020,motor 1 effectiveness -> 75% (PX4 reads back 0.75),0.75,20.096,0.031,0.43,0.10,96.98,-2.44,2.36,-1.44,772,774,765,764,LOITER,1
65.040,motor 1 effectiveness -> 75% (PX4 reads back 0.75),0.75,20.096,0.031,0.38,0.15,96.94,-2.41,2.21,-1.29,772,774,765,764,LOITER,1
65.060,motor 1 effectiveness -> 75% (PX4 reads back 0.75),0.75,20.095,0.031,0.34,0.19,96.90,-2.28,2.11,-1.18,773,775,765,765,LOITER,1
65.080,motor 1 effectiveness -> 75% (PX4 reads back 0.75),0.75,20.095,0.031,0.29,0.23,96.86,-2.23,1.96,-1.10,773,775,765,765,LOITER,1
65.100,motor 1 effectiveness -> 75% (PX4 reads back 0.75),0.75,20.095,0.031,0.24,0.27,96.83,-2.09,1.89,-0.95,773,775,765,765,LOITER,1
65.120,motor 1 effectiveness -> 75% (PX4 reads back 0.75),0.75,20.093,0.031,0.20,0.31,96.79,-2.07,1.88,-0.85,773,775,765,765,LOITER,1
65.140,motor 1 effectiveness -> 75% (PX4 reads back 0.75),0.75,20.093,0.031,0.16,0.34,96.76,-2.04,1.78,-0.73,773,775,765,765,LOITER,1
65.160,motor 1 effectiveness -> 75% (PX4 reads back 0.75),0.75,20.092,0.030,0.12,0.38,96.74,-1.99,1.73,-0.64,773,775,765,765,LOITER,1
65.180,motor 1 effectiveness -> 75% (PX4 reads back 0.75),0.75,20.092,0.030,0.08,0.41,96.72,-1.90,1.56,-0.59,773,775,765,765,LOITER,1
65.200,motor 1 effectiveness -> 75% (PX4 reads back 0.75),0.75,20.092,0.030,0.04,0.44,96.70,-1.88,1.55,-0.41,773,775,765,765,LOITER,1
65.220,motor 1 effectiveness -> 75% (PX4 reads back 0.75),0.75,20.091,0.030,0.01,0.47,96.68,-1.84,1.51,-0.34,772,775,765,765,LOITER,1
65.240,motor 1 effectiveness -> 75% (PX4 reads back 0.75),0.75,20.091,0.030,-0.03,0.50,96.67,-1.82,1.45,-0.27,772,775,765,765,LOITER,1
65.260,motor 1 effectiveness -> 75% (PX4 reads back 0.75),0.75,20.090,0.030,-0.07,0.53,96.66,-1.80,1.33,-0.19,772,774,766,765,LOITER,1
65.280,motor 1 effectiveness -> 75% (PX4 reads back 0.75),0.75,20.090,0.030,-0.10,0.56,96.65,-1.69,1.32,-0.09,772,774,766,765,LOITER,1
65.300,motor 1 effectiveness -> 75% (PX4 reads back 0.75),0.75,20.090,0.030,-0.14,0.58,96.65,-1.58,1.25,-0.02,772,774,766,765,LOITER,1
65.320,motor 1 effectiveness -> 75% (PX4 reads back 0.75),0.75,20.089,0.029,-0.17,0.61,96.65,-1.57,1.10,0.04,772,773,766,766,LOITER,1
65.340,motor 1 effectiveness -> 75% (PX4 reads back 0.75),0.75,20.089,0.029,-0.20,0.63,96.65,-1.64,1.07,0.12,772,773,766,766,LOITER,1
65.360,motor 1 effectiveness -> 75% (PX4 reads back 0.75),0.75,20.088,0.029,-0.23,0.65,96.65,-1.63,0.93,0.24,771,772,767,766,LOITER,1
65.380,motor 1 effectiveness -> 75% (PX4 reads back 0.75),0.75,20.088,0.029,-0.27,0.67,96.65,-1.59,0.88,0.25,771,772,767,766,LOITER,1
65.400,motor 1 effectiveness -> 75% (PX4 reads back 0.75),0.75,20.088,0.029,-0.30,0.69,96.66,-1.44,0.89,0.28,771,772,767,766,LOITER,1
65.420,motor 1 effectiveness -> 75% (PX4 reads back 0.75),0.75,20.087,0.029,-0.32,0.70,96.67,-1.32,0.81,0.34,770,772,767,767,LOITER,1
65.440,motor 1 effectiveness -> 75% (PX4 reads back 0.75),0.75,20.087,0.029,-0.35,0.72,96.68,-1.30,0.64,0.36,770,772,767,767,LOITER,1
65.460,motor 1 effectiveness -> 75% (PX4 reads back 0.75),0.75,20.087,0.029,-0.38,0.73,96.69,-1.31,0.59,0.40,769,771,768,767,LOITER,1
65.480,motor 1 effectiveness -> 75% (PX4 reads back 0.75),0.75,20.087,0.029,-0.40,0.74,96.71,-1.21,0.52,0.45,769,771,768,767,LOITER,1
65.500,motor 1 effectiveness -> 75% (PX4 reads back 0.75),0.75,20.087,0.029,-0.43,0.75,96.72,-1.14,0.49,0.45,769,771,768,767,LOITER,1
65.520,motor 1 effectiveness -> 75% (PX4 reads back 0.75),0.75,20.086,0.029,-0.45,0.76,96.73,-1.06,0.44,0.44,768,770,768,768,LOITER,1
65.540,motor 1 effectiveness -> 75% (PX4 reads back 0.75),0.75,20.086,0.029,-0.47,0.77,96.75,-1.08,0.26,0.54,768,770,768,768,LOITER,1
65.560,motor 1 effectiveness -> 75% (PX4 reads back 0.75),0.75,20.086,0.029,-0.49,0.78,96.76,-0.94,0.30,0.48,768,769,769,769,LOITER,1
65.580,motor 1 effectiveness -> 75% (PX4 reads back 0.75),0.75,20.086,0.029,-0.51,0.78,96.77,-0.95,0.28,0.54,768,769,769,769,LOITER,1
65.600,motor 1 effectiveness -> 75% (PX4 reads back 0.75),0.75,20.086,0.029,-0.53,0.79,96.78,-0.88,0.13,0.53,768,769,769,769,LOITER,1
65.620,motor 1 effectiveness -> 75% (PX4 reads back 0.75),0.75,20.085,0.029,-0.54,0.79,96.79,-0.86,0.14,0.43,767,768,770,769,LOITER,1
65.640,motor 1 effectiveness -> 75% (PX4 reads back 0.75),0.75,20.085,0.029,-0.56,0.79,96.79,-0.77,0.16,0.46,767,768,770,769,LOITER,1
65.660,motor 1 effectiveness -> 75% (PX4 reads back 0.75),0.75,20.084,0.030,-0.58,0.80,96.80,-0.68,0.16,0.40,767,768,770,770,LOITER,1
65.680,motor 1 effectiveness -> 75% (PX4 reads back 0.75),0.75,20.084,0.030,-0.59,0.80,96.80,-0.65,0.09,0.40,767,768,770,770,LOITER,1
65.700,motor 1 effectiveness -> 75% (PX4 reads back 0.75),0.75,20.084,0.030,-0.60,0.80,96.79,-0.71,0.07,0.30,767,768,770,770,LOITER,1
65.720,motor 1 effectiveness -> 75% (PX4 reads back 0.75),0.75,20.083,0.030,-0.61,0.80,96.79,-0.62,0.07,0.30,767,768,771,770,LOITER,1
65.740,motor 1 effectiveness -> 75% (PX4 reads back 0.75),0.75,20.083,0.030,-0.63,0.80,96.79,-0.52,0.14,0.26,767,768,771,770,LOITER,1
65.760,motor 1 effectiveness -> 75% (PX4 reads back 0.75),0.75,20.082,0.030,-0.64,0.81,96.78,-0.56,0.10,0.20,767,768,771,770,LOITER,1
65.780,motor 1 effectiveness -> 75% (PX4 reads back 0.75),0.75,20.082,0.030,-0.65,0.81,96.78,-0.41,0.16,0.22,767,768,771,770,LOITER,1
65.800,motor 1 effectiveness -> 75% (PX4 reads back 0.75),0.75,20.082,0.030,-0.66,0.81,96.77,-0.47,0.10,0.19,767,768,771,770,LOITER,1
65.820,motor 1 effectiveness -> 75% (PX4 reads back 0.75),0.75,20.081,0.030,-0.67,0.81,96.76,-0.45,-0.00,0.14,767,768,771,770,LOITER,1
65.840,motor 1 effectiveness -> 75% (PX4 reads back 0.75),0.75,20.081,0.030,-0.68,0.81,96.75,-0.39,0.04,0.05,767,768,771,770,LOITER,1
65.860,motor 1 effectiveness -> 75% (PX4 reads back 0.75),0.75,20.079,0.030,-0.69,0.81,96.73,-0.30,-0.04,0.06,767,768,771,770,LOITER,1
65.880,motor 1 effectiveness -> 75% (PX4 reads back 0.75),0.75,20.079,0.030,-0.69,0.81,96.72,-0.26,-0.07,0.02,767,768,771,770,LOITER,1
65.900,motor 1 effectiveness -> 75% (PX4 reads back 0.75),0.75,20.079,0.030,-0.70,0.81,96.70,-0.13,-0.09,0.01,767,768,771,770,LOITER,1
65.920,motor 1 effectiveness -> 75% (PX4 reads back 0.75),0.75,20.078,0.030,-0.70,0.81,96.69,-0.04,-0.05,-0.05,768,769,771,770,LOITER,1
65.940,motor 1 effectiveness -> 75% (PX4 reads back 0.75),0.75,20.078,0.030,-0.70,0.81,96.67,0.02,0.01,-0.07,768,769,771,770,LOITER,1
65.960,motor 1 effectiveness -> 75% (PX4 reads back 0.75),0.75,20.077,0.029,-0.70,0.81,96.65,0.13,0.03,-0.06,768,769,771,770,LOITER,1
65.980,motor 1 effectiveness -> 75% (PX4 reads back 0.75),0.75,20.077,0.029,-0.70,0.81,96.63,0.20,0.04,-0.08,768,769,771,770,LOITER,1
66.000,motor 1 effectiveness -> 75% (PX4 reads back 0.75),0.75,20.077,0.029,-0.70,0.80,96.62,0.11,-0.12,-0.14,768,769,771,770,LOITER,1
66.020,motor 1 effectiveness -> 75% (PX4 reads back 0.75),0.75,20.076,0.029,-0.70,0.80,96.60,0.13,-0.06,-0.12,769,769,771,770,LOITER,1
66.040,motor 1 effectiveness -> 75% (PX4 reads back 0.75),0.75,20.076,0.029,-0.69,0.80,96.58,0.13,0.04,-0.12,769,769,771,770,LOITER,1
66.060,motor 1 effectiveness -> 75% (PX4 reads back 0.75),0.75,20.074,0.028,-0.69,0.80,96.56,0.24,-0.06,-0.15,769,770,770,770,LOITER,1
66.080,motor 1 effectiveness -> 75% (PX4 reads back 0.75),0.75,20.074,0.028,-0.69,0.80,96.54,0.26,-0.15,-0.16,769,770,770,770,LOITER,1
66.100,motor 1 effectiveness -> 75% (PX4 reads back 0.75),0.75,20.074,0.028,-0.68,0.80,96.52,0.21,-0.01,-0.16,769,770,770,770,LOITER,1
66.120,motor 1 effectiveness -> 75% (PX4 reads back 0.75),0.75,20.073,0.028,-0.68,0.80,96.51,0.21,0.07,-0.20,769,770,770,770,LOITER,1
66.140,motor 1 effectiveness -> 75% (PX4 reads back 0.75),0.75,20.073,0.028,-0.68,0.80,96.49,0.29,-0.05,-0.08,769,770,770,770,LOITER,1
66.160,motor 1 effectiveness -> 75% (PX4 reads back 0.75),0.75,20.072,0.027,-0.67,0.79,96.48,0.37,-0.13,-0.11,770,770,770,769,LOITER,1
66.180,motor 1 effectiveness -> 75% (PX4 reads back 0.75),0.75,20.072,0.027,-0.66,0.79,96.46,0.44,-0.06,-0.15,770,770,770,769,LOITER,1
66.200,motor 1 effectiveness -> 75% (PX4 reads back 0.75),0.75,20.072,0.027,-0.66,0.79,96.45,0.38,-0.10,-0.13,770,770,770,769,LOITER,1
66.220,motor 1 effectiveness -> 75% (PX4 reads back 0.75),0.75,20.071,0.026,-0.65,0.79,96.44,0.47,-0.19,-0.17,770,770,769,769,LOITER,1
66.240,motor 1 effectiveness -> 75% (PX4 reads back 0.75),0.75,20.071,0.026,-0.64,0.78,96.43,0.59,-0.21,-0.07,770,770,769,769,LOITER,1
66.260,motor 1 effectiveness -> 75% (PX4 reads back 0.75),0.75,20.070,0.025,-0.63,0.78,96.42,0.53,-0.21,-0.15,770,771,769,769,LOITER,1
66.280,motor 1 effectiveness -> 75% (PX4 reads back 0.75),0.75,20.070,0.025,-0.62,0.77,96.41,0.57,-0.22,-0.06,770,771,769,769,LOITER,1
66.300,motor 1 effectiveness -> 75% (PX4 reads back 0.75),0.75,20.070,0.025,-0.61,0.77,96.40,0.58,-0.34,-0.06,770,771,769,769,LOITER,1
66.320,motor 1 effectiveness -> 75% (PX4 reads back 0.75),0.75,20.068,0.025,-0.60,0.76,96.40,0.58,-0.30,-0.04,770,770,769,769,LOITER,1
66.340,motor 1 effectiveness -> 75% (PX4 reads back 0.75),0.75,20.068,0.025,-0.59,0.75,96.39,0.61,-0.33,-0.04,770,770,769,769,LOITER,1
66.360,motor 1 effectiveness -> 75% (PX4 reads back 0.75),0.75,20.068,0.024,-0.58,0.75,96.39,0.71,-0.36,-0.06,770,770,769,769,LOITER,1
66.380,motor 1 effectiveness -> 75% (PX4 reads back 0.75),0.75,20.068,0.024,-0.57,0.74,96.39,0.70,-0.38,-0.06,770,770,769,769,LOITER,1
66.400,motor 1 effectiveness -> 75% (PX4 reads back 0.75),0.75,20.068,0.024,-0.55,0.73,96.39,0.68,-0.43,-0.02,770,770,769,769,LOITER,1
66.420,motor 1 effectiveness -> 75% (PX4 reads back 0.75),0.75,20.067,0.023,-0.54,0.72,96.39,0.65,-0.43,-0.02,769,770,769,769,LOITER,1
66.440,motor 1 effectiveness -> 75% (PX4 reads back 0.75),0.75,20.067,0.023,-0.53,0.71,96.38,0.63,-0.49,-0.04,769,770,769,769,LOITER,1
66.460,motor 1 effectiveness -> 75% (PX4 reads back 0.75),0.75,20.066,0.023,-0.52,0.70,96.38,0.66,-0.55,-0.00,769,770,770,769,LOITER,1
66.480,motor 1 effectiveness -> 75% (PX4 reads back 0.75),0.75,20.066,0.023,-0.50,0.69,96.38,0.81,-0.62,-0.06,769,770,770,769,LOITER,1
66.500,motor 1 effectiveness -> 75% (PX4 reads back 0.75),0.75,20.066,0.023,-0.49,0.68,96.38,0.81,-0.55,-0.05,769,770,770,769,LOITER,1
66.520,motor 1 effectiveness -> 75% (PX4 reads back 0.75),0.75,20.065,0.022,-0.47,0.67,96.38,0.86,-0.60,-0.01,769,770,769,770,LOITER,1
66.540,motor 1 effectiveness -> 75% (PX4 reads back 0.75),0.75,20.065,0.022,-0.46,0.65,96.38,0.92,-0.74,0.00,769,770,769,770,LOITER,1
66.560,motor 1 effectiveness -> 75% (PX4 reads back 0.75),0.75,20.065,0.022,-0.44,0.64,96.38,0.80,-0.73,0.01,769,770,770,769,LOITER,1
66.580,motor 1 effectiveness -> 75% (PX4 reads back 0.75),0.75,20.065,0.022,-0.43,0.63,96.38,0.83,-0.68,0.05,769,770,770,769,LOITER,1
66.600,motor 1 effectiveness -> 75% (PX4 reads back 0.75),0.75,20.065,0.022,-0.41,0.61,96.38,0.81,-0.70,0.03,769,770,770,769,LOITER,1
66.620,motor 1 effectiveness -> 75% (PX4 reads back 0.75),0.75,20.064,0.021,-0.39,0.60,96.38,0.80,-0.81,0.01,769,769,770,769,LOITER,1
66.640,motor 1 effectiveness -> 75% (PX4 reads back 0.75),0.75,20.064,0.021,-0.38,0.58,96.38,0.80,-0.77,0.05,769,769,770,769,LOITER,1
66.660,motor 1 effectiveness -> 75% (PX4 reads back 0.75),0.75,20.063,0.021,-0.36,0.57,96.38,0.82,-0.81,-0.01,769,769,769,770,LOITER,1
66.680,motor 1 effectiveness -> 75% (PX4 reads back 0.75),0.75,20.063,0.021,-0.35,0.55,96.38,0.72,-0.83,-0.01,769,769,769,770,LOITER,1
66.700,motor 1 effectiveness -> 75% (PX4 reads back 0.75),0.75,20.063,0.021,-0.33,0.54,96.38,0.71,-0.80,-0.02,769,769,769,770,LOITER,1
66.720,motor 1 effectiveness -> 75% (PX4 reads back 0.75),0.75,20.063,0.020,-0.32,0.52,96.38,0.81,-0.77,-0.02,769,768,770,769,LOITER,1
66.740,motor 1 effectiveness -> 75% (PX4 reads back 0.75),0.75,20.063,0.020,-0.30,0.50,96.38,0.65,-0.75,-0.04,769,768,770,769,LOITER,1
66.760,motor 1 effectiveness -> 75% (PX4 reads back 0.75),0.75,20.062,0.020,-0.29,0.49,96.38,0.64,-0.88,-0.06,769,768,770,769,LOITER,1
66.780,motor 1 effectiveness -> 75% (PX4 reads back 0.75),0.75,20.062,0.020,-0.28,0.47,96.38,0.57,-0.80,-0.09,769,768,770,769,LOITER,1
66.800,motor 1 effectiveness -> 75% (PX4 reads back 0.75),0.75,20.062,0.020,-0.27,0.46,96.37,0.55,-0.77,-0.08,769,768,770,769,LOITER,1
66.820,motor 1 effectiveness -> 75% (PX4 reads back 0.75),0.75,20.062,0.020,-0.26,0.44,96.37,0.46,-0.74,-0.10,768,768,770,770,LOITER,1
66.840,motor 1 effectiveness -> 75% (PX4 reads back 0.75),0.75,20.062,0.020,-0.25,0.43,96.37,0.51,-0.81,-0.10,768,768,770,770,LOITER,1
66.860,motor 1 effectiveness -> 75% (PX4 reads back 0.75),0.75,20.061,0.020,-0.24,0.41,96.36,0.49,-0.70,-0.16,768,768,769,770,LOITER,1
66.880,motor 1 effectiveness -> 75% (PX4 reads back 0.75),0.75,20.061,0.020,-0.23,0.40,96.36,0.44,-0.71,-0.12,768,768,769,770,LOITER,1
66.900,motor 1 effectiveness -> 75% (PX4 reads back 0.75),0.75,20.061,0.020,-0.22,0.38,96.36,0.37,-0.79,-0.12,768,768,769,770,LOITER,1
66.920,motor 1 effectiveness -> 75% (PX4 reads back 0.75),0.75,20.061,0.020,-0.22,0.37,96.36,0.38,-0.71,-0.15,768,768,770,769,LOITER,1
66.940,motor 1 effectiveness -> 75% (PX4 reads back 0.75),0.75,20.061,0.020,-0.21,0.35,96.35,0.41,-0.71,-0.20,768,768,770,769,LOITER,1
66.960,motor 1 effectiveness -> 75% (PX4 reads back 0.75),0.75,20.060,0.020,-0.20,0.34,96.35,0.47,-0.81,-0.25,769,768,770,769,LOITER,1
66.980,motor 1 effectiveness -> 75% (PX4 reads back 0.75),0.75,20.060,0.020,-0.19,0.32,96.35,0.44,-0.69,-0.21,769,768,770,769,LOITER,1
67.000,motor 1 effectiveness -> 75% (PX4 reads back 0.75),0.75,20.060,0.020,-0.18,0.31,96.34,0.41,-0.63,-0.18,769,768,770,769,LOITER,1
67.020,motor 1 effectiveness -> 75% (PX4 reads back 0.75),0.75,20.060,0.020,-0.18,0.30,96.34,0.40,-0.82,-0.24,768,769,769,770,LOITER,1
67.040,motor 1 effectiveness -> 75% (PX4 reads back 0.75),0.75,20.060,0.020,-0.17,0.28,96.34,0.34,-0.80,-0.28,768,769,769,770,LOITER,1
67.060,motor 1 effectiveness -> 75% (PX4 reads back 0.75),0.75,20.059,0.019,-0.16,0.26,96.33,0.41,-0.74,-0.25,768,768,769,770,LOITER,1
67.080,motor 1 effectiveness -> 75% (PX4 reads back 0.75),0.75,20.059,0.019,-0.16,0.25,96.32,0.41,-0.70,-0.28,768,768,769,770,LOITER,1
67.100,motor 1 effectiveness -> 75% (PX4 reads back 0.75),0.75,20.059,0.019,-0.15,0.24,96.32,0.36,-0.59,-0.27,768,768,769,770,LOITER,1
67.120,motor 1 effectiveness -> 75% (PX4 reads back 0.75),0.75,20.059,0.019,-0.14,0.22,96.31,0.35,-0.70,-0.30,768,769,769,770,LOITER,1
67.140,motor 1 effectiveness -> 75% (PX4 reads back 0.75),0.75,20.059,0.019,-0.14,0.21,96.30,0.33,-0.75,-0.27,768,769,769,770,LOITER,1
67.160,motor 1 effectiveness -> 75% (PX4 reads back 0.75),0.75,20.058,0.019,-0.13,0.20,96.29,0.37,-0.63,-0.33,768,769,769,770,LOITER,1
67.180,motor 1 effectiveness -> 75% (PX4 reads back 0.75),0.75,20.058,0.019,-0.12,0.18,96.29,0.32,-0.77,-0.24,768,769,769,770,LOITER,1
67.200,motor 1 effectiveness -> 75% (PX4 reads back 0.75),0.75,20.058,0.019,-0.12,0.17,96.28,0.32,-0.65,-0.35,768,769,769,770,LOITER,1
67.220,motor 1 effectiveness -> 75% (PX4 reads back 0.75),0.75,20.058,0.019,-0.11,0.16,96.27,0.29,-0.70,-0.34,769,769,769,769,LOITER,1
67.240,motor 1 effectiveness -> 75% (PX4 reads back 0.75),0.75,20.058,0.019,-0.11,0.14,96.26,0.29,-0.73,-0.33,769,769,769,769,LOITER,1
67.260,motor 1 effectiveness -> 75% (PX4 reads back 0.75),0.75,20.057,0.019,-0.10,0.13,96.26,0.32,-0.68,-0.32,769,769,769,769,LOITER,1
67.280,motor 1 effectiveness -> 75% (PX4 reads back 0.75),0.75,20.057,0.019,-0.09,0.11,96.25,0.26,-0.67,-0.35,769,769,769,769,LOITER,1
67.300,motor 1 effectiveness -> 75% (PX4 reads back 0.75),0.75,20.057,0.019,-0.09,0.10,96.24,0.28,-0.62,-0.31,769,769,769,769,LOITER,1
67.320,motor 1 effectiveness -> 75% (PX4 reads back 0.75),0.75,20.055,0.019,-0.08,0.09,96.24,0.40,-0.66,-0.34,769,769,769,769,LOITER,1
67.340,motor 1 effectiveness -> 75% (PX4 reads back 0.75),0.75,20.055,0.019,-0.08,0.08,96.23,0.32,-0.54,-0.32,769,769,769,769,LOITER,1
67.360,motor 1 effectiveness -> 75% (PX4 reads back 0.75),0.75,20.054,0.019,-0.07,0.07,96.23,0.14,-0.56,-0.31,770,769,770,769,LOITER,1
67.380,motor 1 effectiveness -> 75% (PX4 reads back 0.75),0.75,20.054,0.019,-0.07,0.05,96.22,0.08,-0.49,-0.29,770,769,770,769,LOITER,1
67.400,motor 1 effectiveness -> 75% (PX4 reads back 0.75),0.75,20.054,0.019,-0.07,0.05,96.22,0.19,-0.43,-0.27,770,769,770,769,LOITER,1
67.420,motor 1 effectiveness -> 75% (PX4 reads back 0.75),0.75,20.053,0.018,-0.06,0.04,96.21,0.22,-0.45,-0.33,770,770,770,770,LOITER,1
67.440,motor 1 effectiveness -> 75% (PX4 reads back 0.75),0.75,20.053,0.018,-0.06,0.03,96.21,0.16,-0.52,-0.34,770,770,770,770,LOITER,1
67.460,motor 1 effectiveness -> 75% (PX4 reads back 0.75),0.75,20.052,0.017,-0.06,0.02,96.20,0.12,-0.38,-0.30,769,770,770,770,LOITER,1
67.480,motor 1 effectiveness -> 75% (PX4 reads back 0.75),0.75,20.052,0.017,-0.06,0.01,96.20,0.08,-0.47,-0.31,769,770,770,770,LOITER,1
67.500,motor 1 effectiveness -> 75% (PX4 reads back 0.75),0.75,20.052,0.017,-0.05,0.00,96.19,0.08,-0.36,-0.34,769,770,770,770,LOITER,1
67.520,motor 1 effectiveness -> 75% (PX4 reads back 0.75),0.75,20.051,0.016,-0.05,-0.01,96.18,0.19,-0.34,-0.32,770,770,770,769,LOITER,1
67.540,motor 1 effectiveness -> 75% (PX4 reads back 0.75),0.75,20.051,0.016,-0.05,-0.01,96.18,0.13,-0.29,-0.29,770,770,770,769,LOITER,1
67.560,motor 1 effectiveness -> 75% (PX4 reads back 0.75),0.75,20.050,0.015,-0.05,-0.02,96.17,0.05,-0.28,-0.32,770,769,770,769,LOITER,1
67.580,motor 1 effectiveness -> 75% (PX4 reads back 0.75),0.75,20.050,0.015,-0.05,-0.02,96.17,0.07,-0.30,-0.28,770,769,770,769,LOITER,1
67.600,motor 1 effectiveness -> 75% (PX4 reads back 0.75),0.75,20.050,0.015,-0.04,-0.03,96.16,0.03,-0.27,-0.30,770,769,770,769,LOITER,1
67.620,motor 1 effectiveness -> 75% (PX4 reads back 0.75),0.75,20.050,0.014,-0.04,-0.03,96.16,-0.04,-0.15,-0.27,769,769,769,770,LOITER,1
67.640,motor 1 effectiveness -> 75% (PX4 reads back 0.75),0.75,20.050,0.014,-0.04,-0.04,96.15,-0.03,-0.26,-0.23,769,769,769,770,LOITER,1
67.660,motor 1 effectiveness -> 75% (PX4 reads back 0.75),0.75,20.049,0.014,-0.05,-0.04,96.15,-0.01,-0.30,-0.24,770,769,769,769,LOITER,1
67.680,motor 1 effectiveness -> 75% (PX4 reads back 0.75),0.75,20.049,0.014,-0.05,-0.05,96.14,-0.12,-0.21,-0.26,770,769,769,769,LOITER,1
67.700,motor 1 effectiveness -> 75% (PX4 reads back 0.75),0.75,20.049,0.014,-0.05,-0.05,96.14,-0.18,-0.24,-0.21,770,769,769,769,LOITER,1
67.720,motor 1 effectiveness -> 75% (PX4 reads back 0.75),0.75,20.048,0.013,-0.05,-0.06,96.13,-0.03,-0.18,-0.29,769,769,769,769,LOITER,1
67.740,motor 1 effectiveness -> 75% (PX4 reads back 0.75),0.75,20.048,0.013,-0.05,-0.06,96.12,-0.11,-0.17,-0.30,769,769,769,769,LOITER,1
67.760,motor 1 effectiveness -> 75% (PX4 reads back 0.75),0.75,20.048,0.013,-0.05,-0.06,96.12,-0.02,-0.24,-0.29,770,769,769,769,LOITER,1
67.780,motor 1 effectiveness -> 75% (PX4 reads back 0.75),0.75,20.048,0.013,-0.06,-0.07,96.11,-0.15,-0.20,-0.25,770,769,769,769,LOITER,1
67.800,motor 1 effectiveness -> 75% (PX4 reads back 0.75),0.75,20.048,0.013,-0.06,-0.07,96.10,-0.15,-0.25,-0.24,770,769,769,769,LOITER,1
67.820,motor 1 effectiveness -> 75% (PX4 reads back 0.75),0.75,20.047,0.013,-0.06,-0.08,96.09,-0.15,-0.25,-0.17,769,770,769,769,LOITER,1
67.840,motor 1 effectiveness -> 75% (PX4 reads back 0.75),0.75,20.047,0.013,-0.06,-0.08,96.08,-0.11,-0.31,-0.19,769,770,769,769,LOITER,1
67.860,motor 1 effectiveness -> 75% (PX4 reads back 0.75),0.75,20.046,0.013,-0.07,-0.09,96.06,-0.18,-0.23,-0.21,770,770,769,769,LOITER,1
67.880,motor 1 effectiveness -> 75% (PX4 reads back 0.75),0.75,20.046,0.013,-0.07,-0.09,96.05,-0.10,-0.20,-0.21,770,770,769,769,LOITER,1
67.900,motor 1 effectiveness -> 75% (PX4 reads back 0.75),0.75,20.046,0.013,-0.07,-0.10,96.04,-0.25,-0.32,-0.20,770,770,769,769,LOITER,1
67.920,motor 1 effectiveness -> 75% (PX4 reads back 0.75),0.75,20.045,0.012,-0.08,-0.10,96.03,-0.27,-0.32,-0.22,770,770,770,769,LOITER,1
67.940,motor 1 effectiveness -> 75% (PX4 reads back 0.75),0.75,20.045,0.012,-0.08,-0.11,96.01,-0.22,-0.31,-0.20,770,770,770,769,LOITER,1
67.960,motor 1 effectiveness -> 75% (PX4 reads back 0.75),0.75,20.043,0.011,-0.09,-0.11,96.00,-0.24,-0.31,-0.14,770,770,769,769,LOITER,1
67.980,motor 1 effectiveness -> 75% (PX4 reads back 0.75),0.75,20.043,0.011,-0.09,-0.12,95.99,-0.26,-0.38,-0.17,770,770,769,769,LOITER,1
68.000,motor 1 effectiveness -> 75% (PX4 reads back 0.75),0.75,20.043,0.011,-0.10,-0.12,95.97,-0.37,-0.24,-0.18,770,770,769,769,LOITER,1
68.020,motor 1 effectiveness -> 75% (PX4 reads back 0.75),0.75,20.042,0.011,-0.10,-0.13,95.96,-0.36,-0.25,-0.14,770,771,769,770,LOITER,1
68.040,motor 1 effectiveness -> 75% (PX4 reads back 0.75),0.75,20.042,0.011,-0.11,-0.13,95.95,-0.45,-0.33,-0.09,770,771,769,770,LOITER,1
68.060,motor 1 effectiveness -> 75% (PX4 reads back 0.75),0.75,20.040,0.010,-0.12,-0.14,95.93,-0.42,-0.30,-0.10,771,770,770,769,LOITER,1
68.080,motor 1 effectiveness -> 75% (PX4 reads back 0.75),0.75,20.040,0.010,-0.12,-0.14,95.92,-0.41,-0.23,-0.10,771,770,770,769,LOITER,1
68.100,motor 1 effectiveness -> 75% (PX4 reads back 0.75),0.75,20.040,0.010,-0.13,-0.15,95.91,-0.51,-0.33,-0.09,771,770,770,769,LOITER,1
68.120,motor 1 effectiveness -> 75% (PX4 reads back 0.75),0.75,20.039,0.008,-0.14,-0.15,95.90,-0.53,-0.28,-0.05,772,771,770,769,LOITER,1
68.140,motor 1 effectiveness -> 75% (PX4 reads back 0.75),0.75,20.039,0.008,-0.15,-0.16,95.89,-0.60,-0.12,-0.05,772,771,770,769,LOITER,1
68.160,motor 1 effectiveness -> 75% (PX4 reads back 0.75),0.75,20.037,0.007,-0.16,-0.16,95.88,-0.68,-0.19,-0.01,771,771,770,769,LOITER,1
68.180,motor 1 effectiveness -> 75% (PX4 reads back 0.75),0.75,20.037,0.007,-0.18,-0.17,95.87,-0.75,-0.16,-0.01,771,771,770,769,LOITER,1
68.200,motor 1 effectiveness -> 75% (PX4 reads back 0.75),0.75,20.037,0.007,-0.19,-0.17,95.87,-0.72,-0.06,0.04,771,771,770,769,LOITER,1
68.220,motor 1 effectiveness -> 75% (PX4 reads back 0.75),0.75,20.035,0.006,-0.20,-0.17,95.86,-0.69,-0.08,0.06,771,771,770,769,LOITER,1
68.240,motor 1 effectiveness -> 75% (PX4 reads back 0.75),0.75,20.035,0.006,-0.22,-0.17,95.86,-0.69,-0.00,0.06,771,771,770,769,LOITER,1
68.260,motor 1 effectiveness -> 75% (PX4 reads back 0.75),0.75,20.033,0.005,-0.23,-0.17,95.86,-0.69,-0.05,0.07,772,771,770,769,LOITER,1
68.280,motor 1 effectiveness -> 75% (PX4 reads back 0.75),0.75,20.033,0.005,-0.24,-0.17,95.85,-0.70,0.01,0.09,772,771,770,769,LOITER,1
68.300,motor 1 effectiveness -> 75% (PX4 reads back 0.75),0.75,20.033,0.005,-0.26,-0.17,95.85,-0.66,0.01,0.15,772,771,770,769,LOITER,1
68.320,motor 1 effectiveness -> 75% (PX4 reads back 0.75),0.75,20.032,0.003,-0.27,-0.17,95.85,-0.63,-0.11,0.09,772,771,770,770,LOITER,1
68.340,motor 1 effectiveness -> 75% (PX4 reads back 0.75),0.75,20.032,0.003,-0.28,-0.17,95.85,-0.67,-0.05,0.16,772,771,770,770,LOITER,1
68.360,motor 1 effectiveness -> 75% (PX4 reads back 0.75),0.75,20.030,0.002,-0.29,-0.17,95.85,-0.70,0.07,0.17,771,772,770,770,LOITER,1
68.380,motor 1 effectiveness -> 75% (PX4 reads back 0.75),0.75,20.030,0.002,-0.31,-0.17,95.85,-0.64,0.03,0.13,771,772,770,770,LOITER,1
68.400,motor 1 effectiveness -> 75% (PX4 reads back 0.75),0.75,20.030,0.002,-0.32,-0.17,95.86,-0.68,-0.03,0.21,771,772,770,770,LOITER,1
68.420,motor 1 effectiveness -> 75% (PX4 reads back 0.75),0.75,20.029,0.000,-0.33,-0.17,95.86,-0.69,0.15,0.27,771,771,770,770,LOITER,1
68.440,motor 1 effectiveness -> 75% (PX4 reads back 0.75),0.75,20.029,0.000,-0.34,-0.17,95.86,-0.61,0.05,0.18,771,771,770,770,LOITER,1
68.460,motor 1 effectiveness -> 75% (PX4 reads back 0.75),0.75,20.027,-0.001,-0.36,-0.17,95.86,-0.57,0.14,0.20,771,771,770,770,LOITER,1
68.480,motor 1 effectiveness -> 75% (PX4 reads back 0.75),0.75,20.027,-0.001,-0.37,-0.16,95.87,-0.64,0.08,0.26,771,771,770,770,LOITER,1
68.500,motor 1 effectiveness -> 75% (PX4 reads back 0.75),0.75,20.027,-0.001,-0.38,-0.16,95.87,-0.54,0.07,0.22,771,771,770,770,LOITER,1
68.520,motor 1 effectiveness -> 75% (PX4 reads back 0.75),0.75,20.026,-0.003,-0.39,-0.16,95.88,-0.49,0.15,0.32,771,771,770,770,LOITER,1
68.540,motor 1 effectiveness -> 75% (PX4 reads back 0.75),0.75,20.026,-0.003,-0.40,-0.16,95.89,-0.46,0.07,0.27,771,771,770,770,LOITER,1
68.560,motor 1 effectiveness -> 75% (PX4 reads back 0.75),0.75,20.026,-0.004,-0.40,-0.16,95.89,-0.29,0.09,0.21,771,770,770,770,LOITER,1
68.580,motor 1 effectiveness -> 75% (PX4 reads back 0.75),0.75,20.026,-0.004,-0.41,-0.15,95.90,-0.29,0.19,0.33,771,770,770,770,LOITER,1
68.600,motor 1 effectiveness -> 75% (PX4 reads back 0.75),0.75,20.026,-0.004,-0.42,-0.15,95.91,-0.36,0.22,0.23,771,770,770,770,LOITER,1
68.620,motor 1 effectiveness -> 75% (PX4 reads back 0.75),0.75,20.025,-0.005,-0.42,-0.15,95.92,-0.26,0.24,0.25,769,770,771,770,LOITER,1
68.640,motor 1 effectiveness -> 75% (PX4 reads back 0.75),0.75,20.025,-0.005,-0.43,-0.14,95.92,-0.13,0.24,0.28,769,770,771,770,LOITER,1
68.660,motor 1 effectiveness -> 75% (PX4 reads back 0.75),0.75,20.025,-0.006,-0.43,-0.14,95.93,-0.07,0.25,0.20,769,769,771,770,LOITER,1
68.680,motor 1 effectiveness -> 75% (PX4 reads back 0.75),0.75,20.025,-0.006,-0.43,-0.13,95.94,0.01,0.32,0.22,769,769,771,770,LOITER,1
68.700,motor 1 effectiveness -> 75% (PX4 reads back 0.75),0.75,20.025,-0.006,-0.43,-0.13,95.95,-0.08,0.28,0.22,769,769,771,770,LOITER,1
68.720,motor 1 effectiveness -> 75% (PX4 reads back 0.75),0.75,20.025,-0.007,-0.43,-0.12,95.96,0.04,0.34,0.22,769,769,771,770,LOITER,1
68.740,motor 1 effectiveness -> 75% (PX4 reads back 0.75),0.75,20.025,-0.007,-0.43,-0.12,95.97,0.07,0.41,0.23,769,769,771,770,LOITER,1
68.760,motor 1 effectiveness -> 75% (PX4 reads back 0.75),0.75,20.025,-0.007,-0.43,-0.11,95.98,0.11,0.36,0.16,769,769,770,770,LOITER,1
68.780,motor 1 effectiveness -> 75% (PX4 reads back 0.75),0.75,20.025,-0.007,-0.42,-0.10,95.99,0.16,0.31,0.14,769,769,770,770,LOITER,1
68.800,motor 1 effectiveness -> 75% (PX4 reads back 0.75),0.75,20.025,-0.007,-0.42,-0.10,95.99,0.21,0.33,0.11,769,769,770,770,LOITER,1
68.820,motor 1 effectiveness -> 75% (PX4 reads back 0.75),0.75,20.025,-0.007,-0.42,-0.09,96.00,0.23,0.46,0.07,768,768,770,770,LOITER,1
68.836,motor 1 effectiveness -> 75% (PX4 reads back 0.75),0.75,20.025,-0.007,-0.41,-0.08,96.00,0.17,0.48,0.09,768,768,770,770,LOITER,1
68.860,motor 1 effectiveness -> 75% (PX4 reads back 0.75),0.75,20.025,-0.007,-0.41,-0.07,96.01,0.22,0.51,0.04,768,768,770,770,LOITER,1
68.880,motor 1 effectiveness -> 75% (PX4 reads back 0.75),0.75,20.025,-0.007,-0.40,-0.06,96.02,0.25,0.44,0.07,768,768,770,770,LOITER,1
68.900,motor 1 effectiveness -> 75% (PX4 reads back 0.75),0.75,20.025,-0.007,-0.40,-0.05,96.02,0.29,0.47,0.05,768,768,770,770,LOITER,1
68.920,motor 1 effectiveness -> 75% (PX4 reads back 0.75),0.75,20.025,-0.007,-0.39,-0.04,96.02,0.31,0.46,0.03,768,768,770,770,LOITER,1
68.940,motor 1 effectiveness -> 75% (PX4 reads back 0.75),0.75,20.025,-0.007,-0.38,-0.03,96.03,0.31,0.43,-0.04,768,768,770,770,LOITER,1
68.960,motor 1 effectiveness -> 75% (PX4 reads back 0.75),0.75,20.025,-0.007,-0.38,-0.02,96.03,0.31,0.46,-0.07,767,768,770,770,LOITER,1
68.980,motor 1 effectiveness -> 75% (PX4 reads back 0.75),0.75,20.025,-0.007,-0.37,-0.02,96.03,0.39,0.42,-0.06,767,768,770,770,LOITER,1
69.000,motor 1 effectiveness -> 75% (PX4 reads back 0.75),0.75,20.025,-0.007,-0.36,-0.01,96.03,0.39,0.37,-0.07,767,768,770,770,LOITER,1
69.020,motor 1 effectiveness -> 75% (PX4 reads back 0.75),0.75,20.025,-0.006,-0.36,-0.00,96.03,0.42,0.32,-0.17,767,768,770,770,LOITER,1
69.040,motor 1 effectiveness -> 75% (PX4 reads back 0.75),0.75,20.025,-0.006,-0.35,0.01,96.03,0.51,0.37,-0.16,767,768,770,770,LOITER,1
69.060,motor 1 effectiveness -> 75% (PX4 reads back 0.75),0.75,20.026,-0.006,-0.34,0.01,96.02,0.47,0.25,-0.18,768,768,770,770,LOITER,1
69.080,motor 1 effectiveness -> 75% (PX4 reads back 0.75),0.75,20.026,-0.006,-0.33,0.02,96.02,0.41,0.30,-0.18,768,768,770,770,LOITER,1
69.100,motor 1 effectiveness -> 75% (PX4 reads back 0.75),0.75,20.026,-0.006,-0.32,0.02,96.01,0.46,0.26,-0.19,768,768,770,770,LOITER,1
69.120,motor 1 effectiveness -> 75% (PX4 reads back 0.75),0.75,20.026,-0.006,-0.31,0.03,96.01,0.46,0.20,-0.27,768,768,770,770,LOITER,1
69.140,motor 1 effectiveness -> 75% (PX4 reads back 0.75),0.75,20.026,-0.006,-0.30,0.03,96.00,0.49,0.20,-0.25,768,768,770,770,LOITER,1
69.160,motor 1 effectiveness -> 75% (PX4 reads back 0.75),0.75,20.026,-0.006,-0.29,0.04,95.99,0.56,0.15,-0.22,768,768,769,770,LOITER,1
69.180,motor 1 effectiveness -> 75% (PX4 reads back 0.75),0.75,20.026,-0.006,-0.28,0.04,95.98,0.56,0.04,-0.29,768,768,769,770,LOITER,1
69.200,motor 1 effectiveness -> 75% (PX4 reads back 0.75),0.75,20.026,-0.006,-0.27,0.04,95.97,0.53,-0.01,-0.23,768,768,769,770,LOITER,1
69.220,motor 1 effectiveness -> 75% (PX4 reads back 0.75),0.75,20.026,-0.005,-0.26,0.04,95.96,0.44,-0.06,-0.33,768,768,769,770,LOITER,1
69.240,motor 1 effectiveness -> 75% (PX4 reads back 0.75),0.75,20.026,-0.005,-0.25,0.04,95.95,0.46,-0.15,-0.28,768,768,769,770,LOITER,1
69.260,motor 1 effectiveness -> 75% (PX4 reads back 0.75),0.75,20.027,-0.005,-0.24,0.04,95.94,0.48,-0.20,-0.35,769,768,769,769,LOITER,1
69.280,motor 1 effectiveness -> 75% (PX4 reads back 0.75),0.75,20.027,-0.005,-0.23,0.03,95.92,0.56,-0.20,-0.31,769,768,769,769,LOITER,1
69.300,motor 1 effectiveness -> 75% (PX4 reads back 0.75),0.75,20.027,-0.005,-0.22,0.03,95.91,0.48,-0.19,-0.28,769,768,769,769,LOITER,1
69.320,motor 1 effectiveness -> 75% (PX4 reads back 0.75),0.75,20.027,-0.005,-0.22,0.03,95.90,0.42,-0.19,-0.24,769,769,769,769,LOITER,1
69.340,motor 1 effectiveness -> 75% (PX4 reads back 0.75),0.75,20.027,-0.005,-0.21,0.02,95.89,0.48,-0.21,-0.29,769,769,769,769,LOITER,1
69.360,motor 1 effectiveness -> 75% (PX4 reads back 0.75),0.75,20.027,-0.004,-0.20,0.02,95.88,0.53,-0.18,-0.29,769,769,769,769,LOITER,1
69.380,motor 1 effectiveness -> 75% (PX4 reads back 0.75),0.75,20.027,-0.004,-0.19,0.02,95.87,0.53,-0.22,-0.32,769,769,769,769,LOITER,1
69.400,motor 1 effectiveness -> 75% (PX4 reads back 0.75),0.75,20.027,-0.004,-0.18,0.01,95.86,0.48,-0.17,-0.35,769,769,769,769,LOITER,1
69.420,motor 1 effectiveness -> 75% (PX4 reads back 0.75),0.75,20.027,-0.004,-0.17,0.01,95.85,0.55,-0.22,-0.31,769,769,769,768,LOITER,1
69.440,motor 1 effectiveness -> 75% (PX4 reads back 0.75),0.75,20.027,-0.004,-0.16,0.01,95.84,0.62,-0.17,-0.25,769,769,769,768,LOITER,1
69.460,motor 1 effectiveness -> 75% (PX4 reads back 0.75),0.75,20.028,-0.004,-0.14,0.00,95.82,0.56,-0.24,-0.24,770,769,768,768,LOITER,1
69.480,motor 1 effectiveness -> 75% (PX4 reads back 0.75),0.75,20.028,-0.004,-0.13,-0.00,95.81,0.40,-0.17,-0.25,770,769,768,768,LOITER,1
69.500,motor 1 effectiveness -> 75% (PX4 reads back 0.75),0.75,20.028,-0.004,-0.13,-0.01,95.80,0.52,-0.33,-0.24,770,769,768,768,LOITER,1
69.520,motor 1 effectiveness -> 75% (PX4 reads back 0.75),0.75,20.028,-0.004,-0.12,-0.01,95.79,0.46,-0.18,-0.22,770,769,768,768,LOITER,1
69.540,motor 1 effectiveness -> 75% (PX4 reads back 0.75),0.75,20.028,-0.004,-0.11,-0.01,95.78,0.53,-0.24,-0.24,770,769,768,768,LOITER,1
69.560,motor 1 effectiveness -> 75% (PX4 reads back 0.75),0.75,20.028,-0.004,-0.09,-0.02,95.78,0.51,-0.17,-0.18,769,770,768,768,LOITER,1
69.580,motor 1 effectiveness -> 75% (PX4 reads back 0.75),0.75,20.028,-0.004,-0.08,-0.02,95.77,0.57,-0.20,-0.16,769,770,768,768,LOITER,1
69.600,motor 1 effectiveness -> 75% (PX4 reads back 0.75),0.75,20.028,-0.004,-0.07,-0.02,95.76,0.55,-0.17,-0.20,769,770,768,768,LOITER,1
69.620,motor 1 effectiveness -> 75% (PX4 reads back 0.75),0.75,20.028,-0.003,-0.06,-0.03,95.75,0.53,-0.19,-0.15,770,770,768,768,LOITER,1
69.640,motor 1 effectiveness -> 75% (PX4 reads back 0.75),0.75,20.028,-0.003,-0.05,-0.03,95.74,0.63,-0.16,-0.12,770,770,768,768,LOITER,1
69.660,motor 1 effectiveness -> 75% (PX4 reads back 0.75),0.75,20.027,-0.003,-0.04,-0.03,95.74,0.45,-0.30,-0.07,770,770,768,768,LOITER,1
69.680,motor 1 effectiveness -> 75% (PX4 reads back 0.75),0.75,20.027,-0.003,-0.03,-0.04,95.73,0.43,-0.30,-0.04,770,770,768,768,LOITER,1
69.700,motor 1 effectiveness -> 75% (PX4 reads back 0.75),0.75,20.027,-0.003,-0.02,-0.04,95.72,0.43,-0.36,-0.10,770,770,768,768,LOITER,1
69.720,motor 1 effectiveness -> 75% (PX4 reads back 0.75),0.75,20.027,-0.002,-0.01,-0.05,95.72,0.40,-0.26,-0.08,771,770,768,768,LOITER,1
69.740,motor 1 effectiveness -> 75% (PX4 reads back 0.75),0.75,20.027,-0.002,-0.01,-0.06,95.71,0.25,-0.29,-0.03,771,770,768,768,LOITER,1
69.760,motor 1 effectiveness -> 75% (PX4 reads back 0.75),0.75,20.026,-0.002,-0.00,-0.06,95.71,0.27,-0.18,0.04,770,771,768,769,LOITER,1
69.780,motor 1 effectiveness -> 75% (PX4 reads back 0.75),0.75,20.026,-0.002,0.00,-0.06,95.71,0.24,-0.25,0.03,770,771,768,769,LOITER,1
69.800,motor 1 effectiveness -> 75% (PX4 reads back 0.75),0.75,20.026,-0.002,0.01,-0.07,95.71,0.21,-0.28,0.06,770,771,768,769,LOITER,1
69.820,motor 1 effectiveness -> 75% (PX4 reads back 0.75),0.75,20.025,-0.003,0.01,-0.08,95.71,0.23,-0.22,0.15,771,770,769,769,LOITER,1
69.840,motor 1 effectiveness -> 75% (PX4 reads back 0.75),0.75,20.025,-0.003,0.02,-0.08,95.71,0.33,-0.16,0.12,771,770,769,769,LOITER,1
69.860,motor 1 effectiveness -> 75% (PX4 reads back 0.75),0.75,20.024,-0.003,0.03,-0.08,95.71,0.25,-0.18,0.14,771,771,769,769,LOITER,1
69.880,motor 1 effectiveness -> 75% (PX4 reads back 0.75),0.75,20.024,-0.003,0.03,-0.09,95.71,0.23,-0.20,0.14,771,771,769,769,LOITER,1
69.900,motor 1 effectiveness -> 75% (PX4 reads back 0.75),0.75,20.024,-0.003,0.04,-0.09,95.71,0.21,-0.17,0.23,771,771,769,769,LOITER,1
69.920,motor 1 effectiveness -> 75% (PX4 reads back 0.75),0.75,20.023,-0.003,0.04,-0.09,95.72,0.28,-0.19,0.23,771,771,769,770,LOITER,1
69.940,motor 1 effectiveness -> 75% (PX4 reads back 0.75),0.75,20.023,-0.003,0.04,-0.10,95.72,0.17,-0.20,0.14,771,771,769,770,LOITER,1
69.960,motor 1 effectiveness -> 75% (PX4 reads back 0.75),0.75,20.022,-0.004,0.05,-0.10,95.72,0.11,-0.13,0.22,771,771,770,769,LOITER,1
69.980,motor 1 effectiveness -> 75% (PX4 reads back 0.75),0.75,20.022,-0.004,0.05,-0.10,95.73,0.10,-0.14,0.23,771,771,770,769,LOITER,1
70.000,motor 1 effectiveness -> 75% (PX4 reads back 0.75),0.75,20.022,-0.004,0.05,-0.11,95.73,0.14,-0.06,0.25,771,771,770,769,LOITER,1
70.020,motor 1 effectiveness -> 75% (PX4 reads back 0.75),0.75,20.021,-0.005,0.06,-0.11,95.74,0.12,-0.10,0.20,771,770,770,770,LOITER,1
70.040,motor 1 effectiveness -> 75% (PX4 reads back 0.75),0.75,20.021,-0.005,0.06,-0.11,95.74,0.07,0.02,0.26,771,770,770,770,LOITER,1
70.060,motor 1 effectiveness -> 75% (PX4 reads back 0.75),0.75,20.019,-0.006,0.06,-0.11,95.75,0.16,-0.03,0.25,771,770,770,770,LOITER,1
70.080,motor 1 effectiveness -> 75% (PX4 reads back 0.75),0.75,20.019,-0.006,0.06,-0.11,95.76,0.10,0.01,0.28,771,770,770,770,LOITER,1
70.100,motor 1 effectiveness -> 75% (PX4 reads back 0.75),0.75,20.019,-0.006,0.07,-0.11,95.76,0.22,-0.00,0.24,771,770,770,770,LOITER,1
70.120,motor 1 effectiveness -> 75% (PX4 reads back 0.75),0.75,20.019,-0.007,0.07,-0.11,95.77,0.20,0.03,0.26,770,770,770,770,LOITER,1
70.140,motor 1 effectiveness -> 75% (PX4 reads back 0.75),0.75,20.019,-0.007,0.07,-0.11,95.77,0.12,-0.01,0.27,770,770,770,770,LOITER,1
70.164,motor 1 effectiveness -> 75% (PX4 reads back 0.75),0.75,20.018,-0.008,0.07,-0.11,95.77,0.06,-0.12,0.23,770,770,770,770,LOITER,1
70.184,motor 1 effectiveness -> 75% (PX4 reads back 0.75),0.75,20.018,-0.008,0.08,-0.11,95.78,0.14,-0.02,0.25,770,770,770,770,LOITER,1
70.200,motor 1 effectiveness -> 75% (PX4 reads back 0.75),0.75,20.018,-0.008,0.08,-0.11,95.78,0.18,0.00,0.25,770,770,770,770,LOITER,1
70.220,motor 1 effectiveness -> 75% (PX4 reads back 0.75),0.75,20.017,-0.009,0.08,-0.11,95.79,0.22,-0.01,0.21,769,770,770,771,LOITER,1
70.240,motor 1 effectiveness -> 75% (PX4 reads back 0.75),0.75,20.017,-0.009,0.08,-0.11,95.79,0.10,-0.10,0.19,769,770,770,771,LOITER,1
70.260,motor 1 effectiveness -> 75% (PX4 reads back 0.75),0.75,20.017,-0.010,0.09,-0.11,95.79,0.10,-0.12,0.20,770,769,770,770,LOITER,1
70.280,motor 1 effectiveness -> 75% (PX4 reads back 0.75),0.75,20.017,-0.010,0.09,-0.11,95.80,0.08,-0.11,0.23,770,769,770,770,LOITER,1
70.300,motor 1 effectiveness -> 75% (PX4 reads back 0.75),0.75,20.017,-0.010,0.09,-0.12,95.80,0.07,0.00,0.17,770,769,770,770,LOITER,1
70.320,motor 1 effectiveness -> 75% (PX4 reads back 0.75),0.75,20.016,-0.010,0.09,-0.12,95.80,0.06,-0.10,0.20,769,770,770,770,LOITER,1
70.340,motor 1 effectiveness -> 75% (PX4 reads back 0.75),0.75,20.016,-0.010,0.09,-0.12,95.81,0.01,-0.06,0.20,769,770,770,770,LOITER,1
70.360,motor 1 effectiveness -> 75% (PX4 reads back 0.75),0.75,20.016,-0.011,0.09,-0.12,95.81,0.04,-0.04,0.17,769,769,770,770,LOITER,1
70.380,motor 1 effectiveness -> 75% (PX4 reads back 0.75),0.75,20.016,-0.011,0.09,-0.12,95.81,0.14,0.13,0.16,769,769,770,770,LOITER,1
70.400,motor 1 effectiveness -> 75% (PX4 reads back 0.75),0.75,20.016,-0.011,0.10,-0.11,95.82,0.09,0.00,0.12,769,769,770,770,LOITER,1
70.420,motor 1 effectiveness -> 75% (PX4 reads back 0.75),0.75,20.016,-0.011,0.10,-0.11,95.82,0.05,0.00,0.16,769,769,770,770,LOITER,1
70.440,motor 1 effectiveness -> 75% (PX4 reads back 0.75),0.75,20.016,-0.011,0.10,-0.11,95.82,0.10,-0.02,0.15,769,769,770,770,LOITER,1
70.460,motor 1 effectiveness -> 75% (PX4 reads back 0.75),0.75,20.015,-0.011,0.10,-0.11,95.82,0.06,0.04,0.06,769,769,770,770,LOITER,1
70.480,motor 1 effectiveness -> 75% (PX4 reads back 0.75),0.75,20.015,-0.011,0.10,-0.11,95.82,0.15,0.07,0.04,769,769,770,770,LOITER,1
70.500,motor 1 effectiveness -> 75% (PX4 reads back 0.75),0.75,20.015,-0.011,0.10,-0.11,95.83,0.02,0.00,0.04,769,769,770,770,LOITER,1
70.520,motor 1 effectiveness -> 75% (PX4 reads back 0.75),0.75,20.015,-0.012,0.10,-0.11,95.83,-0.00,-0.03,0.03,769,769,771,770,LOITER,1
70.540,motor 1 effectiveness -> 75% (PX4 reads back 0.75),0.75,20.015,-0.012,0.11,-0.11,95.83,0.06,0.08,0.07,769,769,771,770,LOITER,1
70.560,motor 1 effectiveness -> 75% (PX4 reads back 0.75),0.75,20.015,-0.012,0.11,-0.11,95.83,-0.03,0.07,-0.02,769,769,770,770,LOITER,1
70.580,motor 1 effectiveness -> 75% (PX4 reads back 0.75),0.75,20.015,-0.012,0.10,-0.11,95.83,-0.09,0.04,-0.02,769,769,770,770,LOITER,1
70.600,motor 1 effectiveness -> 75% (PX4 reads back 0.75),0.75,20.015,-0.012,0.10,-0.11,95.83,-0.05,0.08,-0.02,769,769,770,770,LOITER,1
70.620,motor 1 effectiveness -> 75% (PX4 reads back 0.75),0.75,20.015,-0.012,0.10,-0.11,95.83,-0.06,0.04,-0.05,769,769,770,770,LOITER,1
70.640,motor 1 effectiveness -> 75% (PX4 reads back 0.75),0.75,20.015,-0.012,0.10,-0.10,95.83,-0.07,0.10,0.00,769,769,770,770,LOITER,1
70.660,motor 1 effectiveness -> 75% (PX4 reads back 0.75),0.75,20.015,-0.012,0.10,-0.10,95.83,-0.02,0.08,-0.03,769,769,770,770,LOITER,1
70.680,motor 1 effectiveness -> 75% (PX4 reads back 0.75),0.75,20.015,-0.012,0.10,-0.10,95.83,-0.01,0.15,-0.07,769,769,770,770,LOITER,1
70.700,motor 1 effectiveness -> 75% (PX4 reads back 0.75),0.75,20.015,-0.012,0.10,-0.10,95.83,-0.07,0.12,-0.08,769,769,770,770,LOITER,1
70.720,motor 1 effectiveness -> 75% (PX4 reads back 0.75),0.75,20.015,-0.013,0.10,-0.09,95.83,-0.01,0.12,-0.10,769,769,770,770,LOITER,1
70.740,motor 1 effectiveness -> 75% (PX4 reads back 0.75),0.75,20.015,-0.013,0.10,-0.09,95.83,-0.11,0.08,-0.06,769,769,770,770,LOITER,1
70.760,motor 1 effectiveness -> 75% (PX4 reads back 0.75),0.75,20.015,-0.013,0.10,-0.09,95.83,-0.05,0.14,-0.05,769,769,769,770,LOITER,1
70.780,motor 1 effectiveness -> 75% (PX4 reads back 0.75),0.75,20.015,-0.013,0.10,-0.09,95.83,-0.09,0.07,-0.11,769,769,769,770,LOITER,1
70.800,motor 1 effectiveness -> 75% (PX4 reads back 0.75),0.75,20.015,-0.013,0.09,-0.08,95.83,-0.14,0.11,-0.10,769,769,769,770,LOITER,1
70.820,motor 1 effectiveness -> 75% (PX4 reads back 0.75),0.75,20.015,-0.013,0.09,-0.08,95.82,-0.15,0.07,-0.16,769,769,770,770,LOITER,1
70.840,motor 1 effectiveness -> 75% (PX4 reads back 0.75),0.75,20.015,-0.013,0.09,-0.08,95.82,-0.16,0.07,-0.15,769,769,770,770,LOITER,1
70.860,motor 1 effectiveness -> 75% (PX4 reads back 0.75),0.75,20.015,-0.013,0.09,-0.08,95.82,-0.19,0.06,-0.14,769,769,769,769,LOITER,1
70.880,motor 1 effectiveness -> 75% (PX4 reads back 0.75),0.75,20.015,-0.013,0.08,-0.08,95.82,-0.16,0.08,-0.18,769,769,769,769,LOITER,1
70.900,motor 1 effectiveness -> 75% (PX4 reads back 0.75),0.75,20.015,-0.013,0.08,-0.08,95.82,-0.18,0.02,-0.16,769,769,769,769,LOITER,1
70.920,motor 1 effectiveness -> 75% (PX4 reads back 0.75),0.75,20.016,-0.013,0.08,-0.07,95.82,-0.17,0.12,-0.14,769,769,769,769,LOITER,1
70.940,motor 1 effectiveness -> 75% (PX4 reads back 0.75),0.75,20.016,-0.013,0.07,-0.07,95.81,-0.25,0.07,-0.17,769,769,769,769,LOITER,1
70.960,motor 1 effectiveness -> 75% (PX4 reads back 0.75),0.75,20.016,-0.013,0.07,-0.07,95.81,-0.26,0.12,-0.15,769,769,769,769,LOITER,1
70.980,motor 1 effectiveness -> 75% (PX4 reads back 0.75),0.75,20.016,-0.013,0.06,-0.07,95.81,-0.27,0.02,-0.16,769,769,769,769,LOITER,1
71.000,motor 1 effectiveness -> 75% (PX4 reads back 0.75),0.75,20.016,-0.013,0.06,-0.07,95.81,-0.17,0.14,-0.15,769,769,769,769,LOITER,1
71.020,motor 1 effectiveness -> 75% (PX4 reads back 0.75),0.75,20.016,-0.012,0.06,-0.06,95.81,-0.19,0.15,-0.14,769,769,769,769,LOITER,1
71.040,motor 1 effectiveness -> 75% (PX4 reads back 0.75),0.75,20.016,-0.012,0.05,-0.06,95.81,-0.21,0.18,-0.18,769,769,769,769,LOITER,1
71.060,motor 1 effectiveness -> 75% (PX4 reads back 0.75),0.75,20.017,-0.012,0.05,-0.06,95.81,-0.10,0.26,-0.11,769,769,769,770,LOITER,1
71.080,motor 1 effectiveness -> 75% (PX4 reads back 0.75),0.75,20.017,-0.012,0.05,-0.05,95.80,-0.19,0.23,-0.18,769,769,769,770,LOITER,1
71.100,motor 1 effectiveness -> 75% (PX4 reads back 0.75),0.75,20.017,-0.012,0.04,-0.05,95.80,-0.27,0.18,-0.23,769,769,769,770,LOITER,1
71.120,motor 1 effectiveness -> 75% (PX4 reads back 0.75),0.75,20.017,-0.012,0.04,-0.04,95.80,-0.27,0.20,-0.14,769,769,769,769,LOITER,1
71.140,motor 1 effectiveness -> 75% (PX4 reads back 0.75),0.75,20.017,-0.012,0.03,-0.04,95.80,-0.24,0.20,-0.12,769,769,769,769,LOITER,1
71.160,motor 1 effectiveness -> 75% (PX4 reads back 0.75),0.75,20.017,-0.012,0.03,-0.04,95.80,-0.28,0.25,-0.21,769,769,769,769,LOITER,1
71.180,motor 1 effectiveness -> 75% (PX4 reads back 0.75),0.75,20.017,-0.012,0.02,-0.03,95.80,-0.32,0.38,-0.16,769,769,769,769,LOITER,1
71.200,motor 1 effectiveness -> 75% (PX4 reads back 0.75),0.75,20.017,-0.012,0.02,-0.02,95.80,-0.33,0.41,-0.14,769,769,769,769,LOITER,1
71.220,motor 1 effectiveness -> 75% (PX4 reads back 0.75),0.75,20.017,-0.011,0.01,-0.02,95.79,-0.35,0.36,-0.17,769,769,769,769,LOITER,1
71.240,motor 1 effectiveness -> 75% (PX4 reads back 0.75),0.75,20.017,-0.011,0.00,-0.01,95.79,-0.37,0.37,-0.11,769,769,769,769,LOITER,1
71.260,motor 1 effectiveness -> 75% (PX4 reads back 0.75),0.75,20.017,-0.010,-0.00,-0.00,95.79,-0.34,0.42,-0.13,769,769,769,769,LOITER,1
71.280,motor 1 effectiveness -> 75% (PX4 reads back 0.75),0.75,20.017,-0.010,-0.01,0.00,95.79,-0.38,0.43,-0.09,769,769,769,769,LOITER,1
71.300,motor 1 effectiveness -> 75% (PX4 reads back 0.75),0.75,20.017,-0.010,-0.02,0.01,95.79,-0.34,0.50,-0.14,769,769,769,769,LOITER,1
71.320,motor 1 effectiveness -> 75% (PX4 reads back 0.75),0.75,20.017,-0.010,-0.02,0.02,95.79,-0.30,0.54,-0.11,770,769,769,769,LOITER,1
71.340,motor 1 effectiveness -> 75% (PX4 reads back 0.75),0.75,20.017,-0.010,-0.03,0.03,95.79,-0.32,0.43,-0.15,770,769,769,769,LOITER,1
71.360,motor 1 effectiveness -> 75% (PX4 reads back 0.75),0.75,20.017,-0.010,-0.03,0.04,95.79,-0.38,0.48,-0.18,769,770,770,769,LOITER,1
71.380,motor 1 effectiveness -> 75% (PX4 reads back 0.75),0.75,20.017,-0.010,-0.04,0.05,95.79,-0.24,0.47,-0.19,769,770,770,769,LOITER,1
71.400,motor 1 effectiveness -> 75% (PX4 reads back 0.75),0.75,20.017,-0.010,-0.04,0.06,95.79,-0.13,0.50,-0.10,769,770,770,769,LOITER,1
71.420,motor 1 effectiveness -> 75% (PX4 reads back 0.75),0.75,20.017,-0.010,-0.05,0.07,95.79,-0.22,0.48,-0.07,769,769,769,770,LOITER,1
71.440,motor 1 effectiveness -> 75% (PX4 reads back 0.75),0.75,20.017,-0.010,-0.05,0.08,95.78,-0.24,0.44,-0.16,769,769,769,770,LOITER,1
71.460,motor 1 effectiveness -> 75% (PX4 reads back 0.75),0.75,20.017,-0.010,-0.05,0.09,95.78,-0.22,0.50,-0.11,769,770,769,770,LOITER,1
71.480,motor 1 effectiveness -> 75% (PX4 reads back 0.75),0.75,20.017,-0.010,-0.06,0.09,95.78,-0.18,0.40,-0.14,769,770,769,770,LOITER,1
71.500,motor 1 effectiveness -> 75% (PX4 reads back 0.75),0.75,20.017,-0.010,-0.06,0.10,95.78,-0.16,0.40,-0.12,769,770,769,770,LOITER,1
71.520,motor 1 effectiveness -> 75% (PX4 reads back 0.75),0.75,20.017,-0.010,-0.06,0.11,95.78,-0.14,0.38,-0.14,769,769,769,769,LOITER,1
71.540,motor 1 effectiveness -> 75% (PX4 reads back 0.75),0.75,20.017,-0.010,-0.07,0.12,95.78,-0.23,0.40,-0.16,769,769,769,769,LOITER,1
71.560,motor 1 effectiveness -> 75% (PX4 reads back 0.75),0.75,20.018,-0.010,-0.07,0.12,95.78,-0.21,0.35,-0.16,769,769,769,769,LOITER,1
71.580,motor 1 effectiveness -> 75% (PX4 reads back 0.75),0.75,20.018,-0.010,-0.07,0.13,95.77,-0.18,0.32,-0.10,769,769,769,769,LOITER,1
71.600,motor 1 effectiveness -> 75% (PX4 reads back 0.75),0.75,20.018,-0.010,-0.08,0.14,95.77,-0.19,0.34,-0.16,769,769,769,769,LOITER,1
71.620,motor 1 effectiveness -> 75% (PX4 reads back 0.75),0.75,20.018,-0.010,-0.08,0.14,95.77,-0.17,0.37,-0.16,769,769,769,769,LOITER,1
71.640,motor 1 effectiveness -> 75% (PX4 reads back 0.75),0.75,20.018,-0.010,-0.08,0.15,95.77,-0.19,0.40,-0.13,769,769,769,769,LOITER,1
71.660,motor 1 effectiveness -> 75% (PX4 reads back 0.75),0.75,20.018,-0.010,-0.09,0.16,95.77,-0.16,0.40,-0.18,769,770,768,769,LOITER,1
71.680,motor 1 effectiveness -> 75% (PX4 reads back 0.75),0.75,20.018,-0.010,-0.09,0.17,95.76,-0.08,0.27,-0.11,769,770,768,769,LOITER,1
71.700,motor 1 effectiveness -> 75% (PX4 reads back 0.75),0.75,20.018,-0.010,-0.09,0.17,95.76,-0.02,0.21,-0.14,769,770,768,769,LOITER,1
71.720,motor 1 effectiveness -> 75% (PX4 reads back 0.75),0.75,20.018,-0.009,-0.09,0.18,95.76,-0.09,0.28,-0.16,770,769,769,769,LOITER,1
71.740,motor 1 effectiveness -> 75% (PX4 reads back 0.75),0.75,20.018,-0.009,-0.09,0.18,95.76,-0.11,0.26,-0.12,770,769,769,769,LOITER,1
71.760,motor 1 effectiveness -> 75% (PX4 reads back 0.75),0.75,20.018,-0.009,-0.09,0.18,95.76,-0.03,0.10,-0.10,770,769,769,769,LOITER,1
71.780,motor 1 effectiveness -> 75% (PX4 reads back 0.75),0.75,20.018,-0.009,-0.10,0.19,95.75,-0.09,0.06,-0.16,770,769,769,769,LOITER,1
71.800,motor 1 effectiveness -> 75% (PX4 reads back 0.75),0.75,20.018,-0.009,-0.10,0.19,95.75,-0.17,0.15,-0.08,770,769,769,769,LOITER,1
71.820,motor 1 effectiveness -> 75% (PX4 reads back 0.75),0.75,20.017,-0.009,-0.10,0.19,95.75,-0.25,0.08,-0.11,770,770,769,769,LOITER,1
71.840,motor 1 effectiveness -> 75% (PX4 reads back 0.75),0.75,20.017,-0.009,-0.11,0.19,95.75,-0.22,-0.04,-0.08,770,770,769,769,LOITER,1
71.860,motor 1 effectiveness -> 75% (PX4 reads back 0.75),0.75,20.016,-0.009,-0.11,0.19,95.75,-0.16,-0.01,-0.08,770,770,769,770,LOITER,1
71.880,motor 1 effectiveness -> 75% (PX4 reads back 0.75),0.75,20.016,-0.009,-0.11,0.19,95.74,-0.16,0.07,-0.14,770,770,769,770,LOITER,1
71.900,motor 1 effectiveness -> 75% (PX4 reads back 0.75),0.75,20.016,-0.009,-0.12,0.19,95.74,-0.20,0.01,-0.08,770,770,769,770,LOITER,1
71.920,motor 1 effectiveness -> 75% (PX4 reads back 0.75),0.75,20.016,-0.009,-0.12,0.19,95.74,-0.15,0.01,-0.14,770,770,770,770,LOITER,1
71.940,motor 1 effectiveness -> 75% (PX4 reads back 0.75),0.75,20.016,-0.009,-0.12,0.19,95.74,-0.17,0.11,-0.08,770,770,770,770,LOITER,1
71.960,motor 1 effectiveness -> 75% (PX4 reads back 0.75),0.75,20.015,-0.010,-0.12,0.19,95.74,-0.08,-0.05,-0.11,770,770,770,769,LOITER,1
71.980,motor 1 effectiveness -> 75% (PX4 reads back 0.75),0.75,20.015,-0.010,-0.13,0.19,95.73,-0.05,-0.05,-0.08,770,770,770,769,LOITER,1
72.000,motor 1 effectiveness -> 75% (PX4 reads back 0.75),0.75,20.015,-0.010,-0.13,0.19,95.73,-0.04,0.04,-0.05,770,770,770,769,LOITER,1
72.020,motor 1 effectiveness -> 75% (PX4 reads back 0.75),0.75,20.014,-0.010,-0.13,0.19,95.73,-0.03,-0.05,-0.09,770,770,769,770,LOITER,1
72.040,motor 1 effectiveness -> 75% (PX4 reads back 0.75),0.75,20.014,-0.010,-0.13,0.19,95.73,0.03,0.01,-0.05,770,770,769,770,LOITER,1
72.060,motor 1 effectiveness -> 75% (PX4 reads back 0.75),0.75,20.014,-0.011,-0.13,0.19,95.72,0.09,0.10,-0.06,770,770,769,770,LOITER,1
72.080,motor 1 effectiveness -> 75% (PX4 reads back 0.75),0.75,20.014,-0.011,-0.13,0.20,95.72,-0.06,0.04,-0.02,770,770,769,770,LOITER,1
72.100,motor 1 effectiveness -> 75% (PX4 reads back 0.75),0.75,20.014,-0.011,-0.13,0.20,95.72,0.06,0.00,-0.08,770,770,769,770,LOITER,1
72.120,motor 1 effectiveness -> 75% (PX4 reads back 0.75),0.75,20.013,-0.011,-0.13,0.19,95.72,0.06,-0.06,-0.01,770,770,770,770,LOITER,1
72.140,motor 1 effectiveness -> 75% (PX4 reads back 0.75),0.75,20.013,-0.011,-0.12,0.19,95.72,0.15,-0.06,-0.07,770,770,770,770,LOITER,1
72.160,motor 1 effectiveness -> 75% (PX4 reads back 0.75),0.75,20.013,-0.012,-0.12,0.19,95.71,0.16,-0.00,-0.03,770,770,769,770,LOITER,1
72.180,motor 1 effectiveness -> 75% (PX4 reads back 0.75),0.75,20.013,-0.012,-0.12,0.19,95.71,0.20,-0.03,-0.02,770,770,769,770,LOITER,1
72.200,motor 1 effectiveness -> 75% (PX4 reads back 0.75),0.75,20.013,-0.012,-0.11,0.19,95.71,0.24,0.01,-0.05,770,770,769,770,LOITER,1
72.220,motor 1 effectiveness -> 75% (PX4 reads back 0.75),0.75,20.013,-0.012,-0.11,0.19,95.71,0.25,-0.01,-0.08,770,770,770,770,LOITER,1
72.240,motor 1 effectiveness -> 75% (PX4 reads back 0.75),0.75,20.013,-0.012,-0.10,0.19,95.71,0.24,0.02,-0.07,770,770,770,770,LOITER,1
72.260,motor 1 effectiveness -> 75% (PX4 reads back 0.75),0.75,20.012,-0.013,-0.10,0.19,95.70,0.31,0.05,-0.02,770,770,769,770,LOITER,1
72.280,motor 1 effectiveness -> 75% (PX4 reads back 0.75),0.75,20.012,-0.013,-0.09,0.19,95.70,0.33,0.06,-0.02,770,770,769,770,LOITER,1
72.300,motor 1 effectiveness -> 75% (PX4 reads back 0.75),0.75,20.012,-0.013,-0.09,0.19,95.70,0.28,0.03,-0.02,770,770,769,770,LOITER,1
72.320,motor 1 effectiveness -> 75% (PX4 reads back 0.75),0.75,20.012,-0.013,-0.08,0.19,95.70,0.23,0.01,-0.01,770,770,769,769,LOITER,1
72.340,motor 1 effectiveness -> 75% (PX4 reads back 0.75),0.75,20.012,-0.013,-0.08,0.19,95.70,0.36,0.11,0.02,770,770,769,769,LOITER,1
72.360,motor 1 effectiveness -> 75% (PX4 reads back 0.75),0.75,20.013,-0.014,-0.07,0.19,95.70,0.31,0.04,0.02,770,770,769,769,LOITER,1
72.380,motor 1 effectiveness -> 75% (PX4 reads back 0.75),0.75,20.013,-0.014,-0.06,0.19,95.70,0.34,0.06,-0.03,770,770,769,769,LOITER,1
72.400,motor 1 effectiveness -> 75% (PX4 reads back 0.75),0.75,20.013,-0.014,-0.06,0.19,95.69,0.32,0.02,0.04,770,770,769,769,LOITER,1
72.420,motor 1 effectiveness -> 75% (PX4 reads back 0.75),0.75,20.013,-0.014,-0.05,0.19,95.69,0.30,0.07,0.03,769,770,769,769,LOITER,1
72.440,motor 1 effectiveness -> 75% (PX4 reads back 0.75),0.75,20.013,-0.014,-0.05,0.20,95.69,0.28,0.13,0.05,769,770,769,769,LOITER,1
72.460,motor 1 effectiveness -> 75% (PX4 reads back 0.75),0.75,20.014,-0.014,-0.04,0.20,95.69,0.32,0.10,0.02,769,769,769,769,LOITER,1
72.480,motor 1 effectiveness -> 75% (PX4 reads back 0.75),0.75,20.014,-0.014,-0.03,0.20,95.69,0.31,0.07,-0.04,769,769,769,769,LOITER,1
72.500,motor 1 effectiveness -> 75% (PX4 reads back 0.75),0.75,20.014,-0.014,-0.03,0.20,95.69,0.32,0.03,0.05,769,769,769,769,LOITER,1
72.520,motor 1 effectiveness -> 75% (PX4 reads back 0.75),0.75,20.014,-0.014,-0.02,0.20,95.69,0.31,0.02,0.11,769,769,769,769,LOITER,1
72.540,motor 1 effectiveness -> 75% (PX4 reads back 0.75),0.75,20.014,-0.014,-0.02,0.20,95.69,0.31,-0.05,0.07,769,769,769,769,LOITER,1
72.560,motor 1 effectiveness -> 75% (PX4 reads back 0.75),0.75,20.015,-0.014,-0.01,0.20,95.69,0.24,-0.04,-0.01,769,769,768,769,LOITER,1
72.580,motor 1 effectiveness -> 75% (PX4 reads back 0.75),0.75,20.015,-0.014,-0.01,0.20,95.69,0.19,-0.10,0.06,769,769,768,769,LOITER,1
72.600,motor 1 effectiveness -> 75% (PX4 reads back 0.75),0.75,20.015,-0.014,-0.00,0.20,95.69,0.14,-0.10,0.04,769,769,768,769,LOITER,1
72.620,motor 1 effectiveness -> 75% (PX4 reads back 0.75),0.75,20.015,-0.014,-0.00,0.19,95.69,0.14,-0.20,0.09,769,769,768,769,LOITER,1
72.640,motor 1 effectiveness -> 75% (PX4 reads back 0.75),0.75,20.015,-0.014,0.00,0.19,95.69,0.05,-0.12,0.03,769,769,768,769,LOITER,1
72.660,motor 1 effectiveness -> 75% (PX4 reads back 0.75),0.75,20.016,-0.013,0.00,0.19,95.69,0.11,-0.11,0.07,769,768,768,769,LOITER,1
72.680,motor 1 effectiveness -> 75% (PX4 reads back 0.75),0.75,20.016,-0.013,0.00,0.18,95.69,-0.07,-0.11,0.03,769,768,768,769,LOITER,1
72.700,motor 1 effectiveness -> 75% (PX4 reads back 0.75),0.75,20.016,-0.013,0.00,0.18,95.69,-0.02,-0.14,0.04,769,768,768,769,LOITER,1
72.720,motor 1 effectiveness -> 75% (PX4 reads back 0.75),0.75,20.017,-0.012,0.00,0.18,95.69,-0.02,-0.03,0.07,769,769,768,769,LOITER,1
72.740,motor 1 effectiveness -> 75% (PX4 reads back 0.75),0.75,20.017,-0.012,0.00,0.18,95.69,-0.05,-0.15,0.08,769,769,768,769,LOITER,1
72.760,motor 1 effectiveness -> 75% (PX4 reads back 0.75),0.75,20.017,-0.012,0.00,0.18,95.69,-0.08,-0.11,0.04,768,769,768,769,LOITER,1
72.780,motor 1 effectiveness -> 75% (PX4 reads back 0.75),0.75,20.017,-0.012,-0.00,0.17,95.69,-0.13,-0.21,0.05,768,769,768,769,LOITER,1
72.800,motor 1 effectiveness -> 75% (PX4 reads back 0.75),0.75,20.017,-0.012,-0.00,0.17,95.69,-0.16,-0.12,0.09,768,769,768,769,LOITER,1
72.820,motor 1 effectiveness -> 75% (PX4 reads back 0.75),0.75,20.018,-0.011,-0.01,0.17,95.69,-0.17,-0.22,0.05,768,769,768,769,LOITER,1
72.840,motor 1 effectiveness -> 75% (PX4 reads back 0.75),0.75,20.018,-0.011,-0.01,0.16,95.70,-0.17,-0.22,0.04,768,769,768,769,LOITER,1
72.860,motor 1 effectiveness -> 75% (PX4 reads back 0.75),0.75,20.019,-0.011,-0.01,0.16,95.70,-0.26,-0.14,0.06,768,769,768,769,LOITER,1
72.880,motor 1 effectiveness -> 75% (PX4 reads back 0.75),0.75,20.019,-0.011,-0.02,0.16,95.70,-0.26,-0.16,0.06,768,769,768,769,LOITER,1
72.900,motor 1 effectiveness -> 75% (PX4 reads back 0.75),0.75,20.019,-0.011,-0.02,0.15,95.70,-0.14,-0.22,0.08,768,769,768,769,LOITER,1
72.920,motor 1 effectiveness -> 75% (PX4 reads back 0.75),0.75,20.019,-0.010,-0.02,0.15,95.70,-0.16,-0.22,0.05,769,768,768,769,LOITER,1
72.940,motor 1 effectiveness -> 75% (PX4 reads back 0.75),0.75,20.019,-0.010,-0.03,0.14,95.70,-0.19,-0.21,0.05,769,768,768,769,LOITER,1
72.960,motor 1 effectiveness -> 75% (PX4 reads back 0.75),0.75,20.020,-0.009,-0.03,0.14,95.70,-0.08,-0.19,0.07,768,768,768,769,LOITER,1
72.980,motor 1 effectiveness -> 75% (PX4 reads back 0.75),0.75,20.020,-0.009,-0.03,0.14,95.70,-0.13,-0.26,-0.00,768,768,768,769,LOITER,1
73.000,motor 1 effectiveness -> 75% (PX4 reads back 0.75),0.75,20.020,-0.009,-0.03,0.13,95.70,-0.13,-0.32,0.07,768,768,768,769,LOITER,1
73.020,motor 1 effectiveness -> 75% (PX4 reads back 0.75),0.75,20.021,-0.009,-0.03,0.13,95.70,-0.08,-0.27,-0.00,769,768,768,768,LOITER,1
73.040,motor 1 effectiveness -> 75% (PX4 reads back 0.75),0.75,20.021,-0.009,-0.04,0.12,95.70,-0.11,-0.34,0.02,769,768,768,768,LOITER,1
73.060,motor 1 effectiveness -> 75% (PX4 reads back 0.75),0.75,20.021,-0.007,-0.04,0.11,95.70,-0.11,-0.34,0.09,769,768,768,769,LOITER,1
73.080,motor 1 effectiveness -> 75% (PX4 reads back 0.75),0.75,20.021,-0.007,-0.04,0.11,95.70,-0.24,-0.31,0.02,769,768,768,769,LOITER,1
73.100,motor 1 effectiveness -> 75% (PX4 reads back 0.75),0.75,20.021,-0.007,-0.04,0.10,95.70,-0.12,-0.35,0.08,769,768,768,769,LOITER,1
73.120,motor 1 effectiveness -> 75% (PX4 reads back 0.75),0.75,20.022,-0.007,-0.05,0.09,95.70,-0.10,-0.41,-0.00,769,768,769,768,LOITER,1
73.140,motor 1 effectiveness -> 75% (PX4 reads back 0.75),0.75,20.022,-0.007,-0.05,0.09,95.70,-0.16,-0.28,-0.02,769,768,769,768,LOITER,1
73.160,motor 1 effectiveness -> 75% (PX4 reads back 0.75),0.75,20.022,-0.006,-0.05,0.08,95.70,-0.03,-0.24,0.08,768,769,768,769,LOITER,1
73.180,motor 1 effectiveness -> 75% (PX4 reads back 0.75),0.75,20.022,-0.006,-0.05,0.08,95.70,-0.00,-0.41,0.01,768,769,768,769,LOITER,1
73.200,motor 1 effectiveness -> 75% (PX4 reads back 0.75),0.75,20.022,-0.006,-0.05,0.07,95.70,-0.04,-0.41,0.04,768,769,768,769,LOITER,1
73.220,motor 1 effectiveness -> 75% (PX4 reads back 0.75),0.75,20.023,-0.005,-0.05,0.06,95.70,-0.10,-0.32,0.05,768,769,768,769,LOITER,1
73.236,motor 1 effectiveness -> 75% (PX4 reads back 0.75),0.75,20.023,-0.005,-0.06,0.06,95.70,-0.04,-0.36,0.02,768,769,768,769,LOITER,1
73.272,motor 1 effectiveness -> 75% (PX4 reads back 0.75),0.75,20.023,-0.005,-0.06,0.05,95.70,0.02,-0.62,0.03,769,768,769,768,LOITER,1
73.280,motor 1 effectiveness -> 75% (PX4 reads back 0.75),0.75,20.023,-0.005,-0.06,0.04,95.70,0.01,-0.71,0.02,769,768,769,768,LOITER,1
73.300,motor 1 effectiveness -> 75% (PX4 reads back 0.75),0.75,20.023,-0.005,-0.05,0.03,95.70,-0.02,-0.79,-0.04,769,768,769,768,LOITER,1
73.320,motor 1 effectiveness -> 75% (PX4 reads back 0.75),0.75,20.024,-0.005,-0.06,0.02,95.70,-0.06,-0.61,0.08,769,768,769,768,LOITER,1
73.340,motor 1 effectiveness -> 75% (PX4 reads back 0.75),0.75,20.024,-0.005,-0.06,0.00,95.70,-0.07,-0.36,-0.02,769,768,769,768,LOITER,1
73.360,motor 1 effectiveness -> 75% (PX4 reads back 0.75),0.75,20.024,-0.004,-0.06,-0.00,95.70,-0.03,-0.38,0.02,769,768,769,768,LOITER,1
73.380,motor 1 effectiveness -> 75% (PX4 reads back 0.75),0.75,20.024,-0.004,-0.06,-0.01,95.70,0.02,-0.32,0.07,769,768,769,768,LOITER,1
73.400,motor 1 effectiveness -> 75% (PX4 reads back 0.75),0.75,20.024,-0.004,-0.06,-0.02,95.70,-0.04,-0.22,0.04,769,768,769,768,LOITER,1
73.420,motor 1 effectiveness -> 75% (PX4 reads back 0.75),0.75,20.025,-0.004,-0.06,-0.02,95.70,0.04,-0.18,0.07,768,769,768,769,LOITER,1
73.440,motor 1 effectiveness -> 75% (PX4 reads back 0.75),0.75,20.025,-0.004,-0.06,-0.02,95.70,0.03,-0.28,0.01,768,769,768,769,LOITER,1
73.460,motor 1 effectiveness -> 75% (PX4 reads back 0.75),0.75,20.026,-0.003,-0.06,-0.03,95.70,0.06,-0.24,0.08,769,768,769,768,LOITER,1
73.480,motor 1 effectiveness -> 75% (PX4 reads back 0.75),0.75,20.026,-0.003,-0.06,-0.03,95.70,-0.02,-0.08,-0.00,769,768,769,768,LOITER,1
73.500,motor 1 effectiveness -> 75% (PX4 reads back 0.75),0.75,20.026,-0.003,-0.05,-0.04,95.70,0.05,-0.31,0.01,769,768,769,768,LOITER,1
73.520,motor 1 effectiveness -> 75% (PX4 reads back 0.75),0.75,20.026,-0.002,-0.05,-0.04,95.70,-0.01,-0.24,0.01,769,768,769,768,LOITER,1
73.540,motor 1 effectiveness -> 75% (PX4 reads back 0.75),0.75,20.026,-0.002,-0.05,-0.05,95.70,0.08,-0.18,0.03,769,768,769,768,LOITER,1
73.560,motor 1 effectiveness -> 75% (PX4 reads back 0.75),0.75,20.027,-0.001,-0.05,-0.05,95.70,-0.04,-0.18,0.03,768,769,768,769,LOITER,1
73.580,motor 1 effectiveness -> 75% (PX4 reads back 0.75),0.75,20.027,-0.001,-0.05,-0.06,95.70,-0.02,-0.29,-0.02,768,769,768,769,LOITER,1
73.600,motor 1 effectiveness -> 75% (PX4 reads back 0.75),0.75,20.027,-0.001,-0.05,-0.06,95.70,0.01,-0.19,0.02,768,769,768,769,LOITER,1
73.620,motor 1 effectiveness -> 75% (PX4 reads back 0.75),0.75,20.027,-0.000,-0.05,-0.06,95.70,0.04,-0.18,0.00,768,768,768,769,LOITER,1
73.640,motor 1 effectiveness -> 75% (PX4 reads back 0.75),0.75,20.027,-0.000,-0.05,-0.07,95.70,0.01,-0.07,-0.03,768,768,768,769,LOITER,1
73.660,motor 1 effectiveness -> 75% (PX4 reads back 0.75),0.75,20.028,0.000,-0.05,-0.07,95.70,0.10,-0.16,-0.02,769,768,768,768,LOITER,1
73.680,motor 1 effectiveness -> 75% (PX4 reads back 0.75),0.75,20.028,0.000,-0.05,-0.07,95.70,0.15,-0.14,0.04,769,768,768,768,LOITER,1
73.700,motor 1 effectiveness -> 75% (PX4 reads back 0.75),0.75,20.028,0.000,-0.04,-0.07,95.70,0.08,-0.05,-0.03,769,768,768,768,LOITER,1
73.720,motor 1 effectiveness -> 75% (PX4 reads back 0.75),0.75,20.029,0.001,-0.04,-0.07,95.70,0.10,-0.01,0.03,768,768,768,768,LOITER,1
73.740,motor 1 effectiveness -> 75% (PX4 reads back 0.75),0.75,20.029,0.001,-0.04,-0.07,95.70,0.05,-0.06,0.03,768,768,768,768,LOITER,1
73.760,motor 1 effectiveness -> 75% (PX4 reads back 0.75),0.75,20.030,0.001,-0.04,-0.08,95.70,0.01,-0.04,0.02,768,768,769,768,LOITER,1
73.780,motor 1 effectiveness -> 75% (PX4 reads back 0.75),0.75,20.030,0.001,-0.04,-0.08,95.70,0.07,-0.03,0.04,768,768,769,768,LOITER,1
73.800,motor 1 effectiveness -> 75% (PX4 reads back 0.75),0.75,20.030,0.001,-0.04,-0.08,95.70,0.10,-0.05,0.03,768,768,769,768,LOITER,1
73.820,motor 1 effectiveness -> 75% (PX4 reads back 0.75),0.75,20.030,0.002,-0.03,-0.08,95.70,0.15,-0.04,-0.01,768,768,768,768,LOITER,1
73.840,motor 1 effectiveness -> 75% (PX4 reads back 0.75),0.75,20.030,0.002,-0.03,-0.08,95.70,0.17,0.04,0.06,768,768,768,768,LOITER,1
73.860,motor 1 effectiveness -> 75% (PX4 reads back 0.75),0.75,20.031,0.003,-0.03,-0.08,95.70,0.05,-0.03,0.00,768,769,769,768,LOITER,1
73.880,motor 1 effectiveness -> 75% (PX4 reads back 0.75),0.75,20.031,0.003,-0.03,-0.08,95.70,0.08,-0.04,0.01,768,769,769,768,LOITER,1
73.900,motor 1 effectiveness -> 75% (PX4 reads back 0.75),0.75,20.031,0.003,-0.03,-0.08,95.70,0.17,0.11,-0.02,768,769,769,768,LOITER,1
73.920,motor 1 effectiveness -> 75% (PX4 reads back 0.75),0.75,20.032,0.004,-0.02,-0.08,95.70,0.12,0.05,0.05,768,769,768,769,LOITER,1
73.940,motor 1 effectiveness -> 75% (PX4 reads back 0.75),0.75,20.032,0.004,-0.02,-0.08,95.70,0.18,-0.06,0.00,768,769,768,769,LOITER,1
73.960,motor 1 effectiveness -> 75% (PX4 reads back 0.75),0.75,20.032,0.005,-0.02,-0.08,95.71,0.22,-0.03,0.02,769,768,768,769,LOITER,1
73.980,motor 1 effectiveness -> 75% (PX4 reads back 0.75),0.75,20.032,0.005,-0.01,-0.08,95.71,0.11,0.05,-0.03,769,768,768,769,LOITER,1
74.000,motor 1 effectiveness -> 75% (PX4 reads back 0.75),0.75,20.032,0.005,-0.01,-0.08,95.71,0.07,-0.06,-0.00,769,768,768,769,LOITER,1
74.020,motor 1 effectiveness -> 75% (PX4 reads back 0.75),0.75,20.032,0.005,-0.01,-0.08,95.71,0.14,-0.04,0.01,768,769,768,769,LOITER,1
74.040,motor 1 effectiveness -> 75% (PX4 reads back 0.75),0.75,20.032,0.005,-0.01,-0.08,95.71,0.12,0.05,0.02,768,769,768,769,LOITER,1
74.060,motor 1 effectiveness -> 75% (PX4 reads back 0.75),0.75,20.032,0.006,-0.01,-0.08,95.71,0.09,-0.06,-0.04,769,768,769,768,LOITER,1
74.080,motor 1 effectiveness -> 75% (PX4 reads back 0.75),0.75,20.032,0.006,-0.00,-0.08,95.71,0.11,-0.04,-0.04,769,768,769,768,LOITER,1
74.100,motor 1 effectiveness -> 75% (PX4 reads back 0.75),0.75,20.032,0.006,-0.00,-0.08,95.71,0.15,-0.08,-0.01,769,768,769,768,LOITER,1
74.120,motor 1 effectiveness -> 75% (PX4 reads back 0.75),0.75,20.032,0.006,0.00,-0.08,95.71,0.12,-0.02,-0.04,769,768,769,769,LOITER,1
74.140,motor 1 effectiveness -> 75% (PX4 reads back 0.75),0.75,20.032,0.006,0.00,-0.08,95.71,0.18,-0.01,0.02,769,768,769,769,LOITER,1
74.160,motor 1 effectiveness -> 75% (PX4 reads back 0.75),0.75,20.032,0.006,0.01,-0.08,95.71,0.21,0.01,-0.01,769,769,769,769,LOITER,1
74.180,motor 1 effectiveness -> 75% (PX4 reads back 0.75),0.75,20.032,0.006,0.01,-0.08,95.71,0.26,-0.06,-0.01,769,769,769,769,LOITER,1
74.200,motor 1 effectiveness -> 75% (PX4 reads back 0.75),0.75,20.032,0.006,0.01,-0.08,95.71,0.24,-0.01,-0.02,769,769,769,769,LOITER,1
74.220,motor 1 effectiveness -> 75% (PX4 reads back 0.75),0.75,20.032,0.007,0.02,-0.08,95.71,0.30,-0.02,-0.02,769,769,769,769,LOITER,1
74.240,motor 1 effectiveness -> 75% (PX4 reads back 0.75),0.75,20.032,0.007,0.02,-0.08,95.71,0.25,-0.02,-0.00,769,769,769,769,LOITER,1
74.260,motor 1 effectiveness -> 75% (PX4 reads back 0.75),0.75,20.032,0.007,0.03,-0.08,95.71,0.33,-0.03,-0.02,769,769,769,770,LOITER,1
74.280,motor 1 effectiveness -> 75% (PX4 reads back 0.75),0.75,20.032,0.007,0.04,-0.08,95.71,0.26,-0.04,-0.04,769,769,769,770,LOITER,1
74.300,motor 1 effectiveness -> 75% (PX4 reads back 0.75),0.75,20.032,0.007,0.04,-0.08,95.72,0.23,-0.11,-0.01,769,769,769,770,LOITER,1
74.320,motor 1 effectiveness -> 75% (PX4 reads back 0.75),0.75,20.032,0.007,0.04,-0.08,95.72,0.20,-0.09,-0.03,770,769,769,770,LOITER,1
74.340,motor 1 effectiveness -> 75% (PX4 reads back 0.75),0.75,20.032,0.007,0.05,-0.08,95.72,0.11,-0.14,0.02,770,769,769,770,LOITER,1
74.360,motor 1 effectiveness -> 75% (PX4 reads back 0.75),0.75,20.032,0.007,0.05,-0.09,95.72,0.07,-0.08,-0.03,769,769,769,770,LOITER,1
74.380,motor 1 effectiveness -> 75% (PX4 reads back 0.75),0.75,20.032,0.007,0.05,-0.09,95.72,-0.05,-0.14,-0.05,769,769,769,770,LOITER,1
74.400,motor 1 effectiveness -> 75% (PX4 reads back 0.75),0.75,20.032,0.007,0.05,-0.09,95.72,-0.09,-0.13,-0.01,769,769,769,770,LOITER,1
74.420,motor 1 effectiveness -> 75% (PX4 reads back 0.75),0.75,20.032,0.007,0.04,-0.09,95.72,-0.15,-0.14,0.00,769,769,769,769,LOITER,1
74.440,motor 1 effectiveness -> 75% (PX4 reads back 0.75),0.75,20.032,0.007,0.04,-0.10,95.72,-0.18,-0.18,-0.04,769,769,769,769,LOITER,1
74.460,motor 1 effectiveness -> 75% (PX4 reads back 0.75),0.75,20.032,0.007,0.04,-0.10,95.72,-0.15,-0.07,-0.01,769,769,769,770,LOITER,1
74.480,motor 1 effectiveness -> 75% (PX4 reads back 0.75),0.75,20.032,0.007,0.03,-0.10,95.72,-0.26,-0.05,-0.03,769,769,769,770,LOITER,1
74.500,motor 1 effectiveness -> 75% (PX4 reads back 0.75),0.75,20.032,0.007,0.03,-0.10,95.72,-0.19,-0.02,-0.03,769,769,769,770,LOITER,1
74.520,motor 1 effectiveness -> 75% (PX4 reads back 0.75),0.75,20.032,0.008,0.03,-0.10,95.72,-0.27,-0.06,-0.03,769,769,769,769,LOITER,1
74.540,motor 1 effectiveness -> 75% (PX4 reads back 0.75),0.75,20.032,0.008,0.02,-0.10,95.72,-0.15,-0.00,-0.02,769,769,769,769,LOITER,1
74.560,motor 1 effectiveness -> 75% (PX4 reads back 0.75),0.75,20.032,0.008,0.02,-0.10,95.72,-0.15,-0.01,-0.04,769,769,769,769,LOITER,1
74.580,motor 1 effectiveness -> 75% (PX4 reads back 0.75),0.75,20.032,0.008,0.02,-0.10,95.72,-0.19,-0.07,0.01,769,769,769,769,LOITER,1
74.600,motor 1 effectiveness -> 75% (PX4 reads back 0.75),0.75,20.032,0.008,0.01,-0.10,95.72,-0.11,0.03,-0.10,769,769,769,769,LOITER,1
74.620,motor 1 effectiveness -> 75% (PX4 reads back 0.75),0.75,20.032,0.007,0.01,-0.10,95.72,-0.11,-0.00,-0.05,769,769,769,770,LOITER,1
74.640,motor 1 effectiveness -> 75% (PX4 reads back 0.75),0.75,20.032,0.007,0.01,-0.10,95.72,-0.14,0.05,-0.02,769,769,769,770,LOITER,1
74.660,motor 1 effectiveness -> 75% (PX4 reads back 0.75),0.75,20.033,0.007,0.01,-0.10,95.72,-0.06,0.04,-0.09,769,769,769,769,LOITER,1
74.680,motor 1 effectiveness -> 75% (PX4 reads back 0.75),0.75,20.033,0.007,0.01,-0.10,95.72,-0.13,0.08,-0.04,769,769,769,769,LOITER,1
74.700,motor 1 effectiveness -> 75% (PX4 reads back 0.75),0.75,20.033,0.007,0.00,-0.09,95.72,-0.11,0.08,-0.01,769,769,769,769,LOITER,1
74.720,motor 1 effectiveness -> 75% (PX4 reads back 0.75),0.75,20.033,0.007,0.00,-0.09,95.72,-0.07,0.04,-0.08,769,769,769,769,LOITER,1
74.740,motor 1 effectiveness -> 75% (PX4 reads back 0.75),0.75,20.033,0.007,0.00,-0.09,95.72,-0.09,0.07,-0.06,769,769,769,769,LOITER,1
74.760,motor 1 effectiveness -> 75% (PX4 reads back 0.75),0.75,20.034,0.007,-0.00,-0.09,95.72,-0.05,0.10,-0.02,769,769,768,769,LOITER,1
74.780,motor 1 effectiveness -> 75% (PX4 reads back 0.75),0.75,20.034,0.007,-0.00,-0.09,95.72,-0.02,-0.01,-0.04,769,769,768,769,LOITER,1
74.800,motor 1 effectiveness -> 75% (PX4 reads back 0.75),0.75,20.034,0.007,-0.00,-0.09,95.72,-0.07,0.05,-0.03,769,769,768,769,LOITER,1
74.820,motor 1 effectiveness -> 75% (PX4 reads back 0.75),0.75,20.034,0.008,-0.00,-0.09,95.72,-0.04,0.01,-0.04,769,769,769,769,LOITER,1
74.840,motor 1 effectiveness -> 75% (PX4 reads back 0.75),0.75,20.034,0.008,-0.00,-0.09,95.72,-0.02,-0.02,-0.04,769,769,769,769,LOITER,1
74.860,motor 1 effectiveness -> 75% (PX4 reads back 0.75),0.75,20.034,0.008,-0.00,-0.09,95.72,-0.08,0.05,-0.06,768,769,769,769,LOITER,1
74.880,motor 1 effectiveness -> 75% (PX4 reads back 0.75),0.75,20.034,0.008,-0.01,-0.09,95.72,-0.08,0.04,-0.07,768,769,769,769,LOITER,1
74.900,motor 1 effectiveness -> 75% (PX4 reads back 0.75),0.75,20.034,0.008,-0.01,-0.09,95.72,0.04,0.02,-0.07,768,769,769,769,LOITER,1
74.920,motor 1 effectiveness -> 75% (PX4 reads back 0.75),0.75,20.034,0.008,-0.01,-0.09,95.72,-0.04,0.11,-0.06,769,768,769,769,LOITER,1
74.940,motor 1 effectiveness -> 75% (PX4 reads back 0.75),0.75,20.034,0.008,-0.01,-0.08,95.72,-0.06,0.07,-0.04,769,768,769,769,LOITER,1
74.960,motor 1 effectiveness -> 75% (PX4 reads back 0.75),0.75,20.034,0.009,-0.01,-0.08,95.72,-0.00,0.14,0.00,769,769,769,769,LOITER,1
74.980,motor 1 effectiveness -> 75% (PX4 reads back 0.75),0.75,20.034,0.009,-0.01,-0.08,95.71,0.03,0.12,-0.05,769,769,769,769,LOITER,1
75.000,motor 1 effectiveness -> 75% (PX4 reads back 0.75),0.75,20.034,0.009,-0.01,-0.08,95.71,-0.01,0.11,-0.05,769,769,769,769,LOITER,1
75.020,motor 1 effectiveness -> 75% (PX4 reads back 0.75),0.75,20.034,0.009,-0.01,-0.07,95.71,0.05,0.11,-0.01,769,769,769,769,LOITER,1
75.040,motor 1 effectiveness -> 75% (PX4 reads back 0.75),0.75,20.034,0.009,-0.01,-0.07,95.71,0.05,0.03,-0.08,769,769,769,769,LOITER,1
75.060,motor 1 effectiveness -> 75% (PX4 reads back 0.75),0.75,20.034,0.009,-0.01,-0.07,95.71,0.04,0.19,-0.02,768,769,769,769,LOITER,1
75.080,motor 1 effectiveness -> 75% (PX4 reads back 0.75),0.75,20.034,0.009,-0.01,-0.07,95.71,0.06,0.13,-0.04,768,769,769,769,LOITER,1
75.100,motor 1 effectiveness -> 75% (PX4 reads back 0.75),0.75,20.034,0.009,-0.00,-0.06,95.71,0.11,0.15,-0.05,768,769,769,769,LOITER,1
75.120,motor 1 effectiveness -> 75% (PX4 reads back 0.75),0.75,20.034,0.009,-0.00,-0.06,95.71,0.09,0.09,-0.06,769,769,769,769,LOITER,1
75.140,motor 1 effectiveness -> 75% (PX4 reads back 0.75),0.75,20.034,0.009,0.00,-0.06,95.71,0.12,0.17,-0.02,769,769,769,769,LOITER,1
75.160,motor 1 effectiveness -> 75% (PX4 reads back 0.75),0.75,20.034,0.009,0.00,-0.06,95.71,0.07,0.19,-0.09,769,769,769,769,LOITER,1
75.180,motor 1 effectiveness -> 75% (PX4 reads back 0.75),0.75,20.034,0.009,0.00,-0.05,95.71,0.12,0.25,-0.09,769,769,769,769,LOITER,1
75.200,motor 1 effectiveness -> 75% (PX4 reads back 0.75),0.75,20.034,0.009,0.01,-0.05,95.70,0.08,0.25,-0.06,769,769,769,769,LOITER,1
75.220,motor 1 effectiveness -> 75% (PX4 reads back 0.75),0.75,20.034,0.010,0.01,-0.04,95.70,0.11,0.30,-0.06,769,769,769,769,LOITER,1
75.240,motor 1 effectiveness -> 75% (PX4 reads back 0.75),0.75,20.034,0.010,0.01,-0.03,95.70,0.09,0.27,-0.03,769,769,769,769,LOITER,1
75.260,motor 1 effectiveness -> 75% (PX4 reads back 0.75),0.75,20.035,0.010,0.01,-0.03,95.70,0.11,0.30,-0.12,769,769,769,769,LOITER,1
75.280,motor 1 effectiveness -> 75% (PX4 reads back 0.75),0.75,20.035,0.010,0.01,-0.02,95.70,0.13,0.30,-0.05,769,769,769,769,LOITER,1
75.300,motor 1 effectiveness -> 75% (PX4 reads back 0.75),0.75,20.035,0.010,0.02,-0.02,95.70,0.21,0.29,-0.02,769,769,769,769,LOITER,1
75.320,motor 1 effectiveness -> 75% (PX4 reads back 0.75),0.75,20.035,0.010,0.02,-0.01,95.70,0.21,0.29,-0.05,769,769,769,769,LOITER,1
75.340,motor 1 effectiveness -> 75% (PX4 reads back 0.75),0.75,20.035,0.010,0.03,-0.01,95.70,0.20,0.33,-0.06,769,769,769,769,LOITER,1
75.360,motor 1 effectiveness -> 75% (PX4 reads back 0.75),0.75,20.035,0.010,0.03,-0.00,95.70,0.17,0.20,-0.10,769,769,769,769,LOITER,1
75.380,motor 1 effectiveness -> 75% (PX4 reads back 0.75),0.75,20.035,0.010,0.03,0.00,95.70,0.21,0.19,-0.09,769,769,769,769,LOITER,1
75.400,motor 1 effectiveness -> 75% (PX4 reads back 0.75),0.75,20.035,0.010,0.04,0.01,95.70,0.21,0.21,-0.08,769,769,769,769,LOITER,1
75.420,motor 1 effectiveness -> 75% (PX4 reads back 0.75),0.75,20.036,0.010,0.04,0.01,95.69,0.17,0.14,-0.03,769,769,768,769,LOITER,1
75.440,motor 1 effectiveness -> 75% (PX4 reads back 0.75),0.75,20.036,0.010,0.04,0.01,95.69,0.17,0.18,-0.02,769,769,768,769,LOITER,1
75.460,motor 1 effectiveness -> 75% (PX4 reads back 0.75),0.75,20.037,0.010,0.05,0.02,95.69,0.21,0.08,-0.05,769,768,768,768,LOITER,1
75.480,motor 1 effectiveness -> 75% (PX4 reads back 0.75),0.75,20.037,0.010,0.05,0.02,95.69,0.17,0.08,-0.06,769,768,768,768,LOITER,1
75.500,motor 1 effectiveness -> 75% (PX4 reads back 0.75),0.75,20.037,0.010,0.06,0.02,95.69,0.21,0.08,-0.02,769,768,768,768,LOITER,1
75.520,motor 1 effectiveness -> 75% (PX4 reads back 0.75),0.75,20.037,0.010,0.06,0.02,95.69,0.21,0.13,-0.00,768,769,768,768,LOITER,1
75.540,motor 1 effectiveness -> 75% (PX4 reads back 0.75),0.75,20.037,0.010,0.06,0.02,95.69,0.20,0.18,-0.01,768,769,768,768,LOITER,1
75.560,motor 1 effectiveness -> 75% (PX4 reads back 0.75),0.75,20.038,0.010,0.07,0.03,95.69,0.29,0.13,-0.05,769,768,768,768,LOITER,1
75.580,motor 1 effectiveness -> 75% (PX4 reads back 0.75),0.75,20.038,0.010,0.07,0.03,95.69,0.26,0.25,-0.02,769,768,768,768,LOITER,1
75.600,motor 1 effectiveness -> 75% (PX4 reads back 0.75),0.75,20.038,0.010,0.08,0.03,95.69,0.23,0.17,0.03,769,768,768,768,LOITER,1
75.620,motor 1 effectiveness -> 75% (PX4 reads back 0.75),0.75,20.038,0.011,0.08,0.04,95.69,0.22,0.13,-0.01,768,769,768,768,LOITER,1
75.640,motor 1 effectiveness -> 75% (PX4 reads back 0.75),0.75,20.038,0.011,0.08,0.04,95.69,0.27,0.19,-0.02,768,769,768,768,LOITER,1
75.660,motor 1 effectiveness -> 75% (PX4 reads back 0.75),0.75,20.039,0.012,0.09,0.04,95.68,0.25,0.23,0.01,768,769,768,769,LOITER,1
75.680,motor 1 effectiveness -> 75% (PX4 reads back 0.75),0.75,20.039,0.012,0.09,0.05,95.68,0.27,0.14,0.05,768,769,768,769,LOITER,1
75.700,motor 1 effectiveness -> 75% (PX4 reads back 0.75),0.75,20.039,0.012,0.10,0.05,95.68,0.23,0.25,-0.00,768,769,768,769,LOITER,1
75.720,motor 1 effectiveness -> 75% (PX4 reads back 0.75),0.75,20.039,0.012,0.10,0.06,95.68,0.23,0.19,-0.00,768,769,768,769,LOITER,1
75.740,motor 1 effectiveness -> 75% (PX4 reads back 0.75),0.75,20.039,0.012,0.11,0.06,95.68,0.19,0.18,-0.01,768,769,768,769,LOITER,1
75.760,motor 1 effectiveness -> 75% (PX4 reads back 0.75),0.75,20.039,0.013,0.11,0.06,95.68,0.32,0.26,0.01,768,769,768,769,LOITER,1
75.780,motor 1 effectiveness -> 75% (PX4 reads back 0.75),0.75,20.039,0.013,0.12,0.07,95.68,0.28,0.16,-0.05,768,769,768,769,LOITER,1
75.800,motor 1 effectiveness -> 75% (PX4 reads back 0.75),0.75,20.039,0.013,0.12,0.07,95.68,0.21,0.32,0.04,768,769,768,769,LOITER,1
75.820,motor 1 effectiveness -> 75% (PX4 reads back 0.75),0.75,20.040,0.013,0.13,0.08,95.68,0.24,0.26,0.01,768,769,768,769,LOITER,1
75.840,motor 1 effectiveness -> 75% (PX4 reads back 0.75),0.75,20.040,0.013,0.13,0.08,95.68,0.19,0.13,-0.02,768,769,768,769,LOITER,1
75.860,motor 1 effectiveness -> 75% (PX4 reads back 0.75),0.75,20.040,0.014,0.13,0.08,95.68,0.18,0.22,0.01,769,768,768,769,LOITER,1
75.880,motor 1 effectiveness -> 75% (PX4 reads back 0.75),0.75,20.040,0.014,0.14,0.09,95.68,0.11,0.32,0.04,769,768,768,769,LOITER,1
75.900,motor 1 effectiveness -> 75% (PX4 reads back 0.75),0.75,20.040,0.014,0.14,0.09,95.68,0.13,0.18,0.00,769,768,768,769,LOITER,1
75.920,motor 1 effectiveness -> 75% (PX4 reads back 0.75),0.75,20.040,0.014,0.14,0.10,95.68,0.02,0.15,0.05,769,768,769,768,LOITER,1
75.940,motor 1 effectiveness -> 75% (PX4 reads back 0.75),0.75,20.040,0.014,0.14,0.10,95.68,0.04,0.15,-0.01,769,768,769,768,LOITER,1
75.960,motor 1 effectiveness -> 75% (PX4 reads back 0.75),0.75,20.040,0.014,0.14,0.10,95.68,0.05,0.26,-0.03,768,769,768,769,LOITER,1
75.980,motor 1 effectiveness -> 75% (PX4 reads back 0.75),0.75,20.040,0.014,0.14,0.11,95.68,0.04,0.16,-0.03,768,769,768,769,LOITER,1
76.000,motor 1 effectiveness -> 75% (PX4 reads back 0.75),0.75,20.040,0.014,0.14,0.11,95.68,-0.00,0.19,0.06,768,769,768,769,LOITER,1
76.020,motor 1 effectiveness -> 75% (PX4 reads back 0.75),0.75,20.040,0.015,0.14,0.11,95.68,0.00,0.10,0.04,769,769,769,769,LOITER,1
76.040,motor 1 effectiveness -> 75% (PX4 reads back 0.75),0.75,20.040,0.015,0.14,0.12,95.68,-0.03,0.15,0.03,769,769,769,769,LOITER,1
76.060,motor 1 effectiveness -> 75% (PX4 reads back 0.75),0.75,20.039,0.015,0.14,0.12,95.68,-0.04,0.12,0.08,769,769,769,769,LOITER,1
76.080,motor 1 effectiveness -> 75% (PX4 reads back 0.75),0.75,20.039,0.015,0.14,0.12,95.68,-0.00,0.18,0.03,769,769,769,769,LOITER,1
76.100,motor 1 effectiveness -> 75% (PX4 reads back 0.75),0.75,20.039,0.015,0.14,0.12,95.68,-0.04,0.17,0.06,769,769,769,769,LOITER,1
76.120,motor 1 effectiveness -> 75% (PX4 reads back 0.75),0.75,20.039,0.015,0.14,0.13,95.68,-0.18,0.26,0.00,769,769,769,769,LOITER,1
76.140,motor 1 effectiveness -> 75% (PX4 reads back 0.75),0.75,20.039,0.015,0.14,0.13,95.68,-0.12,0.29,0.05,769,769,769,769,LOITER,1
76.160,motor 1 effectiveness -> 75% (PX4 reads back 0.75),0.75,20.038,0.014,0.13,0.14,95.68,-0.19,0.29,0.05,769,769,769,769,LOITER,1
76.180,motor 1 effectiveness -> 75% (PX4 reads back 0.75),0.75,20.038,0.014,0.13,0.15,95.68,-0.17,0.38,0.08,769,769,769,769,LOITER,1
76.200,motor 1 effectiveness -> 75% (PX4 reads back 0.75),0.75,20.038,0.014,0.12,0.15,95.68,-0.26,0.27,0.05,769,769,769,769,LOITER,1
76.220,motor 1 effectiveness -> 75% (PX4 reads back 0.75),0.75,20.038,0.014,0.12,0.16,95.68,-0.38,0.20,-0.04,770,769,769,769,LOITER,1
76.240,motor 1 effectiveness -> 75% (PX4 reads back 0.75),0.75,20.038,0.014,0.11,0.16,95.68,-0.46,0.28,0.06,770,769,769,769,LOITER,1
76.260,motor 1 effectiveness -> 75% (PX4 reads back 0.75),0.75,20.037,0.014,0.10,0.16,95.68,-0.57,0.17,0.01,770,769,770,769,LOITER,1
76.280,motor 1 effectiveness -> 75% (PX4 reads back 0.75),0.75,20.037,0.014,0.09,0.17,95.68,-0.53,0.21,-0.02,770,769,770,769,LOITER,1
76.300,motor 1 effectiveness -> 75% (PX4 reads back 0.75),0.75,20.037,0.014,0.08,0.17,95.68,-0.50,0.24,0.03,770,769,770,769,LOITER,1
76.320,motor 1 effectiveness -> 75% (PX4 reads back 0.75),0.75,20.036,0.013,0.07,0.18,95.69,-0.54,0.20,0.05,769,770,769,770,LOITER,1
76.340,motor 1 effectiveness -> 75% (PX4 reads back 0.75),0.75,20.036,0.013,0.06,0.18,95.69,-0.58,0.12,0.06,769,770,769,770,LOITER,1
76.360,motor 1 effectiveness -> 75% (PX4 reads back 0.75),0.75,20.035,0.013,0.05,0.18,95.69,-0.61,0.24,0.00,769,770,769,770,LOITER,1
76.380,motor 1 effectiveness -> 75% (PX4 reads back 0.75),0.75,20.035,0.013,0.03,0.19,95.69,-0.56,0.22,0.06,769,770,769,770,LOITER,1
76.400,motor 1 effectiveness -> 75% (PX4 reads back 0.75),0.75,20.035,0.013,0.02,0.19,95.69,-0.58,0.26,0.09,769,770,769,770,LOITER,1
76.420,motor 1 effectiveness -> 75% (PX4 reads back 0.75),0.75,20.034,0.012,0.01,0.19,95.69,-0.56,0.22,0.06,770,770,769,770,LOITER,1
76.440,motor 1 effectiveness -> 75% (PX4 reads back 0.75),0.75,20.034,0.012,0.00,0.20,95.69,-0.55,0.17,0.04,770,770,769,770,LOITER,1
76.460,motor 1 effectiveness -> 75% (PX4 reads back 0.75),0.75,20.033,0.011,-0.01,0.20,95.69,-0.54,0.16,0.07,770,770,770,770,LOITER,1
76.480,motor 1 effectiveness -> 75% (PX4 reads back 0.75),0.75,20.033,0.011,-0.02,0.20,95.69,-0.57,0.23,0.06,770,770,770,770,LOITER,1
76.500,motor 1 effectiveness -> 75% (PX4 reads back 0.75),0.75,20.033,0.011,-0.03,0.21,95.69,-0.50,0.13,0.01,770,770,770,770,LOITER,1
76.520,motor 1 effectiveness -> 75% (PX4 reads back 0.75),0.75,20.032,0.010,-0.04,0.21,95.69,-0.48,0.15,0.00,770,770,770,770,LOITER,1
76.540,motor 1 effectiveness -> 75% (PX4 reads back 0.75),0.75,20.032,0.010,-0.05,0.21,95.69,-0.46,0.08,0.07,770,770,770,770,LOITER,1
76.560,motor 1 effectiveness -> 75% (PX4 reads back 0.75),0.75,20.031,0.009,-0.06,0.21,95.69,-0.47,0.07,-0.00,770,770,770,770,LOITER,1
76.580,motor 1 effectiveness -> 75% (PX4 reads back 0.75),0.75,20.031,0.009,-0.07,0.22,95.70,-0.41,0.09,0.08,770,770,770,770,LOITER,1
76.600,motor 1 effectiveness -> 75% (PX4 reads back 0.75),0.75,20.031,0.009,-0.07,0.22,95.70,-0.47,-0.02,-0.01,770,770,770,770,LOITER,1
76.620,motor 1 effectiveness -> 75% (PX4 reads back 0.75),0.75,20.030,0.008,-0.08,0.22,95.70,-0.46,-0.05,0.04,770,770,770,770,LOITER,1
76.640,motor 1 effectiveness -> 75% (PX4 reads back 0.75),0.75,20.030,0.008,-0.09,0.21,95.70,-0.34,-0.17,0.03,770,770,770,770,LOITER,1
76.660,motor 1 effectiveness -> 75% (PX4 reads back 0.75),0.75,20.029,0.007,-0.10,0.21,95.70,-0.36,-0.22,0.01,769,770,770,770,LOITER,1
76.680,motor 1 effectiveness -> 75% (PX4 reads back 0.75),0.75,20.029,0.007,-0.11,0.21,95.70,-0.37,-0.26,-0.01,769,770,770,770,LOITER,1
76.700,motor 1 effectiveness -> 75% (PX4 reads back 0.75),0.75,20.029,0.007,-0.11,0.20,95.70,-0.28,-0.29,-0.00,769,770,770,770,LOITER,1
76.720,motor 1 effectiveness -> 75% (PX4 reads back 0.75),0.75,20.029,0.006,-0.12,0.19,95.70,-0.23,-0.38,-0.02,769,770,770,769,LOITER,1
76.740,motor 1 effectiveness -> 75% (PX4 reads back 0.75),0.75,20.029,0.006,-0.12,0.19,95.70,-0.13,-0.37,0.02,769,770,770,769,LOITER,1
76.760,motor 1 effectiveness -> 75% (PX4 reads back 0.75),0.75,20.030,0.005,-0.12,0.18,95.70,-0.05,-0.25,0.02,769,769,769,770,LOITER,1
76.776,motor 1 effectiveness -> 75% (PX4 reads back 0.75),0.75,20.030,0.005,-0.12,0.18,95.70,-0.13,-0.29,0.02,769,769,769,770,LOITER,1
76.800,motor 1 effectiveness -> 75% (PX4 reads back 0.75),0.75,20.030,0.005,-0.13,0.17,95.70,-0.11,-0.38,-0.02,769,769,769,770,LOITER,1
76.820,motor 1 effectiveness -> 75% (PX4 reads back 0.75),0.75,20.030,0.004,-0.13,0.16,95.70,-0.09,-0.43,0.02,769,769,769,769,LOITER,1
76.840,motor 1 effectiveness -> 75% (PX4 reads back 0.75),0.75,20.030,0.004,-0.13,0.15,95.70,-0.14,-0.41,0.04,769,769,769,769,LOITER,1
76.860,motor 1 effectiveness -> 75% (PX4 reads back 0.75),0.75,20.030,0.004,-0.13,0.15,95.70,-0.08,-0.46,-0.04,769,769,769,769,LOITER,1
76.880,motor 1 effectiveness -> 75% (PX4 reads back 0.75),0.75,20.030,0.004,-0.13,0.14,95.70,-0.02,-0.48,-0.01,769,769,769,769,LOITER,1
76.900,motor 1 effectiveness -> 75% (PX4 reads back 0.75),0.75,20.030,0.004,-0.14,0.13,95.70,-0.05,-0.42,-0.01,769,769,769,769,LOITER,1
76.920,motor 1 effectiveness -> 75% (PX4 reads back 0.75),0.75,20.031,0.004,-0.14,0.12,95.70,-0.04,-0.51,0.01,769,768,769,769,LOITER,1
76.940,motor 1 effectiveness -> 75% (PX4 reads back 0.75),0.75,20.031,0.004,-0.14,0.11,95.70,0.02,-0.37,0.00,769,768,769,769,LOITER,1
76.960,motor 1 effectiveness -> 75% (PX4 reads back 0.75),0.75,20.031,0.004,-0.14,0.10,95.70,0.08,-0.40,0.01,769,768,769,768,LOITER,1
76.980,motor 1 effectiveness -> 75% (PX4 reads back 0.75),0.75,20.031,0.004,-0.13,0.09,95.70,0.09,-0.31,0.01,769,768,769,768,LOITER,1
77.000,motor 1 effectiveness -> 75% (PX4 reads back 0.75),0.75,20.031,0.004,-0.13,0.09,95.70,0.15,-0.33,-0.03,769,768,769,768,LOITER,1
77.020,motor 1 effectiveness -> 75% (PX4 reads back 0.75),0.75,20.031,0.005,-0.13,0.08,95.70,0.12,-0.31,-0.04,768,769,769,769,LOITER,1
77.040,motor 1 effectiveness -> 75% (PX4 reads back 0.75),0.75,20.031,0.005,-0.13,0.08,95.70,0.16,-0.32,-0.05,768,769,769,769,LOITER,1
77.060,motor 1 effectiveness -> 75% (PX4 reads back 0.75),0.75,20.032,0.005,-0.13,0.07,95.70,0.14,-0.28,0.03,768,769,769,769,LOITER,1
77.080,motor 1 effectiveness -> 75% (PX4 reads back 0.75),0.75,20.032,0.005,-0.12,0.06,95.70,0.20,-0.31,0.01,768,769,769,769,LOITER,1
77.100,motor 1 effectiveness -> 75% (PX4 reads back 0.75),0.75,20.032,0.005,-0.12,0.06,95.70,0.23,-0.36,-0.06,768,769,769,769,LOITER,1
77.120,motor 1 effectiveness -> 75% (PX4 reads back 0.75),0.75,20.031,0.005,-0.11,0.05,95.70,0.17,-0.26,0.00,769,768,769,769,LOITER,1
77.140,motor 1 effectiveness -> 75% (PX4 reads back 0.75),0.75,20.031,0.005,-0.11,0.05,95.70,0.18,-0.28,-0.00,769,768,769,769,LOITER,1
77.160,motor 1 effectiveness -> 75% (PX4 reads back 0.75),0.75,20.031,0.006,-0.10,0.04,95.69,0.18,-0.30,-0.05,769,769,769,769,LOITER,1
77.180,motor 1 effectiveness -> 75% (PX4 reads back 0.75),0.75,20.031,0.006,-0.10,0.04,95.69,0.17,-0.35,-0.04,769,769,769,769,LOITER,1
77.200,motor 1 effectiveness -> 75% (PX4 reads back 0.75),0.75,20.031,0.006,-0.10,0.03,95.69,0.21,-0.29,-0.03,769,769,769,769,LOITER,1
77.220,motor 1 effectiveness -> 75% (PX4 reads back 0.75),0.75,20.030,0.006,-0.10,0.02,95.69,0.12,-0.28,-0.06,770,769,769,769,LOITER,1
77.240,motor 1 effectiveness -> 75% (PX4 reads back 0.75),0.75,20.030,0.006,-0.09,0.02,95.69,0.08,-0.32,-0.01,770,769,769,769,LOITER,1
77.260,motor 1 effectiveness -> 75% (PX4 reads back 0.75),0.75,20.029,0.006,-0.09,0.01,95.69,0.15,-0.23,-0.03,770,770,769,770,LOITER,1
77.280,motor 1 effectiveness -> 75% (PX4 reads back 0.75),0.75,20.029,0.006,-0.09,0.01,95.69,0.16,-0.26,-0.03,770,770,769,770,LOITER,1
77.300,motor 1 effectiveness -> 75% (PX4 reads back 0.75),0.75,20.029,0.006,-0.09,0.00,95.69,0.18,-0.27,-0.01,770,770,769,770,LOITER,1
77.320,motor 1 effectiveness -> 75% (PX4 reads back 0.75),0.75,20.028,0.006,-0.08,-0.00,95.69,0.19,-0.30,-0.01,770,770,770,770,LOITER,1
77.340,motor 1 effectiveness -> 75% (PX4 reads back 0.75),0.75,20.028,0.006,-0.08,-0.01,95.69,0.16,-0.21,-0.05,770,770,770,770,LOITER,1
77.360,motor 1 effectiveness -> 75% (PX4 reads back 0.75),0.75,20.027,0.005,-0.08,-0.01,95.69,0.19,-0.25,-0.00,770,770,770,769,LOITER,1
77.380,motor 1 effectiveness -> 75% (PX4 reads back 0.75),0.75,20.027,0.005,-0.07,-0.02,95.69,0.26,-0.25,0.03,770,770,770,769,LOITER,1
77.400,motor 1 effectiveness -> 75% (PX4 reads back 0.75),0.75,20.027,0.005,-0.07,-0.02,95.69,0.19,-0.12,0.01,770,770,770,769,LOITER,1
77.420,motor 1 effectiveness -> 75% (PX4 reads back 0.75),0.75,20.027,0.004,-0.06,-0.02,95.69,0.22,-0.09,-0.05,770,770,769,770,LOITER,1
77.440,motor 1 effectiveness -> 75% (PX4 reads back 0.75),0.75,20.027,0.004,-0.06,-0.02,95.69,0.21,-0.14,0.01,770,770,769,770,LOITER,1
77.460,motor 1 effectiveness -> 75% (PX4 reads back 0.75),0.75,20.026,0.003,-0.06,-0.03,95.69,0.23,-0.09,-0.03,770,770,770,770,LOITER,1
77.480,motor 1 effectiveness -> 75% (PX4 reads back 0.75),0.75,20.026,0.003,-0.05,-0.03,95.69,0.25,-0.11,0.02,770,770,770,770,LOITER,1
77.500,motor 1 effectiveness -> 75% (PX4 reads back 0.75),0.75,20.026,0.003,-0.05,-0.03,95.69,0.26,-0.08,-0.01,770,770,770,770,LOITER,1
77.520,motor 1 effectiveness -> 75% (PX4 reads back 0.75),0.75,20.026,0.002,-0.04,-0.03,95.69,0.27,0.01,0.01,770,769,770,769,LOITER,1
77.540,motor 1 effectiveness -> 75% (PX4 reads back 0.75),0.75,20.026,0.002,-0.04,-0.03,95.69,0.24,-0.06,-0.04,770,769,770,769,LOITER,1
77.560,motor 1 effectiveness -> 75% (PX4 reads back 0.75),0.75,20.025,0.002,-0.03,-0.04,95.69,0.26,-0.07,0.06,770,769,770,769,LOITER,1
77.580,motor 1 effectiveness -> 75% (PX4 reads back 0.75),0.75,20.025,0.002,-0.03,-0.04,95.69,0.29,-0.01,0.05,770,769,770,769,LOITER,1
77.600,motor 1 effectiveness -> 75% (PX4 reads back 0.75),0.75,20.025,0.002,-0.02,-0.04,95.69,0.23,-0.00,0.06,770,769,770,769,LOITER,1
77.620,motor 1 effectiveness -> 75% (PX4 reads back 0.75),0.75,20.025,0.001,-0.02,-0.04,95.69,0.25,-0.12,0.02,770,769,770,769,LOITER,1
77.640,motor 1 effectiveness -> 75% (PX4 reads back 0.75),0.75,20.025,0.001,-0.01,-0.04,95.69,0.28,-0.01,-0.00,770,769,770,769,LOITER,1
77.660,motor 1 effectiveness -> 75% (PX4 reads back 0.75),0.75,20.024,0.001,-0.01,-0.04,95.70,0.36,-0.01,0.02,769,770,769,770,LOITER,1
77.680,motor 1 effectiveness -> 75% (PX4 reads back 0.75),0.75,20.024,0.001,-0.00,-0.04,95.70,0.29,-0.11,-0.03,769,770,769,770,LOITER,1
77.700,motor 1 effectiveness -> 75% (PX4 reads back 0.75),0.75,20.024,0.001,0.00,-0.04,95.70,0.26,-0.02,0.11,769,770,769,770,LOITER,1
77.720,motor 1 effectiveness -> 75% (PX4 reads back 0.75),0.75,20.024,0.000,0.01,-0.04,95.70,0.22,-0.00,0.01,769,770,769,770,LOITER,1
77.740,motor 1 effectiveness -> 75% (PX4 reads back 0.75),0.75,20.024,0.000,0.01,-0.04,95.70,0.30,-0.12,-0.02,769,770,769,770,LOITER,1
77.760,motor 1 effectiveness -> 75% (PX4 reads back 0.75),0.75,20.023,-0.001,0.02,-0.04,95.70,0.17,-0.09,-0.04,769,770,769,770,LOITER,1
77.780,motor 1 effectiveness -> 75% (PX4 reads back 0.75),0.75,20.023,-0.001,0.02,-0.05,95.70,0.20,-0.11,-0.00,769,770,769,770,LOITER,1
77.800,motor 1 effectiveness -> 75% (PX4 reads back 0.75),0.75,20.023,-0.001,0.03,-0.05,95.70,0.25,-0.16,-0.01,769,770,769,770,LOITER,1
77.820,motor 1 effectiveness -> 75% (PX4 reads back 0.75),0.75,20.023,-0.001,0.03,-0.05,95.70,0.19,-0.22,-0.04,770,769,770,770,LOITER,1
77.840,motor 1 effectiveness -> 75% (PX4 reads back 0.75),0.75,20.023,-0.001,0.03,-0.05,95.70,0.04,-0.11,-0.01,770,769,770,770,LOITER,1
77.860,motor 1 effectiveness -> 75% (PX4 reads back 0.75),0.75,20.023,-0.001,0.03,-0.06,95.70,0.02,-0.22,-0.05,769,769,770,769,LOITER,1
77.880,motor 1 effectiveness -> 75% (PX4 reads back 0.75),0.75,20.023,-0.001,0.04,-0.06,95.70,0.12,-0.18,0.00,769,769,770,769,LOITER,1
77.900,motor 1 effectiveness -> 75% (PX4 reads back 0.75),0.75,20.023,-0.001,0.04,-0.06,95.70,0.02,-0.15,0.00,769,769,770,769,LOITER,1
77.920,motor 1 effectiveness -> 75% (PX4 reads back 0.75),0.75,20.023,-0.002,0.04,-0.06,95.70,0.01,-0.10,-0.08,769,769,770,769,LOITER,1
77.940,motor 1 effectiveness -> 75% (PX4 reads back 0.75),0.75,20.023,-0.002,0.04,-0.07,95.69,-0.06,-0.19,0.00,769,769,770,769,LOITER,1
77.960,motor 1 effectiveness -> 75% (PX4 reads back 0.75),0.75,20.022,-0.002,0.04,-0.07,95.69,-0.08,-0.05,-0.04,769,770,769,770,LOITER,1
77.980,motor 1 effectiveness -> 75% (PX4 reads back 0.75),0.75,20.022,-0.002,0.03,-0.07,95.69,-0.10,-0.14,-0.00,769,770,769,770,LOITER,1
78.000,motor 1 effectiveness -> 75% (PX4 reads back 0.75),0.75,20.022,-0.002,0.03,-0.07,95.69,-0.07,-0.12,-0.02,769,770,769,770,LOITER,1
78.020,motor 1 effectiveness -> 75% (PX4 reads back 0.75),0.75,20.022,-0.002,0.03,-0.08,95.69,-0.11,-0.16,-0.02,769,770,770,769,LOITER,1
78.040,motor 1 effectiveness -> 75% (PX4 reads back 0.75),0.75,20.022,-0.002,0.03,-0.08,95.69,-0.03,0.03,-0.05,769,770,770,769,LOITER,1
78.060,motor 1 effectiveness -> 75% (PX4 reads back 0.75),0.75,20.021,-0.003,0.03,-0.08,95.69,-0.04,-0.06,-0.04,770,770,769,770,LOITER,1
78.080,motor 1 effectiveness -> 75% (PX4 reads back 0.75),0.75,20.021,-0.003,0.03,-0.08,95.69,0.02,-0.17,-0.03,770,770,769,770,LOITER,1
78.100,motor 1 effectiveness -> 75% (PX4 reads back 0.75),0.75,20.021,-0.003,0.03,-0.08,95.69,-0.01,-0.05,-0.03,770,770,769,770,LOITER,1
78.120,motor 1 effectiveness -> 75% (PX4 reads back 0.75),0.75,20.020,-0.003,0.03,-0.08,95.69,-0.03,-0.02,0.02,769,770,769,770,LOITER,1
78.140,motor 1 effectiveness -> 75% (PX4 reads back 0.75),0.75,20.020,-0.003,0.03,-0.08,95.69,-0.01,-0.04,-0.03,769,770,769,770,LOITER,1
78.160,motor 1 effectiveness -> 75% (PX4 reads back 0.75),0.75,20.020,-0.003,0.03,-0.08,95.69,-0.07,-0.07,-0.05,770,770,770,770,LOITER,1
78.180,motor 1 effectiveness -> 75% (PX4 reads back 0.75),0.75,20.020,-0.003,0.03,-0.09,95.69,-0.07,-0.06,-0.01,770,770,770,770,LOITER,1
78.200,motor 1 effectiveness -> 75% (PX4 reads back 0.75),0.75,20.020,-0.003,0.02,-0.09,95.69,-0.09,-0.04,-0.00,770,770,770,770,LOITER,1
78.220,motor 1 effectiveness -> 75% (PX4 reads back 0.75),0.75,20.019,-0.004,0.02,-0.09,95.69,0.03,-0.06,-0.03,770,770,770,770,LOITER,1
78.240,motor 1 effectiveness -> 75% (PX4 reads back 0.75),0.75,20.019,-0.004,0.02,-0.09,95.69,-0.06,0.00,-0.02,770,770,770,770,LOITER,1
78.260,motor 1 effectiveness -> 75% (PX4 reads back 0.75),0.75,20.018,-0.005,0.02,-0.09,95.69,0.04,-0.05,-0.03,770,769,770,770,LOITER,1
78.280,motor 1 effectiveness -> 75% (PX4 reads back 0.75),0.75,20.018,-0.005,0.02,-0.09,95.69,-0.08,0.08,-0.04,770,769,770,770,LOITER,1
78.300,motor 1 effectiveness -> 75% (PX4 reads back 0.75),0.75,20.018,-0.005,0.02,-0.09,95.69,-0.04,0.14,0.05,770,769,770,770,LOITER,1
78.320,motor 1 effectiveness -> 75% (PX4 reads back 0.75),0.75,20.018,-0.006,0.02,-0.08,95.69,-0.01,0.18,-0.03,770,770,770,769,LOITER,1
78.340,motor 1 effectiveness -> 75% (PX4 reads back 0.75),0.75,20.018,-0.006,0.02,-0.08,95.69,0.09,0.22,-0.05,770,770,770,769,LOITER,1
78.360,motor 1 effectiveness -> 75% (PX4 reads back 0.75),0.75,20.018,-0.006,0.02,-0.08,95.69,-0.02,0.16,0.04,770,770,770,769,LOITER,1
78.380,motor 1 effectiveness -> 75% (PX4 reads back 0.75),0.75,20.018,-0.006,0.02,-0.07,95.69,0.07,0.18,0.03,770,770,770,769,LOITER,1
78.400,motor 1 effectiveness -> 75% (PX4 reads back 0.75),0.75,20.018,-0.006,0.02,-0.07,95.69,0.12,0.27,0.02,770,770,770,769,LOITER,1
78.420,motor 1 effectiveness -> 75% (PX4 reads back 0.75),0.75,20.017,-0.007,0.02,-0.06,95.69,0.06,0.27,0.01,769,769,770,769,LOITER,1
78.440,motor 1 effectiveness -> 75% (PX4 reads back 0.75),0.75,20.017,-0.007,0.02,-0.06,95.70,0.15,0.24,0.00,769,769,770,769,LOITER,1
78.460,motor 1 effectiveness -> 75% (PX4 reads back 0.75),0.75,20.017,-0.008,0.03,-0.06,95.70,0.27,0.28,0.03,769,769,769,770,LOITER,1
78.480,motor 1 effectiveness -> 75% (PX4 reads back 0.75),0.75,20.017,-0.008,0.03,-0.05,95.70,0.25,0.35,0.01,769,769,769,770,LOITER,1
78.500,motor 1 effectiveness -> 75% (PX4 reads back 0.75),0.75,20.017,-0.008,0.04,-0.04,95.70,0.25,0.32,-0.01,769,769,769,770,LOITER,1
78.520,motor 1 effectiveness -> 75% (PX4 reads back 0.75),0.75,20.017,-0.008,0.04,-0.04,95.70,0.19,0.28,0.00,769,769,769,769,LOITER,1
78.540,motor 1 effectiveness -> 75% (PX4 reads back 0.75),0.75,20.017,-0.008,0.04,-0.03,95.69,0.27,0.31,-0.03,769,769,769,769,LOITER,1
78.560,motor 1 effectiveness -> 75% (PX4 reads back 0.75),0.75,20.017,-0.008,0.05,-0.03,95.69,0.30,0.28,-0.03,769,769,769,769,LOITER,1
78.580,motor 1 effectiveness -> 75% (PX4 reads back 0.75),0.75,20.017,-0.008,0.05,-0.02,95.69,0.35,0.36,-0.10,769,769,769,769,LOITER,1
78.600,motor 1 effectiveness -> 75% (PX4 reads back 0.75),0.75,20.017,-0.008,0.06,-0.01,95.69,0.33,0.23,-0.02,769,769,769,769,LOITER,1
78.620,motor 1 effectiveness -> 75% (PX4 reads back 0.75),0.75,20.018,-0.008,0.06,-0.01,95.69,0.28,0.31,0.02,769,769,769,769,LOITER,1
78.640,motor 1 effectiveness -> 75% (PX4 reads back 0.75),0.75,20.018,-0.008,0.07,-0.00,95.69,0.32,0.30,0.01,769,769,769,769,LOITER,1
78.660,motor 1 effectiveness -> 75% (PX4 reads back 0.75),0.75,20.018,-0.008,0.08,0.00,95.69,0.26,0.24,-0.04,769,769,769,769,LOITER,1
78.680,motor 1 effectiveness -> 75% (PX4 reads back 0.75),0.75,20.018,-0.008,0.08,0.01,95.69,0.28,0.22,-0.02,769,769,769,769,LOITER,1
78.700,motor 1 effectiveness -> 75% (PX4 reads back 0.75),0.75,20.018,-0.008,0.09,0.01,95.69,0.31,0.26,0.00,769,769,769,769,LOITER,1
78.720,motor 1 effectiveness -> 75% (PX4 reads back 0.75),0.75,20.018,-0.007,0.09,0.02,95.69,0.26,0.30,-0.06,769,769,769,769,LOITER,1
78.740,motor 1 effectiveness -> 75% (PX4 reads back 0.75),0.75,20.018,-0.007,0.10,0.02,95.69,0.31,0.33,-0.00,769,769,769,769,LOITER,1
78.760,motor 1 effectiveness -> 75% (PX4 reads back 0.75),0.75,20.018,-0.007,0.10,0.03,95.69,0.30,0.30,-0.03,769,769,769,769,LOITER,1
78.780,motor 1 effectiveness -> 75% (PX4 reads back 0.75),0.75,20.018,-0.007,0.11,0.03,95.69,0.30,0.28,-0.04,769,769,769,769,LOITER,1
78.800,motor 1 effectiveness -> 75% (PX4 reads back 0.75),0.75,20.018,-0.007,0.11,0.04,95.69,0.29,0.29,-0.00,769,769,769,769,LOITER,1
78.820,motor 1 effectiveness -> 75% (PX4 reads back 0.75),0.75,20.019,-0.007,0.12,0.05,95.69,0.31,0.29,0.02,769,769,769,769,LOITER,1
78.840,motor 1 effectiveness -> 75% (PX4 reads back 0.75),0.75,20.019,-0.007,0.13,0.05,95.69,0.37,0.25,-0.05,769,769,769,769,LOITER,1
78.860,motor 1 effectiveness -> 75% (PX4 reads back 0.75),0.75,20.019,-0.007,0.13,0.06,95.69,0.25,0.31,-0.01,769,769,769,769,LOITER,1
78.880,motor 1 effectiveness -> 75% (PX4 reads back 0.75),0.75,20.019,-0.007,0.14,0.06,95.69,0.31,0.26,-0.02,769,769,769,769,LOITER,1
78.900,motor 1 effectiveness -> 75% (PX4 reads back 0.75),0.75,20.019,-0.007,0.14,0.07,95.69,0.25,0.30,-0.01,769,769,769,769,LOITER,1
78.920,motor 1 effectiveness -> 75% (PX4 reads back 0.75),0.75,20.020,-0.007,0.15,0.07,95.69,0.28,0.32,0.01,769,769,769,769,LOITER,1
78.940,motor 1 effectiveness -> 75% (PX4 reads back 0.75),0.75,20.020,-0.007,0.15,0.08,95.69,0.28,0.26,-0.03,769,769,769,769,LOITER,1
78.960,motor 1 effectiveness -> 75% (PX4 reads back 0.75),0.75,20.021,-0.007,0.16,0.08,95.69,0.22,0.26,-0.05,769,768,769,769,LOITER,1
78.980,motor 1 effectiveness -> 75% (PX4 reads back 0.75),0.75,20.021,-0.007,0.16,0.09,95.69,0.15,0.25,-0.04,769,768,769,769,LOITER,1
79.000,motor 1 effectiveness -> 75% (PX4 reads back 0.75),0.75,20.021,-0.007,0.16,0.09,95.69,0.01,0.23,0.02,769,768,769,769,LOITER,1
79.020,motor 1 effectiveness -> 75% (PX4 reads back 0.75),0.75,20.021,-0.006,0.17,0.10,95.69,0.14,0.26,-0.01,768,768,769,768,LOITER,1
79.040,motor 1 effectiveness -> 75% (PX4 reads back 0.75),0.75,20.021,-0.006,0.17,0.10,95.69,0.09,0.22,-0.03,768,768,769,768,LOITER,1
79.060,motor 1 effectiveness -> 75% (PX4 reads back 0.75),0.75,20.022,-0.006,0.17,0.11,95.69,-0.02,0.25,-0.05,768,769,768,769,LOITER,1
79.080,motor 1 effectiveness -> 75% (PX4 reads back 0.75),0.75,20.022,-0.006,0.17,0.11,95.69,-0.11,0.20,0.01,768,769,768,769,LOITER,1
79.100,motor 1 effectiveness -> 75% (PX4 reads back 0.75),0.75,20.022,-0.006,0.16,0.12,95.69,-0.08,0.22,-0.01,768,769,768,769,LOITER,1
79.120,motor 1 effectiveness -> 75% (PX4 reads back 0.75),0.75,20.022,-0.005,0.16,0.12,95.69,-0.08,0.22,-0.06,768,769,768,769,LOITER,1
79.140,motor 1 effectiveness -> 75% (PX4 reads back 0.75),0.75,20.022,-0.005,0.16,0.13,95.69,-0.13,0.18,-0.05,768,769,768,769,LOITER,1
79.160,motor 1 effectiveness -> 75% (PX4 reads back 0.75),0.75,20.022,-0.005,0.16,0.13,95.69,-0.14,0.20,-0.08,769,769,769,769,LOITER,1
79.180,motor 1 effectiveness -> 75% (PX4 reads back 0.75),0.75,20.022,-0.005,0.16,0.13,95.69,-0.11,0.22,-0.04,769,769,769,769,LOITER,1
79.200,motor 1 effectiveness -> 75% (PX4 reads back 0.75),0.75,20.022,-0.005,0.15,0.14,95.69,-0.17,0.17,0.00,769,769,769,769,LOITER,1
79.220,motor 1 effectiveness -> 75% (PX4 reads back 0.75),0.75,20.022,-0.004,0.15,0.14,95.69,-0.17,0.14,-0.02,769,769,769,769,LOITER,1
79.240,motor 1 effectiveness -> 75% (PX4 reads back 0.75),0.75,20.022,-0.004,0.15,0.14,95.69,-0.22,0.13,-0.05,769,769,769,769,LOITER,1
79.260,motor 1 effectiveness -> 75% (PX4 reads back 0.75),0.75,20.022,-0.004,0.14,0.15,95.69,-0.20,0.14,0.02,769,769,769,769,LOITER,1
79.280,motor 1 effectiveness -> 75% (PX4 reads back 0.75),0.75,20.022,-0.004,0.14,0.15,95.69,-0.22,0.15,-0.07,769,769,769,769,LOITER,1
79.300,motor 1 effectiveness -> 75% (PX4 reads back 0.75),0.75,20.022,-0.004,0.13,0.15,95.69,-0.23,0.12,0.05,769,769,769,769,LOITER,1
79.320,motor 1 effectiveness -> 75% (PX4 reads back 0.75),0.75,20.022,-0.004,0.13,0.15,95.69,-0.22,0.11,0.05,769,769,769,769,LOITER,1
79.340,motor 1 effectiveness -> 75% (PX4 reads back 0.75),0.75,20.022,-0.004,0.13,0.16,95.69,-0.16,0.17,0.00,769,769,769,769,LOITER,1
79.360,motor 1 effectiveness -> 75% (PX4 reads back 0.75),0.75,20.021,-0.004,0.12,0.16,95.69,-0.29,0.11,-0.01,769,769,769,769,LOITER,1
79.380,motor 1 effectiveness -> 75% (PX4 reads back 0.75),0.75,20.021,-0.004,0.12,0.16,95.69,-0.23,0.03,-0.01,769,769,769,769,LOITER,1
79.400,motor 1 effectiveness -> 75% (PX4 reads back 0.75),0.75,20.021,-0.004,0.11,0.16,95.69,-0.26,-0.05,-0.03,769,769,769,769,LOITER,1
79.420,motor 1 effectiveness -> 75% (PX4 reads back 0.75),0.75,20.021,-0.003,0.11,0.16,95.69,-0.21,-0.16,-0.00,769,770,769,770,LOITER,1
79.440,motor 1 effectiveness -> 75% (PX4 reads back 0.75),0.75,20.021,-0.003,0.10,0.16,95.69,-0.24,-0.12,-0.02,769,770,769,770,LOITER,1
79.460,motor 1 effectiveness -> 75% (PX4 reads back 0.75),0.75,20.021,-0.003,0.10,0.16,95.69,-0.22,-0.16,-0.02,770,769,770,769,LOITER,1
79.480,motor 1 effectiveness -> 75% (PX4 reads back 0.75),0.75,20.021,-0.003,0.09,0.15,95.69,-0.16,-0.20,-0.05,770,769,770,769,LOITER,1
79.500,motor 1 effectiveness -> 75% (PX4 reads back 0.75),0.75,20.021,-0.003,0.09,0.15,95.69,-0.29,-0.27,0.05,770,769,770,769,LOITER,1
79.520,motor 1 effectiveness -> 75% (PX4 reads back 0.75),0.75,20.020,-0.004,0.08,0.14,95.70,-0.28,-0.28,-0.02,770,770,770,769,LOITER,1
79.540,motor 1 effectiveness -> 75% (PX4 reads back 0.75),0.75,20.020,-0.004,0.08,0.14,95.70,-0.23,-0.30,0.01,770,770,770,769,LOITER,1
79.560,motor 1 effectiveness -> 75% (PX4 reads back 0.75),0.75,20.020,-0.004,0.07,0.13,95.70,-0.21,-0.34,-0.01,770,769,770,769,LOITER,1
79.580,motor 1 effectiveness -> 75% (PX4 reads back 0.75),0.75,20.020,-0.004,0.07,0.13,95.70,-0.21,-0.30,-0.00,770,769,770,769,LOITER,1
79.600,motor 1 effectiveness -> 75% (PX4 reads back 0.75),0.75,20.020,-0.004,0.07,0.12,95.70,-0.24,-0.33,-0.04,770,769,770,769,LOITER,1
79.620,motor 1 effectiveness -> 75% (PX4 reads back 0.75),0.75,20.020,-0.005,0.06,0.12,95.70,-0.28,-0.47,-0.01,769,770,769,769,LOITER,1
79.640,motor 1 effectiveness -> 75% (PX4 reads back 0.75),0.75,20.020,-0.005,0.05,0.11,95.70,-0.22,-0.49,0.01,769,770,769,769,LOITER,1
79.660,motor 1 effectiveness -> 75% (PX4 reads back 0.75),0.75,20.020,-0.005,0.05,0.10,95.70,-0.18,-0.44,-0.01,769,769,769,769,LOITER,1
79.680,motor 1 effectiveness -> 75% (PX4 reads back 0.75),0.75,20.020,-0.005,0.05,0.09,95.70,-0.21,-0.52,0.06,769,769,769,769,LOITER,1
79.700,motor 1 effectiveness -> 75% (PX4 reads back 0.75),0.75,20.020,-0.005,0.04,0.08,95.70,-0.22,-0.55,0.00,769,769,769,769,LOITER,1
79.720,motor 1 effectiveness -> 75% (PX4 reads back 0.75),0.75,20.020,-0.005,0.04,0.07,95.70,-0.10,-0.55,-0.02,769,769,769,769,LOITER,1
79.740,motor 1 effectiveness -> 75% (PX4 reads back 0.75),0.75,20.020,-0.005,0.04,0.06,95.70,-0.14,-0.56,-0.05,769,769,769,769,LOITER,1
79.760,motor 1 effectiveness -> 75% (PX4 reads back 0.75),0.75,20.020,-0.005,0.03,0.05,95.70,-0.18,-0.55,-0.03,769,770,769,769,LOITER,1
79.780,motor 1 effectiveness -> 75% (PX4 reads back 0.75),0.75,20.020,-0.005,0.03,0.04,95.70,-0.22,-0.60,-0.04,769,770,769,769,LOITER,1
79.800,motor 1 effectiveness -> 75% (PX4 reads back 0.75),0.75,20.020,-0.005,0.02,0.03,95.70,-0.15,-0.63,0.00,769,770,769,769,LOITER,1
79.820,motor 1 effectiveness -> 75% (PX4 reads back 0.75),0.75,20.020,-0.005,0.02,0.02,95.71,-0.08,-0.61,-0.01,769,769,769,770,LOITER,1
79.840,motor 1 effectiveness -> 75% (PX4 reads back 0.75),0.75,20.020,-0.005,0.02,0.00,95.70,-0.13,-0.68,-0.05,769,769,769,770,LOITER,1
79.860,motor 1 effectiveness -> 75% (PX4 reads back 0.75),0.75,20.020,-0.005,0.02,-0.01,95.70,-0.19,-0.71,-0.06,769,769,770,769,LOITER,1
79.880,motor 1 effectiveness -> 75% (PX4 reads back 0.75),0.75,20.020,-0.005,0.01,-0.02,95.70,-0.20,-0.65,-0.03,769,769,770,769,LOITER,1
79.900,motor 1 effectiveness -> 75% (PX4 reads back 0.75),0.75,20.020,-0.005,0.01,-0.03,95.70,-0.22,-0.64,-0.03,769,769,770,769,LOITER,1
79.920,motor 1 effectiveness -> 75% (PX4 reads back 0.75),0.75,20.020,-0.005,0.01,-0.05,95.70,-0.27,-0.65,-0.03,769,769,769,769,LOITER,1
79.940,motor 1 effectiveness -> 75% (PX4 reads back 0.75),0.75,20.020,-0.005,0.00,-0.06,95.70,-0.26,-0.63,-0.04,769,769,769,769,LOITER,1
79.960,motor 1 effectiveness -> 75% (PX4 reads back 0.75),0.75,20.020,-0.005,-0.00,-0.07,95.70,-0.26,-0.54,-0.03,769,769,769,769,LOITER,1
79.980,motor 1 effectiveness -> 75% (PX4 reads back 0.75),0.75,20.020,-0.005,-0.01,-0.08,95.70,-0.29,-0.57,-0.04,769,769,769,769,LOITER,1
80.000,motor 1 effectiveness -> 75% (PX4 reads back 0.75),0.75,20.020,-0.005,-0.01,-0.09,95.70,-0.33,-0.43,-0.07,769,769,769,769,LOITER,1
80.020,motor 1 effectiveness -> 75% (PX4 reads back 0.75),0.75,20.020,-0.005,-0.02,-0.10,95.70,-0.43,-0.51,-0.00,769,769,769,769,LOITER,1
80.040,motor 1 effectiveness -> 75% (PX4 reads back 0.75),0.75,20.020,-0.005,-0.03,-0.11,95.70,-0.49,-0.45,-0.08,769,769,769,769,LOITER,1
80.060,motor 1 effectiveness -> 75% (PX4 reads back 0.75),0.75,20.020,-0.005,-0.04,-0.12,95.70,-0.41,-0.35,0.01,769,769,769,769,LOITER,1
80.080,motor 1 effectiveness -> 75% (PX4 reads back 0.75),0.75,20.020,-0.005,-0.05,-0.12,95.70,-0.45,-0.39,-0.03,769,769,769,769,LOITER,1
80.100,motor 1 effectiveness -> 75% (PX4 reads back 0.75),0.75,20.020,-0.005,-0.05,-0.13,95.70,-0.40,-0.43,-0.08,769,769,769,769,LOITER,1
80.120,motor 1 effectiveness -> 75% (PX4 reads back 0.75),0.75,20.020,-0.005,-0.06,-0.14,95.69,-0.53,-0.37,-0.04,770,769,769,769,LOITER,1
80.140,motor 1 effectiveness -> 75% (PX4 reads back 0.75),0.75,20.020,-0.005,-0.07,-0.15,95.69,-0.56,-0.26,-0.01,770,769,769,769,LOITER,1
80.160,motor 1 effectiveness -> 75% (PX4 reads back 0.75),0.75,20.020,-0.005,-0.08,-0.15,95.69,-0.52,-0.30,-0.06,770,769,769,769,LOITER,1
80.180,motor 1 effectiveness -> 75% (PX4 reads back 0.75),0.75,20.020,-0.005,-0.09,-0.16,95.69,-0.54,-0.24,-0.06,770,769,769,769,LOITER,1
80.200,motor 1 effectiveness -> 75% (PX4 reads back 0.75),0.75,20.020,-0.005,-0.10,-0.16,95.69,-0.59,-0.27,-0.07,770,769,769,769,LOITER,1
80.220,motor 1 effectiveness -> 75% (PX4 reads back 0.75),0.75,20.020,-0.005,-0.11,-0.17,95.69,-0.55,-0.21,0.01,770,769,770,769,LOITER,1
80.240,motor 1 effectiveness -> 75% (PX4 reads back 0.75),0.75,20.020,-0.005,-0.12,-0.17,95.69,-0.58,-0.10,-0.05,770,769,770,769,LOITER,1
80.260,motor 1 effectiveness -> 75% (PX4 reads back 0.75),0.75,20.020,-0.005,-0.13,-0.17,95.69,-0.55,-0.14,-0.07,769,769,769,769,LOITER,1
80.280,motor 1 effectiveness -> 75% (PX4 reads back 0.75),0.75,20.020,-0.005,-0.14,-0.18,95.68,-0.48,-0.14,-0.04,769,769,769,769,LOITER,1
80.300,motor 1 effectiveness -> 75% (PX4 reads back 0.75),0.75,20.020,-0.005,-0.15,-0.18,95.68,-0.54,-0.08,-0.02,769,769,769,769,LOITER,1
80.320,motor 1 effectiveness -> 75% (PX4 reads back 0.75),0.75,20.020,-0.005,-0.16,-0.18,95.68,-0.54,-0.11,0.03,769,770,769,769,LOITER,1
80.340,motor 1 effectiveness -> 75% (PX4 reads back 0.75),0.75,20.020,-0.005,-0.18,-0.18,95.68,-0.56,-0.09,-0.04,769,770,769,769,LOITER,1
80.360,motor 1 effectiveness -> 75% (PX4 reads back 0.75),0.75,20.020,-0.005,-0.19,-0.18,95.68,-0.49,0.07,-0.01,769,770,769,769,LOITER,1
80.380,motor 1 effectiveness -> 75% (PX4 reads back 0.75),0.75,20.020,-0.005,-0.19,-0.18,95.68,-0.36,0.06,-0.00,769,770,769,769,LOITER,1
80.400,motor 1 effectiveness -> 75% (PX4 reads back 0.75),0.75,20.020,-0.005,-0.20,-0.18,95.68,-0.39,0.14,0.00,769,770,769,769,LOITER,1
80.420,motor 1 effectiveness -> 75% (PX4 reads back 0.75),0.75,20.020,-0.005,-0.21,-0.18,95.68,-0.35,0.10,-0.00,769,770,769,769,LOITER,1
80.440,motor 1 effectiveness -> 75% (PX4 reads back 0.75),0.75,20.020,-0.005,-0.21,-0.18,95.68,-0.38,0.15,-0.02,769,770,769,769,LOITER,1
80.460,motor 1 effectiveness -> 75% (PX4 reads back 0.75),0.75,20.020,-0.005,-0.22,-0.17,95.68,-0.30,0.17,0.02,770,769,769,769,LOITER,1
80.480,motor 1 effectiveness -> 75% (PX4 reads back 0.75),0.75,20.020,-0.005,-0.23,-0.17,95.68,-0.35,0.24,0.02,770,769,769,769,LOITER,1
80.500,motor 1 effectiveness -> 75% (PX4 reads back 0.75),0.75,20.020,-0.005,-0.23,-0.17,95.68,-0.29,0.16,-0.00,770,769,769,769,LOITER,1
80.520,motor 1 effectiveness -> 75% (PX4 reads back 0.75),0.75,20.020,-0.005,-0.24,-0.16,95.68,-0.26,0.28,0.01,770,769,770,769,LOITER,1
80.540,motor 1 effectiveness -> 75% (PX4 reads back 0.75),0.75,20.020,-0.005,-0.24,-0.16,95.68,-0.16,0.29,-0.05,770,769,770,769,LOITER,1
80.560,motor 1 effectiveness -> 75% (PX4 reads back 0.75),0.75,20.020,-0.005,-0.25,-0.15,95.68,-0.17,0.33,0.01,769,769,769,769,LOITER,1
80.580,motor 1 effectiveness -> 75% (PX4 reads back 0.75),0.75,20.020,-0.005,-0.25,-0.14,95.68,-0.08,0.41,0.03,769,769,769,769,LOITER,1
80.600,motor 1 effectiveness -> 75% (PX4 reads back 0.75),0.75,20.020,-0.005,-0.25,-0.14,95.68,-0.14,0.38,0.02,769,769,769,769,LOITER,1
80.620,motor 1 effectiveness -> 75% (PX4 reads back 0.75),0.75,20.020,-0.005,-0.25,-0.13,95.68,-0.16,0.35,0.05,769,769,770,769,LOITER,1
80.640,motor 1 effectiveness -> 75% (PX4 reads back 0.75),0.75,20.020,-0.005,-0.25,-0.12,95.69,-0.06,0.52,-0.00,769,769,770,769,LOITER,1
80.660,motor 1 effectiveness -> 75% (PX4 reads back 0.75),0.75,20.020,-0.005,-0.25,-0.11,95.68,0.05,0.48,-0.02,769,769,769,769,LOITER,1
80.680,motor 1 effectiveness -> 75% (PX4 reads back 0.75),0.75,20.020,-0.005,-0.25,-0.10,95.69,0.10,0.49,-0.01,769,769,769,769,LOITER,1
80.700,motor 1 effectiveness -> 75% (PX4 reads back 0.75),0.75,20.020,-0.005,-0.25,-0.10,95.68,0.20,0.42,0.01,769,769,769,769,LOITER,1
80.720,motor 1 effectiveness -> 75% (PX4 reads back 0.75),0.75,20.021,-0.005,-0.25,-0.09,95.69,0.14,0.55,-0.03,769,769,769,769,LOITER,1
80.740,motor 1 effectiveness -> 75% (PX4 reads back 0.75),0.75,20.021,-0.005,-0.24,-0.08,95.68,0.11,0.48,-0.01,769,769,769,769,LOITER,1
80.760,motor 1 effectiveness -> 75% (PX4 reads back 0.75),0.75,20.021,-0.005,-0.24,-0.07,95.68,0.13,0.45,0.02,769,769,769,769,LOITER,1
80.780,motor 1 effectiveness -> 75% (PX4 reads back 0.75),0.75,20.021,-0.005,-0.24,-0.06,95.69,0.11,0.50,0.05,769,769,769,769,LOITER,1
80.800,motor 1 effectiveness -> 75% (PX4 reads back 0.75),0.75,20.021,-0.005,-0.23,-0.05,95.69,0.25,0.45,0.02,769,769,769,769,LOITER,1
80.820,motor 1 effectiveness -> 75% (PX4 reads back 0.75),0.75,20.021,-0.005,-0.23,-0.04,95.69,0.18,0.43,0.00,769,769,769,769,LOITER,1
80.840,motor 1 effectiveness -> 75% (PX4 reads back 0.75),0.75,20.021,-0.005,-0.23,-0.03,95.69,0.21,0.42,0.06,769,769,769,769,LOITER,1
80.860,motor 1 effectiveness -> 75% (PX4 reads back 0.75),0.75,20.022,-0.005,-0.22,-0.02,95.69,0.20,0.34,0.05,768,769,769,769,LOITER,1
80.880,motor 1 effectiveness -> 75% (PX4 reads back 0.75),0.75,20.022,-0.005,-0.22,-0.02,95.69,0.35,0.31,-0.00,768,769,769,769,LOITER,1
80.900,motor 1 effectiveness -> 75% (PX4 reads back 0.75),0.75,20.022,-0.005,-0.21,-0.01,95.69,0.39,0.20,0.01,768,769,769,769,LOITER,1
80.920,motor 1 effectiveness -> 75% (PX4 reads back 0.75),0.75,20.023,-0.005,-0.20,-0.01,95.69,0.26,0.32,0.04,769,768,769,769,LOITER,1
80.940,motor 1 effectiveness -> 75% (PX4 reads back 0.75),0.75,20.023,-0.005,-0.20,-0.00,95.69,0.22,0.19,-0.03,769,768,769,769,LOITER,1
80.960,motor 1 effectiveness -> 75% (PX4 reads back 0.75),0.75,20.024,-0.005,-0.19,0.00,95.69,0.28,0.12,-0.03,769,768,769,768,LOITER,1
80.980,motor 1 effectiveness -> 75% (PX4 reads back 0.75),0.75,20.024,-0.005,-0.19,0.01,95.68,0.29,0.19,-0.05,769,768,769,768,LOITER,1
81.000,motor 1 effectiveness -> 75% (PX4 reads back 0.75),0.75,20.024,-0.005,-0.18,0.01,95.68,0.32,0.24,-0.00,769,768,769,768,LOITER,1
81.020,motor 1 effectiveness -> 75% (PX4 reads back 0.75),0.75,20.025,-0.004,-0.18,0.01,95.68,0.26,0.17,-0.06,768,769,768,768,LOITER,1
81.040,motor 1 effectiveness -> 75% (PX4 reads back 0.75),0.75,20.025,-0.004,-0.17,0.02,95.68,0.30,0.11,-0.00,768,769,768,768,LOITER,1
81.060,motor 1 effectiveness -> 75% (PX4 reads back 0.75),0.75,20.025,-0.003,-0.17,0.02,95.68,0.30,0.11,0.00,768,768,768,768,LOITER,1
81.080,motor 1 effectiveness -> 75% (PX4 reads back 0.75),0.75,20.025,-0.003,-0.16,0.02,95.68,0.34,0.14,-0.04,768,768,768,768,LOITER,1
81.100,motor 1 effectiveness -> 75% (PX4 reads back 0.75),0.75,20.025,-0.003,-0.15,0.03,95.68,0.37,0.15,-0.02,768,768,768,768,LOITER,1
81.120,motor 1 effectiveness -> 75% (PX4 reads back 0.75),0.75,20.026,-0.002,-0.15,0.03,95.68,0.44,0.18,-0.03,768,769,768,768,LOITER,1
81.140,motor 1 effectiveness -> 75% (PX4 reads back 0.75),0.75,20.026,-0.002,-0.14,0.03,95.67,0.42,0.17,0.03,768,769,768,768,LOITER,1
81.160,motor 1 effectiveness -> 75% (PX4 reads back 0.75),0.75,20.027,-0.001,-0.13,0.04,95.67,0.52,0.11,-0.02,769,768,768,769,LOITER,1
81.180,motor 1 effectiveness -> 75% (PX4 reads back 0.75),0.75,20.027,-0.001,-0.12,0.04,95.67,0.38,0.18,0.00,769,768,768,769,LOITER,1
81.200,motor 1 effectiveness -> 75% (PX4 reads back 0.75),0.75,20.027,-0.001,-0.11,0.04,95.67,0.38,0.03,-0.05,769,768,768,769,LOITER,1
81.220,motor 1 effectiveness -> 75% (PX4 reads back 0.75),0.75,20.028,0.000,-0.11,0.04,95.67,0.39,0.04,-0.01,769,768,768,768,LOITER,1
81.240,motor 1 effectiveness -> 75% (PX4 reads back 0.75),0.75,20.028,0.000,-0.10,0.04,95.67,0.42,0.02,0.03,769,768,768,768,LOITER,1
81.260,motor 1 effectiveness -> 75% (PX4 reads back 0.75),0.75,20.028,0.001,-0.09,0.04,95.66,0.48,-0.02,-0.03,769,768,768,768,LOITER,1
81.280,motor 1 effectiveness -> 75% (PX4 reads back 0.75),0.75,20.028,0.001,-0.08,0.04,95.66,0.43,0.01,-0.03,769,768,768,768,LOITER,1
81.300,motor 1 effectiveness -> 75% (PX4 reads back 0.75),0.75,20.028,0.001,-0.07,0.04,95.66,0.41,0.02,0.07,769,768,768,768,LOITER,1
81.320,motor 1 effectiveness -> 75% (PX4 reads back 0.75),0.75,20.028,0.002,-0.06,0.04,95.66,0.39,-0.04,0.02,768,769,768,769,LOITER,1
81.340,motor 1 effectiveness -> 75% (PX4 reads back 0.75),0.75,20.028,0.002,-0.06,0.04,95.66,0.35,-0.00,0.02,768,769,768,769,LOITER,1
81.360,motor 1 effectiveness -> 75% (PX4 reads back 0.75),0.75,20.028,0.002,-0.05,0.04,95.66,0.45,0.01,0.00,769,769,768,769,LOITER,1
81.380,motor 1 effectiveness -> 75% (PX4 reads back 0.75),0.75,20.028,0.002,-0.04,0.04,95.66,0.42,-0.02,0.05,769,769,768,769,LOITER,1
81.400,motor 1 effectiveness -> 75% (PX4 reads back 0.75),0.75,20.028,0.002,-0.03,0.04,95.66,0.44,-0.05,0.04,769,769,768,769,LOITER,1
81.420,motor 1 effectiveness -> 75% (PX4 reads back 0.75),0.75,20.028,0.003,-0.02,0.04,95.66,0.43,-0.05,0.06,769,769,769,769,LOITER,1
81.440,motor 1 effectiveness -> 75% (PX4 reads back 0.75),0.75,20.028,0.003,-0.02,0.04,95.66,0.48,0.02,0.04,769,769,769,769,LOITER,1
81.460,motor 1 effectiveness -> 75% (PX4 reads back 0.75),0.75,20.028,0.003,-0.01,0.04,95.66,0.44,0.05,0.02,769,769,769,769,LOITER,1
81.480,motor 1 effectiveness -> 75% (PX4 reads back 0.75),0.75,20.028,0.003,0.00,0.04,95.66,0.39,0.08,0.07,769,769,769,769,LOITER,1
81.500,motor 1 effectiveness -> 75% (PX4 reads back 0.75),0.75,20.028,0.003,0.01,0.05,95.66,0.37,0.09,0.04,769,769,769,769,LOITER,1
81.520,motor 1 effectiveness -> 75% (PX4 reads back 0.75),0.75,20.027,0.003,0.02,0.05,95.66,0.36,0.10,0.05,769,769,769,769,LOITER,1
81.540,motor 1 effectiveness -> 75% (PX4 reads back 0.75),0.75,20.027,0.003,0.02,0.05,95.66,0.49,0.12,0.12,769,769,769,769,LOITER,1
81.560,motor 1 effectiveness -> 75% (PX4 reads back 0.75),0.75,20.027,0.003,0.03,0.05,95.66,0.40,0.10,0.09,769,769,769,769,LOITER,1
81.580,motor 1 effectiveness -> 75% (PX4 reads back 0.75),0.75,20.027,0.003,0.04,0.05,95.66,0.43,-0.01,-0.01,769,769,769,769,LOITER,1
81.600,motor 1 effectiveness -> 75% (PX4 reads back 0.75),0.75,20.027,0.003,0.05,0.05,95.66,0.35,0.04,0.05,769,769,769,769,LOITER,1
81.620,motor 1 effectiveness -> 75% (PX4 reads back 0.75),0.75,20.027,0.003,0.05,0.06,95.66,0.34,0.09,0.02,769,769,769,769,LOITER,1
81.640,motor 1 effectiveness -> 75% (PX4 reads back 0.75),0.75,20.027,0.003,0.06,0.06,95.66,0.30,0.07,0.03,769,769,769,769,LOITER,1
81.660,motor 1 effectiveness -> 75% (PX4 reads back 0.75),0.75,20.027,0.003,0.07,0.06,95.66,0.38,0.02,0.03,770,769,769,769,LOITER,1
81.680,motor 1 effectiveness -> 75% (PX4 reads back 0.75),0.75,20.027,0.003,0.07,0.06,95.66,0.34,0.17,0.08,770,769,769,769,LOITER,1
81.700,motor 1 effectiveness -> 75% (PX4 reads back 0.75),0.75,20.027,0.003,0.08,0.06,95.67,0.27,0.12,0.09,770,769,769,769,LOITER,1
81.720,motor 1 effectiveness -> 75% (PX4 reads back 0.75),0.75,20.027,0.003,0.09,0.06,95.67,0.30,-0.04,0.03,769,769,769,769,LOITER,1
81.740,motor 1 effectiveness -> 75% (PX4 reads back 0.75),0.75,20.027,0.003,0.09,0.06,95.67,0.22,0.00,0.02,769,769,769,769,LOITER,1
81.760,motor 1 effectiveness -> 75% (PX4 reads back 0.75),0.75,20.027,0.003,0.10,0.06,95.67,0.22,-0.03,0.09,769,769,769,769,LOITER,1
81.780,motor 1 effectiveness -> 75% (PX4 reads back 0.75),0.75,20.027,0.003,0.10,0.06,95.67,0.19,0.06,0.09,769,769,769,769,LOITER,1
81.800,motor 1 effectiveness -> 75% (PX4 reads back 0.75),0.75,20.027,0.003,0.10,0.06,95.67,0.21,0.07,0.01,769,769,769,769,LOITER,1
81.820,motor 1 effectiveness -> 75% (PX4 reads back 0.75),0.75,20.028,0.002,0.11,0.06,95.67,0.15,0.08,0.11,769,769,769,769,LOITER,1
81.840,motor 1 effectiveness -> 75% (PX4 reads back 0.75),0.75,20.028,0.002,0.11,0.07,95.68,0.17,0.13,0.02,769,769,769,769,LOITER,1
81.860,motor 1 effectiveness -> 75% (PX4 reads back 0.75),0.75,20.028,0.003,0.11,0.07,95.68,0.15,0.14,0.03,769,769,769,769,LOITER,1
81.880,motor 1 effectiveness -> 75% (PX4 reads back 0.75),0.75,20.028,0.003,0.12,0.07,95.68,0.23,0.11,0.09,769,769,769,769,LOITER,1
81.900,motor 1 effectiveness -> 75% (PX4 reads back 0.75),0.75,20.028,0.003,0.12,0.07,95.68,0.23,0.09,0.04,769,769,769,769,LOITER,1
81.920,motor 1 effectiveness -> 75% (PX4 reads back 0.75),0.75,20.028,0.003,0.13,0.08,95.68,0.18,0.08,0.06,769,769,769,769,LOITER,1
81.940,motor 1 effectiveness -> 75% (PX4 reads back 0.75),0.75,20.028,0.003,0.13,0.08,95.68,0.17,0.06,0.07,769,769,769,769,LOITER,1
81.960,motor 1 effectiveness -> 75% (PX4 reads back 0.75),0.75,20.029,0.003,0.13,0.08,95.69,0.24,0.03,0.06,769,769,769,769,LOITER,1
81.980,motor 1 effectiveness -> 75% (PX4 reads back 0.75),0.75,20.029,0.003,0.14,0.08,95.69,0.19,0.11,0.06,769,769,769,769,LOITER,1
82.000,motor 1 effectiveness -> 75% (PX4 reads back 0.75),0.75,20.029,0.003,0.14,0.08,95.69,0.09,-0.05,0.03,769,769,769,769,LOITER,1
82.020,motor 1 effectiveness -> 75% (PX4 reads back 0.75),0.75,20.029,0.003,0.14,0.08,95.69,0.01,-0.10,0.10,769,769,769,769,LOITER,1
82.040,motor 1 effectiveness -> 75% (PX4 reads back 0.75),0.75,20.029,0.003,0.14,0.07,95.69,-0.01,-0.08,0.05,769,769,769,769,LOITER,1
82.060,motor 1 effectiveness -> 75% (PX4 reads back 0.75),0.75,20.028,0.003,0.14,0.07,95.69,-0.03,-0.05,0.04,769,769,769,769,LOITER,1
82.080,motor 1 effectiveness -> 75% (PX4 reads back 0.75),0.75,20.028,0.003,0.14,0.07,95.70,-0.05,-0.01,0.09,769,769,769,769,LOITER,1
82.100,motor 1 effectiveness -> 75% (PX4 reads back 0.75),0.75,20.028,0.003,0.14,0.07,95.70,-0.08,-0.05,0.05,769,769,769,769,LOITER,1
82.120,motor 1 effectiveness -> 75% (PX4 reads back 0.75),0.75,20.028,0.004,0.14,0.07,95.70,-0.13,-0.11,0.06,769,769,769,769,LOITER,1
82.140,motor 1 effectiveness -> 75% (PX4 reads back 0.75),0.75,20.028,0.004,0.14,0.07,95.70,-0.11,0.00,0.10,769,769,769,769,LOITER,1
82.160,motor 1 effectiveness -> 75% (PX4 reads back 0.75),0.75,20.028,0.003,0.14,0.07,95.71,-0.23,0.06,0.06,769,769,769,770,LOITER,1
82.180,motor 1 effectiveness -> 75% (PX4 reads back 0.75),0.75,20.028,0.003,0.13,0.07,95.71,-0.33,0.06,0.04,769,769,769,770,LOITER,1
82.200,motor 1 effectiveness -> 75% (PX4 reads back 0.75),0.75,20.028,0.003,0.13,0.07,95.71,-0.27,0.09,0.01,769,769,769,770,LOITER,1
82.220,motor 1 effectiveness -> 75% (PX4 reads back 0.75),0.75,20.027,0.003,0.12,0.07,95.71,-0.33,0.07,-0.01,769,769,769,770,LOITER,1
82.240,motor 1 effectiveness -> 75% (PX4 reads back 0.75),0.75,20.027,0.003,0.11,0.07,95.71,-0.27,0.14,-0.00,769,769,769,770,LOITER,1
82.260,motor 1 effectiveness -> 75% (PX4 reads back 0.75),0.75,20.027,0.003,0.11,0.08,95.71,-0.35,0.10,0.00,769,769,770,770,LOITER,1
82.280,motor 1 effectiveness -> 75% (PX4 reads back 0.75),0.75,20.027,0.003,0.10,0.08,95.71,-0.28,0.11,-0.00,769,769,770,770,LOITER,1
82.300,motor 1 effectiveness -> 75% (PX4 reads back 0.75),0.75,20.027,0.003,0.10,0.08,95.71,-0.28,0.13,-0.04,769,769,770,770,LOITER,1
82.320,motor 1 effectiveness -> 75% (PX4 reads back 0.75),0.75,20.026,0.002,0.09,0.08,95.71,-0.33,0.07,-0.01,769,769,769,770,LOITER,1
82.340,motor 1 effectiveness -> 75% (PX4 reads back 0.75),0.75,20.026,0.002,0.09,0.08,95.71,-0.40,0.11,-0.00,769,769,769,770,LOITER,1
82.360,motor 1 effectiveness -> 75% (PX4 reads back 0.75),0.75,20.026,0.002,0.08,0.08,95.71,-0.29,0.06,-0.07,769,769,769,770,LOITER,1
82.380,motor 1 effectiveness -> 75% (PX4 reads back 0.75),0.75,20.026,0.002,0.07,0.09,95.71,-0.38,0.18,-0.02,769,769,769,770,LOITER,1
82.400,motor 1 effectiveness -> 75% (PX4 reads back 0.75),0.75,20.026,0.002,0.07,0.09,95.71,-0.38,0.17,-0.05,769,769,769,770,LOITER,1
82.420,motor 1 effectiveness -> 75% (PX4 reads back 0.75),0.75,20.026,0.002,0.06,0.09,95.71,-0.44,0.14,-0.04,769,769,769,769,LOITER,1
82.440,motor 1 effectiveness -> 75% (PX4 reads back 0.75),0.75,20.026,0.002,0.05,0.09,95.71,-0.36,0.17,-0.05,769,769,769,769,LOITER,1
82.460,motor 1 effectiveness -> 75% (PX4 reads back 0.75),0.75,20.026,0.001,0.04,0.10,95.71,-0.35,0.20,-0.01,769,769,769,770,LOITER,1
82.480,motor 1 effectiveness -> 75% (PX4 reads back 0.75),0.75,20.026,0.001,0.04,0.10,95.71,-0.33,0.21,-0.07,769,769,769,770,LOITER,1
82.500,motor 1 effectiveness -> 75% (PX4 reads back 0.75),0.75,20.026,0.001,0.03,0.10,95.71,-0.40,0.18,-0.05,769,769,769,770,LOITER,1
82.520,motor 1 effectiveness -> 75% (PX4 reads back 0.75),0.75,20.025,0.001,0.02,0.11,95.71,-0.32,0.21,-0.11,769,770,769,769,LOITER,1
82.540,motor 1 effectiveness -> 75% (PX4 reads back 0.75),0.75,20.025,0.001,0.02,0.11,95.71,-0.30,0.15,0.00,769,770,769,769,LOITER,1
82.560,motor 1 effectiveness -> 75% (PX4 reads back 0.75),0.75,20.025,0.001,0.01,0.11,95.71,-0.22,0.12,-0.09,769,769,770,769,LOITER,1
82.580,motor 1 effectiveness -> 75% (PX4 reads back 0.75),0.75,20.025,0.001,0.01,0.12,95.71,-0.13,0.23,-0.09,769,769,770,769,LOITER,1
82.600,motor 1 effectiveness -> 75% (PX4 reads back 0.75),0.75,20.025,0.001,0.00,0.12,95.71,-0.12,0.13,-0.04,769,769,770,769,LOITER,1
82.620,motor 1 effectiveness -> 75% (PX4 reads back 0.75),0.75,20.024,0.001,0.00,0.12,95.71,-0.11,0.10,-0.05,770,769,770,769,LOITER,1
82.640,motor 1 effectiveness -> 75% (PX4 reads back 0.75),0.75,20.024,0.001,-0.00,0.12,95.71,-0.09,0.19,-0.13,770,769,770,769,LOITER,1
82.660,motor 1 effectiveness -> 75% (PX4 reads back 0.75),0.75,20.024,0.001,-0.00,0.13,95.70,-0.06,0.21,-0.07,769,770,770,769,LOITER,1
82.680,motor 1 effectiveness -> 75% (PX4 reads back 0.75),0.75,20.024,0.001,-0.00,0.13,95.70,-0.06,0.15,-0.07,769,770,770,769,LOITER,1
82.700,motor 1 effectiveness -> 75% (PX4 reads back 0.75),0.75,20.024,0.001,-0.00,0.13,95.70,0.00,0.20,-0.09,769,770,770,769,LOITER,1
82.720,motor 1 effectiveness -> 75% (PX4 reads back 0.75),0.75,20.023,0.000,-0.00,0.14,95.70,0.05,0.23,-0.08,770,770,769,770,LOITER,1
82.740,motor 1 effectiveness -> 75% (PX4 reads back 0.75),0.75,20.023,0.000,-0.00,0.14,95.70,0.06,0.19,-0.05,770,770,769,770,LOITER,1
82.760,motor 1 effectiveness -> 75% (PX4 reads back 0.75),0.75,20.022,-0.000,0.00,0.14,95.70,1.09,-0.94,-0.29,618,768,771,769,LOITER,1
82.780,motor 1 effectiveness -> 75% (PX4 reads back 0.75),0.75,20.022,-0.000,0.11,0.04,95.68,9.19,-8.73,-0.91,618,768,771,769,LOITER,1
82.780,motor 1 back to 100 %,1.0,20.022,-0.000,0.11,0.04,95.68,9.19,-8.73,-0.91,618,768,771,769,LOITER,1
82.800,motor 1 back to 100 %,1.0,20.022,-0.000,0.40,-0.23,95.66,19.20,-16.70,-1.67,618,768,771,769,LOITER,1
82.820,motor 1 back to 100 %,1.0,20.021,0.026,0.87,-0.61,95.61,26.59,-19.97,-2.32,695,704,785,763,LOITER,1
82.840,motor 1 back to 100 %,1.0,20.021,0.026,1.45,-1.01,95.55,30.29,-20.06,-3.06,695,704,785,763,LOITER,1
82.860,motor 1 back to 100 %,1.0,20.018,0.060,2.08,-1.40,95.47,31.34,-19.17,-3.76,720,705,780,779,LOITER,1
82.880,motor 1 back to 100 %,1.0,20.018,0.060,2.70,-1.76,95.37,30.58,-17.65,-4.49,720,705,780,779,LOITER,1
82.900,motor 1 back to 100 %,1.0,20.018,0.060,3.29,-2.09,95.26,28.85,-15.73,-5.05,720,705,780,779,LOITER,1
82.920,motor 1 back to 100 %,1.0,20.014,0.088,3.85,-2.37,95.13,26.32,-13.58,-5.65,740,715,783,786,LOITER,1
82.940,motor 1 back to 100 %,1.0,20.014,0.088,4.35,-2.61,94.99,23.41,-11.25,-6.24,740,715,783,786,LOITER,1
82.960,motor 1 back to 100 %,1.0,20.007,0.109,4.79,-2.80,94.85,19.97,-8.90,-6.71,753,726,783,789,LOITER,1
82.980,motor 1 back to 100 %,1.0,20.007,0.109,5.15,-2.94,94.70,16.36,-6.66,-7.18,753,726,783,789,LOITER,1
83.000,motor 1 back to 100 %,1.0,20.007,0.109,5.45,-3.03,94.54,12.71,-4.57,-7.52,753,726,783,789,LOITER,1
83.020,motor 1 back to 100 %,1.0,20.000,0.120,5.67,-3.09,94.38,9.09,-2.68,-7.85,763,739,782,789,LOITER,1
83.040,motor 1 back to 100 %,1.0,20.000,0.120,5.82,-3.10,94.22,5.63,-0.90,-8.12,763,739,782,789,LOITER,1
83.060,motor 1 back to 100 %,1.0,19.993,0.124,5.91,-3.09,94.05,2.37,0.73,-8.38,771,752,780,787,LOITER,1
83.080,motor 1 back to 100 %,1.0,19.993,0.124,5.93,-3.04,93.89,-0.75,2.21,-8.54,771,752,780,787,LOITER,1
83.100,motor 1 back to 100 %,1.0,19.993,0.124,5.89,-2.96,93.73,-3.59,3.37,-8.67,771,752,780,787,LOITER,1
83.120,motor 1 back to 100 %,1.0,19.985,0.124,5.80,-2.87,93.56,-6.06,4.41,-8.70,777,764,778,784,LOITER,1
83.140,motor 1 back to 100 %,1.0,19.985,0.124,5.66,-2.75,93.40,-8.45,5.35,-8.73,777,764,778,784,LOITER,1
83.160,motor 1 back to 100 %,1.0,19.977,0.117,5.48,-2.62,93.25,-10.44,6.16,-8.74,783,775,776,780,LOITER,1
83.180,motor 1 back to 100 %,1.0,19.977,0.117,5.26,-2.48,93.09,-12.10,6.70,-8.67,783,775,776,780,LOITER,1
83.200,motor 1 back to 100 %,1.0,19.977,0.117,5.01,-2.32,92.94,-13.58,7.25,-8.53,783,775,776,780,LOITER,1
83.220,motor 1 back to 100 %,1.0,19.971,0.108,4.73,-2.16,92.79,-14.75,7.59,-8.38,787,783,773,776,LOITER,1
83.240,motor 1 back to 100 %,1.0,19.971,0.108,4.43,-1.99,92.65,-15.78,7.88,-8.16,787,783,773,776,LOITER,1
83.260,motor 1 back to 100 %,1.0,19.965,0.097,4.11,-1.82,92.51,-16.61,8.06,-7.95,790,789,770,771,LOITER,1
83.280,motor 1 back to 100 %,1.0,19.965,0.097,3.78,-1.65,92.37,-17.15,8.17,-7.70,790,789,770,771,LOITER,1
83.300,motor 1 back to 100 %,1.0,19.965,0.097,3.44,-1.47,92.24,-17.52,8.22,-7.36,790,789,770,771,LOITER,1
83.320,motor 1 back to 100 %,1.0,19.960,0.084,3.09,-1.30,92.12,-17.75,8.21,-7.04,792,794,767,767,LOITER,1
83.340,motor 1 back to 100 %,1.0,19.960,0.084,2.74,-1.13,92.01,-17.92,8.15,-6.70,792,794,767,767,LOITER,1
83.360,motor 1 back to 100 %,1.0,19.955,0.069,2.39,-0.96,91.89,-17.96,8.10,-6.30,793,796,764,763,LOITER,1
83.380,motor 1 back to 100 %,1.0,19.955,0.069,2.03,-0.80,91.79,-17.81,7.90,-5.89,793,796,764,763,LOITER,1
83.400,motor 1 back to 100 %,1.0,19.955,0.069,1.68,-0.64,91.68,-17.50,7.74,-5.47,793,796,764,763,LOITER,1
83.420,motor 1 back to 100 %,1.0,19.951,0.057,1.41,-0.51,91.61,-17.36,7.74,-5.11,794,798,762,760,LOITER,1
83.432,motor 1 back to 100 %,1.0,19.951,0.057,1.27,-0.45,91.57,-17.07,7.63,-4.70,794,798,762,760,LOITER,1
83.460,motor 1 back to 100 %,1.0,19.949,0.047,0.86,-0.26,91.46,-16.84,7.60,-4.30,794,799,759,758,LOITER,1
83.480,motor 1 back to 100 %,1.0,19.949,0.047,0.53,-0.11,91.38,-16.41,7.33,-3.88,794,799,759,758,LOITER,1
83.500,motor 1 back to 100 %,1.0,19.949,0.047,0.21,0.03,91.31,-15.99,7.08,-3.42,794,799,759,758,LOITER,1
83.520,motor 1 back to 100 %,1.0,19.947,0.036,-0.11,0.17,91.24,-15.52,6.89,-2.99,793,798,758,756,LOITER,1
83.540,motor 1 back to 100 %,1.0,19.947,0.036,-0.42,0.31,91.18,-15.04,6.63,-2.51,793,798,758,756,LOITER,1
83.560,motor 1 back to 100 %,1.0,19.945,0.026,-0.72,0.44,91.12,-14.52,6.36,-2.01,792,798,757,754,LOITER,1
83.580,motor 1 back to 100 %,1.0,19.945,0.026,-1.01,0.57,91.07,-13.88,6.16,-1.64,792,798,757,754,LOITER,1
83.600,motor 1 back to 100 %,1.0,19.945,0.026,-1.28,0.69,91.03,-13.18,5.90,-1.16,792,798,757,754,LOITER,1
83.620,motor 1 back to 100 %,1.0,19.944,0.018,-1.54,0.80,91.00,-12.58,5.69,-0.77,791,796,756,754,LOITER,1
83.640,motor 1 back to 100 %,1.0,19.944,0.018,-1.79,0.91,90.97,-11.97,5.42,-0.31,791,796,756,754,LOITER,1
83.660,motor 1 back to 100 %,1.0,19.943,0.011,-2.03,1.02,90.94,-11.38,5.22,0.11,789,794,757,753,LOITER,1
83.680,motor 1 back to 100 %,1.0,19.943,0.011,-2.25,1.12,90.93,-10.63,5.13,0.55,789,794,757,753,LOITER,1
83.700,motor 1 back to 100 %,1.0,19.943,0.011,-2.46,1.22,90.92,-9.95,4.85,0.92,789,794,757,753,LOITER,1
83.720,motor 1 back to 100 %,1.0,19.942,0.005,-2.66,1.32,90.92,-9.24,4.51,1.26,787,792,757,754,LOITER,1
83.740,motor 1 back to 100 %,1.0,19.942,0.005,-2.85,1.41,90.92,-8.66,4.34,1.65,787,792,757,754,LOITER,1
83.760,motor 1 back to 100 %,1.0,19.942,0.001,-3.02,1.49,90.93,-8.04,4.04,1.98,785,790,758,755,LOITER,1
83.780,motor 1 back to 100 %,1.0,19.942,0.001,-3.18,1.57,90.94,-7.39,3.79,2.37,785,790,758,755,LOITER,1
83.800,motor 1 back to 100 %,1.0,19.942,0.001,-3.32,1.65,90.96,-6.77,3.58,2.66,785,790,758,755,LOITER,1
83.820,motor 1 back to 100 %,1.0,19.942,-0.002,-3.46,1.72,90.98,-6.22,3.32,2.96,783,788,759,756,LOITER,1
83.840,motor 1 back to 100 %,1.0,19.942,-0.002,-3.58,1.79,91.01,-5.56,3.13,3.19,783,788,759,756,LOITER,1
83.860,motor 1 back to 100 %,1.0,19.942,-0.004,-3.69,1.86,91.04,-4.94,2.99,3.58,781,786,760,758,LOITER,1
83.880,motor 1 back to 100 %,1.0,19.942,-0.004,-3.78,1.92,91.08,-4.31,2.73,3.74,781,786,760,758,LOITER,1
83.900,motor 1 back to 100 %,1.0,19.942,-0.004,-3.87,1.98,91.13,-3.78,2.52,4.01,781,786,760,758,LOITER,1
83.920,motor 1 back to 100 %,1.0,19.942,-0.006,-3.94,2.03,91.18,-3.11,2.25,4.19,779,784,761,759,LOITER,1
83.940,motor 1 back to 100 %,1.0,19.942,-0.006,-4.00,2.08,91.23,-2.64,2.04,4.39,779,784,761,759,LOITER,1
83.960,motor 1 back to 100 %,1.0,19.943,-0.007,-4.05,2.13,91.30,-2.21,1.76,4.56,777,781,763,761,LOITER,1
83.980,motor 1 back to 100 %,1.0,19.943,-0.007,-4.09,2.17,91.36,-1.67,1.47,4.70,777,781,763,761,LOITER,1
84.000,motor 1 back to 100 %,1.0,19.943,-0.007,-4.13,2.21,91.44,-1.24,1.40,4.84,777,781,763,761,LOITER,1
84.020,motor 1 back to 100 %,1.0,19.943,-0.007,-4.15,2.24,91.51,-0.79,1.20,4.97,775,779,764,763,LOITER,1
84.040,motor 1 back to 100 %,1.0,19.943,-0.007,-4.16,2.27,91.59,-0.39,0.87,5.05,775,779,764,763,LOITER,1
84.060,motor 1 back to 100 %,1.0,19.944,-0.007,-4.17,2.30,91.67,0.13,0.70,5.14,773,776,766,765,LOITER,1
84.080,motor 1 back to 100 %,1.0,19.944,-0.007,-4.16,2.32,91.76,0.52,0.48,5.22,773,776,766,765,LOITER,1
84.100,motor 1 back to 100 %,1.0,19.944,-0.007,-4.15,2.34,91.85,0.84,0.24,5.30,773,776,766,765,LOITER,1
84.120,motor 1 back to 100 %,1.0,19.944,-0.007,-4.13,2.35,91.94,1.17,-0.06,5.31,771,774,768,767,LOITER,1
84.140,motor 1 back to 100 %,1.0,19.944,-0.007,-4.10,2.36,92.03,1.54,-0.26,5.35,771,774,768,767,LOITER,1
84.160,motor 1 back to 100 %,1.0,19.945,-0.007,-4.07,2.36,92.12,1.89,-0.39,5.32,770,772,769,769,LOITER,1
84.180,motor 1 back to 100 %,1.0,19.945,-0.007,-4.03,2.36,92.21,2.17,-0.59,5.31,770,772,769,769,LOITER,1
84.200,motor 1 back to 100 %,1.0,19.945,-0.007,-3.98,2.36,92.31,2.46,-0.77,5.29,770,772,769,769,LOITER,1
84.220,motor 1 back to 100 %,1.0,19.945,-0.007,-3.93,2.35,92.40,2.74,-0.99,5.24,768,770,771,771,LOITER,1
84.240,motor 1 back to 100 %,1.0,19.945,-0.007,-3.87,2.34,92.49,2.95,-1.11,5.17,768,770,771,771,LOITER,1
84.260,motor 1 back to 100 %,1.0,19.944,-0.006,-3.81,2.32,92.58,3.20,-1.29,5.14,767,769,773,773,LOITER,1
84.280,motor 1 back to 100 %,1.0,19.944,-0.006,-3.74,2.30,92.67,3.42,-1.38,4.97,767,769,773,773,LOITER,1
84.300,motor 1 back to 100 %,1.0,19.944,-0.006,-3.67,2.28,92.76,3.62,-1.62,4.92,767,769,773,773,LOITER,1
84.320,motor 1 back to 100 %,1.0,19.944,-0.006,-3.60,2.26,92.85,3.79,-1.86,4.81,766,767,775,774,LOITER,1
84.340,motor 1 back to 100 %,1.0,19.944,-0.006,-3.52,2.23,92.93,4.04,-1.89,4.64,766,767,775,774,LOITER,1
84.360,motor 1 back to 100 %,1.0,19.943,-0.006,-3.44,2.20,93.01,4.25,-2.06,4.50,766,766,775,776,LOITER,1
84.380,motor 1 back to 100 %,1.0,19.943,-0.006,-3.35,2.16,93.08,4.33,-2.16,4.45,766,766,775,776,LOITER,1
84.400,motor 1 back to 100 %,1.0,19.943,-0.006,-3.26,2.13,93.15,4.45,-2.30,4.28,766,766,775,776,LOITER,1
84.420,motor 1 back to 100 %,1.0,19.943,-0.007,-3.17,2.09,93.22,4.64,-2.44,4.11,765,765,776,777,LOITER,1
84.440,motor 1 back to 100 %,1.0,19.943,-0.007,-3.08,2.04,93.28,4.68,-2.52,3.95,765,765,776,777,LOITER,1
84.460,motor 1 back to 100 %,1.0,19.942,-0.008,-2.98,2.00,93.34,4.69,-2.68,3.80,765,765,777,777,LOITER,1
84.480,motor 1 back to 100 %,1.0,19.942,-0.008,-2.89,1.95,93.39,4.81,-2.77,3.64,765,765,777,777,LOITER,1
84.500,motor 1 back to 100 %,1.0,19.942,-0.008,-2.79,1.90,93.44,4.82,-2.80,3.47,765,765,777,777,LOITER,1
84.520,motor 1 back to 100 %,1.0,19.942,-0.009,-2.69,1.85,93.48,4.94,-2.86,3.34,765,764,777,777,LOITER,1
84.540,motor 1 back to 100 %,1.0,19.942,-0.009,-2.59,1.79,93.52,4.86,-2.98,3.12,765,764,777,777,LOITER,1
84.560,motor 1 back to 100 %,1.0,19.942,-0.010,-2.49,1.74,93.56,4.88,-3.07,3.01,765,764,777,777,LOITER,1
84.580,motor 1 back to 100 %,1.0,19.942,-0.010,-2.39,1.68,93.60,4.88,-3.08,2.79,765,764,777,777,LOITER,1
84.600,motor 1 back to 100 %,1.0,19.942,-0.010,-2.30,1.62,93.62,4.95,-3.08,2.70,765,764,777,777,LOITER,1
84.620,motor 1 back to 100 %,1.0,19.942,-0.012,-2.20,1.56,93.65,4.97,-3.22,2.53,766,764,776,777,LOITER,1
84.640,motor 1 back to 100 %,1.0,19.942,-0.012,-2.10,1.50,93.67,4.81,-3.20,2.44,766,764,776,777,LOITER,1
84.660,motor 1 back to 100 %,1.0,19.942,-0.014,-2.00,1.44,93.69,4.79,-3.30,2.23,766,765,776,776,LOITER,1
84.680,motor 1 back to 100 %,1.0,19.942,-0.014,-1.90,1.38,93.70,4.74,-3.35,2.12,766,765,776,776,LOITER,1
84.700,motor 1 back to 100 %,1.0,19.942,-0.014,-1.81,1.31,93.71,4.78,-3.40,1.97,766,765,776,776,LOITER,1
84.720,motor 1 back to 100 %,1.0,19.942,-0.015,-1.71,1.25,93.72,4.74,-3.39,1.89,767,765,775,775,LOITER,1
84.740,motor 1 back to 100 %,1.0,19.942,-0.015,-1.62,1.18,93.72,4.69,-3.33,1.72,767,765,775,775,LOITER,1
84.760,motor 1 back to 100 %,1.0,19.943,-0.017,-1.52,1.12,93.73,4.71,-3.28,1.62,767,766,773,775,LOITER,1
84.780,motor 1 back to 100 %,1.0,19.943,-0.017,-1.43,1.05,93.73,4.65,-3.39,1.58,767,766,773,775,LOITER,1
84.800,motor 1 back to 100 %,1.0,19.943,-0.017,-1.34,0.99,93.72,4.53,-3.40,1.47,767,766,773,775,LOITER,1
84.820,motor 1 back to 100 %,1.0,19.944,-0.018,-1.25,0.92,93.72,4.44,-3.38,1.44,768,766,773,773,LOITER,1
84.840,motor 1 back to 100 %,1.0,19.944,-0.018,-1.16,0.86,93.71,4.36,-3.30,1.35,768,766,773,773,LOITER,1
84.860,motor 1 back to 100 %,1.0,19.945,-0.019,-1.07,0.79,93.71,4.33,-3.34,1.31,769,767,772,772,LOITER,1
84.880,motor 1 back to 100 %,1.0,19.945,-0.019,-0.98,0.73,93.70,4.34,-3.34,1.19,769,767,772,772,LOITER,1
84.900,motor 1 back to 100 %,1.0,19.945,-0.019,-0.89,0.66,93.69,4.23,-3.24,1.16,769,767,772,772,LOITER,1
84.920,motor 1 back to 100 %,1.0,19.946,-0.021,-0.81,0.60,93.67,4.11,-3.18,1.12,769,768,770,771,LOITER,1
84.940,motor 1 back to 100 %,1.0,19.946,-0.021,-0.73,0.53,93.66,3.95,-3.19,1.06,769,768,770,771,LOITER,1
84.960,motor 1 back to 100 %,1.0,19.947,-0.022,-0.65,0.47,93.65,3.88,-3.24,1.05,771,768,770,770,LOITER,1
84.980,motor 1 back to 100 %,1.0,19.947,-0.022,-0.57,0.41,93.63,3.78,-3.14,1.05,771,768,770,770,LOITER,1
85.000,motor 1 back to 100 %,1.0,19.947,-0.022,-0.50,0.35,93.62,3.55,-3.11,1.06,771,768,770,770,LOITER,1
85.020,motor 1 back to 100 %,1.0,19.948,-0.022,-0.43,0.29,93.61,3.44,-2.98,1.05,771,769,768,769,LOITER,1
85.040,motor 1 back to 100 %,1.0,19.948,-0.022,-0.36,0.23,93.59,3.32,-2.90,1.04,771,769,768,769,LOITER,1
85.060,motor 1 back to 100 %,1.0,19.950,-0.023,-0.29,0.17,93.58,3.22,-2.83,1.03,771,769,767,768,LOITER,1
85.080,motor 1 back to 100 %,1.0,19.950,-0.023,-0.22,0.11,93.56,3.20,-2.86,1.05,771,769,767,768,LOITER,1
85.100,motor 1 back to 100 %,1.0,19.950,-0.023,-0.12,0.02,93.55,2.96,-2.77,1.07,771,769,767,768,LOITER,1
85.120,motor 1 back to 100 %,1.0,19.952,-0.023,-0.07,-0.03,93.54,2.84,-2.64,1.12,772,770,767,767,LOITER,1
85.140,motor 1 back to 100 %,1.0,19.952,-0.023,-0.01,-0.08,93.52,2.73,-2.59,1.12,772,770,767,767,LOITER,1
85.160,motor 1 back to 100 %,1.0,19.954,-0.023,0.04,-0.13,93.52,2.60,-2.52,1.23,772,770,766,767,LOITER,1
85.180,motor 1 back to 100 %,1.0,19.954,-0.023,0.09,-0.18,93.51,2.52,-2.60,1.25,772,770,766,767,LOITER,1
85.200,motor 1 back to 100 %,1.0,19.954,-0.023,0.14,-0.23,93.51,2.38,-2.42,1.35,772,770,766,767,LOITER,1
85.220,motor 1 back to 100 %,1.0,19.955,-0.023,0.19,-0.28,93.51,2.29,-2.26,1.28,772,770,766,766,LOITER,1
85.240,motor 1 back to 100 %,1.0,19.955,-0.023,0.23,-0.32,93.51,2.23,-2.20,1.41,772,770,766,766,LOITER,1
85.260,motor 1 back to 100 %,1.0,19.957,-0.022,0.28,-0.36,93.51,2.10,-2.14,1.44,773,771,765,766,LOITER,1
85.280,motor 1 back to 100 %,1.0,19.957,-0.022,0.32,-0.41,93.52,2.00,-2.07,1.50,773,771,765,766,LOITER,1
85.300,motor 1 back to 100 %,1.0,19.957,-0.022,0.36,-0.45,93.53,1.89,-2.13,1.59,773,771,765,766,LOITER,1
85.320,motor 1 back to 100 %,1.0,19.958,-0.022,0.39,-0.49,93.55,1.86,-1.95,1.62,773,770,766,766,LOITER,1
85.340,motor 1 back to 100 %,1.0,19.958,-0.022,0.43,-0.53,93.57,1.77,-1.82,1.74,773,770,766,766,LOITER,1
85.360,motor 1 back to 100 %,1.0,19.959,-0.021,0.46,-0.56,93.59,1.73,-1.72,1.78,773,770,766,767,LOITER,1
85.380,motor 1 back to 100 %,1.0,19.959,-0.021,0.50,-0.59,93.62,1.65,-1.61,1.80,773,770,766,767,LOITER,1
85.400,motor 1 back to 100 %,1.0,19.959,-0.021,0.53,-0.63,93.65,1.42,-1.54,1.85,773,770,766,767,LOITER,1
85.420,motor 1 back to 100 %,1.0,19.960,-0.021,0.55,-0.66,93.69,1.21,-1.41,1.83,773,771,767,767,LOITER,1
85.440,motor 1 back to 100 %,1.0,19.960,-0.021,0.58,-0.68,93.72,1.24,-1.29,1.90,773,771,767,767,LOITER,1
85.460,motor 1 back to 100 %,1.0,19.961,-0.021,0.60,-0.71,93.76,1.26,-1.25,1.99,773,770,767,767,LOITER,1
85.480,motor 1 back to 100 %,1.0,19.961,-0.021,0.63,-0.73,93.80,1.12,-1.06,1.94,773,770,767,767,LOITER,1
85.500,motor 1 back to 100 %,1.0,19.961,-0.021,0.65,-0.75,93.84,1.05,-0.98,1.99,773,770,767,767,LOITER,1
85.520,motor 1 back to 100 %,1.0,19.961,-0.021,0.66,-0.77,93.89,0.94,-0.87,2.06,772,770,768,768,LOITER,1
85.540,motor 1 back to 100 %,1.0,19.961,-0.021,0.68,-0.79,93.93,0.89,-0.82,2.06,772,770,768,768,LOITER,1
85.560,motor 1 back to 100 %,1.0,19.962,-0.021,0.70,-0.80,93.97,0.77,-0.68,1.99,771,770,769,769,LOITER,1
85.580,motor 1 back to 100 %,1.0,19.962,-0.021,0.71,-0.82,94.02,0.83,-0.72,2.01,771,770,769,769,LOITER,1
85.600,motor 1 back to 100 %,1.0,19.962,-0.021,0.73,-0.83,94.06,0.86,-0.63,2.03,771,770,769,769,LOITER,1
85.620,motor 1 back to 100 %,1.0,19.962,-0.021,0.74,-0.85,94.11,0.67,-0.59,2.03,771,769,769,770,LOITER,1
85.640,motor 1 back to 100 %,1.0,19.962,-0.021,0.76,-0.86,94.15,0.64,-0.63,1.93,771,769,769,770,LOITER,1
85.660,motor 1 back to 100 %,1.0,19.962,-0.022,0.77,-0.87,94.19,0.61,-0.50,1.99,770,768,770,771,LOITER,1
85.680,motor 1 back to 100 %,1.0,19.962,-0.022,0.78,-0.88,94.24,0.57,-0.38,1.99,770,768,770,771,LOITER,1
85.700,motor 1 back to 100 %,1.0,19.962,-0.022,0.79,-0.89,94.28,0.37,-0.44,1.93,770,768,770,771,LOITER,1
85.720,motor 1 back to 100 %,1.0,19.963,-0.022,0.80,-0.89,94.32,0.35,-0.32,1.89,769,768,771,771,LOITER,1
85.740,motor 1 back to 100 %,1.0,19.963,-0.022,0.80,-0.90,94.36,0.32,-0.30,1.81,769,768,771,771,LOITER,1
85.760,motor 1 back to 100 %,1.0,19.963,-0.022,0.81,-0.91,94.40,0.28,-0.27,1.82,769,767,772,772,LOITER,1
85.780,motor 1 back to 100 %,1.0,19.963,-0.022,0.81,-0.91,94.44,0.26,-0.21,1.72,769,767,772,772,LOITER,1
85.800,motor 1 back to 100 %,1.0,19.963,-0.022,0.82,-0.91,94.47,0.36,-0.16,1.68,769,767,772,772,LOITER,1
85.820,motor 1 back to 100 %,1.0,19.964,-0.023,0.83,-0.92,94.51,0.33,-0.04,1.61,768,767,772,772,LOITER,1
85.840,motor 1 back to 100 %,1.0,19.964,-0.023,0.83,-0.92,94.55,0.30,-0.07,1.57,768,767,772,772,LOITER,1
85.860,motor 1 back to 100 %,1.0,19.964,-0.024,0.84,-0.92,94.58,0.30,-0.07,1.49,768,767,772,772,LOITER,1
85.880,motor 1 back to 100 %,1.0,19.964,-0.024,0.84,-0.92,94.61,0.32,-0.01,1.45,768,767,772,772,LOITER,1
85.900,motor 1 back to 100 %,1.0,19.964,-0.024,0.85,-0.92,94.64,0.23,-0.02,1.38,768,767,772,772,LOITER,1
85.920,motor 1 back to 100 %,1.0,19.965,-0.024,0.85,-0.92,94.68,0.24,0.06,1.30,767,767,772,773,LOITER,1
85.940,motor 1 back to 100 %,1.0,19.965,-0.024,0.86,-0.92,94.71,0.16,-0.04,1.26,767,767,772,773,LOITER,1
85.960,motor 1 back to 100 %,1.0,19.966,-0.025,0.86,-0.92,94.73,0.17,0.12,1.17,767,766,772,773,LOITER,1
85.980,motor 1 back to 100 %,1.0,19.966,-0.025,0.86,-0.92,94.76,0.16,0.21,1.07,767,766,772,773,LOITER,1
86.000,motor 1 back to 100 %,1.0,19.966,-0.025,0.86,-0.91,94.79,0.09,0.16,0.95,767,766,772,773,LOITER,1
86.020,motor 1 back to 100 %,1.0,19.967,-0.025,0.86,-0.91,94.81,0.04,0.13,0.97,767,766,772,772,LOITER,1
86.040,motor 1 back to 100 %,1.0,19.967,-0.025,0.87,-0.90,94.83,-0.01,0.21,0.91,767,766,772,772,LOITER,1
86.060,motor 1 back to 100 %,1.0,19.968,-0.025,0.87,-0.90,94.86,0.00,0.29,0.86,767,766,772,772,LOITER,1
86.080,motor 1 back to 100 %,1.0,19.968,-0.025,0.86,-0.89,94.88,-0.05,0.27,0.79,767,766,772,772,LOITER,1
86.100,motor 1 back to 100 %,1.0,19.968,-0.025,0.86,-0.89,94.90,-0.11,0.32,0.65,767,766,772,772,LOITER,1
86.120,motor 1 back to 100 %,1.0,19.969,-0.025,0.86,-0.88,94.91,-0.11,0.33,0.63,766,767,772,772,LOITER,1
86.140,motor 1 back to 100 %,1.0,19.969,-0.025,0.86,-0.87,94.93,-0.05,0.32,0.53,766,767,772,772,LOITER,1
86.160,motor 1 back to 100 %,1.0,19.971,-0.025,0.86,-0.87,94.94,-0.04,0.35,0.47,767,766,771,772,LOITER,1
86.180,motor 1 back to 100 %,1.0,19.971,-0.025,0.86,-0.86,94.96,-0.07,0.31,0.41,767,766,771,772,LOITER,1
86.200,motor 1 back to 100 %,1.0,19.971,-0.025,0.86,-0.85,94.97,-0.14,0.33,0.41,767,766,771,772,LOITER,1
86.220,motor 1 back to 100 %,1.0,19.972,-0.025,0.85,-0.84,94.98,-0.19,0.35,0.31,767,766,771,771,LOITER,1
86.240,motor 1 back to 100 %,1.0,19.972,-0.025,0.85,-0.84,95.00,-0.21,0.34,0.26,767,766,771,771,LOITER,1
86.260,motor 1 back to 100 %,1.0,19.974,-0.025,0.84,-0.83,95.01,-0.26,0.44,0.20,767,766,771,771,LOITER,1
86.280,motor 1 back to 100 %,1.0,19.974,-0.025,0.84,-0.82,95.02,-0.19,0.48,0.13,767,766,771,771,LOITER,1
86.300,motor 1 back to 100 %,1.0,19.974,-0.025,0.84,-0.81,95.02,-0.22,0.50,0.17,767,766,771,771,LOITER,1
86.320,motor 1 back to 100 %,1.0,19.976,-0.025,0.83,-0.80,95.03,-0.25,0.37,0.10,767,766,770,771,LOITER,1
86.340,motor 1 back to 100 %,1.0,19.976,-0.025,0.83,-0.79,95.04,-0.27,0.39,0.06,767,766,770,771,LOITER,1
86.360,motor 1 back to 100 %,1.0,19.978,-0.024,0.82,-0.78,95.05,-0.31,0.51,-0.01,767,766,770,770,LOITER,1
86.380,motor 1 back to 100 %,1.0,19.978,-0.024,0.81,-0.77,95.05,-0.29,0.56,-0.05,767,766,770,770,LOITER,1
86.400,motor 1 back to 100 %,1.0,19.978,-0.024,0.81,-0.76,95.06,-0.30,0.62,-0.06,767,766,770,770,LOITER,1
86.420,motor 1 back to 100 %,1.0,19.980,-0.023,0.80,-0.75,95.07,-0.41,0.68,-0.09,767,767,769,770,LOITER,1
86.440,motor 1 back to 100 %,1.0,19.980,-0.023,0.79,-0.73,95.07,-0.40,0.53,-0.13,767,767,769,770,LOITER,1
86.460,motor 1 back to 100 %,1.0,19.982,-0.022,0.79,-0.72,95.07,-0.36,0.63,-0.20,767,766,769,769,LOITER,1
86.480,motor 1 back to 100 %,1.0,19.982,-0.022,0.78,-0.71,95.08,-0.34,0.64,-0.19,767,766,769,769,LOITER,1
86.500,motor 1 back to 100 %,1.0,19.982,-0.022,0.77,-0.70,95.08,-0.30,0.66,-0.20,767,766,769,769,LOITER,1
86.520,motor 1 back to 100 %,1.0,19.984,-0.020,0.77,-0.68,95.08,-0.28,0.76,-0.31,768,767,769,769,LOITER,1
86.540,motor 1 back to 100 %,1.0,19.984,-0.020,0.77,-0.67,95.08,-0.20,0.79,-0.20,768,767,769,769,LOITER,1
86.560,motor 1 back to 100 %,1.0,19.985,-0.019,0.76,-0.65,95.08,-0.30,0.92,-0.28,767,767,768,769,LOITER,1
86.580,motor 1 back to 100 %,1.0,19.985,-0.019,0.75,-0.63,95.09,-0.39,0.82,-0.27,767,767,768,769,LOITER,1
86.600,motor 1 back to 100 %,1.0,19.985,-0.019,0.75,-0.62,95.09,-0.37,0.89,-0.32,767,767,768,769,LOITER,1
86.620,motor 1 back to 100 %,1.0,19.987,-0.018,0.74,-0.60,95.09,-0.43,0.98,-0.28,768,768,768,769,LOITER,1
86.640,motor 1 back to 100 %,1.0,19.987,-0.018,0.73,-0.58,95.09,-0.46,0.85,-0.28,768,768,768,769,LOITER,1
86.660,motor 1 back to 100 %,1.0,19.988,-0.017,0.72,-0.56,95.09,-0.51,0.88,-0.27,768,768,768,768,LOITER,1
86.680,motor 1 back to 100 %,1.0,19.988,-0.017,0.71,-0.54,95.09,-0.48,1.00,-0.35,768,768,768,768,LOITER,1
86.700,motor 1 back to 100 %,1.0,19.988,-0.017,0.70,-0.52,95.09,-0.53,0.96,-0.34,768,768,768,768,LOITER,1
86.720,motor 1 back to 100 %,1.0,19.989,-0.016,0.69,-0.51,95.09,-0.51,0.87,-0.33,768,768,768,768,LOITER,1
86.740,motor 1 back to 100 %,1.0,19.989,-0.016,0.68,-0.49,95.08,-0.61,0.87,-0.39,768,768,768,768,LOITER,1
86.760,motor 1 back to 100 %,1.0,19.991,-0.014,0.67,-0.47,95.08,-0.62,0.96,-0.30,768,769,768,768,LOITER,1
86.780,motor 1 back to 100 %,1.0,19.991,-0.014,0.66,-0.45,95.08,-0.59,0.88,-0.31,768,769,768,768,LOITER,1
86.800,motor 1 back to 100 %,1.0,19.991,-0.014,0.64,-0.44,95.08,-0.70,0.88,-0.30,768,769,768,768,LOITER,1
86.820,motor 1 back to 100 %,1.0,19.992,-0.013,0.63,-0.42,95.08,-0.68,0.89,-0.31,769,769,768,768,LOITER,1
86.840,motor 1 back to 100 %,1.0,19.992,-0.013,0.62,-0.40,95.08,-0.67,0.88,-0.29,769,769,768,768,LOITER,1
86.860,motor 1 back to 100 %,1.0,19.993,-0.012,0.60,-0.38,95.08,-0.62,0.86,-0.23,769,769,768,768,LOITER,1
86.880,motor 1 back to 100 %,1.0,19.993,-0.012,0.59,-0.36,95.08,-0.60,0.85,-0.25,769,769,768,768,LOITER,1
86.900,motor 1 back to 100 %,1.0,19.993,-0.012,0.58,-0.35,95.09,-0.72,0.78,-0.22,769,769,768,768,LOITER,1
86.920,motor 1 back to 100 %,1.0,19.994,-0.011,0.56,-0.33,95.09,-0.71,0.80,-0.20,769,769,768,768,LOITER,1
86.940,motor 1 back to 100 %,1.0,19.994,-0.011,0.55,-0.32,95.09,-0.69,0.69,-0.18,769,769,768,768,LOITER,1
86.960,motor 1 back to 100 %,1.0,19.995,-0.011,0.54,-0.30,95.09,-0.71,0.65,-0.21,769,769,768,768,LOITER,1
86.980,motor 1 back to 100 %,1.0,19.995,-0.011,0.52,-0.29,95.09,-0.66,0.58,-0.20,769,769,768,768,LOITER,1
87.000,motor 1 back to 100 %,1.0,19.995,-0.011,0.51,-0.28,95.09,-0.69,0.64,-0.15,769,769,768,768,LOITER,1
87.020,motor 1 back to 100 %,1.0,19.996,-0.010,0.50,-0.26,95.09,-0.63,0.59,-0.17,769,770,768,768,LOITER,1
87.040,motor 1 back to 100 %,1.0,19.996,-0.010,0.48,-0.25,95.09,-0.48,0.50,-0.13,769,770,768,768,LOITER,1
87.060,motor 1 back to 100 %,1.0,19.997,-0.009,0.48,-0.25,95.09,-0.46,0.40,-0.13,769,769,768,768,LOITER,1
87.080,motor 1 back to 100 %,1.0,19.997,-0.009,0.47,-0.24,95.09,-0.45,0.35,-0.13,769,769,768,768,LOITER,1
87.100,motor 1 back to 100 %,1.0,19.997,-0.009,0.46,-0.23,95.09,-0.49,0.35,-0.07,769,769,768,768,LOITER,1
87.120,motor 1 back to 100 %,1.0,19.998,-0.009,0.45,-0.22,95.09,-0.42,0.28,-0.16,769,769,768,768,LOITER,1
87.140,motor 1 back to 100 %,1.0,19.998,-0.009,0.44,-0.22,95.10,-0.30,0.23,-0.07,769,769,768,768,LOITER,1
87.160,motor 1 back to 100 %,1.0,20.000,-0.008,0.43,-0.21,95.10,-0.37,0.22,-0.09,769,769,768,768,LOITER,1
87.180,motor 1 back to 100 %,1.0,20.000,-0.008,0.43,-0.20,95.10,-0.36,0.28,-0.01,769,769,768,768,LOITER,1
87.200,motor 1 back to 100 %,1.0,20.000,-0.008,0.42,-0.20,95.10,-0.32,0.23,-0.05,769,769,768,768,LOITER,1
87.220,motor 1 back to 100 %,1.0,20.001,-0.008,0.41,-0.19,95.10,-0.39,0.15,-0.04,769,769,768,768,LOITER,1
87.240,motor 1 back to 100 %,1.0,20.001,-0.008,0.41,-0.19,95.10,-0.32,0.19,-0.03,769,769,768,768,LOITER,1
87.260,motor 1 back to 100 %,1.0,20.002,-0.007,0.40,-0.19,95.10,-0.30,0.12,-0.01,770,769,768,768,LOITER,1
87.280,motor 1 back to 100 %,1.0,20.002,-0.007,0.39,-0.18,95.10,-0.39,0.20,0.00,770,769,768,768,LOITER,1
87.300,motor 1 back to 100 %,1.0,20.002,-0.007,0.38,-0.18,95.11,-0.43,0.28,0.04,770,769,768,768,LOITER,1
87.320,motor 1 back to 100 %,1.0,20.003,-0.006,0.37,-0.17,95.11,-0.48,0.21,0.08,769,769,768,768,LOITER,1
87.340,motor 1 back to 100 %,1.0,20.003,-0.006,0.37,-0.17,95.11,-0.39,0.30,-0.00,769,769,768,768,LOITER,1
87.360,motor 1 back to 100 %,1.0,20.004,-0.006,0.36,-0.16,95.12,-0.49,0.21,0.05,769,769,768,768,LOITER,1
87.380,motor 1 back to 100 %,1.0,20.004,-0.006,0.35,-0.16,95.12,-0.56,0.17,0.02,769,769,768,768,LOITER,1
87.400,motor 1 back to 100 %,1.0,20.004,-0.006,0.33,-0.15,95.12,-0.60,0.16,0.10,769,769,768,768,LOITER,1
87.420,motor 1 back to 100 %,1.0,20.005,-0.005,0.32,-0.15,95.12,-0.59,0.21,0.09,769,769,768,768,LOITER,1
87.440,motor 1 back to 100 %,1.0,20.005,-0.005,0.31,-0.14,95.13,-0.60,0.17,0.09,769,769,768,768,LOITER,1
87.460,motor 1 back to 100 %,1.0,20.006,-0.004,0.30,-0.14,95.13,-0.59,0.23,0.10,769,769,768,768,LOITER,1
87.480,motor 1 back to 100 %,1.0,20.006,-0.004,0.28,-0.14,95.13,-0.63,0.23,0.12,769,769,768,768,LOITER,1
87.500,motor 1 back to 100 %,1.0,20.006,-0.004,0.27,-0.13,95.14,-0.63,0.26,0.13,769,769,768,768,LOITER,1
87.520,motor 1 back to 100 %,1.0,20.007,-0.004,0.26,-0.12,95.14,-0.63,0.26,0.18,769,770,768,768,LOITER,1
87.540,motor 1 back to 100 %,1.0,20.007,-0.004,0.25,-0.12,95.15,-0.61,0.27,0.19,769,770,768,768,LOITER,1
87.560,motor 1 back to 100 %,1.0,20.007,-0.003,0.24,-0.11,95.15,-0.60,0.21,0.14,769,769,768,768,LOITER,1
87.580,motor 1 back to 100 %,1.0,20.007,-0.003,0.22,-0.11,95.16,-0.55,0.32,0.20,769,769,768,768,LOITER,1
87.600,motor 1 back to 100 %,1.0,20.007,-0.003,0.21,-0.10,95.16,-0.67,0.18,0.17,769,769,768,768,LOITER,1
87.620,motor 1 back to 100 %,1.0,20.008,-0.002,0.20,-0.10,95.16,-0.65,0.25,0.13,769,769,769,768,LOITER,1
87.640,motor 1 back to 100 %,1.0,20.008,-0.002,0.19,-0.09,95.17,-0.63,0.26,0.23,769,769,769,768,LOITER,1
87.660,motor 1 back to 100 %,1.0,20.008,-0.002,0.17,-0.09,95.17,-0.58,0.19,0.19,770,769,769,768,LOITER,1
87.680,motor 1 back to 100 %,1.0,20.008,-0.002,0.16,-0.08,95.18,-0.67,0.34,0.20,770,769,769,768,LOITER,1
87.700,motor 1 back to 100 %,1.0,20.008,-0.002,0.15,-0.08,95.19,-0.77,0.29,0.22,770,769,769,768,LOITER,1
87.720,motor 1 back to 100 %,1.0,20.009,-0.001,0.13,-0.07,95.19,-0.66,0.22,0.17,769,769,769,768,LOITER,1
87.740,motor 1 back to 100 %,1.0,20.009,-0.001,0.12,-0.07,95.20,-0.67,0.33,0.25,769,769,769,768,LOITER,1
87.760,motor 1 back to 100 %,1.0,20.009,-0.001,0.11,-0.06,95.20,-0.64,0.29,0.25,769,770,769,769,LOITER,1
87.780,motor 1 back to 100 %,1.0,20.009,-0.001,0.09,-0.05,95.21,-0.63,0.28,0.24,769,770,769,769,LOITER,1
87.800,motor 1 back to 100 %,1.0,20.009,-0.001,0.08,-0.05,95.21,-0.55,0.27,0.26,769,770,769,769,LOITER,1
87.820,motor 1 back to 100 %,1.0,20.009,-0.001,0.07,-0.04,95.22,-0.58,0.28,0.27,770,769,769,769,LOITER,1
87.840,motor 1 back to 100 %,1.0,20.009,-0.001,0.06,-0.04,95.22,-0.56,0.31,0.23,770,769,769,769,LOITER,1
87.860,motor 1 back to 100 %,1.0,20.010,-0.001,0.05,-0.03,95.23,-0.56,0.26,0.27,769,769,769,769,LOITER,1
87.880,motor 1 back to 100 %,1.0,20.010,-0.001,0.04,-0.03,95.23,-0.49,0.22,0.22,769,769,769,769,LOITER,1
87.900,motor 1 back to 100 %,1.0,20.010,-0.001,0.03,-0.02,95.24,-0.59,0.29,0.31,769,769,769,769,LOITER,1
87.920,motor 1 back to 100 %,1.0,20.010,-0.001,0.02,-0.02,95.24,-0.60,0.27,0.24,769,770,769,769,LOITER,1
87.940,motor 1 back to 100 %,1.0,20.010,-0.001,0.01,-0.01,95.24,-0.43,0.26,0.26,769,770,769,769,LOITER,1
87.960,motor 1 back to 100 %,1.0,20.010,-0.001,-0.00,-0.01,95.25,-0.46,0.32,0.30,769,770,769,769,LOITER,1
87.980,motor 1 back to 100 %,1.0,20.010,-0.001,-0.01,0.00,95.25,-0.33,0.33,0.21,769,770,769,769,LOITER,1
88.000,motor 1 back to 100 %,1.0,20.010,-0.001,-0.02,0.01,95.25,-0.27,0.29,0.25,769,770,769,769,LOITER,1
88.020,motor 1 back to 100 %,1.0,20.011,-0.001,-0.02,0.01,95.26,-0.33,0.38,0.27,769,769,769,769,LOITER,1
88.040,motor 1 back to 100 %,1.0,20.011,-0.001,-0.03,0.02,95.26,-0.19,0.28,0.24,769,769,769,769,LOITER,1
88.060,motor 1 back to 100 %,1.0,20.011,-0.001,-0.03,0.03,95.27,-0.22,0.26,0.30,769,769,769,769,LOITER,1
88.080,motor 1 back to 100 %,1.0,20.011,-0.001,-0.04,0.03,95.27,-0.15,0.20,0.25,769,769,769,769,LOITER,1
88.100,motor 1 back to 100 %,1.0,20.011,-0.001,-0.04,0.04,95.28,-0.20,0.28,0.27,769,769,769,769,LOITER,1
88.120,motor 1 back to 100 %,1.0,20.012,-0.001,-0.05,0.04,95.29,-0.14,0.12,0.31,768,770,769,769,LOITER,1
88.140,motor 1 back to 100 %,1.0,20.012,-0.001,-0.05,0.05,95.29,-0.05,0.11,0.30,768,770,769,769,LOITER,1
88.160,motor 1 back to 100 %,1.0,20.013,-0.001,-0.05,0.05,95.30,-0.05,0.14,0.27,769,769,769,769,LOITER,1
88.180,motor 1 back to 100 %,1.0,20.013,-0.001,-0.05,0.05,95.31,-0.10,0.08,0.27,769,769,769,769,LOITER,1
88.200,motor 1 back to 100 %,1.0,20.013,-0.001,-0.05,0.05,95.32,-0.00,0.11,0.29,769,769,769,769,LOITER,1
88.220,motor 1 back to 100 %,1.0,20.014,-0.001,-0.05,0.06,95.32,0.05,0.09,0.27,768,769,769,769,LOITER,1
88.240,motor 1 back to 100 %,1.0,20.014,-0.001,-0.05,0.06,95.33,0.07,-0.05,0.24,768,769,769,769,LOITER,1
88.260,motor 1 back to 100 %,1.0,20.014,-0.001,-0.05,0.06,95.34,0.05,-0.04,0.21,768,769,769,769,LOITER,1
88.280,motor 1 back to 100 %,1.0,20.014,-0.001,-0.05,0.06,95.35,0.11,-0.12,0.20,768,769,769,769,LOITER,1
88.300,motor 1 back to 100 %,1.0,20.014,-0.001,-0.05,0.06,95.36,0.06,-0.02,0.24,768,769,769,769,LOITER,1
88.320,motor 1 back to 100 %,1.0,20.015,-0.001,-0.05,0.06,95.36,-0.24,0.20,0.37,768,769,768,769,LOITER,1
88.340,motor 1 back to 100 %,1.0,20.015,-0.001,-0.34,0.34,95.40,-21.08,20.79,2.40,768,769,768,769,LOITER,1
88.360,motor 1 back to 100 %,1.0,20.016,0.005,-1.27,1.22,95.48,-54.37,49.85,4.69,980,965,729,810,LOITER,1
88.360,motor 1 effectiveness -> 50% (PX4 reads back 0.50),0.5,20.016,0.005,-1.27,1.22,95.48,-54.37,49.85,4.69,980,965,729,810,LOITER,1
88.380,motor 1 effectiveness -> 50% (PX4 reads back 0.50),0.5,20.016,0.005,-2.67,2.34,95.57,-73.96,56.34,7.02,980,965,729,810,LOITER,1
88.400,motor 1 effectiveness -> 50% (PX4 reads back 0.50),0.5,20.016,0.005,-4.24,3.40,95.69,-80.04,51.19,9.28,980,965,729,810,LOITER,1
88.420,motor 1 effectiveness -> 50% (PX4 reads back 0.50),0.5,20.019,-0.104,-5.86,4.39,95.82,-81.46,48.40,11.38,918,932,758,752,LOITER,1
88.440,motor 1 effectiveness -> 50% (PX4 reads back 0.50),0.5,20.019,-0.104,-7.44,5.33,95.97,-79.15,44.63,13.25,918,932,758,752,LOITER,1
88.460,motor 1 effectiveness -> 50% (PX4 reads back 0.50),0.5,20.027,-0.198,-8.92,6.16,96.14,-72.78,37.86,14.80,813,895,746,732,LOITER,1
88.480,motor 1 effectiveness -> 50% (PX4 reads back 0.50),0.5,20.027,-0.198,-10.22,6.85,96.35,-64.28,30.46,16.11,813,895,746,732,LOITER,1
88.500,motor 1 effectiveness -> 50% (PX4 reads back 0.50),0.5,20.027,-0.198,-11.34,7.41,96.59,-55.45,23.96,17.22,813,895,746,732,LOITER,1
88.520,motor 1 effectiveness -> 50% (PX4 reads back 0.50),0.5,20.039,-0.241,-12.28,7.88,96.86,-46.57,18.72,18.26,799,850,752,731,LOITER,1
88.540,motor 1 effectiveness -> 50% (PX4 reads back 0.50),0.5,20.039,-0.241,-13.04,8.26,97.17,-38.15,13.94,18.99,799,850,752,731,LOITER,1
88.560,motor 1 effectiveness -> 50% (PX4 reads back 0.50),0.5,20.056,-0.251,-13.64,8.55,97.50,-30.17,9.35,19.62,774,818,757,742,LOITER,1
88.580,motor 1 effectiveness -> 50% (PX4 reads back 0.50),0.5,20.056,-0.251,-14.08,8.77,97.85,-23.00,5.29,20.00,774,818,757,742,LOITER,1
88.600,motor 1 effectiveness -> 50% (PX4 reads back 0.50),0.5,20.056,-0.251,-14.38,8.92,98.23,-16.31,1.81,20.24,774,818,757,742,LOITER,1
88.620,motor 1 effectiveness -> 50% (PX4 reads back 0.50),0.5,20.070,-0.242,-14.56,9.01,98.62,-10.49,-1.22,20.42,764,797,766,755,LOITER,1
88.640,motor 1 effectiveness -> 50% (PX4 reads back 0.50),0.5,20.070,-0.242,-14.63,9.05,99.03,-5.35,-4.04,20.46,764,797,766,755,LOITER,1
88.660,motor 1 effectiveness -> 50% (PX4 reads back 0.50),0.5,20.084,-0.227,-14.60,9.04,99.44,-0.80,-6.47,20.39,760,779,776,770,LOITER,1
88.680,motor 1 effectiveness -> 50% (PX4 reads back 0.50),0.5,20.084,-0.227,-14.50,8.98,99.87,3.09,-8.61,20.21,760,779,776,770,LOITER,1
88.700,motor 1 effectiveness -> 50% (PX4 reads back 0.50),0.5,20.084,-0.227,-14.32,8.89,100.29,6.59,-10.49,19.92,760,779,776,770,LOITER,1
88.720,motor 1 effectiveness -> 50% (PX4 reads back 0.50),0.5,20.097,-0.213,-14.08,8.76,100.71,9.43,-12.22,19.59,757,769,785,782,LOITER,1
88.740,motor 1 effectiveness -> 50% (PX4 reads back 0.50),0.5,20.097,-0.213,-13.79,8.59,101.14,12.02,-13.81,19.25,757,769,785,782,LOITER,1
88.760,motor 1 effectiveness -> 50% (PX4 reads back 0.50),0.5,20.111,-0.200,-13.45,8.40,101.56,14.14,-15.10,18.83,754,763,793,793,LOITER,1
88.780,motor 1 effectiveness -> 50% (PX4 reads back 0.50),0.5,20.111,-0.200,-13.09,8.17,101.98,15.87,-16.26,18.24,754,763,793,793,LOITER,1
88.800,motor 1 effectiveness -> 50% (PX4 reads back 0.50),0.5,20.111,-0.200,-12.69,7.92,102.39,17.36,-17.36,17.78,754,763,793,793,LOITER,1
88.820,motor 1 effectiveness -> 50% (PX4 reads back 0.50),0.5,20.121,-0.194,-12.27,7.65,102.80,18.68,-18.23,17.15,754,759,799,800,LOITER,1
88.840,motor 1 effectiveness -> 50% (PX4 reads back 0.50),0.5,20.121,-0.194,-11.84,7.35,103.19,19.63,-19.06,16.52,754,759,799,800,LOITER,1
88.860,motor 1 effectiveness -> 50% (PX4 reads back 0.50),0.5,20.131,-0.192,-11.39,7.03,103.58,20.58,-19.83,15.86,756,754,803,804,LOITER,1
88.880,motor 1 effectiveness -> 50% (PX4 reads back 0.50),0.5,20.131,-0.192,-10.92,6.70,103.95,21.21,-20.26,15.23,756,754,803,804,LOITER,1
88.900,motor 1 effectiveness -> 50% (PX4 reads back 0.50),0.5,20.131,-0.192,-10.45,6.36,104.31,21.77,-20.75,14.56,756,754,803,804,LOITER,1
88.920,motor 1 effectiveness -> 50% (PX4 reads back 0.50),0.5,20.141,-0.194,-9.98,6.00,104.65,22.15,-21.07,13.88,755,752,804,807,LOITER,1
88.940,motor 1 effectiveness -> 50% (PX4 reads back 0.50),0.5,20.141,-0.194,-9.50,5.62,104.99,22.47,-21.53,13.24,755,752,804,807,LOITER,1
88.960,motor 1 effectiveness -> 50% (PX4 reads back 0.50),0.5,20.153,-0.200,-9.03,5.24,105.31,22.63,-21.54,12.61,753,750,804,806,LOITER,1
88.980,motor 1 effectiveness -> 50% (PX4 reads back 0.50),0.5,20.153,-0.200,-8.55,4.85,105.61,22.81,-21.69,11.84,753,750,804,806,LOITER,1
89.000,motor 1 effectiveness -> 50% (PX4 reads back 0.50),0.5,20.153,-0.200,-8.08,4.46,105.90,22.70,-21.68,11.26,753,750,804,806,LOITER,1
89.020,motor 1 effectiveness -> 50% (PX4 reads back 0.50),0.5,20.163,-0.206,-7.60,4.06,106.17,22.74,-21.59,10.56,754,747,802,805,LOITER,1
89.040,motor 1 effectiveness -> 50% (PX4 reads back 0.50),0.5,20.163,-0.206,-7.14,3.67,106.43,22.58,-21.39,9.91,754,747,802,805,LOITER,1
89.060,motor 1 effectiveness -> 50% (PX4 reads back 0.50),0.5,20.174,-0.213,-6.68,3.27,106.67,22.43,-21.15,9.23,754,745,799,802,LOITER,1
89.080,motor 1 effectiveness -> 50% (PX4 reads back 0.50),0.5,20.174,-0.213,-6.23,2.88,106.89,22.12,-20.94,8.62,754,745,799,802,LOITER,1
89.100,motor 1 effectiveness -> 50% (PX4 reads back 0.50),0.5,20.174,-0.213,-5.78,2.48,107.10,21.93,-20.58,8.00,754,745,799,802,LOITER,1
89.120,motor 1 effectiveness -> 50% (PX4 reads back 0.50),0.5,20.184,-0.218,-5.35,2.10,107.29,21.60,-20.26,7.43,754,743,796,798,LOITER,1
89.140,motor 1 effectiveness -> 50% (PX4 reads back 0.50),0.5,20.184,-0.218,-4.92,1.71,107.47,21.37,-19.86,6.85,754,743,796,798,LOITER,1
89.160,motor 1 effectiveness -> 50% (PX4 reads back 0.50),0.5,20.197,-0.223,-4.49,1.34,107.64,20.94,-19.34,6.30,752,743,792,794,LOITER,1
89.180,motor 1 effectiveness -> 50% (PX4 reads back 0.50),0.5,20.197,-0.223,-4.08,0.97,107.79,20.62,-18.90,5.70,752,743,792,794,LOITER,1
89.200,motor 1 effectiveness -> 50% (PX4 reads back 0.50),0.5,20.197,-0.223,-3.68,0.61,107.92,20.20,-18.34,5.20,752,743,792,794,LOITER,1
89.220,motor 1 effectiveness -> 50% (PX4 reads back 0.50),0.5,20.208,-0.224,-3.28,0.26,108.04,19.78,-17.81,4.72,753,742,788,790,LOITER,1
89.240,motor 1 effectiveness -> 50% (PX4 reads back 0.50),0.5,20.208,-0.224,-2.89,-0.08,108.14,19.25,-17.23,4.26,753,742,788,790,LOITER,1
89.260,motor 1 effectiveness -> 50% (PX4 reads back 0.50),0.5,20.218,-0.223,-2.52,-0.41,108.24,18.80,-16.52,3.79,753,741,784,786,LOITER,1
89.280,motor 1 effectiveness -> 50% (PX4 reads back 0.50),0.5,20.218,-0.223,-2.15,-0.73,108.32,18.30,-16.04,3.32,753,741,784,786,LOITER,1
89.300,motor 1 effectiveness -> 50% (PX4 reads back 0.50),0.5,20.218,-0.223,-1.79,-1.04,108.39,17.83,-15.30,2.87,753,741,784,786,LOITER,1
89.320,motor 1 effectiveness -> 50% (PX4 reads back 0.50),0.5,20.229,-0.220,-1.45,-1.33,108.46,17.35,-14.67,2.52,754,742,780,782,LOITER,1
89.340,motor 1 effectiveness -> 50% (PX4 reads back 0.50),0.5,20.229,-0.220,-1.11,-1.61,108.51,16.86,-13.97,2.10,754,742,780,782,LOITER,1
89.360,motor 1 effectiveness -> 50% (PX4 reads back 0.50),0.5,20.241,-0.214,-0.78,-1.88,108.55,16.34,-13.31,1.80,755,743,776,778,LOITER,1
89.380,motor 1 effectiveness -> 50% (PX4 reads back 0.50),0.5,20.241,-0.214,-0.46,-2.14,108.58,15.90,-12.68,1.46,755,743,776,778,LOITER,1
89.400,motor 1 effectiveness -> 50% (PX4 reads back 0.50),0.5,20.241,-0.214,-0.15,-2.38,108.62,15.34,-11.93,1.19,755,743,776,778,LOITER,1
89.420,motor 1 effectiveness -> 50% (PX4 reads back 0.50),0.5,20.251,-0.207,0.14,-2.61,108.64,14.82,-11.33,0.91,756,744,773,775,LOITER,1
89.440,motor 1 effectiveness -> 50% (PX4 reads back 0.50),0.5,20.251,-0.207,0.43,-2.82,108.66,14.27,-10.58,0.62,756,744,773,775,LOITER,1
89.460,motor 1 effectiveness -> 50% (PX4 reads back 0.50),0.5,20.260,-0.198,0.71,-3.03,108.67,13.73,-9.94,0.33,758,746,770,772,LOITER,1
89.480,motor 1 effectiveness -> 50% (PX4 reads back 0.50),0.5,20.260,-0.198,0.98,-3.22,108.68,13.31,-9.39,0.18,758,746,770,772,LOITER,1
89.500,motor 1 effectiveness -> 50% (PX4 reads back 0.50),0.5,20.260,-0.198,1.24,-3.40,108.68,12.73,-8.69,-0.03,758,746,770,772,LOITER,1
89.520,motor 1 effectiveness -> 50% (PX4 reads back 0.50),0.5,20.269,-0.188,1.49,-3.56,108.68,12.18,-8.04,-0.23,759,748,768,770,LOITER,1
89.540,motor 1 effectiveness -> 50% (PX4 reads back 0.50),0.5,20.269,-0.188,1.73,-3.71,108.68,11.75,-7.47,-0.40,759,748,768,770,LOITER,1
89.560,motor 1 effectiveness -> 50% (PX4 reads back 0.50),0.5,20.278,-0.174,1.96,-3.85,108.68,11.17,-6.78,-0.50,760,749,766,768,LOITER,1
89.580,motor 1 effectiveness -> 50% (PX4 reads back 0.50),0.5,20.278,-0.174,2.18,-3.98,108.67,10.76,-6.38,-0.65,760,749,766,768,LOITER,1
89.600,motor 1 effectiveness -> 50% (PX4 reads back 0.50),0.5,20.278,-0.174,2.39,-4.10,108.66,10.32,-5.82,-0.74,760,749,766,768,LOITER,1
89.620,motor 1 effectiveness -> 50% (PX4 reads back 0.50),0.5,20.286,-0.162,2.60,-4.21,108.65,9.90,-5.24,-0.83,761,751,764,766,LOITER,1
89.640,motor 1 effectiveness -> 50% (PX4 reads back 0.50),0.5,20.286,-0.162,2.79,-4.31,108.64,9.36,-4.77,-0.89,761,751,764,766,LOITER,1
89.660,motor 1 effectiveness -> 50% (PX4 reads back 0.50),0.5,20.292,-0.149,2.98,-4.40,108.63,8.88,-4.29,-0.99,762,753,763,765,LOITER,1
89.680,motor 1 effectiveness -> 50% (PX4 reads back 0.50),0.5,20.292,-0.149,3.16,-4.48,108.62,8.50,-3.86,-1.07,762,753,763,765,LOITER,1
89.700,motor 1 effectiveness -> 50% (PX4 reads back 0.50),0.5,20.292,-0.149,3.33,-4.55,108.61,8.08,-3.31,-1.11,762,753,763,765,LOITER,1
89.720,motor 1 effectiveness -> 50% (PX4 reads back 0.50),0.5,20.298,-0.136,3.49,-4.61,108.60,7.59,-2.95,-1.15,763,754,762,765,LOITER,1
89.740,motor 1 effectiveness -> 50% (PX4 reads back 0.50),0.5,20.298,-0.136,3.64,-4.66,108.58,7.29,-2.50,-1.20,763,754,762,765,LOITER,1
89.760,motor 1 effectiveness -> 50% (PX4 reads back 0.50),0.5,20.304,-0.120,3.79,-4.70,108.57,6.90,-2.06,-1.20,764,755,761,764,LOITER,1
89.780,motor 1 effectiveness -> 50% (PX4 reads back 0.50),0.5,20.304,-0.120,3.92,-4.74,108.56,6.38,-1.74,-1.25,764,755,761,764,LOITER,1
89.800,motor 1 effectiveness -> 50% (PX4 reads back 0.50),0.5,20.304,-0.120,4.05,-4.76,108.55,6.01,-1.44,-1.24,764,755,761,764,LOITER,1
89.820,motor 1 effectiveness -> 50% (PX4 reads back 0.50),0.5,20.308,-0.106,4.17,-4.79,108.53,5.61,-1.08,-1.27,765,756,761,763,LOITER,1
89.840,motor 1 effectiveness -> 50% (PX4 reads back 0.50),0.5,20.308,-0.106,4.29,-4.80,108.52,5.27,-0.66,-1.33,765,756,761,763,LOITER,1
89.860,motor 1 effectiveness -> 50% (PX4 reads back 0.50),0.5,20.312,-0.093,4.40,-4.81,108.51,4.89,-0.40,-1.28,765,757,761,763,LOITER,1
89.880,motor 1 effectiveness -> 50% (PX4 reads back 0.50),0.5,20.312,-0.093,4.50,-4.81,108.50,4.48,-0.13,-1.32,765,757,761,763,LOITER,1
89.900,motor 1 effectiveness -> 50% (PX4 reads back 0.50),0.5,20.312,-0.093,4.59,-4.81,108.49,4.26,0.18,-1.29,765,757,761,763,LOITER,1
89.920,motor 1 effectiveness -> 50% (PX4 reads back 0.50),0.5,20.315,-0.080,4.68,-4.80,108.48,3.88,0.54,-1.33,765,758,760,763,LOITER,1
89.940,motor 1 effectiveness -> 50% (PX4 reads back 0.50),0.5,20.315,-0.080,4.76,-4.78,108.47,3.64,0.67,-1.17,765,758,760,763,LOITER,1
89.960,motor 1 effectiveness -> 50% (PX4 reads back 0.50),0.5,20.317,-0.064,4.83,-4.77,108.47,3.17,1.00,-1.23,767,760,760,762,LOITER,1
89.980,motor 1 effectiveness -> 50% (PX4 reads back 0.50),0.5,20.317,-0.064,4.90,-4.74,108.46,2.87,1.31,-1.17,767,760,760,762,LOITER,1
90.000,motor 1 effectiveness -> 50% (PX4 reads back 0.50),0.5,20.317,-0.064,4.96,-4.71,108.46,2.54,1.57,-1.14,767,760,760,762,LOITER,1
90.020,motor 1 effectiveness -> 50% (PX4 reads back 0.50),0.5,20.319,-0.052,5.01,-4.67,108.45,2.13,1.88,-1.06,770,764,758,761,LOITER,1
90.040,motor 1 effectiveness -> 50% (PX4 reads back 0.50),0.5,20.319,-0.052,5.05,-4.63,108.46,1.80,2.15,-0.94,770,764,758,761,LOITER,1
90.060,motor 1 effectiveness -> 50% (PX4 reads back 0.50),0.5,20.320,-0.040,5.09,-4.58,108.46,1.43,2.36,-0.79,773,767,755,758,LOITER,1
90.080,motor 1 effectiveness -> 50% (PX4 reads back 0.50),0.5,20.320,-0.040,5.12,-4.53,108.47,1.01,2.59,-0.66,773,767,755,758,LOITER,1
90.100,motor 1 effectiveness -> 50% (PX4 reads back 0.50),0.5,20.320,-0.040,5.14,-4.47,108.48,0.75,2.82,-0.52,773,767,755,758,LOITER,1
90.120,motor 1 effectiveness -> 50% (PX4 reads back 0.50),0.5,20.321,-0.029,5.16,-4.41,108.49,0.39,3.01,-0.27,777,771,752,755,LOITER,1
90.140,motor 1 effectiveness -> 50% (PX4 reads back 0.50),0.5,20.321,-0.029,5.17,-4.35,108.51,0.01,3.22,-0.01,777,771,752,755,LOITER,1
90.160,motor 1 effectiveness -> 50% (PX4 reads back 0.50),0.5,20.322,-0.017,5.17,-4.29,108.54,-0.18,3.25,0.23,780,774,749,752,LOITER,1
90.180,motor 1 effectiveness -> 50% (PX4 reads back 0.50),0.5,20.322,-0.017,5.16,-4.22,108.57,-0.56,3.41,0.52,780,774,749,752,LOITER,1
90.200,motor 1 effectiveness -> 50% (PX4 reads back 0.50),0.5,20.322,-0.017,5.15,-4.15,108.61,-0.93,3.60,0.82,780,774,749,752,LOITER,1
90.220,motor 1 effectiveness -> 50% (PX4 reads back 0.50),0.5,20.322,-0.007,5.13,-4.08,108.66,-1.16,3.60,1.13,782,778,746,749,LOITER,1
90.240,motor 1 effectiveness -> 50% (PX4 reads back 0.50),0.5,20.322,-0.007,5.11,-4.01,108.71,-1.45,3.65,1.51,782,778,746,749,LOITER,1
90.260,motor 1 effectiveness -> 50% (PX4 reads back 0.50),0.5,20.322,0.002,5.08,-3.94,108.77,-1.72,3.78,1.90,784,782,743,747,LOITER,1
90.280,motor 1 effectiveness -> 50% (PX4 reads back 0.50),0.5,20.322,0.002,5.04,-3.87,108.84,-1.96,3.71,2.34,784,782,743,747,LOITER,1
90.300,motor 1 effectiveness -> 50% (PX4 reads back 0.50),0.5,20.322,0.002,5.00,-3.80,108.92,-2.16,3.61,2.76,784,782,743,747,LOITER,1
90.320,motor 1 effectiveness -> 50% (PX4 reads back 0.50),0.5,20.321,0.011,4.95,-3.73,109.01,-2.34,3.76,3.13,787,784,741,744,LOITER,1
90.340,motor 1 effectiveness -> 50% (PX4 reads back 0.50),0.5,20.321,0.011,4.90,-3.66,109.10,-2.55,3.67,3.59,787,784,741,744,LOITER,1
90.360,motor 1 effectiveness -> 50% (PX4 reads back 0.50),0.5,20.320,0.022,4.85,-3.60,109.21,-2.66,3.56,4.12,789,786,739,742,LOITER,1
90.380,motor 1 effectiveness -> 50% (PX4 reads back 0.50),0.5,20.320,0.022,4.79,-3.54,109.32,-2.85,3.52,4.59,789,786,739,742,LOITER,1
90.400,motor 1 effectiveness -> 50% (PX4 reads back 0.50),0.5,20.320,0.022,4.73,-3.48,109.44,-3.09,3.37,5.01,789,786,739,742,LOITER,1
90.420,motor 1 effectiveness -> 50% (PX4 reads back 0.50),0.5,20.318,0.030,4.66,-3.42,109.57,-3.28,3.33,5.57,791,789,738,740,LOITER,1
90.440,motor 1 effectiveness -> 50% (PX4 reads back 0.50),0.5,20.318,0.030,4.59,-3.37,109.72,-3.44,3.22,6.10,791,789,738,740,LOITER,1
90.460,motor 1 effectiveness -> 50% (PX4 reads back 0.50),0.5,20.316,0.037,4.51,-3.31,109.87,-3.54,3.12,6.64,792,791,736,739,LOITER,1
90.480,motor 1 effectiveness -> 50% (PX4 reads back 0.50),0.5,20.316,0.037,4.44,-3.26,110.03,-3.63,2.94,7.16,792,791,736,739,LOITER,1
90.500,motor 1 effectiveness -> 50% (PX4 reads back 0.50),0.5,20.316,0.037,4.36,-3.22,110.21,-3.76,2.83,7.76,792,791,736,739,LOITER,1
90.520,motor 1 effectiveness -> 50% (PX4 reads back 0.50),0.5,20.314,0.045,4.27,-3.18,110.39,-3.92,2.68,8.28,793,792,735,738,LOITER,1
90.540,motor 1 effectiveness -> 50% (PX4 reads back 0.50),0.5,20.314,0.045,4.19,-3.14,110.59,-3.95,2.51,8.81,793,792,735,738,LOITER,1
90.560,motor 1 effectiveness -> 50% (PX4 reads back 0.50),0.5,20.311,0.053,4.10,-3.10,110.79,-4.08,2.45,9.36,794,793,735,738,LOITER,1
90.580,motor 1 effectiveness -> 50% (PX4 reads back 0.50),0.5,20.311,0.053,4.01,-3.07,111.01,-4.20,2.22,9.95,794,793,735,738,LOITER,1
90.600,motor 1 effectiveness -> 50% (PX4 reads back 0.50),0.5,20.311,0.053,3.91,-3.05,111.23,-4.34,2.04,10.47,794,793,735,738,LOITER,1
90.620,motor 1 effectiveness -> 50% (PX4 reads back 0.50),0.5,20.308,0.059,3.81,-3.02,111.47,-4.40,1.86,11.10,794,794,735,737,LOITER,1
90.640,motor 1 effectiveness -> 50% (PX4 reads back 0.50),0.5,20.308,0.059,3.72,-3.00,111.72,-4.44,1.74,11.59,794,794,735,737,LOITER,1
90.660,motor 1 effectiveness -> 50% (PX4 reads back 0.50),0.5,20.305,0.065,3.62,-2.99,111.98,-4.47,1.54,12.17,794,795,735,738,LOITER,1
90.680,motor 1 effectiveness -> 50% (PX4 reads back 0.50),0.5,20.305,0.065,3.51,-2.98,112.25,-4.58,1.28,12.72,794,795,735,738,LOITER,1
90.700,motor 1 effectiveness -> 50% (PX4 reads back 0.50),0.5,20.305,0.065,3.41,-2.97,112.52,-4.63,1.21,13.23,794,795,735,738,LOITER,1
90.720,motor 1 effectiveness -> 50% (PX4 reads back 0.50),0.5,20.302,0.071,3.30,-2.96,112.81,-4.76,0.99,13.82,795,795,735,738,LOITER,1
90.740,motor 1 effectiveness -> 50% (PX4 reads back 0.50),0.5,20.302,0.071,3.20,-2.96,113.11,-4.77,0.81,14.37,795,795,735,738,LOITER,1
90.760,motor 1 effectiveness -> 50% (PX4 reads back 0.50),0.5,20.297,0.077,3.09,-2.97,113.42,-4.90,0.56,14.90,795,795,737,738,LOITER,1
90.780,motor 1 effectiveness -> 50% (PX4 reads back 0.50),0.5,20.297,0.077,2.98,-2.97,113.74,-4.86,0.55,15.43,795,795,737,738,LOITER,1
90.800,motor 1 effectiveness -> 50% (PX4 reads back 0.50),0.5,20.297,0.077,2.86,-2.98,114.07,-4.80,0.39,15.90,795,795,737,738,LOITER,1
90.820,motor 1 effectiveness -> 50% (PX4 reads back 0.50),0.5,20.293,0.082,2.75,-2.99,114.41,-4.96,0.19,16.48,795,795,737,739,LOITER,1
90.840,motor 1 effectiveness -> 50% (PX4 reads back 0.50),0.5,20.293,0.082,2.64,-3.01,114.76,-4.95,0.10,16.92,795,795,737,739,LOITER,1
90.860,motor 1 effectiveness -> 50% (PX4 reads back 0.50),0.5,20.289,0.086,2.52,-3.02,115.12,-4.96,-0.04,17.46,794,795,737,739,LOITER,1
90.880,motor 1 effectiveness -> 50% (PX4 reads back 0.50),0.5,20.289,0.086,2.40,-3.04,115.49,-5.02,-0.22,18.01,794,795,737,739,LOITER,1
90.900,motor 1 effectiveness -> 50% (PX4 reads back 0.50),0.5,20.289,0.086,2.28,-3.06,115.87,-5.03,-0.25,18.43,794,795,737,739,LOITER,1
90.920,motor 1 effectiveness -> 50% (PX4 reads back 0.50),0.5,20.284,0.090,2.16,-3.09,116.25,-5.07,-0.48,18.91,794,795,738,740,LOITER,1
90.940,motor 1 effectiveness -> 50% (PX4 reads back 0.50),0.5,20.284,0.090,2.04,-3.11,116.65,-5.12,-0.47,19.47,794,795,738,740,LOITER,1
90.960,motor 1 effectiveness -> 50% (PX4 reads back 0.50),0.5,20.279,0.094,1.92,-3.14,117.06,-4.96,-0.70,19.88,795,794,739,741,LOITER,1
90.980,motor 1 effectiveness -> 50% (PX4 reads back 0.50),0.5,20.279,0.094,1.80,-3.17,117.47,-5.01,-0.79,20.33,795,794,739,741,LOITER,1
91.000,motor 1 effectiveness -> 50% (PX4 reads back 0.50),0.5,20.279,0.094,1.68,-3.20,117.89,-4.98,-0.94,20.77,795,794,739,741,LOITER,1
91.020,motor 1 effectiveness -> 50% (PX4 reads back 0.50),0.5,20.274,0.097,1.56,-3.23,118.33,-4.89,-1.03,21.21,795,795,740,741,LOITER,1
91.040,motor 1 effectiveness -> 50% (PX4 reads back 0.50),0.5,20.274,0.097,1.44,-3.26,118.77,-4.88,-1.05,21.71,795,795,740,741,LOITER,1
91.060,motor 1 effectiveness -> 50% (PX4 reads back 0.50),0.5,20.270,0.099,1.31,-3.30,119.22,-4.83,-1.16,22.07,794,795,740,742,LOITER,1
91.080,motor 1 effectiveness -> 50% (PX4 reads back 0.50),0.5,20.270,0.099,1.19,-3.33,119.68,-4.78,-1.34,22.58,794,795,740,742,LOITER,1
91.100,motor 1 effectiveness -> 50% (PX4 reads back 0.50),0.5,20.270,0.099,1.07,-3.37,120.15,-4.81,-1.42,22.95,794,795,740,742,LOITER,1
91.120,motor 1 effectiveness -> 50% (PX4 reads back 0.50),0.5,20.265,0.101,0.95,-3.41,120.62,-4.75,-1.49,23.35,794,795,741,742,LOITER,1
91.140,motor 1 effectiveness -> 50% (PX4 reads back 0.50),0.5,20.265,0.101,0.83,-3.45,121.11,-4.61,-1.54,23.83,794,795,741,742,LOITER,1
91.160,motor 1 effectiveness -> 50% (PX4 reads back 0.50),0.5,20.260,0.103,0.70,-3.49,121.60,-4.61,-1.56,24.17,793,794,742,743,LOITER,1
91.180,motor 1 effectiveness -> 50% (PX4 reads back 0.50),0.5,20.260,0.103,0.59,-3.53,122.10,-4.46,-1.71,24.55,793,794,742,743,LOITER,1
91.192,motor 1 effectiveness -> 50% (PX4 reads back 0.50),0.5,20.260,0.103,0.51,-3.55,122.40,-4.42,-1.62,24.99,793,794,742,743,LOITER,1
91.220,motor 1 effectiveness -> 50% (PX4 reads back 0.50),0.5,20.256,0.104,0.42,-3.58,122.81,-4.33,-1.69,25.39,792,795,742,743,LOITER,1
91.240,motor 1 effectiveness -> 50% (PX4 reads back 0.50),0.5,20.256,0.104,0.30,-3.62,123.33,-4.19,-1.83,25.79,792,795,742,743,LOITER,1
91.260,motor 1 effectiveness -> 50% (PX4 reads back 0.50),0.5,20.251,0.106,0.18,-3.66,123.86,-4.05,-1.97,26.16,796,795,742,743,LOITER,1
91.280,motor 1 effectiveness -> 50% (PX4 reads back 0.50),0.5,20.251,0.106,0.07,-3.70,124.39,-4.09,-1.89,26.53,796,795,742,743,LOITER,1
91.300,motor 1 effectiveness -> 50% (PX4 reads back 0.50),0.5,20.251,0.106,-0.05,-3.74,124.93,-4.12,-1.88,26.96,796,795,742,743,LOITER,1
91.320,motor 1 effectiveness -> 50% (PX4 reads back 0.50),0.5,20.246,0.107,-0.17,-3.77,125.48,-4.06,-1.84,27.40,796,797,742,742,LOITER,1
91.340,motor 1 effectiveness -> 50% (PX4 reads back 0.50),0.5,20.246,0.107,-0.28,-3.81,126.04,-3.95,-1.78,27.73,796,797,742,742,LOITER,1
91.360,motor 1 effectiveness -> 50% (PX4 reads back 0.50),0.5,20.241,0.108,-0.40,-3.84,126.60,-3.81,-1.72,28.19,796,798,741,742,LOITER,1
91.380,motor 1 effectiveness -> 50% (PX4 reads back 0.50),0.5,20.241,0.108,-0.51,-3.87,127.18,-3.69,-1.77,28.62,796,798,741,742,LOITER,1
91.400,motor 1 effectiveness -> 50% (PX4 reads back 0.50),0.5,20.241,0.108,-0.62,-3.90,127.76,-3.49,-1.73,29.02,796,798,741,742,LOITER,1
91.420,motor 1 effectiveness -> 50% (PX4 reads back 0.50),0.5,20.236,0.108,-0.73,-3.93,128.34,-3.37,-1.68,29.46,797,798,741,742,LOITER,1
91.440,motor 1 effectiveness -> 50% (PX4 reads back 0.50),0.5,20.236,0.108,-0.84,-3.96,128.94,-3.34,-1.64,29.82,797,798,741,742,LOITER,1
91.460,motor 1 effectiveness -> 50% (PX4 reads back 0.50),0.5,20.230,0.108,-0.95,-3.98,129.55,-3.15,-1.55,30.24,796,799,741,743,LOITER,1
91.480,motor 1 effectiveness -> 50% (PX4 reads back 0.50),0.5,20.230,0.108,-1.06,-4.01,130.16,-2.91,-1.69,30.64,796,799,741,743,LOITER,1
91.500,motor 1 effectiveness -> 50% (PX4 reads back 0.50),0.5,20.230,0.108,-1.16,-4.03,130.78,-2.80,-1.69,31.00,796,799,741,743,LOITER,1
91.520,motor 1 effectiveness -> 50% (PX4 reads back 0.50),0.5,20.225,0.107,-1.26,-4.05,131.41,-2.67,-1.70,31.49,797,799,741,743,LOITER,1
91.540,motor 1 effectiveness -> 50% (PX4 reads back 0.50),0.5,20.225,0.107,-1.35,-4.07,132.05,-2.52,-1.67,31.83,797,799,741,743,LOITER,1
91.560,motor 1 effectiveness -> 50% (PX4 reads back 0.50),0.5,20.220,0.107,-1.45,-4.09,132.70,-2.34,-1.68,32.27,797,799,741,743,LOITER,1
91.580,motor 1 effectiveness -> 50% (PX4 reads back 0.50),0.5,20.220,0.107,-1.54,-4.11,133.36,-2.08,-1.69,32.64,797,799,741,743,LOITER,1
91.600,motor 1 effectiveness -> 50% (PX4 reads back 0.50),0.5,20.220,0.107,-1.63,-4.13,134.02,-1.88,-1.65,33.00,797,799,741,743,LOITER,1
91.620,motor 1 effectiveness -> 50% (PX4 reads back 0.50),0.5,20.216,0.106,-1.71,-4.15,134.70,-1.76,-1.70,33.37,797,799,741,744,LOITER,1
91.640,motor 1 effectiveness -> 50% (PX4 reads back 0.50),0.5,20.216,0.106,-1.80,-4.16,135.38,-1.53,-1.69,33.75,797,799,741,744,LOITER,1
91.660,motor 1 effectiveness -> 50% (PX4 reads back 0.50),0.5,20.210,0.105,-1.88,-4.18,136.07,-1.41,-1.80,34.12,798,799,742,743,LOITER,1
91.680,motor 1 effectiveness -> 50% (PX4 reads back 0.50),0.5,20.210,0.105,-1.96,-4.19,136.77,-1.32,-1.73,34.46,798,799,742,743,LOITER,1
91.700,motor 1 effectiveness -> 50% (PX4 reads back 0.50),0.5,20.210,0.105,-2.03,-4.20,137.47,-1.17,-1.81,34.90,798,799,742,743,LOITER,1
91.720,motor 1 effectiveness -> 50% (PX4 reads back 0.50),0.5,20.205,0.104,-2.11,-4.21,138.19,-1.03,-1.76,35.26,798,799,742,744,LOITER,1
91.740,motor 1 effectiveness -> 50% (PX4 reads back 0.50),0.5,20.205,0.104,-2.18,-4.23,138.91,-0.88,-1.86,35.62,798,799,742,744,LOITER,1
91.760,motor 1 effectiveness -> 50% (PX4 reads back 0.50),0.5,20.200,0.103,-2.25,-4.24,139.64,-0.70,-1.81,35.97,798,800,741,744,LOITER,1
91.780,motor 1 effectiveness -> 50% (PX4 reads back 0.50),0.5,20.200,0.103,-2.32,-4.25,140.38,-0.56,-1.85,36.41,798,800,741,744,LOITER,1
91.800,motor 1 effectiveness -> 50% (PX4 reads back 0.50),0.5,20.200,0.103,-2.39,-4.25,141.13,-0.36,-1.84,36.73,798,800,741,744,LOITER,1
91.820,motor 1 effectiveness -> 50% (PX4 reads back 0.50),0.5,20.195,0.102,-2.45,-4.26,141.88,-0.21,-1.89,37.12,799,801,741,745,LOITER,1
91.840,motor 1 effectiveness -> 50% (PX4 reads back 0.50),0.5,20.195,0.102,-2.51,-4.27,142.64,0.02,-2.03,37.49,799,801,741,745,LOITER,1
91.860,motor 1 effectiveness -> 50% (PX4 reads back 0.50),0.5,20.190,0.100,-2.57,-4.28,143.42,0.00,-2.00,37.82,799,802,742,744,LOITER,1
91.880,motor 1 effectiveness -> 50% (PX4 reads back 0.50),0.5,20.190,0.100,-2.62,-4.29,144.20,0.22,-2.04,38.27,799,802,742,744,LOITER,1
91.900,motor 1 effectiveness -> 50% (PX4 reads back 0.50),0.5,20.190,0.100,-2.68,-4.29,144.98,0.28,-2.12,38.64,799,802,742,744,LOITER,1
91.920,motor 1 effectiveness -> 50% (PX4 reads back 0.50),0.5,20.184,0.097,-2.73,-4.30,145.77,0.43,-2.08,39.02,800,802,742,745,LOITER,1
91.940,motor 1 effectiveness -> 50% (PX4 reads back 0.50),0.5,20.184,0.097,-2.78,-4.31,146.57,0.63,-2.17,39.38,800,802,742,745,LOITER,1
91.960,motor 1 effectiveness -> 50% (PX4 reads back 0.50),0.5,20.179,0.095,-2.83,-4.31,147.38,0.80,-2.28,39.75,798,800,744,747,LOITER,1
91.980,motor 1 effectiveness -> 50% (PX4 reads back 0.50),0.5,20.179,0.095,-2.87,-4.32,148.19,1.03,-2.46,40.03,798,800,744,747,LOITER,1
92.000,motor 1 effectiveness -> 50% (PX4 reads back 0.50),0.5,20.179,0.095,-2.91,-4.33,149.02,1.28,-2.43,40.36,798,800,744,747,LOITER,1
92.020,motor 1 effectiveness -> 50% (PX4 reads back 0.50),0.5,20.174,0.092,-2.95,-4.34,149.84,1.49,-2.66,40.57,794,798,746,751,LOITER,1
92.040,motor 1 effectiveness -> 50% (PX4 reads back 0.50),0.5,20.174,0.092,-2.98,-4.35,150.67,1.84,-2.69,40.81,794,798,746,751,LOITER,1
92.060,motor 1 effectiveness -> 50% (PX4 reads back 0.50),0.5,20.168,0.089,-3.01,-4.37,151.51,2.08,-2.88,40.96,791,793,751,754,LOITER,1
92.080,motor 1 effectiveness -> 50% (PX4 reads back 0.50),0.5,20.168,0.089,-3.03,-4.39,152.35,2.28,-2.95,41.16,791,793,751,754,LOITER,1
92.100,motor 1 effectiveness -> 50% (PX4 reads back 0.50),0.5,20.168,0.089,-3.05,-4.40,153.19,2.67,-3.10,41.30,791,793,751,754,LOITER,1
92.120,motor 1 effectiveness -> 50% (PX4 reads back 0.50),0.5,20.162,0.086,-3.06,-4.42,154.03,2.87,-3.15,41.42,788,790,754,758,LOITER,1
92.140,motor 1 effectiveness -> 50% (PX4 reads back 0.50),0.5,20.162,0.086,-3.07,-4.45,154.88,3.08,-3.37,41.47,788,790,754,758,LOITER,1
92.160,motor 1 effectiveness -> 50% (PX4 reads back 0.50),0.5,20.157,0.084,-3.07,-4.47,155.73,3.37,-3.32,41.45,784,787,758,763,LOITER,1
92.180,motor 1 effectiveness -> 50% (PX4 reads back 0.50),0.5,20.157,0.084,-3.07,-4.50,156.57,3.66,-3.49,41.47,784,787,758,763,LOITER,1
92.200,motor 1 effectiveness -> 50% (PX4 reads back 0.50),0.5,20.157,0.084,-3.07,-4.52,157.41,3.89,-3.57,41.43,784,787,758,763,LOITER,1
92.220,motor 1 effectiveness -> 50% (PX4 reads back 0.50),0.5,20.152,0.081,-3.06,-4.55,158.26,4.10,-3.59,41.35,782,784,761,766,LOITER,1
92.240,motor 1 effectiveness -> 50% (PX4 reads back 0.50),0.5,20.152,0.081,-3.04,-4.58,159.10,4.37,-3.53,41.25,782,784,761,766,LOITER,1
92.260,motor 1 effectiveness -> 50% (PX4 reads back 0.50),0.5,20.146,0.077,-3.03,-4.61,159.93,4.56,-3.51,41.13,779,781,765,769,LOITER,1
92.280,motor 1 effectiveness -> 50% (PX4 reads back 0.50),0.5,20.146,0.077,-3.00,-4.64,160.77,4.75,-3.60,41.05,779,781,765,769,LOITER,1
92.300,motor 1 effectiveness -> 50% (PX4 reads back 0.50),0.5,20.146,0.077,-2.98,-4.67,161.60,4.99,-3.46,40.87,779,781,765,769,LOITER,1
92.320,motor 1 effectiveness -> 50% (PX4 reads back 0.50),0.5,20.142,0.074,-2.95,-4.70,162.43,5.15,-3.50,40.63,777,779,767,771,LOITER,1
92.340,motor 1 effectiveness -> 50% (PX4 reads back 0.50),0.5,20.142,0.074,-2.91,-4.73,163.26,5.33,-3.48,40.48,777,779,767,771,LOITER,1
92.360,motor 1 effectiveness -> 50% (PX4 reads back 0.50),0.5,20.138,0.070,-2.88,-4.76,164.08,5.57,-3.45,40.36,776,776,768,773,LOITER,1
92.380,motor 1 effectiveness -> 50% (PX4 reads back 0.50),0.5,20.138,0.070,-2.83,-4.79,164.90,5.67,-3.26,40.08,776,776,768,773,LOITER,1
92.400,motor 1 effectiveness -> 50% (PX4 reads back 0.50),0.5,20.138,0.070,-2.79,-4.81,165.72,5.83,-3.14,39.89,776,776,768,773,LOITER,1
92.420,motor 1 effectiveness -> 50% (PX4 reads back 0.50),0.5,20.134,0.066,-2.74,-4.84,166.53,5.90,-3.23,39.58,775,776,769,775,LOITER,1
92.440,motor 1 effectiveness -> 50% (PX4 reads back 0.50),0.5,20.134,0.066,-2.70,-4.86,167.34,6.00,-3.04,39.37,775,776,769,775,LOITER,1
92.460,motor 1 effectiveness -> 50% (PX4 reads back 0.50),0.5,20.131,0.061,-2.65,-4.89,168.14,6.07,-2.84,39.15,775,775,770,774,LOITER,1
92.480,motor 1 effectiveness -> 50% (PX4 reads back 0.50),0.5,20.131,0.061,-2.59,-4.91,168.93,6.09,-2.74,38.91,775,775,770,774,LOITER,1
92.500,motor 1 effectiveness -> 50% (PX4 reads back 0.50),0.5,20.131,0.061,-2.54,-4.93,169.73,6.26,-2.70,38.69,775,775,770,774,LOITER,1
92.520,motor 1 effectiveness -> 50% (PX4 reads back 0.50),0.5,20.128,0.057,-2.49,-4.94,170.52,6.19,-2.41,38.37,774,775,769,775,LOITER,1
92.540,motor 1 effectiveness -> 50% (PX4 reads back 0.50),0.5,20.128,0.057,-2.43,-4.96,171.30,6.33,-2.46,38.18,774,775,769,775,LOITER,1
92.560,motor 1 effectiveness -> 50% (PX4 reads back 0.50),0.5,20.126,0.054,-2.37,-4.97,172.08,6.33,-2.32,38.03,775,775,768,774,LOITER,1
92.580,motor 1 effectiveness -> 50% (PX4 reads back 0.50),0.5,20.126,0.054,-2.31,-4.99,172.85,6.39,-2.21,37.77,775,775,768,774,LOITER,1
92.600,motor 1 effectiveness -> 50% (PX4 reads back 0.50),0.5,20.126,0.054,-2.25,-5.00,173.62,6.41,-2.01,37.56,775,775,768,774,LOITER,1
92.620,motor 1 effectiveness -> 50% (PX4 reads back 0.50),0.5,20.124,0.050,-2.19,-5.01,174.38,6.48,-2.03,37.34,776,776,767,774,LOITER,1
92.640,motor 1 effectiveness -> 50% (PX4 reads back 0.50),0.5,20.124,0.050,-2.13,-5.02,175.14,6.41,-1.88,37.19,776,776,767,774,LOITER,1
92.660,motor 1 effectiveness -> 50% (PX4 reads back 0.50),0.5,20.122,0.046,-2.07,-5.03,175.90,6.45,-1.69,37.04,777,777,766,772,LOITER,1
92.680,motor 1 effectiveness -> 50% (PX4 reads back 0.50),0.5,20.122,0.046,-2.01,-5.03,176.65,6.46,-1.62,36.85,777,777,766,772,LOITER,1
92.700,motor 1 effectiveness -> 50% (PX4 reads back 0.50),0.5,20.122,0.046,-1.94,-5.04,177.40,6.46,-1.48,36.72,777,777,766,772,LOITER,1
92.720,motor 1 effectiveness -> 50% (PX4 reads back 0.50),0.5,20.120,0.043,-1.88,-5.04,178.14,6.53,-1.29,36.54,778,777,765,771,LOITER,1
92.740,motor 1 effectiveness -> 50% (PX4 reads back 0.50),0.5,20.120,0.043,-1.82,-5.04,178.88,6.53,-1.23,36.44,778,777,765,771,LOITER,1
92.760,motor 1 effectiveness -> 50% (PX4 reads back 0.50),0.5,20.119,0.039,-1.75,-5.04,179.62,6.48,-1.08,36.24,778,778,764,770,LOITER,1
92.780,motor 1 effectiveness -> 50% (PX4 reads back 0.50),0.5,20.119,0.039,-1.69,-5.04,-179.65,6.50,-0.99,36.17,778,778,764,770,LOITER,1
92.800,motor 1 effectiveness -> 50% (PX4 reads back 0.50),0.5,20.119,0.039,-1.62,-5.04,-178.92,6.57,-0.96,36.00,778,778,764,770,LOITER,1
92.820,motor 1 effectiveness -> 50% (PX4 reads back 0.50),0.5,20.117,0.036,-1.55,-5.03,-178.19,6.57,-0.81,35.89,778,777,764,770,LOITER,1
92.840,motor 1 effectiveness -> 50% (PX4 reads back 0.50),0.5,20.117,0.036,-1.49,-5.03,-177.47,6.59,-0.88,35.72,778,777,764,770,LOITER,1
92.860,motor 1 effectiveness -> 50% (PX4 reads back 0.50),0.5,20.115,0.033,-1.42,-5.03,-176.75,6.66,-0.84,35.51,775,775,766,771,LOITER,1
92.880,motor 1 effectiveness -> 50% (PX4 reads back 0.50),0.5,20.115,0.033,-1.35,-5.03,-176.04,6.75,-0.76,35.38,775,775,766,771,LOITER,1
92.900,motor 1 effectiveness -> 50% (PX4 reads back 0.50),0.5,20.115,0.033,-1.27,-5.02,-175.33,6.79,-0.84,35.22,775,775,766,771,LOITER,1
92.920,motor 1 effectiveness -> 50% (PX4 reads back 0.50),0.5,20.114,0.031,-1.20,-5.02,-174.63,6.84,-0.81,34.98,773,773,767,773,LOITER,1
92.940,motor 1 effectiveness -> 50% (PX4 reads back 0.50),0.5,20.114,0.031,-1.12,-5.03,-173.93,7.04,-0.87,34.77,773,773,767,773,LOITER,1
92.960,motor 1 effectiveness -> 50% (PX4 reads back 0.50),0.5,20.113,0.029,-1.04,-5.03,-173.24,7.00,-0.84,34.58,771,771,768,775,LOITER,1
92.980,motor 1 effectiveness -> 50% (PX4 reads back 0.50),0.5,20.113,0.029,-0.97,-5.03,-172.55,7.04,-0.81,34.37,771,771,768,775,LOITER,1
93.000,motor 1 effectiveness -> 50% (PX4 reads back 0.50),0.5,20.113,0.029,-0.89,-5.03,-171.87,7.11,-0.72,34.11,771,771,768,775,LOITER,1
93.020,motor 1 effectiveness -> 50% (PX4 reads back 0.50),0.5,20.111,0.027,-0.80,-5.03,-171.19,7.18,-0.74,33.82,768,769,769,777,LOITER,1
93.040,motor 1 effectiveness -> 50% (PX4 reads back 0.50),0.5,20.111,0.027,-0.72,-5.04,-170.52,7.13,-0.69,33.44,768,769,769,777,LOITER,1
93.060,motor 1 effectiveness -> 50% (PX4 reads back 0.50),0.5,20.110,0.026,-0.64,-5.04,-169.86,7.21,-0.69,33.21,768,766,773,778,LOITER,1
93.080,motor 1 effectiveness -> 50% (PX4 reads back 0.50),0.5,20.110,0.026,-0.55,-5.05,-169.20,7.24,-0.55,32.82,768,766,773,778,LOITER,1
93.100,motor 1 effectiveness -> 50% (PX4 reads back 0.50),0.5,20.110,0.026,-0.46,-5.05,-168.54,7.26,-0.54,32.57,768,766,773,778,LOITER,1
93.120,motor 1 effectiveness -> 50% (PX4 reads back 0.50),0.5,20.108,0.025,-0.37,-5.05,-167.90,7.22,-0.40,32.17,765,764,774,781,LOITER,1
93.140,motor 1 effectiveness -> 50% (PX4 reads back 0.50),0.5,20.108,0.025,-0.29,-5.06,-167.27,7.22,-0.29,31.81,765,764,774,781,LOITER,1
93.160,motor 1 effectiveness -> 50% (PX4 reads back 0.50),0.5,20.107,0.023,-0.20,-5.06,-166.64,7.19,-0.21,31.40,763,763,775,783,LOITER,1
93.180,motor 1 effectiveness -> 50% (PX4 reads back 0.50),0.5,20.107,0.023,-0.11,-5.06,-166.02,7.26,-0.18,31.02,763,763,775,783,LOITER,1
93.200,motor 1 effectiveness -> 50% (PX4 reads back 0.50),0.5,20.107,0.023,-0.02,-5.06,-165.40,7.29,-0.05,30.64,763,763,775,783,LOITER,1
93.220,motor 1 effectiveness -> 50% (PX4 reads back 0.50),0.5,20.106,0.022,0.08,-5.05,-164.80,7.11,0.12,30.25,765,763,775,783,LOITER,1
93.240,motor 1 effectiveness -> 50% (PX4 reads back 0.50),0.5,20.106,0.022,0.17,-5.05,-164.20,7.06,0.35,29.88,765,763,775,783,LOITER,1
93.260,motor 1 effectiveness -> 50% (PX4 reads back 0.50),0.5,20.104,0.021,0.25,-5.04,-163.61,7.06,0.55,29.53,769,766,773,779,LOITER,1
93.280,motor 1 effectiveness -> 50% (PX4 reads back 0.50),0.5,20.104,0.021,0.34,-5.03,-163.03,6.88,0.82,29.25,769,766,773,779,LOITER,1
93.300,motor 1 effectiveness -> 50% (PX4 reads back 0.50),0.5,20.104,0.021,0.43,-5.01,-162.45,6.65,1.14,29.00,769,766,773,779,LOITER,1
93.320,motor 1 effectiveness -> 50% (PX4 reads back 0.50),0.5,20.103,0.018,0.51,-4.99,-161.88,6.48,1.39,28.75,773,771,769,775,LOITER,1
93.340,motor 1 effectiveness -> 50% (PX4 reads back 0.50),0.5,20.103,0.018,0.59,-4.96,-161.31,6.29,1.65,28.61,773,771,769,775,LOITER,1
93.360,motor 1 effectiveness -> 50% (PX4 reads back 0.50),0.5,20.102,0.015,0.67,-4.93,-160.74,6.06,1.89,28.51,779,777,763,770,LOITER,1
93.380,motor 1 effectiveness -> 50% (PX4 reads back 0.50),0.5,20.102,0.015,0.74,-4.90,-160.18,5.88,2.18,28.43,779,777,763,770,LOITER,1
93.400,motor 1 effectiveness -> 50% (PX4 reads back 0.50),0.5,20.102,0.015,0.81,-4.86,-159.62,5.68,2.47,28.40,779,777,763,770,LOITER,1
93.420,motor 1 effectiveness -> 50% (PX4 reads back 0.50),0.5,20.101,0.012,0.88,-4.81,-159.06,5.54,2.64,28.40,785,783,757,765,LOITER,1
93.440,motor 1 effectiveness -> 50% (PX4 reads back 0.50),0.5,20.101,0.012,0.94,-4.76,-158.49,5.29,2.87,28.48,785,783,757,765,LOITER,1
93.460,motor 1 effectiveness -> 50% (PX4 reads back 0.50),0.5,20.101,0.008,1.00,-4.71,-157.93,5.05,2.95,28.63,791,788,752,758,LOITER,1
93.480,motor 1 effectiveness -> 50% (PX4 reads back 0.50),0.5,20.101,0.008,1.05,-4.66,-157.36,4.86,3.22,28.85,791,788,752,758,LOITER,1
93.500,motor 1 effectiveness -> 50% (PX4 reads back 0.50),0.5,20.101,0.008,1.10,-4.60,-156.79,4.80,3.33,28.99,791,788,752,758,LOITER,1
93.520,motor 1 effectiveness -> 50% (PX4 reads back 0.50),0.5,20.101,0.005,1.15,-4.55,-156.21,4.59,3.26,29.26,794,793,745,754,LOITER,1
93.540,motor 1 effectiveness -> 50% (PX4 reads back 0.50),0.5,20.101,0.005,1.20,-4.49,-155.63,4.39,3.35,29.60,794,793,745,754,LOITER,1
93.560,motor 1 effectiveness -> 50% (PX4 reads back 0.50),0.5,20.101,0.002,1.24,-4.44,-155.04,4.21,3.37,30.00,799,799,740,748,LOITER,1
93.580,motor 1 effectiveness -> 50% (PX4 reads back 0.50),0.5,20.101,0.002,1.28,-4.38,-154.45,4.15,3.34,30.36,799,799,740,748,LOITER,1
93.600,motor 1 effectiveness -> 50% (PX4 reads back 0.50),0.5,20.101,0.002,1.32,-4.32,-153.84,4.05,3.22,30.79,799,799,740,748,LOITER,1
93.620,motor 1 effectiveness -> 50% (PX4 reads back 0.50),0.5,20.101,-0.001,1.35,-4.27,-153.23,3.97,3.10,31.25,804,803,734,744,LOITER,1
93.640,motor 1 effectiveness -> 50% (PX4 reads back 0.50),0.5,20.101,-0.001,1.38,-4.22,-152.61,3.67,2.97,31.77,804,803,734,744,LOITER,1
93.660,motor 1 effectiveness -> 50% (PX4 reads back 0.50),0.5,20.101,-0.004,1.41,-4.18,-151.98,3.61,2.87,32.31,807,806,730,739,LOITER,1
93.680,motor 1 effectiveness -> 50% (PX4 reads back 0.50),0.5,20.101,-0.004,1.44,-4.14,-151.33,3.42,2.70,32.80,807,806,730,739,LOITER,1
93.700,motor 1 effectiveness -> 50% (PX4 reads back 0.50),0.5,20.101,-0.004,1.46,-4.10,-150.68,3.34,2.44,33.42,807,806,730,739,LOITER,1
93.720,motor 1 effectiveness -> 50% (PX4 reads back 0.50),0.5,20.102,-0.007,1.48,-4.07,-150.01,3.26,2.27,34.03,809,809,727,736,LOITER,1
93.740,motor 1 effectiveness -> 50% (PX4 reads back 0.50),0.5,20.102,-0.007,1.50,-4.04,-149.33,3.12,1.97,34.68,809,809,727,736,LOITER,1
93.760,motor 1 effectiveness -> 50% (PX4 reads back 0.50),0.5,20.102,-0.009,1.51,-4.02,-148.64,3.04,1.77,35.34,811,811,723,733,LOITER,1
93.780,motor 1 effectiveness -> 50% (PX4 reads back 0.50),0.5,20.102,-0.009,1.52,-4.00,-147.94,3.00,1.51,36.01,811,811,723,733,LOITER,1
93.800,motor 1 effectiveness -> 50% (PX4 reads back 0.50),0.5,20.102,-0.009,1.53,-3.99,-147.22,2.83,1.25,36.69,811,811,723,733,LOITER,1
93.820,motor 1 effectiveness -> 50% (PX4 reads back 0.50),0.5,20.103,-0.010,1.54,-3.98,-146.48,2.84,0.90,37.43,812,813,720,730,LOITER,1
93.840,motor 1 effectiveness -> 50% (PX4 reads back 0.50),0.5,20.103,-0.010,1.54,-3.98,-145.74,2.75,0.59,38.07,812,813,720,730,LOITER,1
93.860,motor 1 effectiveness -> 50% (PX4 reads back 0.50),0.5,20.104,-0.011,1.55,-3.99,-144.98,2.62,0.38,38.77,813,813,719,728,LOITER,1
93.880,motor 1 effectiveness -> 50% (PX4 reads back 0.50),0.5,20.104,-0.011,1.54,-4.01,-144.20,2.42,0.00,39.49,813,813,719,728,LOITER,1
93.900,motor 1 effectiveness -> 50% (PX4 reads back 0.50),0.5,20.104,-0.011,1.54,-4.03,-143.41,2.41,-0.36,40.19,813,813,719,728,LOITER,1
93.920,motor 1 effectiveness -> 50% (PX4 reads back 0.50),0.5,20.104,-0.011,1.53,-4.06,-142.61,2.32,-0.74,40.84,811,813,719,729,LOITER,1
93.940,motor 1 effectiveness -> 50% (PX4 reads back 0.50),0.5,20.104,-0.011,1.52,-4.10,-141.79,2.25,-1.09,41.54,811,813,719,729,LOITER,1
93.960,motor 1 effectiveness -> 50% (PX4 reads back 0.50),0.5,20.105,-0.010,1.50,-4.14,-140.96,2.20,-1.53,42.17,809,810,721,730,LOITER,1
93.980,motor 1 effectiveness -> 50% (PX4 reads back 0.50),0.5,20.105,-0.010,1.49,-4.20,-140.12,2.16,-1.90,42.90,809,810,721,730,LOITER,1
94.000,motor 1 effectiveness -> 50% (PX4 reads back 0.50),0.5,20.105,-0.010,1.47,-4.26,-139.26,2.15,-2.29,43.39,809,810,721,730,LOITER,1
94.020,motor 1 effectiveness -> 50% (PX4 reads back 0.50),0.5,20.106,-0.009,1.45,-4.33,-138.39,2.23,-2.77,44.03,805,806,723,733,LOITER,1
94.040,motor 1 effectiveness -> 50% (PX4 reads back 0.50),0.5,20.106,-0.009,1.43,-4.41,-137.52,2.24,-3.12,44.50,805,806,723,733,LOITER,1
94.060,motor 1 effectiveness -> 50% (PX4 reads back 0.50),0.5,20.107,-0.006,1.41,-4.49,-136.63,2.30,-3.45,45.03,801,800,728,736,LOITER,1
94.080,motor 1 effectiveness -> 50% (PX4 reads back 0.50),0.5,20.107,-0.006,1.38,-4.59,-135.73,2.27,-3.79,45.46,801,800,728,736,LOITER,1
94.100,motor 1 effectiveness -> 50% (PX4 reads back 0.50),0.5,20.107,-0.006,1.35,-4.68,-134.82,2.37,-4.03,45.84,801,800,728,736,LOITER,1
94.120,motor 1 effectiveness -> 50% (PX4 reads back 0.50),0.5,20.107,-0.003,1.33,-4.79,-133.91,2.41,-4.34,46.24,795,796,732,741,LOITER,1
94.140,motor 1 effectiveness -> 50% (PX4 reads back 0.50),0.5,20.107,-0.003,1.30,-4.90,-132.98,2.44,-4.65,46.49,795,796,732,741,LOITER,1
94.160,motor 1 effectiveness -> 50% (PX4 reads back 0.50),0.5,20.108,0.001,1.27,-5.01,-132.06,2.47,-4.88,46.82,791,790,737,746,LOITER,1
94.180,motor 1 effectiveness -> 50% (PX4 reads back 0.50),0.5,20.108,0.001,1.24,-5.13,-131.12,2.48,-5.15,46.99,791,790,737,746,LOITER,1
94.200,motor 1 effectiveness -> 50% (PX4 reads back 0.50),0.5,20.108,0.001,1.21,-5.25,-130.19,2.51,-5.23,47.12,791,790,737,746,LOITER,1
94.220,motor 1 effectiveness -> 50% (PX4 reads back 0.50),0.5,20.108,0.005,1.17,-5.38,-129.25,2.42,-5.38,47.31,787,786,741,750,LOITER,1
94.240,motor 1 effectiveness -> 50% (PX4 reads back 0.50),0.5,20.108,0.005,1.13,-5.51,-128.30,2.43,-5.53,47.43,787,786,741,750,LOITER,1
94.260,motor 1 effectiveness -> 50% (PX4 reads back 0.50),0.5,20.108,0.011,1.09,-5.64,-127.36,2.43,-5.57,47.50,783,781,747,754,LOITER,1
94.280,motor 1 effectiveness -> 50% (PX4 reads back 0.50),0.5,20.108,0.011,1.05,-5.77,-126.41,2.48,-5.65,47.47,783,781,747,754,LOITER,1
94.300,motor 1 effectiveness -> 50% (PX4 reads back 0.50),0.5,20.108,0.011,1.00,-5.90,-125.46,2.44,-5.68,47.52,783,781,747,754,LOITER,1
94.320,motor 1 effectiveness -> 50% (PX4 reads back 0.50),0.5,20.108,0.015,0.95,-6.03,-124.52,2.50,-5.66,47.44,779,777,752,759,LOITER,1
94.340,motor 1 effectiveness -> 50% (PX4 reads back 0.50),0.5,20.108,0.015,0.90,-6.15,-123.57,2.46,-5.65,47.30,779,777,752,759,LOITER,1
94.360,motor 1 effectiveness -> 50% (PX4 reads back 0.50),0.5,20.107,0.020,0.85,-6.28,-122.63,2.40,-5.57,47.19,776,774,756,763,LOITER,1
94.380,motor 1 effectiveness -> 50% (PX4 reads back 0.50),0.5,20.107,0.020,0.80,-6.41,-121.69,2.39,-5.54,47.04,776,774,756,763,LOITER,1
94.400,motor 1 effectiveness -> 50% (PX4 reads back 0.50),0.5,20.107,0.020,0.74,-6.53,-120.75,2.43,-5.47,46.90,776,774,756,763,LOITER,1
94.420,motor 1 effectiveness -> 50% (PX4 reads back 0.50),0.5,20.107,0.025,0.69,-6.65,-119.81,2.48,-5.27,46.66,774,771,760,766,LOITER,1
94.440,motor 1 effectiveness -> 50% (PX4 reads back 0.50),0.5,20.107,0.025,0.63,-6.76,-118.88,2.48,-5.02,46.48,774,771,760,766,LOITER,1
94.460,motor 1 effectiveness -> 50% (PX4 reads back 0.50),0.5,20.106,0.030,0.57,-6.87,-117.96,2.53,-4.92,46.20,772,769,764,769,LOITER,1
94.480,motor 1 effectiveness -> 50% (PX4 reads back 0.50),0.5,20.106,0.030,0.51,-6.98,-117.04,2.63,-4.70,45.96,772,769,764,769,LOITER,1
94.500,motor 1 effectiveness -> 50% (PX4 reads back 0.50),0.5,20.106,0.030,0.45,-7.08,-116.13,2.70,-4.53,45.65,772,769,764,769,LOITER,1
94.520,motor 1 effectiveness -> 50% (PX4 reads back 0.50),0.5,20.104,0.034,0.40,-7.18,-115.22,2.79,-4.16,45.34,770,767,766,772,LOITER,1
94.540,motor 1 effectiveness -> 50% (PX4 reads back 0.50),0.5,20.104,0.034,0.34,-7.27,-114.32,2.76,-3.95,44.97,770,767,766,772,LOITER,1
94.560,motor 1 effectiveness -> 50% (PX4 reads back 0.50),0.5,20.103,0.038,0.28,-7.35,-113.42,2.87,-3.77,44.68,770,767,769,774,LOITER,1
94.580,motor 1 effectiveness -> 50% (PX4 reads back 0.50),0.5,20.103,0.038,0.23,-7.43,-112.54,3.02,-3.43,44.34,770,767,769,774,LOITER,1
94.600,motor 1 effectiveness -> 50% (PX4 reads back 0.50),0.5,20.103,0.038,0.17,-7.51,-111.66,3.05,-3.10,43.99,770,767,769,774,LOITER,1
94.620,motor 1 effectiveness -> 50% (PX4 reads back 0.50),0.5,20.101,0.041,0.12,-7.57,-110.79,3.24,-2.82,43.60,769,767,769,776,LOITER,1
94.640,motor 1 effectiveness -> 50% (PX4 reads back 0.50),0.5,20.101,0.041,0.07,-7.63,-109.92,3.26,-2.49,43.31,769,767,769,776,LOITER,1
94.660,motor 1 effectiveness -> 50% (PX4 reads back 0.50),0.5,20.099,0.044,0.02,-7.68,-109.06,3.37,-2.08,42.96,770,768,771,776,LOITER,1
94.680,motor 1 effectiveness -> 50% (PX4 reads back 0.50),0.5,20.099,0.044,-0.02,-7.72,-108.21,3.49,-1.88,42.58,770,768,771,776,LOITER,1
94.700,motor 1 effectiveness -> 50% (PX4 reads back 0.50),0.5,20.099,0.044,-0.07,-7.76,-107.37,3.60,-1.50,42.30,770,768,771,776,LOITER,1
94.720,motor 1 effectiveness -> 50% (PX4 reads back 0.50),0.5,20.097,0.046,-0.11,-7.79,-106.53,3.69,-1.19,41.94,771,769,771,777,LOITER,1
94.740,motor 1 effectiveness -> 50% (PX4 reads back 0.50),0.5,20.097,0.046,-0.15,-7.81,-105.70,3.83,-0.89,41.63,771,769,771,777,LOITER,1
94.760,motor 1 effectiveness -> 50% (PX4 reads back 0.50),0.5,20.095,0.047,-0.18,-7.83,-104.88,3.98,-0.59,41.34,772,770,771,777,LOITER,1
94.780,motor 1 effectiveness -> 50% (PX4 reads back 0.50),0.5,20.095,0.047,-0.21,-7.84,-104.06,4.25,-0.35,40.98,772,770,771,777,LOITER,1
94.800,motor 1 effectiveness -> 50% (PX4 reads back 0.50),0.5,20.095,0.047,-0.24,-7.84,-103.25,4.37,-0.01,40.69,772,770,771,777,LOITER,1
94.820,motor 1 effectiveness -> 50% (PX4 reads back 0.50),0.5,20.093,0.047,-0.26,-7.84,-102.45,4.53,0.27,40.41,774,772,770,776,LOITER,1
94.840,motor 1 effectiveness -> 50% (PX4 reads back 0.50),0.5,20.093,0.047,-0.28,-7.83,-101.65,4.68,0.61,40.11,774,772,770,776,LOITER,1
94.860,motor 1 effectiveness -> 50% (PX4 reads back 0.50),0.5,20.090,0.047,-0.29,-7.82,-100.86,4.82,0.70,39.89,777,773,770,774,LOITER,1
94.880,motor 1 effectiveness -> 50% (PX4 reads back 0.50),0.5,20.090,0.047,-0.30,-7.80,-100.07,4.91,1.08,39.68,777,773,770,774,LOITER,1
94.900,motor 1 effectiveness -> 50% (PX4 reads back 0.50),0.5,20.090,0.047,-0.31,-7.77,-99.29,5.08,1.30,39.44,777,773,770,774,LOITER,1
94.920,motor 1 effectiveness -> 50% (PX4 reads back 0.50),0.5,20.088,0.046,-0.32,-7.74,-98.51,5.24,1.59,39.20,778,776,768,773,LOITER,1
94.940,motor 1 effectiveness -> 50% (PX4 reads back 0.50),0.5,20.088,0.046,-0.32,-7.71,-97.73,5.39,1.69,39.07,778,776,768,773,LOITER,1
94.960,motor 1 effectiveness -> 50% (PX4 reads back 0.50),0.5,20.086,0.044,-0.31,-7.67,-96.96,5.45,1.95,38.88,779,778,766,772,LOITER,1
94.980,motor 1 effectiveness -> 50% (PX4 reads back 0.50),0.5,20.086,0.044,-0.31,-7.63,-96.19,5.57,2.13,38.68,779,778,766,772,LOITER,1
95.000,motor 1 effectiveness -> 50% (PX4 reads back 0.50),0.5,20.086,0.044,-0.30,-7.58,-95.42,5.71,2.31,38.61,779,778,766,772,LOITER,1
95.020,motor 1 effectiveness -> 50% (PX4 reads back 0.50),0.5,20.085,0.042,-0.28,-7.54,-94.66,5.86,2.39,38.45,781,780,763,771,LOITER,1
95.040,motor 1 effectiveness -> 50% (PX4 reads back 0.50),0.5,20.085,0.042,-0.27,-7.49,-93.90,5.93,2.60,38.35,781,780,763,771,LOITER,1
95.060,motor 1 effectiveness -> 50% (PX4 reads back 0.50),0.5,20.083,0.040,-0.25,-7.43,-93.14,5.98,2.64,38.24,783,782,763,768,LOITER,1
95.080,motor 1 effectiveness -> 50% (PX4 reads back 0.50),0.5,20.083,0.040,-0.22,-7.38,-92.38,6.15,2.66,38.17,783,782,763,768,LOITER,1
95.100,motor 1 effectiveness -> 50% (PX4 reads back 0.50),0.5,20.083,0.040,-0.20,-7.32,-91.62,6.17,2.83,38.13,783,782,763,768,LOITER,1
95.120,motor 1 effectiveness -> 50% (PX4 reads back 0.50),0.5,20.082,0.037,-0.17,-7.26,-90.86,6.22,2.94,38.07,785,783,760,767,LOITER,1
95.140,motor 1 effectiveness -> 50% (PX4 reads back 0.50),0.5,20.082,0.037,-0.14,-7.20,-90.10,6.31,2.98,38.05,785,783,760,767,LOITER,1
95.160,motor 1 effectiveness -> 50% (PX4 reads back 0.50),0.5,20.080,0.035,-0.11,-7.14,-89.35,6.36,3.02,38.02,786,785,758,766,LOITER,1
95.180,motor 1 effectiveness -> 50% (PX4 reads back 0.50),0.5,20.080,0.035,-0.08,-7.08,-88.59,6.44,3.03,38.06,786,785,758,766,LOITER,1
95.200,motor 1 effectiveness -> 50% (PX4 reads back 0.50),0.5,20.080,0.035,-0.04,-7.02,-87.83,6.59,3.02,38.07,786,785,758,766,LOITER,1
95.220,motor 1 effectiveness -> 50% (PX4 reads back 0.50),0.5,20.079,0.032,-0.00,-6.96,-87.07,6.54,3.07,38.08,787,787,756,765,LOITER,1
95.240,motor 1 effectiveness -> 50% (PX4 reads back 0.50),0.5,20.079,0.032,0.04,-6.90,-86.31,6.69,3.06,38.10,787,787,756,765,LOITER,1
95.260,motor 1 effectiveness -> 50% (PX4 reads back 0.50),0.5,20.078,0.029,0.08,-6.85,-85.55,6.73,2.87,38.12,790,787,756,762,LOITER,1
95.280,motor 1 effectiveness -> 50% (PX4 reads back 0.50),0.5,20.078,0.029,0.12,-6.79,-84.79,6.66,3.05,38.22,790,787,756,762,LOITER,1
95.300,motor 1 effectiveness -> 50% (PX4 reads back 0.50),0.5,20.078,0.029,0.17,-6.73,-84.03,6.78,2.93,38.27,790,787,756,762,LOITER,1
95.320,motor 1 effectiveness -> 50% (PX4 reads back 0.50),0.5,20.077,0.027,0.21,-6.68,-83.26,6.79,2.76,38.38,790,788,754,762,LOITER,1
95.340,motor 1 effectiveness -> 50% (PX4 reads back 0.50),0.5,20.077,0.027,0.26,-6.63,-82.49,6.69,2.69,38.41,790,788,754,762,LOITER,1
95.360,motor 1 effectiveness -> 50% (PX4 reads back 0.50),0.5,20.077,0.024,0.31,-6.58,-81.72,6.73,2.56,38.53,790,789,752,761,LOITER,1
95.380,motor 1 effectiveness -> 50% (PX4 reads back 0.50),0.5,20.077,0.024,0.35,-6.53,-80.95,6.68,2.44,38.60,790,789,752,761,LOITER,1
95.400,motor 1 effectiveness -> 50% (PX4 reads back 0.50),0.5,20.077,0.024,0.40,-6.49,-80.17,6.65,2.36,38.71,790,789,752,761,LOITER,1
95.420,motor 1 effectiveness -> 50% (PX4 reads back 0.50),0.5,20.076,0.022,0.44,-6.45,-79.39,6.66,2.24,38.78,790,790,752,760,LOITER,1
95.440,motor 1 effectiveness -> 50% (PX4 reads back 0.50),0.5,20.076,0.022,0.49,-6.41,-78.61,6.62,1.99,38.84,790,790,752,760,LOITER,1
95.460,motor 1 effectiveness -> 50% (PX4 reads back 0.50),0.5,20.076,0.019,0.53,-6.38,-77.83,6.55,1.85,39.01,790,789,752,759,LOITER,1
95.480,motor 1 effectiveness -> 50% (PX4 reads back 0.50),0.5,20.076,0.019,0.58,-6.35,-77.05,6.52,1.67,39.07,790,789,752,759,LOITER,1
95.500,motor 1 effectiveness -> 50% (PX4 reads back 0.50),0.5,20.076,0.019,0.62,-6.33,-76.26,6.55,1.55,39.17,790,789,752,759,LOITER,1
95.520,motor 1 effectiveness -> 50% (PX4 reads back 0.50),0.5,20.076,0.017,0.67,-6.30,-75.47,6.56,1.32,39.37,790,790,750,760,LOITER,1
95.540,motor 1 effectiveness -> 50% (PX4 reads back 0.50),0.5,20.076,0.017,0.71,-6.29,-74.68,6.43,1.21,39.47,790,790,750,760,LOITER,1
95.560,motor 1 effectiveness -> 50% (PX4 reads back 0.50),0.5,20.076,0.016,0.75,-6.27,-73.89,6.47,1.09,39.55,790,789,750,760,LOITER,1
95.580,motor 1 effectiveness -> 50% (PX4 reads back 0.50),0.5,20.076,0.016,0.79,-6.26,-73.09,6.45,0.86,39.69,790,789,750,760,LOITER,1
95.600,motor 1 effectiveness -> 50% (PX4 reads back 0.50),0.5,20.076,0.016,0.83,-6.26,-72.29,6.48,0.60,39.74,790,789,750,760,LOITER,1
95.620,motor 1 effectiveness -> 50% (PX4 reads back 0.50),0.5,20.076,0.014,0.88,-6.26,-71.49,6.39,0.57,39.87,790,789,749,759,LOITER,1
95.640,motor 1 effectiveness -> 50% (PX4 reads back 0.50),0.5,20.076,0.014,0.91,-6.26,-70.69,6.28,0.35,39.96,790,789,749,759,LOITER,1
95.660,motor 1 effectiveness -> 50% (PX4 reads back 0.50),0.5,20.077,0.012,0.95,-6.27,-69.88,6.36,0.23,40.09,790,788,750,759,LOITER,1
95.680,motor 1 effectiveness -> 50% (PX4 reads back 0.50),0.5,20.077,0.012,0.99,-6.28,-69.07,6.22,0.06,40.26,790,788,750,759,LOITER,1
95.700,motor 1 effectiveness -> 50% (PX4 reads back 0.50),0.5,20.077,0.012,1.02,-6.29,-68.26,6.15,-0.17,40.32,790,788,750,759,LOITER,1
95.720,motor 1 effectiveness -> 50% (PX4 reads back 0.50),0.5,20.078,0.011,1.06,-6.31,-67.45,6.12,-0.37,40.37,788,787,751,760,LOITER,1
95.740,motor 1 effectiveness -> 50% (PX4 reads back 0.50),0.5,20.078,0.011,1.09,-6.33,-66.64,6.16,-0.51,40.46,788,787,751,760,LOITER,1
95.760,motor 1 effectiveness -> 50% (PX4 reads back 0.50),0.5,20.079,0.010,1.12,-6.36,-65.82,6.02,-0.68,40.53,787,786,751,760,LOITER,1
95.780,motor 1 effectiveness -> 50% (PX4 reads back 0.50),0.5,20.079,0.010,1.15,-6.39,-65.00,6.09,-0.83,40.59,787,786,751,760,LOITER,1
95.800,motor 1 effectiveness -> 50% (PX4 reads back 0.50),0.5,20.079,0.010,1.18,-6.42,-64.18,5.91,-0.95,40.63,787,786,751,760,LOITER,1
95.820,motor 1 effectiveness -> 50% (PX4 reads back 0.50),0.5,20.080,0.010,1.21,-6.45,-63.35,5.94,-1.13,40.70,786,785,751,761,LOITER,1
95.840,motor 1 effectiveness -> 50% (PX4 reads back 0.50),0.5,20.080,0.010,1.23,-6.49,-62.53,5.88,-1.31,40.72,786,785,751,761,LOITER,1
95.860,motor 1 effectiveness -> 50% (PX4 reads back 0.50),0.5,20.081,0.010,1.26,-6.54,-61.70,5.85,-1.34,40.75,785,783,753,761,LOITER,1
95.880,motor 1 effectiveness -> 50% (PX4 reads back 0.50),0.5,20.081,0.010,1.28,-6.58,-60.87,5.67,-1.49,40.77,785,783,753,761,LOITER,1
95.900,motor 1 effectiveness -> 50% (PX4 reads back 0.50),0.5,20.081,0.010,1.30,-6.63,-60.05,5.53,-1.52,40.73,785,783,753,761,LOITER,1
95.920,motor 1 effectiveness -> 50% (PX4 reads back 0.50),0.5,20.081,0.011,1.31,-6.67,-59.22,5.48,-1.59,40.75,783,782,753,762,LOITER,1
95.940,motor 1 effectiveness -> 50% (PX4 reads back 0.50),0.5,20.081,0.011,1.33,-6.72,-58.39,5.40,-1.66,40.81,783,782,753,762,LOITER,1
95.960,motor 1 effectiveness -> 50% (PX4 reads back 0.50),0.5,20.082,0.012,1.34,-6.77,-57.56,5.27,-1.75,40.72,783,780,754,763,LOITER,1
95.980,motor 1 effectiveness -> 50% (PX4 reads back 0.50),0.5,20.082,0.012,1.35,-6.83,-56.73,5.11,-1.77,40.68,783,780,754,763,LOITER,1
96.000,motor 1 effectiveness -> 50% (PX4 reads back 0.50),0.5,20.082,0.012,1.35,-6.88,-55.90,5.03,-1.78,40.68,783,780,754,763,LOITER,1
96.020,motor 1 effectiveness -> 50% (PX4 reads back 0.50),0.5,20.083,0.014,1.36,-6.93,-55.08,4.98,-1.79,40.60,782,780,755,764,LOITER,1
96.040,motor 1 effectiveness -> 50% (PX4 reads back 0.50),0.5,20.083,0.014,1.36,-6.99,-54.25,4.81,-1.90,40.51,782,780,755,764,LOITER,1
96.060,motor 1 effectiveness -> 50% (PX4 reads back 0.50),0.5,20.083,0.017,1.35,-7.04,-53.43,4.65,-1.89,40.57,781,778,757,764,LOITER,1
96.080,motor 1 effectiveness -> 50% (PX4 reads back 0.50),0.5,20.083,0.017,1.35,-7.10,-52.60,4.63,-1.77,40.43,781,778,757,764,LOITER,1
96.100,motor 1 effectiveness -> 50% (PX4 reads back 0.50),0.5,20.083,0.017,1.34,-7.15,-51.78,4.50,-1.83,40.33,781,778,757,764,LOITER,1
96.120,motor 1 effectiveness -> 50% (PX4 reads back 0.50),0.5,20.083,0.018,1.33,-7.20,-50.96,4.44,-1.72,40.27,780,778,758,766,LOITER,1
96.140,motor 1 effectiveness -> 50% (PX4 reads back 0.50),0.5,20.083,0.018,1.31,-7.26,-50.14,4.43,-1.75,40.18,780,778,758,766,LOITER,1
96.160,motor 1 effectiveness -> 50% (PX4 reads back 0.50),0.5,20.083,0.021,1.30,-7.31,-49.33,4.32,-1.62,40.06,780,777,759,766,LOITER,1
96.180,motor 1 effectiveness -> 50% (PX4 reads back 0.50),0.5,20.083,0.021,1.29,-7.36,-48.51,4.34,-1.52,39.99,780,777,759,766,LOITER,1
96.200,motor 1 effectiveness -> 50% (PX4 reads back 0.50),0.5,20.083,0.021,1.27,-7.40,-47.70,4.25,-1.48,39.89,780,777,759,766,LOITER,1
96.220,motor 1 effectiveness -> 50% (PX4 reads back 0.50),0.5,20.083,0.023,1.25,-7.45,-46.89,4.28,-1.34,39.76,779,776,760,767,LOITER,1
96.240,motor 1 effectiveness -> 50% (PX4 reads back 0.50),0.5,20.083,0.023,1.24,-7.49,-46.09,4.26,-1.22,39.61,779,776,760,767,LOITER,1
96.260,motor 1 effectiveness -> 50% (PX4 reads back 0.50),0.5,20.083,0.025,1.22,-7.53,-45.28,4.21,-1.21,39.49,779,775,762,767,LOITER,1
96.280,motor 1 effectiveness -> 50% (PX4 reads back 0.50),0.5,20.083,0.025,1.20,-7.57,-44.48,4.19,-1.11,39.37,779,775,762,767,LOITER,1
96.300,motor 1 effectiveness -> 50% (PX4 reads back 0.50),0.5,20.083,0.025,1.18,-7.61,-43.68,4.19,-0.97,39.23,779,775,762,767,LOITER,1
96.320,motor 1 effectiveness -> 50% (PX4 reads back 0.50),0.5,20.083,0.027,1.16,-7.64,-42.89,4.23,-0.84,39.08,777,775,761,769,LOITER,1
96.340,motor 1 effectiveness -> 50% (PX4 reads back 0.50),0.5,20.083,0.027,1.14,-7.67,-42.10,4.20,-0.73,38.90,777,775,761,769,LOITER,1
96.360,motor 1 effectiveness -> 50% (PX4 reads back 0.50),0.5,20.083,0.029,1.12,-7.70,-41.31,4.22,-0.55,38.77,778,776,761,769,LOITER,1
96.380,motor 1 effectiveness -> 50% (PX4 reads back 0.50),0.5,20.083,0.029,1.10,-7.73,-40.52,4.21,-0.57,38.65,778,776,761,769,LOITER,1
96.400,motor 1 effectiveness -> 50% (PX4 reads back 0.50),0.5,20.083,0.029,1.08,-7.75,-39.74,4.25,-0.31,38.51,778,776,761,769,LOITER,1
96.420,motor 1 effectiveness -> 50% (PX4 reads back 0.50),0.5,20.082,0.030,1.06,-7.77,-38.96,4.26,-0.15,38.41,778,776,761,769,LOITER,1
96.440,motor 1 effectiveness -> 50% (PX4 reads back 0.50),0.5,20.082,0.030,1.05,-7.79,-38.18,4.29,-0.12,38.24,778,776,761,769,LOITER,1
96.460,motor 1 effectiveness -> 50% (PX4 reads back 0.50),0.5,20.082,0.032,1.03,-7.80,-37.41,4.24,0.08,38.17,778,776,762,769,LOITER,1
96.480,motor 1 effectiveness -> 50% (PX4 reads back 0.50),0.5,20.082,0.032,1.01,-7.81,-36.63,4.23,0.19,37.96,778,776,762,769,LOITER,1
96.500,motor 1 effectiveness -> 50% (PX4 reads back 0.50),0.5,20.082,0.032,0.99,-7.82,-35.86,4.30,0.33,37.84,778,776,762,769,LOITER,1
96.520,motor 1 effectiveness -> 50% (PX4 reads back 0.50),0.5,20.081,0.033,0.97,-7.83,-35.09,4.26,0.42,37.74,778,777,762,769,LOITER,1
96.540,motor 1 effectiveness -> 50% (PX4 reads back 0.50),0.5,20.081,0.033,0.96,-7.83,-34.33,4.35,0.50,37.63,778,777,762,769,LOITER,1
96.560,motor 1 effectiveness -> 50% (PX4 reads back 0.50),0.5,20.080,0.034,0.94,-7.83,-33.56,4.30,0.65,37.47,779,777,761,769,LOITER,1
96.580,motor 1 effectiveness -> 50% (PX4 reads back 0.50),0.5,20.080,0.034,0.93,-7.83,-32.80,4.33,0.77,37.38,779,777,761,769,LOITER,1
96.600,motor 1 effectiveness -> 50% (PX4 reads back 0.50),0.5,20.080,0.034,0.91,-7.82,-32.04,4.34,0.88,37.26,779,777,761,769,LOITER,1
96.620,motor 1 effectiveness -> 50% (PX4 reads back 0.50),0.5,20.080,0.035,0.90,-7.82,-31.29,4.41,0.99,37.11,779,777,761,769,LOITER,1
96.640,motor 1 effectiveness -> 50% (PX4 reads back 0.50),0.5,20.080,0.035,0.89,-7.81,-30.53,4.42,1.10,36.94,779,777,761,769,LOITER,1
96.660,motor 1 effectiveness -> 50% (PX4 reads back 0.50),0.5,20.079,0.036,0.87,-7.80,-29.78,4.46,1.07,36.84,781,777,762,768,LOITER,1
96.680,motor 1 effectiveness -> 50% (PX4 reads back 0.50),0.5,20.079,0.036,0.86,-7.78,-29.03,4.46,1.20,36.83,781,777,762,768,LOITER,1
96.700,motor 1 effectiveness -> 50% (PX4 reads back 0.50),0.5,20.079,0.036,0.85,-7.77,-28.28,4.48,1.31,36.66,781,777,762,768,LOITER,1
96.720,motor 1 effectiveness -> 50% (PX4 reads back 0.50),0.5,20.078,0.037,0.84,-7.75,-27.54,4.47,1.46,36.66,780,778,761,768,LOITER,1
96.740,motor 1 effectiveness -> 50% (PX4 reads back 0.50),0.5,20.078,0.037,0.84,-7.73,-26.79,4.51,1.51,36.53,780,778,761,768,LOITER,1
96.760,motor 1 effectiveness -> 50% (PX4 reads back 0.50),0.5,20.077,0.038,0.83,-7.71,-26.05,4.52,1.58,36.47,781,779,760,768,LOITER,1
96.780,motor 1 effectiveness -> 50% (PX4 reads back 0.50),0.5,20.077,0.038,0.82,-7.69,-25.31,4.47,1.66,36.37,781,779,760,768,LOITER,1
96.800,motor 1 effectiveness -> 50% (PX4 reads back 0.50),0.5,20.077,0.038,0.81,-7.67,-24.57,4.51,1.66,36.41,781,779,760,768,LOITER,1
96.820,motor 1 effectiveness -> 50% (PX4 reads back 0.50),0.5,20.076,0.038,0.81,-7.64,-23.83,4.54,1.66,36.25,781,780,759,767,LOITER,1
96.840,motor 1 effectiveness -> 50% (PX4 reads back 0.50),0.5,20.076,0.038,0.80,-7.62,-23.09,4.54,1.80,36.14,781,780,759,767,LOITER,1
96.860,motor 1 effectiveness -> 50% (PX4 reads back 0.50),0.5,20.075,0.038,0.80,-7.59,-22.35,4.55,1.86,36.18,782,780,760,766,LOITER,1
96.880,motor 1 effectiveness -> 50% (PX4 reads back 0.50),0.5,20.075,0.038,0.79,-7.56,-21.62,4.54,1.95,36.12,782,780,760,766,LOITER,1
96.900,motor 1 effectiveness -> 50% (PX4 reads back 0.50),0.5,20.075,0.038,0.79,-7.53,-20.88,4.60,1.91,36.05,782,780,760,766,LOITER,1
96.920,motor 1 effectiveness -> 50% (PX4 reads back 0.50),0.5,20.074,0.038,0.79,-7.50,-20.15,4.65,1.93,36.01,782,780,759,767,LOITER,1
96.940,motor 1 effectiveness -> 50% (PX4 reads back 0.50),0.5,20.074,0.038,0.79,-7.47,-19.42,4.65,2.01,35.93,782,780,759,767,LOITER,1
96.960,motor 1 effectiveness -> 50% (PX4 reads back 0.50),0.5,20.073,0.037,0.79,-7.44,-18.69,4.65,1.96,35.92,783,781,759,766,LOITER,1
96.980,motor 1 effectiveness -> 50% (PX4 reads back 0.50),0.5,20.073,0.037,0.79,-7.41,-17.96,4.64,2.07,35.91,783,781,759,766,LOITER,1
97.000,motor 1 effectiveness -> 50% (PX4 reads back 0.50),0.5,20.073,0.037,0.79,-7.38,-17.23,4.73,2.00,35.85,783,781,759,766,LOITER,1
97.020,motor 1 effectiveness -> 50% (PX4 reads back 0.50),0.5,20.072,0.037,0.79,-7.35,-16.50,4.79,2.00,35.87,783,782,758,766,LOITER,1
97.040,motor 1 effectiveness -> 50% (PX4 reads back 0.50),0.5,20.072,0.037,0.80,-7.32,-15.77,4.81,2.05,35.79,783,782,758,766,LOITER,1
97.060,motor 1 effectiveness -> 50% (PX4 reads back 0.50),0.5,20.071,0.036,0.80,-7.28,-15.04,4.85,2.00,35.81,784,782,759,765,LOITER,1
97.080,motor 1 effectiveness -> 50% (PX4 reads back 0.50),0.5,20.071,0.036,0.81,-7.25,-14.31,4.88,2.10,35.79,784,782,759,765,LOITER,1
97.100,motor 1 effectiveness -> 50% (PX4 reads back 0.50),0.5,20.071,0.036,0.81,-7.22,-13.58,4.81,2.03,35.72,784,782,759,765,LOITER,1
97.120,motor 1 effectiveness -> 50% (PX4 reads back 0.50),0.5,20.070,0.035,0.82,-7.19,-12.86,4.90,1.99,35.75,784,782,758,765,LOITER,1
97.140,motor 1 effectiveness -> 50% (PX4 reads back 0.50),0.5,20.070,0.035,0.83,-7.16,-12.13,4.87,1.98,35.72,784,782,758,765,LOITER,1
97.160,motor 1 effectiveness -> 50% (PX4 reads back 0.50),0.5,20.069,0.034,0.84,-7.13,-11.40,4.87,1.98,35.72,783,783,757,765,LOITER,1
97.180,motor 1 effectiveness -> 50% (PX4 reads back 0.50),0.5,20.069,0.034,0.85,-7.10,-10.67,4.93,1.89,35.70,783,783,757,765,LOITER,1
97.200,motor 1 effectiveness -> 50% (PX4 reads back 0.50),0.5,20.069,0.034,0.86,-7.07,-9.95,4.97,1.91,35.72,783,783,757,765,LOITER,1
97.220,motor 1 effectiveness -> 50% (PX4 reads back 0.50),0.5,20.068,0.033,0.87,-7.04,-9.22,4.96,1.87,35.75,784,783,756,765,LOITER,1
97.240,motor 1 effectiveness -> 50% (PX4 reads back 0.50),0.5,20.068,0.033,0.88,-7.01,-8.49,4.97,1.82,35.77,784,783,756,765,LOITER,1
97.260,motor 1 effectiveness -> 50% (PX4 reads back 0.50),0.5,20.068,0.032,0.89,-6.98,-7.76,4.92,1.76,35.78,784,783,757,764,LOITER,1
97.280,motor 1 effectiveness -> 50% (PX4 reads back 0.50),0.5,20.068,0.032,0.91,-6.96,-7.04,4.97,1.76,35.76,784,783,757,764,LOITER,1
97.300,motor 1 effectiveness -> 50% (PX4 reads back 0.50),0.5,20.068,0.032,0.92,-6.93,-6.02,4.91,1.67,35.74,784,783,757,764,LOITER,1
97.320,motor 1 effectiveness -> 50% (PX4 reads back 0.50),0.5,20.067,0.031,0.94,-6.90,-5.29,4.97,1.67,35.80,783,783,755,765,LOITER,1
97.340,motor 1 effectiveness -> 50% (PX4 reads back 0.50),0.5,20.067,0.031,0.95,-6.88,-4.56,4.98,1.59,35.81,783,783,755,765,LOITER,1
97.360,motor 1 effectiveness -> 50% (PX4 reads back 0.50),0.5,20.067,0.031,0.96,-6.86,-3.84,5.04,1.52,35.74,784,782,757,764,LOITER,1
97.380,motor 1 effectiveness -> 50% (PX4 reads back 0.50),0.5,20.067,0.031,0.98,-6.84,-3.11,5.00,1.58,35.77,784,782,757,764,LOITER,1
97.400,motor 1 effectiveness -> 50% (PX4 reads back 0.50),0.5,20.067,0.031,1.00,-6.82,-2.39,5.14,1.50,35.79,784,782,757,764,LOITER,1
97.420,motor 1 effectiveness -> 50% (PX4 reads back 0.50),0.5,20.066,0.030,1.01,-6.80,-1.66,5.09,1.47,35.75,783,781,757,765,LOITER,1
97.440,motor 1 effectiveness -> 50% (PX4 reads back 0.50),0.5,20.066,0.030,1.03,-6.78,-0.94,5.16,1.44,35.79,783,781,757,765,LOITER,1
97.460,motor 1 effectiveness -> 50% (PX4 reads back 0.50),0.5,20.066,0.030,1.05,-6.77,-0.21,5.13,1.45,35.75,783,782,757,765,LOITER,1
97.480,motor 1 effectiveness -> 50% (PX4 reads back 0.50),0.5,20.066,0.030,1.07,-6.75,0.51,5.16,1.38,35.71,783,782,757,765,LOITER,1
97.500,motor 1 effectiveness -> 50% (PX4 reads back 0.50),0.5,20.066,0.030,1.09,-6.73,1.23,5.17,1.40,35.68,783,782,757,765,LOITER,1
97.520,motor 1 effectiveness -> 50% (PX4 reads back 0.50),0.5,20.066,0.029,1.11,-6.72,1.95,5.21,1.35,35.64,783,782,756,765,LOITER,1
97.540,motor 1 effectiveness -> 50% (PX4 reads back 0.50),0.5,20.066,0.029,1.13,-6.71,2.67,5.14,1.41,35.66,783,782,756,765,LOITER,1
97.560,motor 1 effectiveness -> 50% (PX4 reads back 0.50),0.5,20.065,0.029,1.15,-6.69,3.39,5.15,1.37,35.70,784,782,757,765,LOITER,1
97.580,motor 1 effectiveness -> 50% (PX4 reads back 0.50),0.5,20.065,0.029,1.17,-6.68,4.11,5.15,1.29,35.63,784,782,757,765,LOITER,1
97.600,motor 1 effectiveness -> 50% (PX4 reads back 0.50),0.5,20.065,0.029,1.19,-6.67,4.83,5.18,1.24,35.69,784,782,757,765,LOITER,1
97.620,motor 1 effectiveness -> 50% (PX4 reads back 0.50),0.5,20.064,0.028,1.21,-6.65,5.54,5.02,1.36,35.72,785,783,756,765,LOITER,1
97.640,motor 1 effectiveness -> 50% (PX4 reads back 0.50),0.5,20.064,0.028,1.22,-6.64,6.26,4.98,1.28,35.73,785,783,756,765,LOITER,1
97.660,motor 1 effectiveness -> 50% (PX4 reads back 0.50),0.5,20.063,0.027,1.24,-6.63,6.98,4.98,1.27,35.73,785,784,756,765,LOITER,1
97.680,motor 1 effectiveness -> 50% (PX4 reads back 0.50),0.5,20.063,0.027,1.26,-6.62,7.70,4.96,1.27,35.74,785,784,756,765,LOITER,1
97.700,motor 1 effectiveness -> 50% (PX4 reads back 0.50),0.5,20.063,0.027,1.27,-6.61,8.42,4.99,1.27,35.81,785,784,756,765,LOITER,1
97.720,motor 1 effectiveness -> 50% (PX4 reads back 0.50),0.5,20.062,0.025,1.29,-6.60,9.14,4.92,1.16,35.83,786,784,755,764,LOITER,1
97.740,motor 1 effectiveness -> 50% (PX4 reads back 0.50),0.5,20.062,0.025,1.30,-6.59,9.86,4.92,1.28,35.87,786,784,755,764,LOITER,1
97.760,motor 1 effectiveness -> 50% (PX4 reads back 0.50),0.5,20.062,0.024,1.32,-6.58,10.59,4.96,1.17,35.84,786,784,756,763,LOITER,1
97.780,motor 1 effectiveness -> 50% (PX4 reads back 0.50),0.5,20.062,0.024,1.34,-6.57,11.31,5.04,1.15,35.88,786,784,756,763,LOITER,1
97.800,motor 1 effectiveness -> 50% (PX4 reads back 0.50),0.5,20.062,0.024,1.35,-6.57,12.03,4.96,1.07,35.90,786,784,756,763,LOITER,1
97.820,motor 1 effectiveness -> 50% (PX4 reads back 0.50),0.5,20.062,0.023,1.37,-6.56,12.76,5.01,1.09,35.95,785,784,755,763,LOITER,1
97.840,motor 1 effectiveness -> 50% (PX4 reads back 0.50),0.5,20.062,0.023,1.39,-6.56,13.48,5.02,1.00,35.97,785,784,755,763,LOITER,1
97.860,motor 1 effectiveness -> 50% (PX4 reads back 0.50),0.5,20.062,0.022,1.41,-6.56,14.21,4.93,0.98,36.00,785,784,754,763,LOITER,1
97.880,motor 1 effectiveness -> 50% (PX4 reads back 0.50),0.5,20.062,0.022,1.42,-6.55,14.93,4.89,0.98,36.10,785,784,754,763,LOITER,1
97.900,motor 1 effectiveness -> 50% (PX4 reads back 0.50),0.5,20.062,0.022,1.44,-6.55,15.66,4.96,0.98,36.11,785,784,754,763,LOITER,1
97.920,motor 1 effectiveness -> 50% (PX4 reads back 0.50),0.5,20.063,0.021,1.45,-6.55,16.39,4.84,0.95,36.16,785,783,753,763,LOITER,1
97.940,motor 1 effectiveness -> 50% (PX4 reads back 0.50),0.5,20.063,0.021,1.47,-6.55,17.12,4.90,0.85,36.12,785,783,753,763,LOITER,1
97.960,motor 1 effectiveness -> 50% (PX4 reads back 0.50),0.5,20.063,0.021,1.48,-6.55,17.85,4.78,0.85,36.19,783,783,754,762,LOITER,1
97.980,motor 1 effectiveness -> 50% (PX4 reads back 0.50),0.5,20.063,0.021,1.49,-6.55,18.58,4.78,0.82,36.14,783,783,754,762,LOITER,1
98.000,motor 1 effectiveness -> 50% (PX4 reads back 0.50),0.5,20.063,0.021,1.51,-6.55,19.31,4.81,0.76,36.21,783,783,754,762,LOITER,1
98.020,motor 1 effectiveness -> 50% (PX4 reads back 0.50),0.5,20.064,0.021,1.52,-6.55,20.04,4.68,0.81,36.25,784,782,753,763,LOITER,1
98.040,motor 1 effectiveness -> 50% (PX4 reads back 0.50),0.5,20.064,0.021,1.53,-6.56,20.78,4.75,0.72,36.30,784,782,753,763,LOITER,1
98.060,motor 1 effectiveness -> 50% (PX4 reads back 0.50),0.5,20.064,0.022,1.54,-6.56,21.51,4.67,0.74,36.40,783,782,754,763,LOITER,1
98.080,motor 1 effectiveness -> 50% (PX4 reads back 0.50),0.5,20.064,0.022,1.55,-6.56,22.25,4.65,0.73,36.32,783,782,754,763,LOITER,1
98.100,motor 1 effectiveness -> 50% (PX4 reads back 0.50),0.5,20.064,0.022,1.56,-6.57,22.98,4.56,0.75,36.29,783,782,754,763,LOITER,1
98.120,motor 1 effectiveness -> 50% (PX4 reads back 0.50),0.5,20.065,0.022,1.57,-6.57,23.72,4.51,0.70,36.41,783,782,754,763,LOITER,1
98.140,motor 1 effectiveness -> 50% (PX4 reads back 0.50),0.5,20.065,0.022,1.58,-6.58,24.45,4.49,0.66,36.42,783,782,754,763,LOITER,1
98.160,motor 1 effectiveness -> 50% (PX4 reads back 0.50),0.5,20.065,0.023,1.58,-6.58,25.19,4.41,0.60,36.39,783,781,755,762,LOITER,1
98.180,motor 1 effectiveness -> 50% (PX4 reads back 0.50),0.5,20.065,0.023,1.59,-6.59,25.93,4.38,0.73,36.40,783,781,755,762,LOITER,1
98.200,motor 1 effectiveness -> 50% (PX4 reads back 0.50),0.5,20.065,0.023,1.59,-6.59,26.66,4.40,0.62,36.42,783,781,755,762,LOITER,1
98.220,motor 1 effectiveness -> 50% (PX4 reads back 0.50),0.5,20.064,0.024,1.60,-6.60,27.40,4.42,0.53,36.43,783,781,755,763,LOITER,1
98.240,motor 1 effectiveness -> 50% (PX4 reads back 0.50),0.5,20.064,0.024,1.60,-6.61,28.14,4.28,0.50,36.44,783,781,755,763,LOITER,1
98.260,motor 1 effectiveness -> 50% (PX4 reads back 0.50),0.5,20.064,0.025,1.60,-6.62,28.87,4.21,0.62,36.36,782,781,755,764,LOITER,1
98.280,motor 1 effectiveness -> 50% (PX4 reads back 0.50),0.5,20.064,0.025,1.60,-6.63,29.61,4.14,0.62,36.38,782,781,755,764,LOITER,1
98.300,motor 1 effectiveness -> 50% (PX4 reads back 0.50),0.5,20.064,0.025,1.60,-6.63,30.34,4.18,0.60,36.31,782,781,755,764,LOITER,1
98.320,motor 1 effectiveness -> 50% (PX4 reads back 0.50),0.5,20.063,0.025,1.60,-6.64,31.08,4.14,0.60,36.35,783,782,755,764,LOITER,1
98.340,motor 1 effectiveness -> 50% (PX4 reads back 0.50),0.5,20.063,0.025,1.60,-6.65,31.81,4.08,0.61,36.33,783,782,755,764,LOITER,1
98.360,motor 1 effectiveness -> 50% (PX4 reads back 0.50),0.5,20.062,0.026,1.59,-6.65,32.55,4.02,0.55,36.35,784,781,757,764,LOITER,1
98.380,motor 1 effectiveness -> 50% (PX4 reads back 0.50),0.5,20.062,0.026,1.59,-6.66,33.28,3.99,0.52,36.35,784,781,757,764,LOITER,1
98.400,motor 1 effectiveness -> 50% (PX4 reads back 0.50),0.5,20.062,0.026,1.58,-6.67,34.01,3.94,0.58,36.34,784,781,757,764,LOITER,1
98.420,motor 1 effectiveness -> 50% (PX4 reads back 0.50),0.5,20.061,0.026,1.58,-6.67,34.75,3.97,0.71,36.30,782,782,757,765,LOITER,1
98.440,motor 1 effectiveness -> 50% (PX4 reads back 0.50),0.5,20.061,0.026,1.58,-6.68,35.48,4.02,0.52,36.28,782,782,757,765,LOITER,1
98.460,motor 1 effectiveness -> 50% (PX4 reads back 0.50),0.5,20.060,0.026,1.57,-6.69,36.21,3.93,0.61,36.25,783,782,757,765,LOITER,1
98.480,motor 1 effectiveness -> 50% (PX4 reads back 0.50),0.5,20.060,0.026,1.56,-6.69,36.94,3.89,0.64,36.25,783,782,757,765,LOITER,1
98.500,motor 1 effectiveness -> 50% (PX4 reads back 0.50),0.5,20.060,0.026,1.56,-6.70,37.67,3.93,0.62,36.28,783,782,757,765,LOITER,1
98.520,motor 1 effectiveness -> 50% (PX4 reads back 0.50),0.5,20.059,0.025,1.55,-6.71,38.40,3.95,0.65,36.24,783,782,757,766,LOITER,1
98.540,motor 1 effectiveness -> 50% (PX4 reads back 0.50),0.5,20.059,0.025,1.55,-6.71,39.13,3.94,0.64,36.23,783,782,757,766,LOITER,1
98.560,motor 1 effectiveness -> 50% (PX4 reads back 0.50),0.5,20.058,0.025,1.54,-6.72,39.86,3.96,0.68,36.20,783,782,758,766,LOITER,1
98.580,motor 1 effectiveness -> 50% (PX4 reads back 0.50),0.5,20.058,0.025,1.54,-6.72,40.59,4.11,0.72,36.21,783,782,758,766,LOITER,1
98.600,motor 1 effectiveness -> 50% (PX4 reads back 0.50),0.5,20.058,0.025,1.53,-6.73,41.31,4.01,0.71,36.10,783,782,758,766,LOITER,1
98.620,motor 1 effectiveness -> 50% (PX4 reads back 0.50),0.5,20.056,0.024,1.53,-6.73,42.04,4.02,0.79,36.12,783,782,758,766,LOITER,1
98.640,motor 1 effectiveness -> 50% (PX4 reads back 0.50),0.5,20.056,0.024,1.53,-6.73,42.76,4.00,0.79,36.06,783,782,758,766,LOITER,1
98.660,motor 1 effectiveness -> 50% (PX4 reads back 0.50),0.5,20.055,0.023,1.52,-6.73,43.49,4.11,0.83,36.07,783,782,758,766,LOITER,1
98.680,motor 1 effectiveness -> 50% (PX4 reads back 0.50),0.5,20.055,0.023,1.52,-6.73,44.21,4.08,0.88,36.10,783,782,758,766,LOITER,1
98.700,motor 1 effectiveness -> 50% (PX4 reads back 0.50),0.5,20.055,0.023,1.52,-6.73,44.94,4.03,0.86,36.05,783,782,758,766,LOITER,1
98.720,motor 1 effectiveness -> 50% (PX4 reads back 0.50),0.5,20.054,0.023,1.51,-6.73,45.66,4.08,0.86,36.04,784,783,758,765,LOITER,1
98.740,motor 1 effectiveness -> 50% (PX4 reads back 0.50),0.5,20.054,0.023,1.51,-6.73,46.39,4.07,0.90,36.06,784,783,758,765,LOITER,1
98.760,motor 1 effectiveness -> 50% (PX4 reads back 0.50),0.5,20.052,0.021,1.51,-6.73,47.11,4.07,1.01,36.03,784,783,758,766,LOITER,1
98.780,motor 1 effectiveness -> 50% (PX4 reads back 0.50),0.5,20.052,0.021,1.50,-6.73,47.84,4.07,0.97,36.04,784,783,758,766,LOITER,1
98.800,motor 1 effectiveness -> 50% (PX4 reads back 0.50),0.5,20.052,0.021,1.50,-6.73,48.56,4.11,0.87,35.99,784,783,758,766,LOITER,1
98.820,motor 1 effectiveness -> 50% (PX4 reads back 0.50),0.5,20.051,0.020,1.50,-6.73,49.29,4.17,1.03,35.94,784,782,758,766,LOITER,1
98.840,motor 1 effectiveness -> 50% (PX4 reads back 0.50),0.5,20.051,0.020,1.50,-6.73,50.01,4.15,1.00,35.93,784,782,758,766,LOITER,1
98.860,motor 1 effectiveness -> 50% (PX4 reads back 0.50),0.5,20.049,0.019,1.50,-6.72,50.73,4.16,1.05,35.96,783,783,758,766,LOITER,1
98.880,motor 1 effectiveness -> 50% (PX4 reads back 0.50),0.5,20.049,0.019,1.50,-6.72,51.45,4.29,0.97,35.95,783,783,758,766,LOITER,1
98.900,motor 1 effectiveness -> 50% (PX4 reads back 0.50),0.5,20.049,0.019,1.50,-6.72,52.17,4.21,1.07,35.94,783,783,758,766,LOITER,1
98.920,motor 1 effectiveness -> 50% (PX4 reads back 0.50),0.5,20.048,0.018,1.50,-6.71,52.89,4.25,1.11,35.91,784,783,758,766,LOITER,1
98.940,motor 1 effectiveness -> 50% (PX4 reads back 0.50),0.5,20.048,0.018,1.50,-6.71,53.61,4.22,1.14,35.90,784,783,758,766,LOITER,1
98.960,motor 1 effectiveness -> 50% (PX4 reads back 0.50),0.5,20.046,0.017,1.50,-6.71,54.33,4.38,1.16,35.89,784,782,758,766,LOITER,1
98.980,motor 1 effectiveness -> 50% (PX4 reads back 0.50),0.5,20.046,0.017,1.50,-6.70,55.05,4.29,1.24,35.85,784,782,758,766,LOITER,1
99.000,motor 1 effectiveness -> 50% (PX4 reads back 0.50),0.5,20.046,0.017,1.50,-6.69,55.77,4.31,1.26,35.91,784,782,758,766,LOITER,1
99.020,motor 1 effectiveness -> 50% (PX4 reads back 0.50),0.5,20.045,0.016,1.51,-6.69,56.49,4.40,1.23,35.85,784,783,758,766,LOITER,1
99.040,motor 1 effectiveness -> 50% (PX4 reads back 0.50),0.5,20.045,0.016,1.51,-6.68,57.20,4.41,1.24,35.82,784,783,758,766,LOITER,1
99.060,motor 1 effectiveness -> 50% (PX4 reads back 0.50),0.5,20.044,0.014,1.52,-6.67,57.92,4.35,1.36,35.93,784,784,757,766,LOITER,1
99.080,motor 1 effectiveness -> 50% (PX4 reads back 0.50),0.5,20.044,0.014,1.52,-6.66,58.64,4.46,1.27,35.86,784,784,757,766,LOITER,1
99.100,motor 1 effectiveness -> 50% (PX4 reads back 0.50),0.5,20.044,0.014,1.53,-6.65,59.36,4.38,1.31,35.85,784,784,757,766,LOITER,1
99.120,motor 1 effectiveness -> 50% (PX4 reads back 0.50),0.5,20.043,0.013,1.53,-6.65,60.08,4.43,1.26,35.83,784,784,757,766,LOITER,1
99.140,motor 1 effectiveness -> 50% (PX4 reads back 0.50),0.5,20.043,0.013,1.53,-6.64,60.80,4.42,1.36,35.88,784,784,757,766,LOITER,1
99.160,motor 1 effectiveness -> 50% (PX4 reads back 0.50),0.5,20.041,0.011,1.54,-6.63,61.52,4.42,1.27,35.87,785,784,757,765,LOITER,1
99.180,motor 1 effectiveness -> 50% (PX4 reads back 0.50),0.5,20.041,0.011,1.55,-6.62,62.24,4.41,1.31,35.86,785,784,757,765,LOITER,1
99.200,motor 1 effectiveness -> 50% (PX4 reads back 0.50),0.5,20.041,0.011,1.55,-6.62,62.96,4.39,1.27,35.87,785,784,757,765,LOITER,1
99.220,motor 1 effectiveness -> 50% (PX4 reads back 0.50),0.5,20.040,0.010,1.55,-6.61,63.68,4.37,1.18,35.88,785,784,757,765,LOITER,1
99.240,motor 1 effectiveness -> 50% (PX4 reads back 0.50),0.5,20.040,0.010,1.56,-6.61,64.40,4.40,1.15,35.88,785,784,757,765,LOITER,1
99.260,motor 1 effectiveness -> 50% (PX4 reads back 0.50),0.5,20.039,0.008,1.56,-6.60,65.12,4.38,1.33,35.95,784,784,756,765,LOITER,1
99.280,motor 1 effectiveness -> 50% (PX4 reads back 0.50),0.5,20.039,0.008,1.57,-6.59,65.84,4.42,1.19,35.91,784,784,756,765,LOITER,1
99.300,motor 1 effectiveness -> 50% (PX4 reads back 0.50),0.5,20.039,0.008,1.58,-6.59,66.56,4.38,1.24,35.90,784,784,756,765,LOITER,1
99.320,motor 1 effectiveness -> 50% (PX4 reads back 0.50),0.5,20.038,0.007,1.58,-6.58,67.28,4.40,1.28,35.96,785,784,755,765,LOITER,1
99.340,motor 1 effectiveness -> 50% (PX4 reads back 0.50),0.5,20.038,0.007,1.59,-6.57,68.01,4.36,1.29,35.99,785,784,755,765,LOITER,1
99.360,motor 1 effectiveness -> 50% (PX4 reads back 0.50),0.5,20.037,0.006,1.59,-6.57,68.73,4.28,1.24,36.02,785,784,756,764,LOITER,1
99.380,motor 1 effectiveness -> 50% (PX4 reads back 0.50),0.5,20.037,0.006,1.59,-6.56,69.45,4.22,1.18,36.00,785,784,756,764,LOITER,1
99.400,motor 1 effectiveness -> 50% (PX4 reads back 0.50),0.5,20.037,0.006,1.59,-6.56,70.18,4.23,1.13,36.04,785,784,756,764,LOITER,1
99.420,motor 1 effectiveness -> 50% (PX4 reads back 0.50),0.5,20.036,0.005,1.60,-6.55,70.90,4.21,1.18,36.03,785,784,756,764,LOITER,1
99.440,motor 1 effectiveness -> 50% (PX4 reads back 0.50),0.5,20.036,0.005,1.60,-6.55,71.63,4.23,1.16,36.08,785,784,756,764,LOITER,1
99.460,motor 1 effectiveness -> 50% (PX4 reads back 0.50),0.5,20.035,0.005,1.60,-6.55,72.36,4.19,1.18,36.13,784,784,756,765,LOITER,1
99.480,motor 1 effectiveness -> 50% (PX4 reads back 0.50),0.5,20.035,0.005,1.60,-6.54,73.08,4.26,1.08,36.15,784,784,756,765,LOITER,1
99.500,motor 1 effectiveness -> 50% (PX4 reads back 0.50),0.5,20.035,0.005,1.61,-6.54,73.81,4.19,1.00,36.14,784,784,756,765,LOITER,1
99.520,motor 1 effectiveness -> 50% (PX4 reads back 0.50),0.5,20.035,0.004,1.61,-6.54,74.54,4.11,1.03,36.17,784,784,755,764,LOITER,1
99.540,motor 1 effectiveness -> 50% (PX4 reads back 0.50),0.5,20.035,0.004,1.61,-6.54,75.27,4.12,1.03,36.18,784,784,755,764,LOITER,1
99.560,motor 1 effectiveness -> 50% (PX4 reads back 0.50),0.5,20.034,0.003,1.61,-6.54,76.00,4.14,0.98,36.17,784,783,756,765,LOITER,1
99.580,motor 1 effectiveness -> 50% (PX4 reads back 0.50),0.5,20.034,0.003,1.61,-6.54,76.72,4.09,0.86,36.23,784,783,756,765,LOITER,1
99.600,motor 1 effectiveness -> 50% (PX4 reads back 0.50),0.5,20.034,0.003,1.61,-6.54,77.45,4.05,0.92,36.17,784,783,756,765,LOITER,1
99.620,motor 1 effectiveness -> 50% (PX4 reads back 0.50),0.5,20.033,0.002,1.60,-6.54,78.18,4.01,0.95,36.20,784,783,756,764,LOITER,1
99.640,motor 1 effectiveness -> 50% (PX4 reads back 0.50),0.5,20.033,0.002,1.60,-6.54,78.91,3.97,0.84,36.23,784,783,756,764,LOITER,1
99.660,motor 1 effectiveness -> 50% (PX4 reads back 0.50),0.5,20.033,0.002,1.60,-6.54,79.64,4.01,0.83,36.18,784,783,756,765,LOITER,1
99.680,motor 1 effectiveness -> 50% (PX4 reads back 0.50),0.5,20.033,0.002,1.60,-6.54,80.37,3.97,0.77,36.24,784,783,756,765,LOITER,1
99.700,motor 1 effectiveness -> 50% (PX4 reads back 0.50),0.5,20.033,0.002,1.59,-6.55,81.10,3.98,0.81,36.26,784,783,756,765,LOITER,1
99.720,motor 1 effectiveness -> 50% (PX4 reads back 0.50),0.5,20.032,0.002,1.59,-6.55,81.83,3.97,0.72,36.25,784,783,755,765,LOITER,1
99.740,motor 1 effectiveness -> 50% (PX4 reads back 0.50),0.5,20.032,0.002,1.59,-6.55,82.56,3.94,0.81,36.22,784,783,755,765,LOITER,1
99.760,motor 1 effectiveness -> 50% (PX4 reads back 0.50),0.5,20.032,0.001,1.58,-6.56,83.28,3.94,0.74,36.23,784,782,756,764,LOITER,1
99.780,motor 1 effectiveness -> 50% (PX4 reads back 0.50),0.5,20.032,0.001,1.58,-6.56,84.01,3.96,0.77,36.25,784,782,756,764,LOITER,1
99.800,motor 1 effectiveness -> 50% (PX4 reads back 0.50),0.5,20.032,0.001,1.57,-6.56,84.74,3.87,0.85,36.29,784,782,756,764,LOITER,1
99.820,motor 1 effectiveness -> 50% (PX4 reads back 0.50),0.5,20.031,0.002,1.57,-6.57,85.47,3.89,0.84,36.22,783,783,757,765,LOITER,1
99.840,motor 1 effectiveness -> 50% (PX4 reads back 0.50),0.5,20.031,0.002,1.57,-6.57,86.20,3.98,0.80,36.34,783,783,757,765,LOITER,1
99.860,motor 1 effectiveness -> 50% (PX4 reads back 0.50),0.5,20.030,0.001,1.56,-6.57,86.93,3.95,0.86,36.26,784,783,757,765,LOITER,1
99.880,motor 1 effectiveness -> 50% (PX4 reads back 0.50),0.5,20.030,0.001,1.56,-6.57,87.65,3.97,0.89,36.22,784,783,757,765,LOITER,1
99.900,motor 1 effectiveness -> 50% (PX4 reads back 0.50),0.5,20.030,0.001,1.55,-6.57,88.38,3.90,0.96,36.24,784,783,757,765,LOITER,1
99.920,motor 1 effectiveness -> 50% (PX4 reads back 0.50),0.5,20.029,0.001,1.55,-6.57,89.10,3.99,1.01,36.29,783,783,756,765,LOITER,1
99.940,motor 1 effectiveness -> 50% (PX4 reads back 0.50),0.5,20.029,0.001,1.54,-6.57,89.83,4.00,0.99,36.24,783,783,756,765,LOITER,1
99.960,motor 1 effectiveness -> 50% (PX4 reads back 0.50),0.5,20.028,0.001,1.54,-6.57,90.56,4.02,1.01,36.26,784,783,757,764,LOITER,1
99.980,motor 1 effectiveness -> 50% (PX4 reads back 0.50),0.5,20.028,0.001,1.54,-6.57,91.28,4.07,1.09,36.24,784,783,757,764,LOITER,1
100.000,motor 1 effectiveness -> 50% (PX4 reads back 0.50),0.5,20.028,0.001,1.54,-6.56,92.01,4.12,1.12,36.24,784,783,757,764,LOITER,1
100.020,motor 1 effectiveness -> 50% (PX4 reads back 0.50),0.5,20.027,0.000,1.54,-6.56,92.73,4.08,1.15,36.26,784,783,757,765,LOITER,1
100.040,motor 1 effectiveness -> 50% (PX4 reads back 0.50),0.5,20.027,0.000,1.53,-6.56,93.46,4.09,1.19,36.26,784,783,757,765,LOITER,1
100.060,motor 1 effectiveness -> 50% (PX4 reads back 0.50),0.5,20.026,-0.000,1.53,-6.55,94.18,4.13,1.20,36.25,784,783,757,765,LOITER,1
100.080,motor 1 effectiveness -> 50% (PX4 reads back 0.50),0.5,20.026,-0.000,1.53,-6.55,94.91,4.11,1.31,36.28,784,783,757,765,LOITER,1
100.100,motor 1 effectiveness -> 50% (PX4 reads back 0.50),0.5,20.026,-0.000,1.53,-6.54,95.63,4.07,1.43,36.28,784,783,757,765,LOITER,1
100.120,motor 1 effectiveness -> 50% (PX4 reads back 0.50),0.5,20.025,-0.001,1.53,-6.53,96.36,4.12,1.37,36.32,784,784,756,765,LOITER,1
100.140,motor 1 effectiveness -> 50% (PX4 reads back 0.50),0.5,20.025,-0.001,1.53,-6.52,97.08,4.19,1.42,36.30,784,784,756,765,LOITER,1
100.160,motor 1 effectiveness -> 50% (PX4 reads back 0.50),0.5,20.024,-0.002,1.53,-6.51,97.81,4.21,1.49,36.28,785,784,757,764,LOITER,1
100.180,motor 1 effectiveness -> 50% (PX4 reads back 0.50),0.5,20.024,-0.002,1.53,-6.50,98.53,4.27,1.53,36.29,785,784,757,764,LOITER,1
100.200,motor 1 effectiveness -> 50% (PX4 reads back 0.50),0.5,20.024,-0.002,1.54,-6.49,99.26,4.20,1.43,36.31,785,784,757,764,LOITER,1
100.220,motor 1 effectiveness -> 50% (PX4 reads back 0.50),0.5,20.023,-0.003,1.54,-6.48,99.98,4.32,1.50,36.31,785,783,757,764,LOITER,1
100.240,motor 1 effectiveness -> 50% (PX4 reads back 0.50),0.5,20.023,-0.003,1.54,-6.47,100.71,4.31,1.49,36.33,785,783,757,764,LOITER,1
100.260,motor 1 effectiveness -> 50% (PX4 reads back 0.50),0.5,20.023,-0.003,1.55,-6.46,101.44,4.25,1.53,36.35,784,784,756,765,LOITER,1
100.280,motor 1 effectiveness -> 50% (PX4 reads back 0.50),0.5,20.023,-0.003,1.55,-6.45,102.17,4.27,1.50,36.32,784,784,756,765,LOITER,1
100.300,motor 1 effectiveness -> 50% (PX4 reads back 0.50),0.5,20.023,-0.003,1.55,-6.44,102.89,4.28,1.54,36.39,784,784,756,765,LOITER,1
100.320,motor 1 effectiveness -> 50% (PX4 reads back 0.50),0.5,20.022,-0.004,1.56,-6.43,103.62,4.38,1.56,36.33,785,784,755,764,LOITER,1
100.340,motor 1 effectiveness -> 50% (PX4 reads back 0.50),0.5,20.022,-0.004,1.56,-6.41,104.35,4.34,1.53,36.47,785,784,755,764,LOITER,1
100.360,motor 1 effectiveness -> 50% (PX4 reads back 0.50),0.5,20.022,-0.005,1.57,-6.40,105.08,4.38,1.52,36.35,785,784,756,764,LOITER,1
100.380,motor 1 effectiveness -> 50% (PX4 reads back 0.50),0.5,20.022,-0.005,1.57,-6.39,105.81,4.35,1.56,36.44,785,784,756,764,LOITER,1
100.400,motor 1 effectiveness -> 50% (PX4 reads back 0.50),0.5,20.022,-0.005,1.58,-6.38,106.54,4.39,1.53,36.43,785,784,756,764,LOITER,1
100.420,motor 1 effectiveness -> 50% (PX4 reads back 0.50),0.5,20.022,-0.006,1.59,-6.37,107.27,4.39,1.53,36.43,785,784,755,764,LOITER,1
100.440,motor 1 effectiveness -> 50% (PX4 reads back 0.50),0.5,20.022,-0.006,1.59,-6.36,108.01,4.36,1.44,36.49,785,784,755,764,LOITER,1
100.460,motor 1 effectiveness -> 50% (PX4 reads back 0.50),0.5,20.022,-0.006,1.60,-6.35,108.74,4.38,1.40,36.54,785,784,755,764,LOITER,1
100.480,motor 1 effectiveness -> 50% (PX4 reads back 0.50),0.5,20.022,-0.006,1.61,-6.35,109.47,4.38,1.40,36.57,785,784,755,764,LOITER,1
100.500,motor 1 effectiveness -> 50% (PX4 reads back 0.50),0.5,20.022,-0.006,1.61,-6.34,110.21,4.31,1.34,36.53,785,784,755,764,LOITER,1
100.520,motor 1 effectiveness -> 50% (PX4 reads back 0.50),0.5,20.021,-0.006,1.62,-6.33,110.94,4.24,1.33,36.72,785,784,754,763,LOITER,1
100.540,motor 1 effectiveness -> 50% (PX4 reads back 0.50),0.5,20.021,-0.006,1.62,-6.33,111.68,4.24,1.36,36.64,785,784,754,763,LOITER,1
100.560,motor 1 effectiveness -> 50% (PX4 reads back 0.50),0.5,20.021,-0.007,1.62,-6.32,112.42,4.25,1.39,36.71,785,784,755,763,LOITER,1
100.580,motor 1 effectiveness -> 50% (PX4 reads back 0.50),0.5,20.021,-0.007,1.63,-6.31,113.15,4.21,1.28,36.66,785,784,755,763,LOITER,1
100.600,motor 1 effectiveness -> 50% (PX4 reads back 0.50),0.5,20.021,-0.007,1.63,-6.31,113.89,4.15,1.31,36.68,785,784,755,763,LOITER,1
100.620,motor 1 effectiveness -> 50% (PX4 reads back 0.50),0.5,20.021,-0.007,1.63,-6.30,114.63,4.15,1.24,36.76,784,784,754,763,LOITER,1
100.640,motor 1 effectiveness -> 50% (PX4 reads back 0.50),0.5,20.021,-0.007,1.63,-6.30,115.37,4.14,1.16,36.83,784,784,754,763,LOITER,1
100.660,motor 1 effectiveness -> 50% (PX4 reads back 0.50),0.5,20.022,-0.007,1.64,-6.30,116.11,4.07,1.20,36.87,784,784,754,763,LOITER,1
100.680,motor 1 effectiveness -> 50% (PX4 reads back 0.50),0.5,20.022,-0.007,1.64,-6.29,116.86,4.12,1.04,36.81,784,784,754,763,LOITER,1
100.700,motor 1 effectiveness -> 50% (PX4 reads back 0.50),0.5,20.022,-0.007,1.64,-6.29,117.60,4.11,1.04,36.84,784,784,754,763,LOITER,1
100.720,motor 1 effectiveness -> 50% (PX4 reads back 0.50),0.5,20.022,-0.007,1.64,-6.29,118.34,4.10,1.09,36.89,784,784,754,763,LOITER,1
100.740,motor 1 effectiveness -> 50% (PX4 reads back 0.50),0.5,20.022,-0.007,1.64,-6.29,119.08,4.04,0.97,36.87,784,784,754,763,LOITER,1
100.760,motor 1 effectiveness -> 50% (PX4 reads back 0.50),0.5,20.023,-0.007,1.64,-6.30,119.83,4.00,0.89,36.96,784,783,755,762,LOITER,1
100.780,motor 1 effectiveness -> 50% (PX4 reads back 0.50),0.5,20.023,-0.007,1.64,-6.30,120.57,4.03,0.89,36.97,784,783,755,762,LOITER,1
100.800,motor 1 effectiveness -> 50% (PX4 reads back 0.50),0.5,20.023,-0.007,1.64,-6.30,121.32,4.00,0.83,36.99,784,783,755,762,LOITER,1
100.820,motor 1 effectiveness -> 50% (PX4 reads back 0.50),0.5,20.023,-0.006,1.64,-6.31,122.06,3.97,0.85,36.96,784,783,755,763,LOITER,1
100.840,motor 1 effectiveness -> 50% (PX4 reads back 0.50),0.5,20.023,-0.006,1.63,-6.31,122.80,4.02,0.83,37.06,784,783,755,763,LOITER,1
100.860,motor 1 effectiveness -> 50% (PX4 reads back 0.50),0.5,20.024,-0.006,1.63,-6.32,123.55,4.01,0.80,37.04,783,783,754,763,LOITER,1
100.880,motor 1 effectiveness -> 50% (PX4 reads back 0.50),0.5,20.024,-0.006,1.63,-6.32,124.30,4.00,0.64,37.05,783,783,754,763,LOITER,1
100.900,motor 1 effectiveness -> 50% (PX4 reads back 0.50),0.5,20.024,-0.006,1.63,-6.33,125.04,4.06,0.77,37.03,783,783,754,763,LOITER,1
100.920,motor 1 effectiveness -> 50% (PX4 reads back 0.50),0.5,20.025,-0.005,1.63,-6.33,125.79,4.03,0.71,37.09,783,783,753,764,LOITER,1
100.940,motor 1 effectiveness -> 50% (PX4 reads back 0.50),0.5,20.025,-0.005,1.63,-6.34,126.53,3.98,0.57,37.08,783,783,753,764,LOITER,1
100.960,motor 1 effectiveness -> 50% (PX4 reads back 0.50),0.5,20.026,-0.005,1.62,-6.35,127.28,3.97,0.66,37.13,783,782,755,762,LOITER,1
100.980,motor 1 effectiveness -> 50% (PX4 reads back 0.50),0.5,20.026,-0.005,1.62,-6.35,128.03,4.00,0.75,37.16,783,782,755,762,LOITER,1
101.000,motor 1 effectiveness -> 50% (PX4 reads back 0.50),0.5,20.026,-0.005,1.62,-6.36,128.77,4.02,0.59,37.10,783,782,755,762,LOITER,1
101.020,motor 1 effectiveness -> 50% (PX4 reads back 0.50),0.5,20.027,-0.004,1.62,-6.37,129.52,4.01,0.50,37.17,784,782,755,763,LOITER,1
101.040,motor 1 effectiveness -> 50% (PX4 reads back 0.50),0.5,20.027,-0.004,1.61,-6.38,130.27,3.98,0.48,37.11,784,782,755,763,LOITER,1
101.060,motor 1 effectiveness -> 50% (PX4 reads back 0.50),0.5,20.027,-0.003,1.61,-6.39,131.01,3.95,0.61,37.14,782,783,754,764,LOITER,1
101.080,motor 1 effectiveness -> 50% (PX4 reads back 0.50),0.5,20.027,-0.003,1.60,-6.40,131.76,4.00,0.47,37.13,782,783,754,764,LOITER,1
101.100,motor 1 effectiveness -> 50% (PX4 reads back 0.50),0.5,20.027,-0.003,1.60,-6.41,132.51,4.01,0.34,37.18,782,783,754,764,LOITER,1
101.120,motor 1 effectiveness -> 50% (PX4 reads back 0.50),0.5,20.028,-0.003,1.60,-6.42,133.26,3.93,0.40,37.25,784,782,754,763,LOITER,1
101.140,motor 1 effectiveness -> 50% (PX4 reads back 0.50),0.5,20.028,-0.003,1.59,-6.43,134.00,3.95,0.47,37.18,784,782,754,763,LOITER,1
101.160,motor 1 effectiveness -> 50% (PX4 reads back 0.50),0.5,20.029,-0.002,1.59,-6.45,134.75,3.95,0.40,37.19,784,782,755,763,LOITER,1
101.180,motor 1 effectiveness -> 50% (PX4 reads back 0.50),0.5,20.029,-0.002,1.58,-6.46,135.50,3.98,0.38,37.22,784,782,755,763,LOITER,1
101.200,motor 1 effectiveness -> 50% (PX4 reads back 0.50),0.5,20.029,-0.002,1.58,-6.47,136.25,3.98,0.36,37.18,784,782,755,763,LOITER,1
101.220,motor 1 effectiveness -> 50% (PX4 reads back 0.50),0.5,20.030,-0.001,1.57,-6.48,137.00,3.99,0.40,37.24,783,782,754,763,LOITER,1
101.240,motor 1 effectiveness -> 50% (PX4 reads back 0.50),0.5,20.030,-0.001,1.57,-6.49,137.74,3.97,0.37,37.18,783,782,754,763,LOITER,1
101.260,motor 1 effectiveness -> 50% (PX4 reads back 0.50),0.5,20.031,-0.000,1.56,-6.51,138.49,3.98,0.39,37.24,783,782,754,763,LOITER,1
101.280,motor 1 effectiveness -> 50% (PX4 reads back 0.50),0.5,20.031,-0.000,1.56,-6.52,139.24,4.02,0.39,37.21,783,782,754,763,LOITER,1
101.300,motor 1 effectiveness -> 50% (PX4 reads back 0.50),0.5,20.031,-0.000,1.55,-6.53,139.99,4.02,0.36,37.25,783,782,754,763,LOITER,1
101.320,motor 1 effectiveness -> 50% (PX4 reads back 0.50),0.5,20.032,0.001,1.55,-6.54,140.73,3.99,0.33,37.32,784,782,755,763,LOITER,1
101.340,motor 1 effectiveness -> 50% (PX4 reads back 0.50),0.5,20.032,0.001,1.54,-6.55,141.48,3.97,0.38,37.31,784,782,755,763,LOITER,1
101.360,motor 1 effectiveness -> 50% (PX4 reads back 0.50),0.5,20.033,0.002,1.53,-6.56,142.23,4.09,0.41,37.26,782,782,755,764,LOITER,1
101.380,motor 1 effectiveness -> 50% (PX4 reads back 0.50),0.5,20.033,0.002,1.53,-6.58,142.98,4.19,0.22,37.26,782,782,755,764,LOITER,1
101.400,motor 1 effectiveness -> 50% (PX4 reads back 0.50),0.5,20.033,0.002,1.53,-6.59,143.73,4.22,0.16,37.30,782,782,755,764,LOITER,1
101.420,motor 1 effectiveness -> 50% (PX4 reads back 0.50),0.5,20.034,0.002,1.52,-6.61,144.48,4.19,0.23,37.29,783,782,755,763,LOITER,1
101.440,motor 1 effectiveness -> 50% (PX4 reads back 0.50),0.5,20.034,0.002,1.52,-6.62,145.23,4.23,0.37,37.33,783,782,755,763,LOITER,1
101.460,motor 1 effectiveness -> 50% (PX4 reads back 0.50),0.5,20.035,0.003,1.52,-6.63,145.97,4.22,0.28,37.30,783,782,755,763,LOITER,1
101.480,motor 1 effectiveness -> 50% (PX4 reads back 0.50),0.5,20.035,0.003,1.52,-6.65,146.72,4.26,0.21,37.27,783,782,755,763,LOITER,1
101.500,motor 1 effectiveness -> 50% (PX4 reads back 0.50),0.5,20.035,0.003,1.51,-6.66,147.47,4.34,0.20,37.29,783,782,755,763,LOITER,1
101.520,motor 1 effectiveness -> 50% (PX4 reads back 0.50),0.5,20.037,0.004,1.51,-6.67,148.22,4.31,0.22,37.27,784,782,754,763,LOITER,1
101.540,motor 1 effectiveness -> 50% (PX4 reads back 0.50),0.5,20.037,0.004,1.51,-6.69,148.97,4.35,0.33,37.30,784,782,754,763,LOITER,1
101.560,motor 1 effectiveness -> 50% (PX4 reads back 0.50),0.5,20.039,0.004,1.51,-6.70,149.71,4.40,0.24,37.30,784,781,755,762,LOITER,1
101.580,motor 1 effectiveness -> 50% (PX4 reads back 0.50),0.5,20.039,0.004,1.51,-6.71,150.46,4.44,0.36,37.32,784,781,755,762,LOITER,1
101.600,motor 1 effectiveness -> 50% (PX4 reads back 0.50),0.5,20.039,0.004,1.51,-6.73,151.21,4.47,0.34,37.37,784,781,755,762,LOITER,1
101.620,motor 1 effectiveness -> 50% (PX4 reads back 0.50),0.5,20.040,0.005,1.51,-6.74,151.96,4.47,0.42,37.33,783,781,754,762,LOITER,1
101.640,motor 1 effectiveness -> 50% (PX4 reads back 0.50),0.5,20.040,0.005,1.51,-6.75,152.71,4.48,0.32,37.32,783,781,754,762,LOITER,1
101.660,motor 1 effectiveness -> 50% (PX4 reads back 0.50),0.5,20.042,0.006,1.51,-6.76,153.46,4.52,0.35,37.30,783,781,754,762,LOITER,1
101.680,motor 1 effectiveness -> 50% (PX4 reads back 0.50),0.5,20.042,0.006,1.52,-6.77,154.21,4.49,0.50,37.34,783,781,754,762,LOITER,1
101.700,motor 1 effectiveness -> 50% (PX4 reads back 0.50),0.5,20.042,0.006,1.52,-6.78,154.96,4.59,0.46,37.38,783,781,754,762,LOITER,1
101.720,motor 1 effectiveness -> 50% (PX4 reads back 0.50),0.5,20.043,0.008,1.52,-6.79,155.71,4.58,0.52,37.42,782,781,753,763,LOITER,1
101.740,motor 1 effectiveness -> 50% (PX4 reads back 0.50),0.5,20.043,0.008,1.52,-6.80,156.46,4.52,0.53,37.36,782,781,753,763,LOITER,1
101.760,motor 1 effectiveness -> 50% (PX4 reads back 0.50),0.5,20.045,0.010,1.52,-6.81,157.21,4.58,0.59,37.35,783,781,754,762,LOITER,1
101.780,motor 1 effectiveness -> 50% (PX4 reads back 0.50),0.5,20.045,0.010,1.52,-6.81,157.96,4.47,0.55,37.39,783,781,754,762,LOITER,1
101.800,motor 1 effectiveness -> 50% (PX4 reads back 0.50),0.5,20.045,0.010,1.52,-6.82,158.71,4.59,0.58,37.33,783,781,754,762,LOITER,1
101.820,motor 1 effectiveness -> 50% (PX4 reads back 0.50),0.5,20.046,0.012,1.52,-6.83,159.46,4.61,0.62,37.39,783,781,754,762,LOITER,1
101.840,motor 1 effectiveness -> 50% (PX4 reads back 0.50),0.5,20.046,0.012,1.53,-6.84,160.21,4.56,0.65,37.43,783,781,754,762,LOITER,1
101.860,motor 1 effectiveness -> 50% (PX4 reads back 0.50),0.5,20.047,0.013,1.53,-6.84,160.96,4.61,0.64,37.40,783,781,754,762,LOITER,1
101.880,motor 1 effectiveness -> 50% (PX4 reads back 0.50),0.5,20.047,0.013,1.53,-6.85,161.72,4.67,0.66,37.46,783,781,754,762,LOITER,1
101.900,motor 1 effectiveness -> 50% (PX4 reads back 0.50),0.5,20.047,0.013,1.53,-6.85,162.47,4.53,0.77,37.51,783,781,754,762,LOITER,1
101.920,motor 1 effectiveness -> 50% (PX4 reads back 0.50),0.5,20.049,0.015,1.53,-6.86,163.22,4.53,0.66,37.42,782,782,754,763,LOITER,1
101.940,motor 1 effectiveness -> 50% (PX4 reads back 0.50),0.5,20.049,0.015,1.53,-6.86,163.98,4.51,0.73,37.41,782,782,754,763,LOITER,1
101.960,motor 1 effectiveness -> 50% (PX4 reads back 0.50),0.5,20.050,0.016,1.53,-6.87,164.73,4.52,0.73,37.47,783,782,755,762,LOITER,1
101.980,motor 1 effectiveness -> 50% (PX4 reads back 0.50),0.5,20.050,0.016,1.53,-6.87,165.48,4.60,0.69,37.42,783,782,755,762,LOITER,1
102.000,motor 1 effectiveness -> 50% (PX4 reads back 0.50),0.5,20.050,0.016,1.53,-6.88,166.24,4.57,0.71,37.46,783,782,755,762,LOITER,1
102.020,motor 1 effectiveness -> 50% (PX4 reads back 0.50),0.5,20.051,0.018,1.53,-6.88,166.99,4.46,0.83,37.46,783,782,754,762,LOITER,1
102.040,motor 1 effectiveness -> 50% (PX4 reads back 0.50),0.5,20.051,0.018,1.53,-6.88,167.74,4.62,0.78,37.47,783,782,754,762,LOITER,1
102.060,motor 1 effectiveness -> 50% (PX4 reads back 0.50),0.5,20.051,0.019,1.53,-6.89,168.50,4.59,0.77,37.52,783,782,754,763,LOITER,1
102.080,motor 1 effectiveness -> 50% (PX4 reads back 0.50),0.5,20.051,0.019,1.53,-6.89,169.25,4.55,0.71,37.47,783,782,754,763,LOITER,1
102.100,motor 1 effectiveness -> 50% (PX4 reads back 0.50),0.5,20.051,0.019,1.53,-6.90,170.01,4.49,0.75,37.53,783,782,754,763,LOITER,1
102.120,motor 1 effectiveness -> 50% (PX4 reads back 0.50),0.5,20.052,0.020,1.53,-6.90,170.76,4.53,0.82,37.51,783,783,754,763,LOITER,1
102.140,motor 1 effectiveness -> 50% (PX4 reads back 0.50),0.5,20.052,0.020,1.53,-6.90,171.52,4.63,0.86,37.46,783,783,754,763,LOITER,1
102.160,motor 1 effectiveness -> 50% (PX4 reads back 0.50),0.5,20.052,0.021,1.53,-6.90,172.27,4.63,0.85,37.51,784,782,755,762,LOITER,1
102.180,motor 1 effectiveness -> 50% (PX4 reads back 0.50),0.5,20.052,0.021,1.53,-6.91,173.03,4.58,0.81,37.55,784,782,755,762,LOITER,1
102.200,motor 1 effectiveness -> 50% (PX4 reads back 0.50),0.5,20.052,0.021,1.53,-6.91,173.78,4.54,0.81,37.56,784,782,755,762,LOITER,1
102.220,motor 1 effectiveness -> 50% (PX4 reads back 0.50),0.5,20.053,0.021,1.53,-6.91,174.54,4.56,0.84,37.55,784,782,755,763,LOITER,1
102.240,motor 1 effectiveness -> 50% (PX4 reads back 0.50),0.5,20.053,0.021,1.53,-6.91,175.30,4.52,0.97,37.57,784,782,755,763,LOITER,1
102.260,motor 1 effectiveness -> 50% (PX4 reads back 0.50),0.5,20.053,0.022,1.53,-6.91,176.06,4.49,0.81,37.59,783,783,755,763,LOITER,1
102.280,motor 1 effectiveness -> 50% (PX4 reads back 0.50),0.5,20.053,0.022,1.53,-6.92,176.81,4.59,0.74,37.56,783,783,755,763,LOITER,1
102.300,motor 1 effectiveness -> 50% (PX4 reads back 0.50),0.5,20.053,0.022,1.53,-6.92,177.57,4.59,0.85,37.50,783,783,755,763,LOITER,1
102.320,motor 1 effectiveness -> 50% (PX4 reads back 0.50),0.5,20.053,0.023,1.53,-6.92,178.33,4.53,0.89,37.62,784,783,755,763,LOITER,1
102.340,motor 1 effectiveness -> 50% (PX4 reads back 0.50),0.5,20.053,0.023,1.53,-6.93,179.08,4.51,0.72,37.66,784,783,755,763,LOITER,1
102.360,motor 1 effectiveness -> 50% (PX4 reads back 0.50),0.5,20.053,0.023,1.53,-6.93,179.84,4.51,0.80,37.58,784,782,756,763,LOITER,1
102.380,motor 1 effectiveness -> 50% (PX4 reads back 0.50),0.5,20.053,0.023,1.52,-6.93,-179.40,4.48,0.94,37.61,784,782,756,763,LOITER,1
102.400,motor 1 effectiveness -> 50% (PX4 reads back 0.50),0.5,20.053,0.023,1.52,-6.93,-178.64,4.56,0.80,37.67,784,782,756,763,LOITER,1
102.420,motor 1 effectiveness -> 50% (PX4 reads back 0.50),0.5,20.053,0.023,1.52,-6.94,-177.88,4.54,0.83,37.64,784,782,756,764,LOITER,1
102.440,motor 1 effectiveness -> 50% (PX4 reads back 0.50),0.5,20.053,0.023,1.52,-6.94,-177.13,4.57,0.88,37.61,784,782,756,764,LOITER,1
102.460,motor 1 effectiveness -> 50% (PX4 reads back 0.50),0.5,20.052,0.024,1.52,-6.94,-176.37,4.56,0.81,37.64,784,783,755,764,LOITER,1
102.480,motor 1 effectiveness -> 50% (PX4 reads back 0.50),0.5,20.052,0.024,1.52,-6.94,-175.61,4.57,0.73,37.60,784,783,755,764,LOITER,1
102.500,motor 1 effectiveness -> 50% (PX4 reads back 0.50),0.5,20.052,0.024,1.52,-6.95,-174.85,4.46,0.81,37.62,784,783,755,764,LOITER,1
102.520,motor 1 effectiveness -> 50% (PX4 reads back 0.50),0.5,20.052,0.024,1.51,-6.95,-174.09,4.51,0.81,37.64,784,783,755,764,LOITER,1
102.540,motor 1 effectiveness -> 50% (PX4 reads back 0.50),0.5,20.052,0.024,1.51,-6.95,-173.33,4.56,0.71,37.57,784,783,755,764,LOITER,1
102.560,motor 1 effectiveness -> 50% (PX4 reads back 0.50),0.5,20.052,0.023,1.51,-6.96,-172.58,4.44,0.75,37.65,785,783,756,763,LOITER,1
102.580,motor 1 effectiveness -> 50% (PX4 reads back 0.50),0.5,20.052,0.023,1.51,-6.96,-171.82,4.42,0.83,37.63,785,783,756,763,LOITER,1
102.600,motor 1 effectiveness -> 50% (PX4 reads back 0.50),0.5,20.052,0.023,1.50,-6.96,-171.06,4.52,0.80,37.67,785,783,756,763,LOITER,1
102.620,motor 1 effectiveness -> 50% (PX4 reads back 0.50),0.5,20.051,0.023,1.50,-6.97,-170.30,4.52,0.77,37.65,784,783,756,764,LOITER,1
102.640,motor 1 effectiveness -> 50% (PX4 reads back 0.50),0.5,20.051,0.023,1.50,-6.97,-169.54,4.58,0.80,37.67,784,783,756,764,LOITER,1
102.660,motor 1 effectiveness -> 50% (PX4 reads back 0.50),0.5,20.051,0.023,1.50,-6.97,-168.77,4.51,0.74,37.66,784,783,756,764,LOITER,1
102.680,motor 1 effectiveness -> 50% (PX4 reads back 0.50),0.5,20.051,0.023,1.50,-6.97,-168.01,4.49,0.83,37.66,784,783,756,764,LOITER,1
102.700,motor 1 effectiveness -> 50% (PX4 reads back 0.50),0.5,20.051,0.023,1.49,-6.98,-167.25,4.46,0.69,37.65,784,783,756,764,LOITER,1
102.720,motor 1 effectiveness -> 50% (PX4 reads back 0.50),0.5,20.051,0.023,1.49,-6.98,-166.49,4.50,0.74,37.68,784,783,756,764,LOITER,1
102.740,motor 1 effectiveness -> 50% (PX4 reads back 0.50),0.5,20.051,0.023,1.49,-6.99,-165.73,4.52,0.79,37.67,784,783,756,764,LOITER,1
102.760,motor 1 effectiveness -> 50% (PX4 reads back 0.50),0.5,20.050,0.023,1.49,-6.99,-164.97,4.47,0.73,37.68,784,783,757,764,LOITER,1
102.780,motor 1 effectiveness -> 50% (PX4 reads back 0.50),0.5,20.050,0.023,1.48,-6.99,-164.21,4.49,0.68,37.65,784,783,757,764,LOITER,1
102.800,motor 1 effectiveness -> 50% (PX4 reads back 0.50),0.5,20.050,0.023,1.48,-7.00,-163.45,4.45,0.77,37.62,784,783,757,764,LOITER,1
102.820,motor 1 effectiveness -> 50% (PX4 reads back 0.50),0.5,20.049,0.022,1.48,-7.00,-162.69,4.39,0.73,37.71,783,783,756,765,LOITER,1
102.840,motor 1 effectiveness -> 50% (PX4 reads back 0.50),0.5,20.049,0.022,1.47,-7.01,-161.93,4.41,0.70,37.60,783,783,756,765,LOITER,1
102.860,motor 1 effectiveness -> 50% (PX4 reads back 0.50),0.5,20.049,0.022,1.47,-7.01,-161.17,4.44,0.79,37.66,783,783,756,765,LOITER,1
102.880,motor 1 effectiveness -> 50% (PX4 reads back 0.50),0.5,20.049,0.022,1.47,-7.01,-160.40,4.47,0.71,37.57,783,783,756,765,LOITER,1
102.900,motor 1 effectiveness -> 50% (PX4 reads back 0.50),0.5,20.049,0.022,1.46,-7.01,-159.64,4.48,0.86,37.56,783,783,756,765,LOITER,1
102.920,motor 1 effectiveness -> 50% (PX4 reads back 0.50),0.5,20.048,0.022,1.46,-7.01,-158.88,4.48,0.85,37.61,783,783,756,765,LOITER,1
102.940,motor 1 effectiveness -> 50% (PX4 reads back 0.50),0.5,20.048,0.022,1.46,-7.02,-158.12,4.56,0.89,37.59,783,783,756,765,LOITER,1
102.960,motor 1 effectiveness -> 50% (PX4 reads back 0.50),0.5,20.047,0.021,1.46,-7.02,-157.36,4.50,0.92,37.59,784,783,757,764,LOITER,1
102.980,motor 1 effectiveness -> 50% (PX4 reads back 0.50),0.5,20.047,0.021,1.46,-7.02,-156.61,4.56,0.86,37.52,784,783,757,764,LOITER,1
103.000,motor 1 effectiveness -> 50% (PX4 reads back 0.50),0.5,20.047,0.021,1.45,-7.02,-155.85,4.56,0.90,37.60,784,783,757,764,LOITER,1
103.020,motor 1 effectiveness -> 50% (PX4 reads back 0.50),0.5,20.046,0.021,1.45,-7.02,-155.09,4.56,0.92,37.57,784,783,757,765,LOITER,1
103.040,motor 1 effectiveness -> 50% (PX4 reads back 0.50),0.5,20.046,0.021,1.45,-7.02,-154.33,4.52,0.96,37.55,784,783,757,765,LOITER,1
103.060,motor 1 effectiveness -> 50% (PX4 reads back 0.50),0.5,20.045,0.021,1.45,-7.01,-153.57,4.57,1.04,37.60,784,783,756,765,LOITER,1
103.080,motor 1 effectiveness -> 50% (PX4 reads back 0.50),0.5,20.045,0.021,1.45,-7.01,-152.81,4.49,1.03,37.56,784,783,756,765,LOITER,1
103.100,motor 1 effectiveness -> 50% (PX4 reads back 0.50),0.5,20.045,0.021,1.44,-7.01,-152.05,4.47,1.02,37.59,784,783,756,765,LOITER,1
103.120,motor 1 effectiveness -> 50% (PX4 reads back 0.50),0.5,20.044,0.020,1.44,-7.01,-151.29,4.42,0.95,37.48,784,783,757,765,LOITER,1
103.140,motor 1 effectiveness -> 50% (PX4 reads back 0.50),0.5,20.044,0.020,1.44,-7.00,-150.53,4.39,1.02,37.49,784,783,757,765,LOITER,1
103.160,motor 1 effectiveness -> 50% (PX4 reads back 0.50),0.5,20.043,0.019,1.43,-7.00,-149.77,4.41,1.00,37.47,784,783,757,765,LOITER,1
103.180,motor 1 effectiveness -> 50% (PX4 reads back 0.50),0.5,20.043,0.019,1.43,-7.00,-149.01,4.41,0.97,37.50,784,783,757,765,LOITER,1
103.200,motor 1 effectiveness -> 50% (PX4 reads back 0.50),0.5,20.043,0.019,1.43,-7.00,-148.25,4.37,0.94,37.52,784,783,757,765,LOITER,1
103.220,motor 1 effectiveness -> 50% (PX4 reads back 0.50),0.5,20.042,0.018,1.42,-7.00,-147.49,4.37,0.91,37.43,784,782,757,765,LOITER,1
103.240,motor 1 effectiveness -> 50% (PX4 reads back 0.50),0.5,20.042,0.018,1.42,-7.00,-146.73,4.41,1.03,37.43,784,782,757,765,LOITER,1
103.260,motor 1 effectiveness -> 50% (PX4 reads back 0.50),0.5,20.042,0.018,1.41,-6.99,-145.98,4.43,0.97,37.40,784,783,757,765,LOITER,1
103.280,motor 1 effectiveness -> 50% (PX4 reads back 0.50),0.5,20.042,0.018,1.41,-6.99,-145.22,4.39,0.97,37.36,784,783,757,765,LOITER,1
103.300,motor 1 effectiveness -> 50% (PX4 reads back 0.50),0.5,20.042,0.018,1.41,-6.99,-144.46,4.36,0.89,37.35,784,783,757,765,LOITER,1
103.320,motor 1 effectiveness -> 50% (PX4 reads back 0.50),0.5,20.041,0.017,1.41,-6.99,-143.70,4.37,1.00,37.38,784,783,757,765,LOITER,1
103.340,motor 1 effectiveness -> 50% (PX4 reads back 0.50),0.5,20.041,0.017,1.40,-6.99,-142.94,4.38,0.93,37.35,784,783,757,765,LOITER,1
103.360,motor 1 effectiveness -> 50% (PX4 reads back 0.50),0.5,20.040,0.016,1.40,-6.98,-142.19,4.36,0.92,37.36,784,783,757,765,LOITER,1
103.380,motor 1 effectiveness -> 50% (PX4 reads back 0.50),0.5,20.040,0.016,1.40,-6.98,-141.43,4.37,0.81,37.28,784,783,757,765,LOITER,1
103.400,motor 1 effectiveness -> 50% (PX4 reads back 0.50),0.5,20.040,0.016,1.39,-6.98,-140.67,4.33,0.95,37.34,784,783,757,765,LOITER,1
103.420,motor 1 effectiveness -> 50% (PX4 reads back 0.50),0.5,20.039,0.016,1.39,-6.98,-139.91,4.32,0.95,37.36,784,783,757,765,LOITER,1
103.440,motor 1 effectiveness -> 50% (PX4 reads back 0.50),0.5,20.039,0.016,1.38,-6.98,-139.16,4.27,0.89,37.37,784,783,757,765,LOITER,1
103.460,motor 1 effectiveness -> 50% (PX4 reads back 0.50),0.5,20.038,0.015,1.38,-6.98,-138.40,4.27,0.86,37.29,784,783,756,765,LOITER,1
103.480,motor 1 effectiveness -> 50% (PX4 reads back 0.50),0.5,20.038,0.015,1.37,-6.98,-137.64,4.35,0.91,37.37,784,783,756,765,LOITER,1
103.500,motor 1 effectiveness -> 50% (PX4 reads back 0.50),0.5,20.038,0.015,1.37,-6.98,-136.88,4.32,0.92,37.31,784,783,756,765,LOITER,1
103.520,motor 1 effectiveness -> 50% (PX4 reads back 0.50),0.5,20.038,0.014,1.36,-6.97,-136.13,4.30,0.88,37.33,783,783,755,765,LOITER,1
103.540,motor 1 effectiveness -> 50% (PX4 reads back 0.50),0.5,20.038,0.014,1.36,-6.97,-135.37,4.27,0.95,37.31,783,783,755,765,LOITER,1
103.560,motor 1 effectiveness -> 50% (PX4 reads back 0.50),0.5,20.037,0.014,1.36,-6.97,-134.61,4.29,0.93,37.30,784,782,757,765,LOITER,1
103.580,motor 1 effectiveness -> 50% (PX4 reads back 0.50),0.5,20.037,0.014,1.35,-6.97,-133.86,4.21,0.86,37.29,784,782,757,765,LOITER,1
103.600,motor 1 effectiveness -> 50% (PX4 reads back 0.50),0.5,20.037,0.014,1.34,-6.97,-133.10,4.23,0.94,37.27,784,782,757,765,LOITER,1
103.620,motor 1 effectiveness -> 50% (PX4 reads back 0.50),0.5,20.036,0.014,1.34,-6.97,-132.35,4.24,0.84,37.23,783,783,756,765,LOITER,1
103.640,motor 1 effectiveness -> 50% (PX4 reads back 0.50),0.5,20.036,0.014,1.33,-6.97,-131.59,4.25,0.78,37.25,783,783,756,765,LOITER,1
103.660,motor 1 effectiveness -> 50% (PX4 reads back 0.50),0.5,20.036,0.013,1.33,-6.96,-130.84,4.17,0.91,37.22,783,783,757,765,LOITER,1
103.680,motor 1 effectiveness -> 50% (PX4 reads back 0.50),0.5,20.036,0.013,1.32,-6.96,-130.09,4.23,0.91,37.23,783,783,757,765,LOITER,1
103.700,motor 1 effectiveness -> 50% (PX4 reads back 0.50),0.5,20.036,0.013,1.32,-6.96,-129.33,4.32,0.90,37.21,783,783,757,765,LOITER,1
103.720,motor 1 effectiveness -> 50% (PX4 reads back 0.50),0.5,20.035,0.013,1.31,-6.96,-128.58,4.29,1.05,37.23,784,783,756,765,LOITER,1
103.740,motor 1 effectiveness -> 50% (PX4 reads back 0.50),0.5,20.035,0.013,1.31,-6.95,-127.83,4.34,0.91,37.18,784,783,756,765,LOITER,1
103.760,motor 1 effectiveness -> 50% (PX4 reads back 0.50),0.5,20.034,0.012,1.30,-6.95,-127.08,4.42,1.00,37.23,784,783,757,765,LOITER,1
103.780,motor 1 effectiveness -> 50% (PX4 reads back 0.50),0.5,20.034,0.012,1.30,-6.95,-126.33,4.47,1.00,37.20,784,783,757,765,LOITER,1
103.800,motor 1 effectiveness -> 50% (PX4 reads back 0.50),0.5,20.034,0.012,1.30,-6.94,-125.57,4.51,1.05,37.22,784,783,757,765,LOITER,1
103.820,motor 1 effectiveness -> 50% (PX4 reads back 0.50),0.5,20.033,0.011,1.30,-6.94,-124.82,4.48,0.99,37.23,784,783,757,765,LOITER,1
103.840,motor 1 effectiveness -> 50% (PX4 reads back 0.50),0.5,20.033,0.011,1.30,-6.93,-124.07,4.55,1.06,37.11,784,783,757,765,LOITER,1
103.860,motor 1 effectiveness -> 50% (PX4 reads back 0.50),0.5,20.033,0.011,1.30,-6.93,-123.32,4.45,1.05,37.20,784,784,757,765,LOITER,1
103.880,motor 1 effectiveness -> 50% (PX4 reads back 0.50),0.5,20.033,0.011,1.30,-6.92,-122.57,4.64,1.14,37.20,784,784,757,765,LOITER,1
103.900,motor 1 effectiveness -> 50% (PX4 reads back 0.50),0.5,20.033,0.011,1.30,-6.92,-121.82,4.62,1.15,37.15,784,784,757,765,LOITER,1
103.920,motor 1 effectiveness -> 50% (PX4 reads back 0.50),0.5,20.032,0.010,1.31,-6.91,-121.07,4.67,1.25,37.20,784,784,756,765,LOITER,1
103.940,motor 1 effectiveness -> 50% (PX4 reads back 0.50),0.5,20.032,0.010,1.31,-6.90,-120.32,4.73,1.11,37.16,784,784,756,765,LOITER,1
103.960,motor 1 effectiveness -> 50% (PX4 reads back 0.50),0.5,20.031,0.009,1.32,-6.90,-119.57,4.69,1.19,37.18,785,783,757,764,LOITER,1
103.980,motor 1 effectiveness -> 50% (PX4 reads back 0.50),0.5,20.031,0.009,1.32,-6.89,-118.82,4.76,1.23,37.15,785,783,757,764,LOITER,1
104.000,motor 1 effectiveness -> 50% (PX4 reads back 0.50),0.5,20.031,0.009,1.33,-6.88,-118.07,4.78,1.20,37.18,785,783,757,764,LOITER,1
104.020,motor 1 effectiveness -> 50% (PX4 reads back 0.50),0.5,20.030,0.008,1.33,-6.87,-117.32,4.77,1.22,37.16,785,783,757,765,LOITER,1
104.040,motor 1 effectiveness -> 50% (PX4 reads back 0.50),0.5,20.030,0.008,1.34,-6.86,-116.57,4.75,1.25,37.15,785,783,757,765,LOITER,1
104.060,motor 1 effectiveness -> 50% (PX4 reads back 0.50),0.5,20.030,0.007,1.35,-6.86,-115.81,4.84,1.23,37.14,785,784,756,765,LOITER,1
104.080,motor 1 effectiveness -> 50% (PX4 reads back 0.50),0.5,20.030,0.007,1.35,-6.85,-115.06,4.82,1.24,37.14,785,784,756,765,LOITER,1
104.100,motor 1 effectiveness -> 50% (PX4 reads back 0.50),0.5,20.030,0.007,1.36,-6.84,-114.31,4.82,1.28,37.24,785,784,756,765,LOITER,1
104.120,motor 1 effectiveness -> 50% (PX4 reads back 0.50),0.5,20.029,0.006,1.37,-6.83,-113.56,4.77,1.25,37.17,785,784,756,765,LOITER,1
104.140,motor 1 effectiveness -> 50% (PX4 reads back 0.50),0.5,20.029,0.006,1.37,-6.83,-112.81,4.75,1.26,37.22,785,784,756,765,LOITER,1
104.160,motor 1 effectiveness -> 50% (PX4 reads back 0.50),0.5,20.028,0.005,1.38,-6.82,-112.06,4.74,1.30,37.25,785,784,757,764,LOITER,1
104.180,motor 1 effectiveness -> 50% (PX4 reads back 0.50),0.5,20.028,0.005,1.39,-6.81,-111.31,4.80,1.25,37.20,785,784,757,764,LOITER,1
104.200,motor 1 effectiveness -> 50% (PX4 reads back 0.50),0.5,20.028,0.005,1.39,-6.80,-110.56,4.78,1.35,37.19,785,784,757,764,LOITER,1
104.220,motor 1 effectiveness -> 50% (PX4 reads back 0.50),0.5,20.028,0.004,1.40,-6.79,-109.80,4.79,1.34,37.26,785,785,756,764,LOITER,1
104.240,motor 1 effectiveness -> 50% (PX4 reads back 0.50),0.5,20.028,0.004,1.41,-6.79,-109.05,4.81,1.23,37.27,785,785,756,764,LOITER,1
104.260,motor 1 effectiveness -> 50% (PX4 reads back 0.50),0.5,20.027,0.003,1.42,-6.78,-108.30,4.86,1.24,37.28,786,784,756,765,LOITER,1
104.280,motor 1 effectiveness -> 50% (PX4 reads back 0.50),0.5,20.027,0.003,1.42,-6.77,-107.55,4.89,1.32,37.28,786,784,756,765,LOITER,1
104.300,motor 1 effectiveness -> 50% (PX4 reads back 0.50),0.5,20.027,0.003,1.43,-6.76,-106.80,4.85,1.28,37.34,786,784,756,765,LOITER,1
104.320,motor 1 effectiveness -> 50% (PX4 reads back 0.50),0.5,20.026,0.002,1.44,-6.76,-106.04,4.91,1.28,37.35,786,785,755,764,LOITER,1
104.340,motor 1 effectiveness -> 50% (PX4 reads back 0.50),0.5,20.026,0.002,1.45,-6.75,-105.29,4.89,1.25,37.43,786,785,755,764,LOITER,1
104.360,motor 1 effectiveness -> 50% (PX4 reads back 0.50),0.5,20.026,0.001,1.46,-6.74,-104.54,5.00,1.20,37.33,787,784,756,764,LOITER,1
104.380,motor 1 effectiveness -> 50% (PX4 reads back 0.50),0.5,20.026,0.001,1.47,-6.74,-103.78,4.91,1.29,37.40,787,784,756,764,LOITER,1
104.400,motor 1 effectiveness -> 50% (PX4 reads back 0.50),0.5,20.026,0.001,1.48,-6.73,-103.03,4.91,1.24,37.45,787,784,756,764,LOITER,1
104.420,motor 1 effectiveness -> 50% (PX4 reads back 0.50),0.5,20.025,-0.000,1.49,-6.73,-102.27,4.97,1.21,37.44,787,785,756,764,LOITER,1
104.440,motor 1 effectiveness -> 50% (PX4 reads back 0.50),0.5,20.025,-0.000,1.50,-6.72,-101.52,4.98,1.17,37.46,787,785,756,764,LOITER,1
104.460,motor 1 effectiveness -> 50% (PX4 reads back 0.50),0.5,20.024,-0.001,1.52,-6.72,-100.76,5.07,1.16,37.54,787,785,755,765,LOITER,1
104.480,motor 1 effectiveness -> 50% (PX4 reads back 0.50),0.5,20.024,-0.001,1.53,-6.71,-100.00,4.96,1.05,37.52,787,785,755,765,LOITER,1
104.500,motor 1 effectiveness -> 50% (PX4 reads back 0.50),0.5,20.024,-0.001,1.54,-6.71,-99.25,4.90,0.98,37.54,787,785,755,765,LOITER,1
104.520,motor 1 effectiveness -> 50% (PX4 reads back 0.50),0.5,20.024,-0.002,1.54,-6.71,-98.49,4.77,1.00,37.58,787,786,755,764,LOITER,1
104.540,motor 1 effectiveness -> 50% (PX4 reads back 0.50),0.5,20.024,-0.002,1.55,-6.71,-97.73,4.80,0.95,37.63,787,786,755,764,LOITER,1
104.560,motor 1 effectiveness -> 50% (PX4 reads back 0.50),0.5,20.023,-0.004,1.56,-6.71,-96.97,4.82,0.95,37.66,786,785,755,764,LOITER,1
104.580,motor 1 effectiveness -> 50% (PX4 reads back 0.50),0.5,20.023,-0.004,1.57,-6.71,-96.21,4.73,0.93,37.71,786,785,755,764,LOITER,1
104.600,motor 1 effectiveness -> 50% (PX4 reads back 0.50),0.5,20.023,-0.004,1.57,-6.72,-95.45,4.76,0.91,37.73,786,785,755,764,LOITER,1
104.620,motor 1 effectiveness -> 50% (PX4 reads back 0.50),0.5,20.022,-0.005,1.58,-6.72,-94.69,4.78,0.66,37.75,786,785,756,764,LOITER,1
104.640,motor 1 effectiveness -> 50% (PX4 reads back 0.50),0.5,20.022,-0.005,1.59,-6.73,-93.92,4.72,0.78,37.74,786,785,756,764,LOITER,1
104.660,motor 1 effectiveness -> 50% (PX4 reads back 0.50),0.5,20.022,-0.006,1.59,-6.73,-93.16,4.77,0.83,37.80,785,785,755,764,LOITER,1
104.680,motor 1 effectiveness -> 50% (PX4 reads back 0.50),0.5,20.022,-0.006,1.60,-6.74,-92.40,4.71,0.73,37.76,785,785,755,764,LOITER,1
104.700,motor 1 effectiveness -> 50% (PX4 reads back 0.50),0.5,20.022,-0.006,1.60,-6.74,-91.64,4.74,0.67,37.77,785,785,755,764,LOITER,1
104.720,motor 1 effectiveness -> 50% (PX4 reads back 0.50),0.5,20.022,-0.007,1.61,-6.75,-90.87,4.72,0.65,37.87,786,784,756,764,LOITER,1
104.740,motor 1 effectiveness -> 50% (PX4 reads back 0.50),0.5,20.022,-0.007,1.61,-6.76,-90.11,4.76,0.55,37.86,786,784,756,764,LOITER,1
104.760,motor 1 effectiveness -> 50% (PX4 reads back 0.50),0.5,20.021,-0.008,1.62,-6.77,-89.35,4.72,0.47,37.84,785,784,756,764,LOITER,1
104.780,motor 1 effectiveness -> 50% (PX4 reads back 0.50),0.5,20.021,-0.008,1.62,-6.78,-88.58,4.68,0.46,37.91,785,784,756,764,LOITER,1
104.800,motor 1 effectiveness -> 50% (PX4 reads back 0.50),0.5,20.021,-0.008,1.62,-6.79,-87.82,4.64,0.50,37.89,785,784,756,764,LOITER,1
104.820,motor 1 effectiveness -> 50% (PX4 reads back 0.50),0.5,20.021,-0.008,1.63,-6.80,-87.06,4.74,0.43,37.85,785,784,756,765,LOITER,1
104.840,motor 1 effectiveness -> 50% (PX4 reads back 0.50),0.5,20.021,-0.008,1.63,-6.81,-86.29,4.74,0.48,37.88,785,784,756,765,LOITER,1
104.860,motor 1 effectiveness -> 50% (PX4 reads back 0.50),0.5,20.021,-0.009,1.64,-6.82,-85.53,4.71,0.49,37.86,784,783,756,765,LOITER,1
104.880,motor 1 effectiveness -> 50% (PX4 reads back 0.50),0.5,20.021,-0.009,1.64,-6.84,-84.77,4.73,0.35,37.88,784,783,756,765,LOITER,1
104.900,motor 1 effectiveness -> 50% (PX4 reads back 0.50),0.5,20.021,-0.009,1.64,-6.85,-84.00,4.73,0.29,37.91,784,783,756,765,LOITER,1
104.920,motor 1 effectiveness -> 50% (PX4 reads back 0.50),0.5,20.021,-0.009,1.64,-6.87,-83.24,4.65,0.39,37.87,785,784,755,765,LOITER,1
104.940,motor 1 effectiveness -> 50% (PX4 reads back 0.50),0.5,20.021,-0.009,1.65,-6.88,-82.48,4.65,0.30,37.88,785,784,755,765,LOITER,1
104.960,motor 1 effectiveness -> 50% (PX4 reads back 0.50),0.5,20.022,-0.010,1.65,-6.89,-81.72,4.69,0.41,37.89,785,783,756,764,LOITER,1
104.980,motor 1 effectiveness -> 50% (PX4 reads back 0.50),0.5,20.022,-0.010,1.65,-6.91,-80.95,4.70,0.36,37.87,785,783,756,764,LOITER,1
105.000,motor 1 effectiveness -> 50% (PX4 reads back 0.50),0.5,20.022,-0.010,1.65,-6.92,-80.19,4.68,0.28,37.89,785,783,756,764,LOITER,1
105.020,motor 1 effectiveness -> 50% (PX4 reads back 0.50),0.5,20.022,-0.010,1.65,-6.93,-79.43,4.77,0.41,37.92,785,783,756,764,LOITER,1
105.040,motor 1 effectiveness -> 50% (PX4 reads back 0.50),0.5,20.022,-0.010,1.66,-6.95,-78.67,4.85,0.39,37.89,785,783,756,764,LOITER,1
105.060,motor 1 effectiveness -> 50% (PX4 reads back 0.50),0.5,20.022,-0.010,1.66,-6.96,-77.90,4.80,0.42,37.94,784,783,756,765,LOITER,1
105.084,motor 1 effectiveness -> 50% (PX4 reads back 0.50),0.5,20.022,-0.010,1.66,-6.98,-76.99,4.84,0.38,37.89,784,783,756,765,LOITER,1
105.100,motor 1 effectiveness -> 50% (PX4 reads back 0.50),0.5,20.022,-0.010,1.67,-6.99,-76.38,4.79,0.41,37.85,784,783,756,765,LOITER,1
105.120,motor 1 effectiveness -> 50% (PX4 reads back 0.50),0.5,20.022,-0.011,1.67,-7.00,-75.62,4.81,0.49,37.88,785,784,756,764,LOITER,1
105.140,motor 1 effectiveness -> 50% (PX4 reads back 0.50),0.5,20.022,-0.011,1.67,-7.01,-74.86,4.79,0.38,37.84,785,784,756,764,LOITER,1
105.160,motor 1 effectiveness -> 50% (PX4 reads back 0.50),0.5,20.022,-0.011,1.67,-7.03,-74.09,4.78,0.33,37.92,785,783,757,764,LOITER,1
105.180,motor 1 effectiveness -> 50% (PX4 reads back 0.50),0.5,20.022,-0.011,1.68,-7.04,-73.33,4.72,0.45,37.92,785,783,757,764,LOITER,1
105.200,motor 1 effectiveness -> 50% (PX4 reads back 0.50),0.5,20.022,-0.011,1.68,-7.05,-72.57,4.82,0.44,37.95,785,783,757,764,LOITER,1
105.220,motor 1 effectiveness -> 50% (PX4 reads back 0.50),0.5,20.022,-0.011,1.68,-7.06,-71.80,4.88,0.35,37.92,784,783,756,764,LOITER,1
105.240,motor 1 effectiveness -> 50% (PX4 reads back 0.50),0.5,20.022,-0.011,1.68,-7.08,-71.04,4.90,0.37,37.91,784,783,756,764,LOITER,1
105.260,motor 1 effectiveness -> 50% (PX4 reads back 0.50),0.5,20.023,-0.011,1.68,-7.09,-70.28,4.79,0.46,37.87,783,783,756,765,LOITER,1
105.280,motor 1 effectiveness -> 50% (PX4 reads back 0.50),0.5,20.023,-0.011,1.69,-7.10,-69.52,4.80,0.36,37.89,783,783,756,765,LOITER,1
105.300,motor 1 effectiveness -> 50% (PX4 reads back 0.50),0.5,20.023,-0.011,1.69,-7.12,-68.75,4.85,0.36,37.88,783,783,756,765,LOITER,1
105.320,motor 1 effectiveness -> 50% (PX4 reads back 0.50),0.5,20.023,-0.011,1.69,-7.13,-67.99,4.80,0.34,37.87,784,783,755,765,LOITER,1
105.340,motor 1 effectiveness -> 50% (PX4 reads back 0.50),0.5,20.023,-0.011,1.69,-7.15,-67.23,4.74,0.38,37.86,784,783,755,765,LOITER,1
105.360,motor 1 effectiveness -> 50% (PX4 reads back 0.50),0.5,20.024,-0.011,1.69,-7.16,-66.47,4.68,0.37,37.87,783,782,756,764,LOITER,1
105.380,motor 1 effectiveness -> 50% (PX4 reads back 0.50),0.5,20.024,-0.011,1.69,-7.17,-65.70,4.71,0.42,37.82,783,782,756,764,LOITER,1
105.400,motor 1 effectiveness -> 50% (PX4 reads back 0.50),0.5,20.024,-0.011,1.69,-7.19,-64.94,4.76,0.45,37.83,783,782,756,764,LOITER,1
105.420,motor 1 effectiveness -> 50% (PX4 reads back 0.50),0.5,20.024,-0.010,1.69,-7.20,-64.18,4.71,0.49,37.82,783,782,756,764,LOITER,1
105.440,motor 1 effectiveness -> 50% (PX4 reads back 0.50),0.5,20.024,-0.010,1.68,-7.21,-63.42,4.69,0.40,37.79,783,782,756,764,LOITER,1
105.460,motor 1 effectiveness -> 50% (PX4 reads back 0.50),0.5,20.025,-0.010,1.68,-7.22,-62.66,4.72,0.51,37.75,782,782,756,765,LOITER,1
105.480,motor 1 effectiveness -> 50% (PX4 reads back 0.50),0.5,20.025,-0.010,1.68,-7.24,-61.90,4.75,0.49,37.81,782,782,756,765,LOITER,1
105.500,motor 1 effectiveness -> 50% (PX4 reads back 0.50),0.5,20.025,-0.010,1.68,-7.25,-61.14,4.73,0.52,37.73,782,782,756,765,LOITER,1
105.520,motor 1 effectiveness -> 50% (PX4 reads back 0.50),0.5,20.026,-0.009,1.68,-7.26,-60.38,4.71,0.46,37.75,783,782,756,764,LOITER,1
105.540,motor 1 effectiveness -> 50% (PX4 reads back 0.50),0.5,20.026,-0.009,1.68,-7.27,-59.62,4.81,0.56,37.68,783,782,756,764,LOITER,1
105.560,motor 1 effectiveness -> 50% (PX4 reads back 0.50),0.5,20.026,-0.008,1.68,-7.28,-58.86,4.76,0.50,37.74,784,781,757,764,LOITER,1
105.580,motor 1 effectiveness -> 50% (PX4 reads back 0.50),0.5,20.026,-0.008,1.67,-7.29,-58.10,4.72,0.59,37.67,784,781,757,764,LOITER,1
105.600,motor 1 effectiveness -> 50% (PX4 reads back 0.50),0.5,20.026,-0.008,1.67,-7.30,-57.34,4.67,0.64,37.61,784,781,757,764,LOITER,1
105.620,motor 1 effectiveness -> 50% (PX4 reads back 0.50),0.5,20.027,-0.007,1.67,-7.31,-56.59,4.68,0.62,37.63,783,781,756,764,LOITER,1
105.640,motor 1 effectiveness -> 50% (PX4 reads back 0.50),0.5,20.027,-0.007,1.66,-7.32,-55.83,4.63,0.70,37.62,783,781,756,764,LOITER,1
105.660,motor 1 effectiveness -> 50% (PX4 reads back 0.50),0.5,20.027,-0.006,1.66,-7.32,-55.07,4.62,0.74,37.52,782,782,756,765,LOITER,1
105.680,motor 1 effectiveness -> 50% (PX4 reads back 0.50),0.5,20.027,-0.006,1.66,-7.33,-54.32,4.64,0.74,37.63,782,782,756,765,LOITER,1
105.700,motor 1 effectiveness -> 50% (PX4 reads back 0.50),0.5,20.027,-0.006,1.65,-7.34,-53.56,4.67,0.73,37.60,782,782,756,765,LOITER,1
105.720,motor 1 effectiveness -> 50% (PX4 reads back 0.50),0.5,20.028,-0.005,1.65,-7.34,-52.80,4.73,0.84,37.50,783,782,756,765,LOITER,1
105.740,motor 1 effectiveness -> 50% (PX4 reads back 0.50),0.5,20.028,-0.005,1.65,-7.34,-52.05,4.77,0.80,37.56,783,782,756,765,LOITER,1
105.760,motor 1 effectiveness -> 50% (PX4 reads back 0.50),0.5,20.028,-0.004,1.65,-7.35,-51.29,4.66,0.82,37.52,783,782,757,764,LOITER,1
105.780,motor 1 effectiveness -> 50% (PX4 reads back 0.50),0.5,20.028,-0.004,1.64,-7.35,-50.54,4.66,0.84,37.50,783,782,757,764,LOITER,1
105.800,motor 1 effectiveness -> 50% (PX4 reads back 0.50),0.5,20.028,-0.004,1.64,-7.36,-49.79,4.67,0.92,37.48,783,782,757,764,LOITER,1
105.820,motor 1 effectiveness -> 50% (PX4 reads back 0.50),0.5,20.028,-0.003,1.63,-7.36,-49.03,4.74,0.89,37.46,783,782,757,765,LOITER,1
105.840,motor 1 effectiveness -> 50% (PX4 reads back 0.50),0.5,20.028,-0.003,1.63,-7.36,-48.28,4.67,0.96,37.39,783,782,757,765,LOITER,1
105.860,motor 1 effectiveness -> 50% (PX4 reads back 0.50),0.5,20.028,-0.002,1.63,-7.36,-47.53,4.73,1.01,37.38,783,782,756,765,LOITER,1
105.880,motor 1 effectiveness -> 50% (PX4 reads back 0.50),0.5,20.028,-0.002,1.63,-7.36,-46.77,4.72,1.02,37.43,783,782,756,765,LOITER,1
105.900,motor 1 effectiveness -> 50% (PX4 reads back 0.50),0.5,20.028,-0.002,1.62,-7.36,-46.02,4.59,1.02,37.42,783,782,756,765,LOITER,1
105.920,motor 1 effectiveness -> 50% (PX4 reads back 0.50),0.5,20.028,-0.002,1.62,-7.36,-45.27,4.66,1.03,37.35,783,782,757,765,LOITER,1
105.940,motor 1 effectiveness -> 50% (PX4 reads back 0.50),0.5,20.028,-0.002,1.61,-7.36,-44.52,4.63,1.18,37.26,783,782,757,765,LOITER,1
105.960,motor 1 effectiveness -> 50% (PX4 reads back 0.50),0.5,20.027,-0.001,1.61,-7.35,-43.77,4.59,1.14,37.36,784,782,758,765,LOITER,1
105.980,motor 1 effectiveness -> 50% (PX4 reads back 0.50),0.5,20.027,-0.001,1.61,-7.35,-43.02,4.63,1.12,37.25,784,782,758,765,LOITER,1
106.000,motor 1 effectiveness -> 50% (PX4 reads back 0.50),0.5,20.027,-0.001,1.60,-7.35,-42.27,4.57,1.21,37.30,784,782,758,765,LOITER,1
106.020,motor 1 effectiveness -> 50% (PX4 reads back 0.50),0.5,20.027,-0.000,1.60,-7.34,-41.52,4.55,1.28,37.25,784,783,757,765,LOITER,1
106.040,motor 1 effectiveness -> 50% (PX4 reads back 0.50),0.5,20.027,-0.000,1.59,-7.34,-40.77,4.62,1.28,37.25,784,783,757,765,LOITER,1
106.060,motor 1 effectiveness -> 50% (PX4 reads back 0.50),0.5,20.027,-0.000,1.59,-7.33,-40.02,4.52,1.40,37.29,783,783,757,765,LOITER,1
106.080,motor 1 effectiveness -> 50% (PX4 reads back 0.50),0.5,20.027,-0.000,1.58,-7.32,-39.27,4.64,1.34,37.20,783,783,757,765,LOITER,1
106.100,motor 1 effectiveness -> 50% (PX4 reads back 0.50),0.5,20.027,-0.000,1.58,-7.32,-38.52,4.69,1.40,37.21,783,783,757,765,LOITER,1
106.120,motor 1 effectiveness -> 50% (PX4 reads back 0.50),0.5,20.026,-0.000,1.58,-7.31,-37.77,4.70,1.35,37.25,784,783,757,765,LOITER,1
106.140,motor 1 effectiveness -> 50% (PX4 reads back 0.50),0.5,20.026,-0.000,1.58,-7.30,-37.02,4.74,1.46,37.24,784,783,757,765,LOITER,1
106.160,motor 1 effectiveness -> 50% (PX4 reads back 0.50),0.5,20.026,-0.000,1.58,-7.29,-36.27,4.71,1.44,37.22,784,782,757,765,LOITER,1
106.180,motor 1 effectiveness -> 50% (PX4 reads back 0.50),0.5,20.026,-0.000,1.57,-7.28,-35.52,4.69,1.42,37.20,784,782,757,765,LOITER,1
106.200,motor 1 effectiveness -> 50% (PX4 reads back 0.50),0.5,20.026,-0.000,1.57,-7.27,-34.78,4.71,1.44,37.18,784,782,757,765,LOITER,1
106.220,motor 1 effectiveness -> 50% (PX4 reads back 0.50),0.5,20.026,-0.000,1.57,-7.27,-34.03,4.71,1.48,37.16,784,782,757,765,LOITER,1
106.240,motor 1 effectiveness -> 50% (PX4 reads back 0.50),0.5,20.026,-0.000,1.57,-7.25,-33.28,4.72,1.58,37.16,784,782,757,765,LOITER,1
106.260,motor 1 effectiveness -> 50% (PX4 reads back 0.50),0.5,20.026,-0.000,1.57,-7.24,-32.54,4.80,1.59,37.08,783,783,756,765,LOITER,1
106.280,motor 1 effectiveness -> 50% (PX4 reads back 0.50),0.5,20.026,-0.000,1.58,-7.23,-31.79,4.81,1.52,37.15,783,783,756,765,LOITER,1
106.300,motor 1 effectiveness -> 50% (PX4 reads back 0.50),0.5,20.026,-0.000,1.58,-7.22,-31.04,4.76,1.66,37.13,783,783,756,765,LOITER,1
106.320,motor 1 effectiveness -> 50% (PX4 reads back 0.50),0.5,20.025,-0.000,1.58,-7.21,-30.30,4.79,1.68,37.09,783,783,756,765,LOITER,1
106.340,motor 1 effectiveness -> 50% (PX4 reads back 0.50),0.5,20.025,-0.000,1.58,-7.19,-29.55,4.74,1.65,37.09,783,783,756,765,LOITER,1
106.360,motor 1 effectiveness -> 50% (PX4 reads back 0.50),0.5,20.025,-0.000,1.58,-7.18,-28.80,4.81,1.62,37.06,784,782,757,764,LOITER,1
106.380,motor 1 effectiveness -> 50% (PX4 reads back 0.50),0.5,20.025,-0.000,1.59,-7.17,-28.06,4.86,1.65,37.07,784,782,757,764,LOITER,1
106.400,motor 1 effectiveness -> 50% (PX4 reads back 0.50),0.5,20.025,-0.000,1.59,-7.15,-27.31,4.81,1.73,37.03,784,782,757,764,LOITER,1
106.420,motor 1 effectiveness -> 50% (PX4 reads back 0.50),0.5,20.025,-0.000,1.59,-7.14,-26.57,4.83,1.66,37.11,783,783,756,765,LOITER,1
106.440,motor 1 effectiveness -> 50% (PX4 reads back 0.50),0.5,20.025,-0.000,1.60,-7.13,-25.82,4.86,1.62,37.01,783,783,756,765,LOITER,1
106.460,motor 1 effectiveness -> 50% (PX4 reads back 0.50),0.5,20.025,-0.000,1.60,-7.12,-25.08,4.84,1.63,37.05,784,783,756,765,LOITER,1
106.480,motor 1 effectiveness -> 50% (PX4 reads back 0.50),0.5,20.025,-0.000,1.61,-7.10,-24.33,4.89,1.65,37.07,784,783,756,765,LOITER,1
106.500,motor 1 effectiveness -> 50% (PX4 reads back 0.50),0.5,20.025,-0.000,1.61,-7.09,-23.59,4.82,1.69,37.08,784,783,756,765,LOITER,1
106.524,motor 1 effectiveness -> 50% (PX4 reads back 0.50),0.5,20.025,-0.000,1.61,-7.07,-22.69,4.81,1.74,37.08,784,783,756,764,LOITER,1
106.540,motor 1 effectiveness -> 50% (PX4 reads back 0.50),0.5,20.025,-0.000,1.62,-7.06,-22.10,4.85,1.65,37.02,784,783,756,764,LOITER,1
106.560,motor 1 effectiveness -> 50% (PX4 reads back 0.50),0.5,20.025,-0.001,1.62,-7.05,-21.36,4.76,1.75,37.03,784,783,756,764,LOITER,1
106.580,motor 1 effectiveness -> 50% (PX4 reads back 0.50),0.5,20.025,-0.001,1.62,-7.03,-20.61,4.78,1.69,37.07,784,783,756,764,LOITER,1
106.600,motor 1 effectiveness -> 50% (PX4 reads back 0.50),0.5,20.025,-0.001,1.63,-7.02,-19.87,4.86,1.57,36.99,784,783,756,764,LOITER,1
106.620,motor 1 effectiveness -> 50% (PX4 reads back 0.50),0.5,20.025,-0.001,1.64,-7.01,-19.12,4.84,1.69,37.06,785,783,756,764,LOITER,1
106.640,motor 1 effectiveness -> 50% (PX4 reads back 0.50),0.5,20.025,-0.001,1.64,-7.00,-18.38,4.79,1.64,37.07,785,783,756,764,LOITER,1
106.660,motor 1 effectiveness -> 50% (PX4 reads back 0.50),0.5,20.025,-0.001,1.65,-6.98,-17.63,4.92,1.66,37.07,785,783,755,764,LOITER,1
106.680,motor 1 effectiveness -> 50% (PX4 reads back 0.50),0.5,20.025,-0.001,1.65,-6.97,-16.89,4.81,1.70,37.10,785,783,755,764,LOITER,1
106.700,motor 1 effectiveness -> 50% (PX4 reads back 0.50),0.5,20.025,-0.001,1.66,-6.96,-16.14,4.83,1.68,37.08,785,783,755,764,LOITER,1
106.720,motor 1 effectiveness -> 50% (PX4 reads back 0.50),0.5,20.025,-0.000,1.66,-6.95,-15.40,4.80,1.58,37.11,784,784,754,764,LOITER,1
106.740,motor 1 effectiveness -> 50% (PX4 reads back 0.50),0.5,20.025,-0.000,1.67,-6.94,-14.65,4.86,1.61,37.12,784,784,754,764,LOITER,1
106.760,motor 1 effectiveness -> 50% (PX4 reads back 0.50),0.5,20.025,-0.000,1.68,-6.92,-13.91,4.80,1.66,37.13,784,783,755,764,LOITER,1
106.780,motor 1 effectiveness -> 50% (PX4 reads back 0.50),0.5,20.025,-0.000,1.68,-6.91,-13.16,4.83,1.56,37.15,784,783,755,764,LOITER,1
106.800,motor 1 effectiveness -> 50% (PX4 reads back 0.50),0.5,20.025,-0.000,1.69,-6.90,-12.41,4.75,1.56,37.15,784,783,755,764,LOITER,1
106.820,motor 1 effectiveness -> 50% (PX4 reads back 0.50),0.5,20.026,-0.000,1.69,-6.89,-11.67,4.80,1.54,37.18,784,783,755,764,LOITER,1
106.840,motor 1 effectiveness -> 50% (PX4 reads back 0.50),0.5,20.026,-0.000,1.70,-6.89,-10.92,4.78,1.51,37.16,784,783,755,764,LOITER,1
106.860,motor 1 effectiveness -> 50% (PX4 reads back 0.50),0.5,20.026,-0.000,1.70,-6.88,-10.17,4.80,1.56,37.21,784,783,755,764,LOITER,1
106.880,motor 1 effectiveness -> 50% (PX4 reads back 0.50),0.5,20.026,-0.000,1.71,-6.87,-9.43,4.83,1.54,37.18,784,783,755,764,LOITER,1
106.900,motor 1 effectiveness -> 50% (PX4 reads back 0.50),0.5,20.026,-0.000,1.71,-6.86,-8.68,4.70,1.47,37.20,784,783,755,764,LOITER,1
106.920,motor 1 effectiveness -> 50% (PX4 reads back 0.50),0.5,20.027,-0.000,1.72,-6.85,-7.93,4.79,1.55,37.16,784,783,755,763,LOITER,1
106.940,motor 1 effectiveness -> 50% (PX4 reads back 0.50),0.5,20.027,-0.000,1.73,-6.84,-7.19,4.75,1.53,37.26,784,783,755,763,LOITER,1
106.960,motor 1 effectiveness -> 50% (PX4 reads back 0.50),0.5,20.027,0.000,1.73,-6.83,-6.44,4.78,1.51,37.27,785,783,755,763,LOITER,1
106.980,motor 1 effectiveness -> 50% (PX4 reads back 0.50),0.5,20.027,0.000,1.74,-6.83,-5.69,4.73,1.47,37.20,785,783,755,763,LOITER,1
107.000,motor 1 effectiveness -> 50% (PX4 reads back 0.50),0.5,20.027,0.000,1.74,-6.82,-4.94,4.73,1.49,37.25,785,783,755,763,LOITER,1
107.020,motor 1 effectiveness -> 50% (PX4 reads back 0.50),0.5,20.027,0.000,1.75,-6.81,-4.20,4.73,1.51,37.29,783,783,754,764,LOITER,1
107.040,motor 1 effectiveness -> 50% (PX4 reads back 0.50),0.5,20.027,0.000,1.75,-6.80,-3.45,4.72,1.51,37.30,783,783,754,764,LOITER,1
107.060,motor 1 effectiveness -> 50% (PX4 reads back 0.50),0.5,20.028,0.001,1.76,-6.79,-2.70,4.75,1.44,37.31,784,783,755,764,LOITER,1
107.080,motor 1 effectiveness -> 50% (PX4 reads back 0.50),0.5,20.028,0.001,1.76,-6.79,-1.95,4.72,1.48,37.29,784,783,755,764,LOITER,1
107.100,motor 1 effectiveness -> 50% (PX4 reads back 0.50),0.5,20.028,0.001,1.77,-6.78,-1.20,4.79,1.48,37.30,784,783,755,764,LOITER,1
107.120,motor 1 effectiveness -> 50% (PX4 reads back 0.50),0.5,20.028,0.001,1.78,-6.77,-0.45,4.77,1.40,37.34,784,784,754,764,LOITER,1
107.140,motor 1 effectiveness -> 50% (PX4 reads back 0.50),0.5,20.028,0.001,1.78,-6.77,0.30,4.69,1.43,37.38,784,784,754,764,LOITER,1
107.160,motor 1 effectiveness -> 50% (PX4 reads back 0.50),0.5,20.028,0.002,1.79,-6.76,1.05,4.76,1.40,37.39,785,783,755,763,LOITER,1
107.180,motor 1 effectiveness -> 50% (PX4 reads back 0.50),0.5,20.028,0.002,1.79,-6.76,1.80,4.72,1.36,37.44,785,783,755,763,LOITER,1
107.200,motor 1 effectiveness -> 50% (PX4 reads back 0.50),0.5,20.028,0.002,1.80,-6.75,2.55,4.67,1.39,37.39,785,783,755,763,LOITER,1
107.220,motor 1 effectiveness -> 50% (PX4 reads back 0.50),0.5,20.028,0.001,1.80,-6.75,3.30,4.72,1.34,37.42,784,784,754,764,LOITER,1
107.240,motor 1 effectiveness -> 50% (PX4 reads back 0.50),0.5,20.028,0.001,1.81,-6.75,4.05,4.72,1.23,37.44,784,784,754,764,LOITER,1
107.260,motor 1 effectiveness -> 50% (PX4 reads back 0.50),0.5,20.029,0.001,1.81,-6.74,4.80,4.59,1.24,37.47,784,784,755,763,LOITER,1
107.280,motor 1 effectiveness -> 50% (PX4 reads back 0.50),0.5,20.029,0.001,1.82,-6.74,5.56,4.62,1.23,37.50,784,784,755,763,LOITER,1
107.300,motor 1 effectiveness -> 50% (PX4 reads back 0.50),0.5,20.029,0.001,1.82,-6.74,6.31,4.56,1.25,37.47,784,784,755,763,LOITER,1
107.320,motor 1 effectiveness -> 50% (PX4 reads back 0.50),0.5,20.029,0.001,1.82,-6.74,7.06,4.53,1.25,37.48,784,784,754,764,LOITER,1
107.340,motor 1 effectiveness -> 50% (PX4 reads back 0.50),0.5,20.029,0.001,1.83,-6.74,7.81,4.54,1.22,37.54,784,784,754,764,LOITER,1
107.360,motor 1 effectiveness -> 50% (PX4 reads back 0.50),0.5,20.029,0.002,1.83,-6.74,8.57,4.63,1.11,37.53,785,783,755,763,LOITER,1
107.380,motor 1 effectiveness -> 50% (PX4 reads back 0.50),0.5,20.029,0.002,1.83,-6.74,9.32,4.48,1.06,37.51,785,783,755,763,LOITER,1
107.400,motor 1 effectiveness -> 50% (PX4 reads back 0.50),0.5,20.029,0.002,1.83,-6.74,10.08,4.48,1.00,37.51,785,783,755,763,LOITER,1
107.420,motor 1 effectiveness -> 50% (PX4 reads back 0.50),0.5,20.029,0.002,1.83,-6.74,10.83,4.46,1.02,37.57,784,783,755,764,LOITER,1
107.440,motor 1 effectiveness -> 50% (PX4 reads back 0.50),0.5,20.029,0.002,1.83,-6.74,11.59,4.45,1.01,37.53,784,783,755,764,LOITER,1
107.464,motor 1 effectiveness -> 50% (PX4 reads back 0.50),0.5,20.029,0.002,1.83,-6.75,12.49,4.34,0.92,37.56,784,783,755,764,LOITER,1
107.480,motor 1 effectiveness -> 50% (PX4 reads back 0.50),0.5,20.029,0.002,1.83,-6.75,13.10,4.35,0.86,37.56,784,783,755,764,LOITER,1
107.500,motor 1 effectiveness -> 50% (PX4 reads back 0.50),0.5,20.029,0.002,1.83,-6.76,13.85,4.34,0.99,37.62,784,783,755,764,LOITER,1
107.520,motor 1 effectiveness -> 50% (PX4 reads back 0.50),0.5,20.029,0.003,1.83,-6.76,14.61,4.30,0.93,37.64,784,784,755,764,LOITER,1
107.540,motor 1 effectiveness -> 50% (PX4 reads back 0.50),0.5,20.029,0.003,1.82,-6.76,15.37,4.25,0.87,37.59,784,784,755,764,LOITER,1
107.560,motor 1 effectiveness -> 50% (PX4 reads back 0.50),0.5,20.029,0.003,1.82,-6.77,16.12,4.35,0.76,37.56,785,783,756,763,LOITER,1
107.580,motor 1 effectiveness -> 50% (PX4 reads back 0.50),0.5,20.029,0.003,1.82,-6.78,16.88,4.23,0.78,37.66,785,783,756,763,LOITER,1
107.600,motor 1 effectiveness -> 50% (PX4 reads back 0.50),0.5,20.029,0.003,1.81,-6.78,17.63,4.20,0.85,37.61,785,783,756,763,LOITER,1
107.620,motor 1 effectiveness -> 50% (PX4 reads back 0.50),0.5,20.030,0.003,1.81,-6.79,18.39,4.20,0.80,37.67,783,783,755,765,LOITER,1
107.640,motor 1 effectiveness -> 50% (PX4 reads back 0.50),0.5,20.030,0.003,1.80,-6.80,19.14,4.22,0.74,37.58,783,783,755,765,LOITER,1
107.660,motor 1 effectiveness -> 50% (PX4 reads back 0.50),0.5,20.030,0.003,1.80,-6.81,19.90,4.28,0.69,37.62,784,782,756,764,LOITER,1
107.680,motor 1 effectiveness -> 50% (PX4 reads back 0.50),0.5,20.030,0.003,1.80,-6.81,20.65,4.35,0.77,37.60,784,782,756,764,LOITER,1
107.700,motor 1 effectiveness -> 50% (PX4 reads back 0.50),0.5,20.030,0.003,1.79,-6.82,21.41,4.27,0.76,37.61,784,782,756,764,LOITER,1
107.720,motor 1 effectiveness -> 50% (PX4 reads back 0.50),0.5,20.030,0.003,1.79,-6.83,22.16,4.18,0.72,37.58,783,782,755,764,LOITER,1
107.740,motor 1 effectiveness -> 50% (PX4 reads back 0.50),0.5,20.030,0.003,1.78,-6.84,22.92,4.25,0.69,37.55,783,782,755,764,LOITER,1
107.760,motor 1 effectiveness -> 50% (PX4 reads back 0.50),0.5,20.030,0.004,1.78,-6.84,23.67,4.26,0.68,37.59,784,782,756,764,LOITER,1
107.780,motor 1 effectiveness -> 50% (PX4 reads back 0.50),0.5,20.030,0.004,1.77,-6.85,24.43,4.17,0.74,37.55,784,782,756,764,LOITER,1
107.800,motor 1 effectiveness -> 50% (PX4 reads back 0.50),0.5,20.030,0.004,1.76,-6.86,25.18,4.15,0.76,37.60,784,782,756,764,LOITER,1
107.820,motor 1 effectiveness -> 50% (PX4 reads back 0.50),0.5,20.030,0.004,1.76,-6.87,25.94,4.25,0.67,37.51,783,782,756,764,LOITER,1
107.840,motor 1 effectiveness -> 50% (PX4 reads back 0.50),0.5,20.030,0.004,1.75,-6.87,26.69,4.21,0.72,37.48,783,782,756,764,LOITER,1
107.860,motor 1 effectiveness -> 50% (PX4 reads back 0.50),0.5,20.031,0.005,1.75,-6.88,27.44,4.19,0.68,37.44,783,782,756,765,LOITER,1
107.880,motor 1 effectiveness -> 50% (PX4 reads back 0.50),0.5,20.031,0.005,1.74,-6.89,28.19,4.21,0.60,37.47,783,782,756,765,LOITER,1
107.900,motor 1 effectiveness -> 50% (PX4 reads back 0.50),0.5,20.031,0.005,1.73,-6.90,28.95,4.20,0.69,37.45,783,782,756,765,LOITER,1
107.920,motor 1 effectiveness -> 50% (PX4 reads back 0.50),0.5,20.031,0.005,1.73,-6.90,29.70,4.19,0.73,37.46,783,782,755,765,LOITER,1
107.940,motor 1 effectiveness -> 50% (PX4 reads back 0.50),0.5,20.031,0.005,1.72,-6.91,30.45,4.14,0.81,37.44,783,782,755,765,LOITER,1
107.960,motor 1 effectiveness -> 50% (PX4 reads back 0.50),0.5,20.031,0.006,1.71,-6.91,31.20,4.16,0.83,37.41,783,782,756,764,LOITER,1
107.980,motor 1 effectiveness -> 50% (PX4 reads back 0.50),0.5,20.031,0.006,1.71,-6.92,31.95,4.18,0.80,37.42,783,782,756,764,LOITER,1
108.000,motor 1 effectiveness -> 50% (PX4 reads back 0.50),0.5,20.031,0.006,1.70,-6.93,32.71,4.19,0.70,37.42,783,782,756,764,LOITER,1
108.020,motor 1 effectiveness -> 50% (PX4 reads back 0.50),0.5,20.031,0.006,1.69,-6.93,33.46,4.18,0.83,37.35,783,782,756,765,LOITER,1
108.040,motor 1 effectiveness -> 50% (PX4 reads back 0.50),0.5,20.031,0.006,1.68,-6.93,34.21,4.16,0.90,37.41,783,782,756,765,LOITER,1
108.060,motor 1 effectiveness -> 50% (PX4 reads back 0.50),0.5,20.031,0.006,1.68,-6.94,34.96,4.28,0.78,37.36,784,782,756,764,LOITER,1
108.080,motor 1 effectiveness -> 50% (PX4 reads back 0.50),0.5,20.031,0.006,1.67,-6.94,35.71,4.15,0.79,37.28,784,782,756,764,LOITER,1
108.100,motor 1 effectiveness -> 50% (PX4 reads back 0.50),0.5,20.031,0.006,1.67,-6.94,36.46,4.22,0.92,37.35,784,782,756,764,LOITER,1
108.120,motor 1 effectiveness -> 50% (PX4 reads back 0.50),0.5,20.031,0.007,1.66,-6.95,37.21,4.19,0.80,37.32,782,782,756,765,LOITER,1
108.140,motor 1 effectiveness -> 50% (PX4 reads back 0.50),0.5,20.031,0.007,1.65,-6.95,37.96,4.16,0.88,37.33,782,782,756,765,LOITER,1
108.160,motor 1 effectiveness -> 50% (PX4 reads back 0.50),0.5,20.032,0.007,1.65,-6.96,38.71,4.22,0.87,37.32,783,781,757,764,LOITER,1
108.180,motor 1 effectiveness -> 50% (PX4 reads back 0.50),0.5,20.032,0.007,1.64,-6.96,39.46,4.24,0.96,37.26,783,781,757,764,LOITER,1
108.200,motor 1 effectiveness -> 50% (PX4 reads back 0.50),0.5,20.032,0.007,1.64,-6.96,40.20,4.29,0.92,37.22,783,781,757,764,LOITER,1
108.220,motor 1 effectiveness -> 50% (PX4 reads back 0.50),0.5,20.032,0.007,1.63,-6.96,40.95,4.27,0.94,37.22,783,781,756,764,LOITER,1
108.240,motor 1 effectiveness -> 50% (PX4 reads back 0.50),0.5,20.032,0.007,1.62,-6.96,41.70,4.24,0.99,37.20,783,781,756,764,LOITER,1
108.260,motor 1 effectiveness -> 50% (PX4 reads back 0.50),0.5,20.032,0.008,1.62,-6.96,42.44,4.28,1.02,37.23,782,782,756,765,LOITER,1
108.280,motor 1 effectiveness -> 50% (PX4 reads back 0.50),0.5,20.032,0.008,1.62,-6.96,43.19,4.32,1.04,37.21,782,782,756,765,LOITER,1
108.300,motor 1 effectiveness -> 50% (PX4 reads back 0.50),0.5,20.032,0.008,1.61,-6.96,43.94,4.31,1.11,37.22,782,782,756,765,LOITER,1
108.320,motor 1 effectiveness -> 50% (PX4 reads back 0.50),0.5,20.032,0.008,1.61,-6.96,44.68,4.33,1.13,37.18,782,782,755,764,LOITER,1
108.340,motor 1 effectiveness -> 50% (PX4 reads back 0.50),0.5,20.032,0.008,1.60,-6.95,45.43,4.33,1.13,37.18,782,782,755,764,LOITER,1
108.360,motor 1 effectiveness -> 50% (PX4 reads back 0.50),0.5,20.033,0.009,1.60,-6.95,46.17,4.41,1.21,37.16,783,782,756,764,LOITER,1
108.380,motor 1 effectiveness -> 50% (PX4 reads back 0.50),0.5,20.033,0.009,1.60,-6.95,46.92,4.40,1.25,37.14,783,782,756,764,LOITER,1
108.400,motor 1 effectiveness -> 50% (PX4 reads back 0.50),0.5,20.033,0.009,1.65,-6.99,47.65,9.00,-3.31,36.44,783,782,756,764,LOITER,1
108.420,motor 1 effectiveness -> 50% (PX4 reads back 0.50),0.5,20.033,0.020,2.01,-7.33,48.35,27.02,-19.97,34.98,508,749,771,759,LOITER,1
108.420,motor 1 back to 100 %,1.0,20.033,0.020,2.01,-7.33,48.35,27.02,-19.97,34.98,508,749,771,759,LOITER,1
108.440,motor 1 back to 100 %,1.0,20.033,0.020,2.76,-7.98,49.00,46.71,-34.17,33.43,508,749,771,759,LOITER,1
108.460,motor 1 back to 100 %,1.0,20.031,0.081,3.84,-8.79,49.60,61.74,-39.92,31.87,639,657,785,770,LOITER,1
108.480,motor 1 back to 100 %,1.0,20.031,0.081,5.13,-9.66,50.15,70.45,-41.21,30.46,639,657,785,770,LOITER,1
108.500,motor 1 back to 100 %,1.0,20.031,0.081,6.51,-10.52,50.65,74.23,-40.10,28.93,639,657,785,770,LOITER,1
108.520,motor 1 back to 100 %,1.0,20.026,0.146,7.92,-11.35,51.11,75.34,-37.98,27.63,681,661,787,789,LOITER,1
108.540,motor 1 back to 100 %,1.0,20.026,0.146,9.32,-12.13,51.54,74.07,-34.36,26.29,681,661,787,789,LOITER,1
108.560,motor 1 back to 100 %,1.0,20.015,0.211,10.68,-12.83,51.93,71.49,-30.22,24.96,716,673,791,800,LOITER,1
108.580,motor 1 back to 100 %,1.0,20.015,0.211,11.97,-13.45,52.30,67.70,-25.88,23.82,716,673,791,800,LOITER,1
108.600,motor 1 back to 100 %,1.0,20.015,0.211,13.16,-13.99,52.66,62.99,-21.16,22.75,716,673,791,800,LOITER,1
108.620,motor 1 back to 100 %,1.0,20.003,0.259,14.26,-14.44,53.01,57.72,-16.71,21.73,737,688,791,806,LOITER,1
108.640,motor 1 back to 100 %,1.0,20.003,0.259,15.24,-14.80,53.35,51.88,-12.03,20.69,737,688,791,806,LOITER,1
108.660,motor 1 back to 100 %,1.0,19.988,0.304,16.10,-15.07,53.70,46.21,-7.68,19.83,757,708,792,809,LOITER,1
108.680,motor 1 back to 100 %,1.0,19.988,0.304,16.84,-15.27,54.05,40.25,-3.56,19.00,757,708,792,809,LOITER,1
108.700,motor 1 back to 100 %,1.0,19.988,0.304,17.46,-15.39,54.41,34.53,0.19,18.30,757,708,792,809,LOITER,1
108.720,motor 1 back to 100 %,1.0,19.970,0.343,17.97,-15.44,54.78,28.96,3.66,17.58,765,731,791,808,LOITER,1
108.740,motor 1 back to 100 %,1.0,19.970,0.343,18.37,-15.43,55.16,23.71,6.77,17.02,765,731,791,808,LOITER,1
108.760,motor 1 back to 100 %,1.0,19.947,0.382,18.67,-15.37,55.55,18.85,9.58,16.54,779,751,793,808,LOITER,1
108.780,motor 1 back to 100 %,1.0,19.947,0.382,18.88,-15.26,55.94,14.33,11.94,15.97,779,751,793,808,LOITER,1
108.800,motor 1 back to 100 %,1.0,19.947,0.382,18.99,-15.10,56.34,10.07,14.26,15.63,779,751,793,808,LOITER,1
108.820,motor 1 back to 100 %,1.0,19.926,0.408,19.03,-14.90,56.75,6.12,16.44,15.30,790,768,793,807,LOITER,1
108.840,motor 1 back to 100 %,1.0,19.926,0.408,18.99,-14.66,57.17,2.46,18.31,15.01,790,768,793,807,LOITER,1
108.860,motor 1 back to 100 %,1.0,19.904,0.426,18.89,-14.39,57.60,-0.83,19.77,14.78,799,785,792,804,LOITER,1
108.880,motor 1 back to 100 %,1.0,19.904,0.426,18.73,-14.09,58.03,-3.77,21.19,14.64,799,785,792,804,LOITER,1
108.900,motor 1 back to 100 %,1.0,19.904,0.426,18.51,-13.77,58.46,-6.41,22.52,14.56,799,785,792,804,LOITER,1
108.920,motor 1 back to 100 %,1.0,19.880,0.435,18.25,-13.42,58.91,-8.97,23.73,14.53,807,799,790,801,LOITER,1
108.940,motor 1 back to 100 %,1.0,19.880,0.435,17.94,-13.05,59.35,-11.04,24.53,14.62,807,799,790,801,LOITER,1
108.960,motor 1 back to 100 %,1.0,19.853,0.436,17.59,-12.65,59.80,-13.13,25.51,14.71,816,810,788,797,LOITER,1
108.980,motor 1 back to 100 %,1.0,19.853,0.436,17.21,-12.25,60.26,-14.87,26.22,14.81,816,810,788,797,LOITER,1
109.000,motor 1 back to 100 %,1.0,19.853,0.436,16.80,-11.83,60.72,-16.45,26.93,14.98,816,810,788,797,LOITER,1
109.020,motor 1 back to 100 %,1.0,19.831,0.427,16.36,-11.39,61.18,-17.81,27.42,15.24,822,819,785,792,LOITER,1
109.040,motor 1 back to 100 %,1.0,19.831,0.427,15.90,-10.95,61.65,-19.02,27.99,15.62,822,819,785,792,LOITER,1
109.060,motor 1 back to 100 %,1.0,19.809,0.412,15.42,-10.49,62.13,-19.93,28.36,15.87,826,829,780,787,LOITER,1
109.080,motor 1 back to 100 %,1.0,19.809,0.412,14.93,-10.02,62.60,-20.83,28.63,16.33,826,829,780,787,LOITER,1
109.100,motor 1 back to 100 %,1.0,19.809,0.412,14.43,-9.55,63.08,-21.60,28.83,16.73,826,829,780,787,LOITER,1
109.120,motor 1 back to 100 %,1.0,19.788,0.391,13.91,-9.08,63.57,-22.16,28.97,17.22,829,835,776,782,LOITER,1
109.140,motor 1 back to 100 %,1.0,19.788,0.391,13.39,-8.60,64.06,-22.53,29.01,17.70,829,835,776,782,LOITER,1
109.160,motor 1 back to 100 %,1.0,19.766,0.360,12.87,-8.12,64.56,-22.95,29.20,18.23,831,838,772,777,LOITER,1
109.180,motor 1 back to 100 %,1.0,19.766,0.360,12.34,-7.63,65.06,-23.05,29.02,18.75,831,838,772,777,LOITER,1
109.200,motor 1 back to 100 %,1.0,19.766,0.360,11.82,-7.15,65.56,-23.32,29.00,19.36,831,838,772,777,LOITER,1
109.220,motor 1 back to 100 %,1.0,19.749,0.330,11.29,-6.66,66.07,-23.26,28.84,19.93,832,840,769,772,LOITER,1
109.240,motor 1 back to 100 %,1.0,19.749,0.330,10.77,-6.18,66.59,-23.24,28.81,20.57,832,840,769,772,LOITER,1
109.260,motor 1 back to 100 %,1.0,19.734,0.298,10.26,-5.70,67.11,-23.03,28.49,21.21,831,842,765,768,LOITER,1
109.280,motor 1 back to 100 %,1.0,19.734,0.298,9.76,-5.22,67.64,-22.77,28.29,21.87,831,842,765,768,LOITER,1
109.300,motor 1 back to 100 %,1.0,19.734,0.298,9.26,-4.74,68.18,-22.37,27.92,22.50,831,842,765,768,LOITER,1
109.320,motor 1 back to 100 %,1.0,19.721,0.265,8.78,-4.27,68.72,-21.97,27.51,23.15,830,841,761,765,LOITER,1
109.340,motor 1 back to 100 %,1.0,19.721,0.265,8.31,-3.80,69.27,-21.50,27.03,23.86,830,841,761,765,LOITER,1
109.360,motor 1 back to 100 %,1.0,19.708,0.227,7.85,-3.34,69.83,-21.14,26.79,24.44,826,839,760,764,LOITER,1
109.380,motor 1 back to 100 %,1.0,19.708,0.227,7.41,-2.89,70.39,-20.55,26.23,25.08,826,839,760,764,LOITER,1
109.400,motor 1 back to 100 %,1.0,19.708,0.227,6.98,-2.44,70.96,-20.01,25.83,25.67,826,839,760,764,LOITER,1
109.420,motor 1 back to 100 %,1.0,19.699,0.195,6.56,-2.00,71.54,-19.38,25.26,26.21,822,835,761,763,LOITER,1
109.440,motor 1 back to 100 %,1.0,19.699,0.195,6.16,-1.56,72.12,-18.82,24.90,26.79,822,835,761,763,LOITER,1
109.460,motor 1 back to 100 %,1.0,19.692,0.164,5.78,-1.13,72.71,-18.12,24.28,27.32,816,830,761,764,LOITER,1
109.480,motor 1 back to 100 %,1.0,19.692,0.164,5.42,-0.71,73.30,-17.49,23.75,27.82,816,830,761,764,LOITER,1
109.500,motor 1 back to 100 %,1.0,19.692,0.164,5.07,-0.30,73.90,-16.68,23.24,28.20,816,830,761,764,LOITER,1
109.520,motor 1 back to 100 %,1.0,19.686,0.135,4.75,0.11,74.51,-16.07,22.73,28.64,810,824,763,766,LOITER,1
109.540,motor 1 back to 100 %,1.0,19.686,0.135,4.44,0.51,75.12,-15.34,22.12,29.04,810,824,763,766,LOITER,1
109.560,motor 1 back to 100 %,1.0,19.681,0.103,4.15,0.89,75.73,-14.50,21.59,29.32,803,816,765,768,LOITER,1
109.580,motor 1 back to 100 %,1.0,19.681,0.103,3.88,1.28,76.35,-13.78,20.95,29.63,803,816,765,768,LOITER,1
109.600,motor 1 back to 100 %,1.0,19.681,0.103,3.63,1.65,76.96,-12.97,20.44,29.83,803,816,765,768,LOITER,1
109.620,motor 1 back to 100 %,1.0,19.679,0.079,3.40,2.01,77.59,-12.15,19.79,30.10,796,811,767,771,LOITER,1
109.640,motor 1 back to 100 %,1.0,19.679,0.079,3.19,2.36,78.21,-11.49,19.20,30.24,796,811,767,771,LOITER,1
109.660,motor 1 back to 100 %,1.0,19.678,0.058,3.00,2.70,78.83,-10.63,18.50,30.33,790,803,770,774,LOITER,1
109.680,motor 1 back to 100 %,1.0,19.678,0.058,2.82,3.04,79.46,-9.92,17.91,30.38,790,803,770,774,LOITER,1
109.700,motor 1 back to 100 %,1.0,19.678,0.058,2.67,3.36,80.08,-9.26,17.19,30.41,790,803,770,774,LOITER,1
109.720,motor 1 back to 100 %,1.0,19.678,0.039,2.53,3.66,80.71,-8.50,16.58,30.44,784,797,774,777,LOITER,1
109.740,motor 1 back to 100 %,1.0,19.678,0.039,2.40,3.96,81.33,-7.86,15.99,30.32,784,797,774,777,LOITER,1
109.760,motor 1 back to 100 %,1.0,19.680,0.019,2.30,4.25,81.95,-7.20,15.34,30.23,777,790,777,781,LOITER,1
109.780,motor 1 back to 100 %,1.0,19.680,0.019,2.21,4.53,82.56,-6.59,14.58,30.09,777,790,777,781,LOITER,1
109.800,motor 1 back to 100 %,1.0,19.680,0.019,2.13,4.79,83.17,-5.99,14.01,29.85,777,790,777,781,LOITER,1
109.820,motor 1 back to 100 %,1.0,19.682,0.005,2.07,5.04,83.78,-5.43,13.40,29.60,771,784,780,784,LOITER,1
109.840,motor 1 back to 100 %,1.0,19.682,0.005,2.02,5.28,84.38,-4.76,12.82,29.39,771,784,780,784,LOITER,1
109.856,motor 1 back to 100 %,1.0,19.684,-0.007,1.99,5.47,84.86,-4.37,12.22,29.09,766,778,783,788,LOITER,1
109.880,motor 1 back to 100 %,1.0,19.684,-0.007,1.96,5.68,85.45,-3.83,11.36,28.64,766,778,783,788,LOITER,1
109.900,motor 1 back to 100 %,1.0,19.684,-0.007,1.95,5.89,86.04,-3.29,10.76,28.32,766,778,783,788,LOITER,1
109.920,motor 1 back to 100 %,1.0,19.687,-0.017,1.95,6.08,86.61,-2.78,10.24,27.90,763,773,786,790,LOITER,1
109.940,motor 1 back to 100 %,1.0,19.687,-0.017,1.95,6.26,87.18,-2.42,9.73,27.46,763,773,786,790,LOITER,1
109.960,motor 1 back to 100 %,1.0,19.690,-0.026,1.97,6.43,87.74,-2.07,9.14,27.00,758,769,788,794,LOITER,1
109.980,motor 1 back to 100 %,1.0,19.690,-0.026,1.99,6.59,88.29,-1.68,8.50,26.55,758,769,788,794,LOITER,1
110.000,motor 1 back to 100 %,1.0,19.690,-0.026,2.02,6.73,88.83,-1.33,7.79,26.03,758,769,788,794,LOITER,1
110.020,motor 1 back to 100 %,1.0,19.693,-0.033,2.06,6.87,89.36,-0.93,7.17,25.45,755,765,790,796,LOITER,1
110.040,motor 1 back to 100 %,1.0,19.693,-0.033,2.10,6.99,89.88,-0.70,6.48,24.90,755,765,790,796,LOITER,1
110.060,motor 1 back to 100 %,1.0,19.697,-0.040,2.15,7.09,90.39,-0.43,5.90,24.39,752,761,793,798,LOITER,1
110.080,motor 1 back to 100 %,1.0,19.697,-0.040,2.20,7.19,90.89,-0.17,5.39,23.74,752,761,793,798,LOITER,1
110.100,motor 1 back to 100 %,1.0,19.697,-0.040,2.25,7.27,91.37,0.14,4.77,23.15,752,761,793,798,LOITER,1
110.120,motor 1 back to 100 %,1.0,19.701,-0.045,2.31,7.35,91.85,0.36,4.24,22.47,750,758,794,800,LOITER,1
110.140,motor 1 back to 100 %,1.0,19.701,-0.045,2.38,7.41,92.31,0.52,3.58,21.91,750,758,794,800,LOITER,1
110.160,motor 1 back to 100 %,1.0,19.704,-0.049,2.44,7.46,92.76,0.63,3.03,21.28,748,756,796,801,LOITER,1
110.180,motor 1 back to 100 %,1.0,19.704,-0.049,2.51,7.50,93.19,0.79,2.54,20.57,748,756,796,801,LOITER,1
110.200,motor 1 back to 100 %,1.0,19.704,-0.049,2.57,7.52,93.62,0.91,1.99,19.93,748,756,796,801,LOITER,1
110.220,motor 1 back to 100 %,1.0,19.708,-0.053,2.64,7.54,94.03,1.01,1.60,19.20,747,753,797,802,LOITER,1
110.240,motor 1 back to 100 %,1.0,19.708,-0.053,2.71,7.56,94.42,1.09,1.14,18.54,747,753,797,802,LOITER,1
110.260,motor 1 back to 100 %,1.0,19.712,-0.056,2.77,7.56,94.81,1.11,0.63,17.83,745,752,798,803,LOITER,1
110.280,motor 1 back to 100 %,1.0,19.712,-0.056,2.84,7.55,95.17,1.19,0.20,17.16,745,752,798,803,LOITER,1
110.300,motor 1 back to 100 %,1.0,19.712,-0.056,2.90,7.54,95.53,1.23,-0.27,16.50,745,752,798,803,LOITER,1
110.320,motor 1 back to 100 %,1.0,19.716,-0.058,2.96,7.51,95.87,1.16,-0.82,15.74,745,751,798,803,LOITER,1
110.340,motor 1 back to 100 %,1.0,19.716,-0.058,3.02,7.48,96.19,1.13,-1.19,15.09,745,751,798,803,LOITER,1
110.360,motor 1 back to 100 %,1.0,19.720,-0.060,3.08,7.44,96.51,1.12,-1.51,14.37,745,750,798,803,LOITER,1
110.380,motor 1 back to 100 %,1.0,19.720,-0.060,3.13,7.39,96.80,1.01,-1.88,13.65,745,750,798,803,LOITER,1
110.400,motor 1 back to 100 %,1.0,19.720,-0.060,3.18,7.34,97.09,0.97,-2.32,13.01,745,750,798,803,LOITER,1
110.420,motor 1 back to 100 %,1.0,19.723,-0.062,3.22,7.28,97.36,0.89,-2.62,12.41,745,749,798,802,LOITER,1
110.440,motor 1 back to 100 %,1.0,19.723,-0.062,3.27,7.21,97.61,0.81,-2.97,11.70,745,749,798,802,LOITER,1
110.460,motor 1 back to 100 %,1.0,19.728,-0.063,3.31,7.14,97.85,0.78,-3.34,11.03,745,749,797,802,LOITER,1
110.480,motor 1 back to 100 %,1.0,19.728,-0.063,3.34,7.06,98.08,0.73,-3.54,10.34,745,749,797,802,LOITER,1
110.500,motor 1 back to 100 %,1.0,19.728,-0.063,3.38,6.98,98.30,0.52,-3.76,9.72,745,749,797,802,LOITER,1
110.520,motor 1 back to 100 %,1.0,19.732,-0.065,3.40,6.89,98.50,0.42,-4.03,9.10,746,750,797,801,LOITER,1
110.540,motor 1 back to 100 %,1.0,19.732,-0.065,3.43,6.80,98.68,0.30,-4.37,8.48,746,750,797,801,LOITER,1
110.560,motor 1 back to 100 %,1.0,19.736,-0.066,3.45,6.71,98.86,0.11,-4.50,7.96,747,750,796,799,LOITER,1
110.580,motor 1 back to 100 %,1.0,19.736,-0.066,3.46,6.61,99.02,0.05,-4.66,7.36,747,750,796,799,LOITER,1
110.600,motor 1 back to 100 %,1.0,19.736,-0.066,3.47,6.51,99.17,-0.09,-4.78,6.70,747,750,796,799,LOITER,1
110.620,motor 1 back to 100 %,1.0,19.740,-0.067,3.48,6.43,99.29,-0.22,-4.95,6.17,747,751,794,798,LOITER,1
110.640,motor 1 back to 100 %,1.0,19.740,-0.067,3.48,6.32,99.42,-0.30,-5.17,5.64,747,751,794,798,LOITER,1
110.660,motor 1 back to 100 %,1.0,19.744,-0.068,3.48,6.22,99.53,-0.36,-5.08,5.06,748,751,793,796,LOITER,1
110.680,motor 1 back to 100 %,1.0,19.744,-0.068,3.48,6.12,99.63,-0.43,-5.11,4.51,748,751,793,796,LOITER,1
110.700,motor 1 back to 100 %,1.0,19.744,-0.068,3.47,6.01,99.73,-0.56,-5.26,3.95,748,751,793,796,LOITER,1
110.720,motor 1 back to 100 %,1.0,19.748,-0.069,3.47,5.90,99.81,-0.69,-5.51,3.49,749,751,792,795,LOITER,1
110.740,motor 1 back to 100 %,1.0,19.748,-0.069,3.45,5.79,99.88,-0.82,-5.66,2.99,749,751,792,795,LOITER,1
110.760,motor 1 back to 100 %,1.0,19.753,-0.070,3.44,5.67,99.94,-0.97,-5.77,2.51,750,752,791,793,LOITER,1
110.780,motor 1 back to 100 %,1.0,19.753,-0.070,3.42,5.56,99.99,-1.15,-5.81,2.02,750,752,791,793,LOITER,1
110.800,motor 1 back to 100 %,1.0,19.753,-0.070,3.39,5.44,100.03,-1.30,-5.81,1.60,750,752,791,793,LOITER,1
110.820,motor 1 back to 100 %,1.0,19.757,-0.071,3.36,5.33,100.06,-1.53,-5.87,1.20,750,753,789,792,LOITER,1
110.840,motor 1 back to 100 %,1.0,19.757,-0.071,3.33,5.21,100.08,-1.70,-5.94,0.75,750,753,789,792,LOITER,1
110.860,motor 1 back to 100 %,1.0,19.761,-0.071,3.29,5.09,100.09,-1.80,-5.93,0.34,752,753,789,790,LOITER,1
110.880,motor 1 back to 100 %,1.0,19.761,-0.071,3.25,4.98,100.10,-1.96,-5.92,-0.10,752,753,789,790,LOITER,1
110.900,motor 1 back to 100 %,1.0,19.761,-0.071,3.20,4.86,100.09,-2.06,-5.91,-0.47,752,753,789,790,LOITER,1
110.920,motor 1 back to 100 %,1.0,19.765,-0.071,3.16,4.74,100.08,-2.08,-5.93,-0.87,753,754,788,789,LOITER,1
110.940,motor 1 back to 100 %,1.0,19.765,-0.071,3.11,4.63,100.06,-2.25,-5.85,-1.24,753,754,788,789,LOITER,1
110.960,motor 1 back to 100 %,1.0,19.769,-0.071,3.06,4.52,100.03,-2.38,-5.78,-1.62,753,754,787,788,LOITER,1
110.980,motor 1 back to 100 %,1.0,19.769,-0.071,3.01,4.41,99.99,-2.52,-5.74,-1.98,753,754,787,788,LOITER,1
111.000,motor 1 back to 100 %,1.0,19.769,-0.071,2.95,4.30,99.95,-2.59,-5.71,-2.32,753,754,787,788,LOITER,1
111.020,motor 1 back to 100 %,1.0,19.773,-0.071,2.89,4.19,99.90,-2.70,-5.55,-2.68,754,754,786,787,LOITER,1
111.040,motor 1 back to 100 %,1.0,19.773,-0.071,2.83,4.08,99.84,-2.80,-5.53,-2.96,754,754,786,787,LOITER,1
111.060,motor 1 back to 100 %,1.0,19.777,-0.072,2.77,3.98,99.78,-3.01,-5.38,-3.26,755,756,785,785,LOITER,1
111.080,motor 1 back to 100 %,1.0,19.777,-0.072,2.70,3.88,99.70,-3.03,-5.22,-3.61,755,756,785,785,LOITER,1
111.100,motor 1 back to 100 %,1.0,19.777,-0.072,2.63,3.78,99.63,-3.20,-5.14,-3.88,755,756,785,785,LOITER,1
111.120,motor 1 back to 100 %,1.0,19.781,-0.072,2.56,3.68,99.54,-3.24,-5.00,-4.17,757,758,783,783,LOITER,1
111.140,motor 1 back to 100 %,1.0,19.781,-0.072,2.49,3.59,99.45,-3.41,-4.97,-4.39,757,758,783,783,LOITER,1
111.160,motor 1 back to 100 %,1.0,19.785,-0.072,2.41,3.49,99.36,-3.52,-4.89,-4.61,760,761,780,779,LOITER,1
111.180,motor 1 back to 100 %,1.0,19.785,-0.072,2.33,3.40,99.26,-3.57,-4.74,-4.77,760,761,780,779,LOITER,1
111.200,motor 1 back to 100 %,1.0,19.785,-0.072,2.26,3.31,99.16,-3.54,-4.66,-4.89,760,761,780,779,LOITER,1
111.220,motor 1 back to 100 %,1.0,19.788,-0.072,2.18,3.23,99.06,-3.65,-4.55,-5.10,763,764,777,777,LOITER,1
111.240,motor 1 back to 100 %,1.0,19.788,-0.072,2.10,3.14,98.95,-3.69,-4.41,-5.17,763,764,777,777,LOITER,1
111.260,motor 1 back to 100 %,1.0,19.791,-0.073,2.02,3.06,98.84,-3.76,-4.37,-5.21,766,767,774,773,LOITER,1
111.280,motor 1 back to 100 %,1.0,19.791,-0.073,1.94,2.98,98.73,-3.79,-4.18,-5.26,766,767,774,773,LOITER,1
111.300,motor 1 back to 100 %,1.0,19.791,-0.073,1.85,2.90,98.62,-3.84,-4.12,-5.24,766,767,774,773,LOITER,1
111.320,motor 1 back to 100 %,1.0,19.794,-0.073,1.77,2.82,98.51,-3.95,-4.06,-5.29,769,770,771,770,LOITER,1
111.340,motor 1 back to 100 %,1.0,19.794,-0.073,1.69,2.74,98.40,-3.83,-3.98,-5.18,769,770,771,770,LOITER,1
111.360,motor 1 back to 100 %,1.0,19.797,-0.074,1.60,2.67,98.29,-3.94,-3.82,-5.12,772,773,769,767,LOITER,1
111.380,motor 1 back to 100 %,1.0,19.797,-0.074,1.52,2.59,98.18,-3.94,-3.72,-5.08,772,773,769,767,LOITER,1
111.400,motor 1 back to 100 %,1.0,19.797,-0.074,1.44,2.52,98.08,-3.91,-3.59,-4.97,772,773,769,767,LOITER,1
111.420,motor 1 back to 100 %,1.0,19.800,-0.074,1.36,2.46,97.97,-3.88,-3.47,-4.86,774,775,766,765,LOITER,1
111.440,motor 1 back to 100 %,1.0,19.800,-0.074,1.27,2.39,97.87,-3.89,-3.42,-4.74,774,775,766,765,LOITER,1
111.460,motor 1 back to 100 %,1.0,19.803,-0.075,1.19,2.32,97.78,-4.07,-3.34,-4.54,776,777,765,763,LOITER,1
111.480,motor 1 back to 100 %,1.0,19.803,-0.075,1.11,2.26,97.68,-4.00,-3.27,-4.40,776,777,765,763,LOITER,1
111.500,motor 1 back to 100 %,1.0,19.803,-0.075,1.02,2.20,97.59,-3.95,-3.15,-4.24,776,777,765,763,LOITER,1
111.520,motor 1 back to 100 %,1.0,19.805,-0.076,0.94,2.14,97.50,-3.97,-3.01,-4.06,778,778,763,762,LOITER,1
111.540,motor 1 back to 100 %,1.0,19.805,-0.076,0.86,2.08,97.42,-4.03,-2.92,-3.83,778,778,763,762,LOITER,1
111.560,motor 1 back to 100 %,1.0,19.808,-0.076,0.78,2.02,97.34,-3.92,-2.91,-3.62,779,780,762,760,LOITER,1
111.580,motor 1 back to 100 %,1.0,19.808,-0.076,0.70,1.96,97.27,-3.86,-2.87,-3.37,779,780,762,760,LOITER,1
111.600,motor 1 back to 100 %,1.0,19.808,-0.076,0.62,1.91,97.20,-3.84,-2.71,-3.17,779,780,762,760,LOITER,1
111.620,motor 1 back to 100 %,1.0,19.811,-0.077,0.54,1.85,97.13,-3.84,-2.55,-2.89,780,781,761,760,LOITER,1
111.640,motor 1 back to 100 %,1.0,19.811,-0.077,0.46,1.80,97.07,-3.91,-2.49,-2.70,780,781,761,760,LOITER,1
111.660,motor 1 back to 100 %,1.0,19.814,-0.078,0.38,1.75,97.02,-3.82,-2.44,-2.40,780,781,761,759,LOITER,1
111.680,motor 1 back to 100 %,1.0,19.814,-0.078,0.31,1.71,96.97,-3.81,-2.38,-2.21,780,781,761,759,LOITER,1
111.700,motor 1 back to 100 %,1.0,19.814,-0.078,0.23,1.66,96.92,-3.83,-2.31,-1.96,780,781,761,759,LOITER,1
111.720,motor 1 back to 100 %,1.0,19.816,-0.079,0.15,1.61,96.88,-3.83,-2.24,-1.72,780,781,761,758,LOITER,1
111.740,motor 1 back to 100 %,1.0,19.816,-0.079,0.07,1.57,96.85,-3.79,-2.18,-1.47,780,781,761,758,LOITER,1
111.760,motor 1 back to 100 %,1.0,19.820,-0.080,-0.00,1.52,96.82,-3.71,-2.13,-1.25,780,780,760,759,LOITER,1
111.780,motor 1 back to 100 %,1.0,19.820,-0.080,-0.08,1.48,96.79,-3.66,-2.00,-0.95,780,780,760,759,LOITER,1
111.800,motor 1 back to 100 %,1.0,19.820,-0.080,-0.15,1.44,96.77,-3.68,-1.91,-0.73,780,780,760,759,LOITER,1
111.820,motor 1 back to 100 %,1.0,19.823,-0.080,-0.22,1.40,96.76,-3.64,-1.86,-0.55,779,780,761,759,LOITER,1
111.840,motor 1 back to 100 %,1.0,19.823,-0.080,-0.29,1.36,96.75,-3.51,-1.79,-0.29,779,780,761,759,LOITER,1
111.860,motor 1 back to 100 %,1.0,19.826,-0.081,-0.36,1.33,96.74,-3.54,-1.72,-0.13,778,779,762,759,LOITER,1
111.880,motor 1 back to 100 %,1.0,19.826,-0.081,-0.43,1.29,96.74,-3.43,-1.55,0.12,778,779,762,759,LOITER,1
111.900,motor 1 back to 100 %,1.0,19.826,-0.081,-0.50,1.26,96.74,-3.29,-1.49,0.28,778,779,762,759,LOITER,1
111.920,motor 1 back to 100 %,1.0,19.829,-0.081,-0.57,1.23,96.75,-3.24,-1.53,0.53,777,779,762,760,LOITER,1
111.940,motor 1 back to 100 %,1.0,19.829,-0.081,-0.63,1.20,96.76,-3.12,-1.47,0.67,777,779,762,760,LOITER,1
111.960,motor 1 back to 100 %,1.0,19.833,-0.081,-0.69,1.17,96.77,-3.06,-1.51,0.80,776,777,763,761,LOITER,1
111.980,motor 1 back to 100 %,1.0,19.833,-0.081,-0.75,1.14,96.79,-2.94,-1.50,0.93,776,777,763,761,LOITER,1
112.000,motor 1 back to 100 %,1.0,19.833,-0.081,-0.81,1.11,96.81,-2.81,-1.41,1.11,776,777,763,761,LOITER,1
112.020,motor 1 back to 100 %,1.0,19.836,-0.081,-0.86,1.08,96.83,-2.65,-1.34,1.31,775,776,764,762,LOITER,1
112.040,motor 1 back to 100 %,1.0,19.836,-0.081,-0.91,1.05,96.86,-2.58,-1.22,1.37,775,776,764,762,LOITER,1
112.060,motor 1 back to 100 %,1.0,19.840,-0.081,-0.96,1.03,96.89,-2.53,-1.23,1.50,773,774,765,763,LOITER,1
112.080,motor 1 back to 100 %,1.0,19.840,-0.081,-1.01,1.00,96.92,-2.45,-1.29,1.62,773,774,765,763,LOITER,1
112.100,motor 1 back to 100 %,1.0,19.840,-0.081,-1.05,0.98,96.95,-2.25,-1.24,1.69,773,774,765,763,LOITER,1
112.120,motor 1 back to 100 %,1.0,19.844,-0.081,-1.10,0.95,96.98,-2.16,-1.15,1.79,772,773,766,764,LOITER,1
112.140,motor 1 back to 100 %,1.0,19.844,-0.081,-1.14,0.93,97.02,-2.03,-1.11,1.81,772,773,766,764,LOITER,1
112.160,motor 1 back to 100 %,1.0,19.848,-0.080,-1.18,0.90,97.06,-1.89,-1.12,1.91,771,772,767,765,LOITER,1
112.180,motor 1 back to 100 %,1.0,19.848,-0.080,-1.21,0.88,97.10,-1.82,-1.04,1.92,771,772,767,765,LOITER,1
112.200,motor 1 back to 100 %,1.0,19.848,-0.080,-1.25,0.86,97.14,-1.68,-0.99,1.98,771,772,767,765,LOITER,1
112.220,motor 1 back to 100 %,1.0,19.852,-0.080,-1.28,0.84,97.18,-1.62,-1.02,2.07,769,771,768,766,LOITER,1
112.240,motor 1 back to 100 %,1.0,19.852,-0.080,-1.31,0.82,97.22,-1.40,-0.94,2.04,769,771,768,766,LOITER,1
112.260,motor 1 back to 100 %,1.0,19.855,-0.079,-1.34,0.80,97.26,-1.29,-0.96,2.09,769,769,769,766,LOITER,1
112.280,motor 1 back to 100 %,1.0,19.855,-0.079,-1.36,0.78,97.30,-1.15,-0.82,2.07,769,769,769,766,LOITER,1
112.300,motor 1 back to 100 %,1.0,19.855,-0.079,-1.38,0.76,97.35,-0.98,-0.78,2.08,769,769,769,766,LOITER,1
112.320,motor 1 back to 100 %,1.0,19.859,-0.078,-1.40,0.75,97.39,-0.88,-0.69,2.08,767,768,769,768,LOITER,1
112.340,motor 1 back to 100 %,1.0,19.859,-0.078,-1.41,0.74,97.43,-0.79,-0.69,2.04,767,768,769,768,LOITER,1
112.360,motor 1 back to 100 %,1.0,19.863,-0.076,-1.43,0.72,97.47,-0.68,-0.68,1.94,766,767,770,768,LOITER,1
112.380,motor 1 back to 100 %,1.0,19.863,-0.076,-1.44,0.71,97.51,-0.53,-0.64,1.92,766,767,770,768,LOITER,1
112.400,motor 1 back to 100 %,1.0,19.863,-0.076,-1.45,0.69,97.55,-0.43,-0.61,1.88,766,767,770,768,LOITER,1
112.420,motor 1 back to 100 %,1.0,19.867,-0.074,-1.46,0.68,97.59,-0.28,-0.62,1.84,766,767,771,769,LOITER,1
112.440,motor 1 back to 100 %,1.0,19.867,-0.074,-1.46,0.67,97.63,-0.20,-0.63,1.77,766,767,771,769,LOITER,1
112.460,motor 1 back to 100 %,1.0,19.870,-0.073,-1.46,0.65,97.66,-0.07,-0.59,1.73,765,766,771,770,LOITER,1
112.480,motor 1 back to 100 %,1.0,19.870,-0.073,-1.46,0.64,97.70,0.09,-0.58,1.65,765,766,771,770,LOITER,1
112.500,motor 1 back to 100 %,1.0,19.870,-0.073,-1.46,0.63,97.73,0.04,-0.58,1.57,765,766,771,770,LOITER,1
112.520,motor 1 back to 100 %,1.0,19.874,-0.072,-1.46,0.61,97.76,0.24,-0.50,1.52,764,765,771,770,LOITER,1
112.540,motor 1 back to 100 %,1.0,19.874,-0.072,-1.45,0.60,97.79,0.29,-0.51,1.44,764,765,771,770,LOITER,1
112.560,motor 1 back to 100 %,1.0,19.879,-0.070,-1.44,0.59,97.82,0.47,-0.53,1.33,764,764,771,770,LOITER,1
112.580,motor 1 back to 100 %,1.0,19.879,-0.070,-1.43,0.58,97.85,0.53,-0.53,1.24,764,764,771,770,LOITER,1
112.600,motor 1 back to 100 %,1.0,19.879,-0.070,-1.42,0.57,97.87,0.55,-0.49,1.23,764,764,771,770,LOITER,1
112.620,motor 1 back to 100 %,1.0,19.883,-0.068,-1.41,0.56,97.89,0.59,-0.45,1.09,764,764,771,770,LOITER,1
112.640,motor 1 back to 100 %,1.0,19.883,-0.068,-1.40,0.55,97.92,0.63,-0.39,1.07,764,764,771,770,LOITER,1
112.660,motor 1 back to 100 %,1.0,19.887,-0.065,-1.38,0.54,97.94,0.62,-0.40,0.95,764,764,772,770,LOITER,1
112.680,motor 1 back to 100 %,1.0,19.887,-0.065,-1.37,0.53,97.95,0.66,-0.35,0.91,764,764,772,770,LOITER,1
112.700,motor 1 back to 100 %,1.0,19.887,-0.065,-1.36,0.52,97.97,0.61,-0.32,0.77,764,764,772,770,LOITER,1
112.720,motor 1 back to 100 %,1.0,19.891,-0.063,-1.35,0.51,97.98,0.75,-0.42,0.73,764,764,771,770,LOITER,1
112.740,motor 1 back to 100 %,1.0,19.891,-0.063,-1.33,0.50,98.00,0.81,-0.40,0.67,764,764,771,770,LOITER,1
112.760,motor 1 back to 100 %,1.0,19.896,-0.061,-1.31,0.49,98.01,0.83,-0.46,0.56,764,764,771,770,LOITER,1
112.780,motor 1 back to 100 %,1.0,19.896,-0.061,-1.29,0.49,98.02,0.87,-0.42,0.54,764,764,771,770,LOITER,1
112.800,motor 1 back to 100 %,1.0,19.896,-0.061,-1.28,0.48,98.03,0.93,-0.39,0.44,764,764,771,770,LOITER,1
112.820,motor 1 back to 100 %,1.0,19.899,-0.059,-1.26,0.47,98.04,0.94,-0.37,0.35,764,764,771,770,LOITER,1
112.840,motor 1 back to 100 %,1.0,19.899,-0.059,-1.24,0.46,98.04,1.04,-0.40,0.23,764,764,771,770,LOITER,1
112.860,motor 1 back to 100 %,1.0,19.903,-0.057,-1.22,0.45,98.05,1.08,-0.46,0.19,765,764,771,770,LOITER,1
112.880,motor 1 back to 100 %,1.0,19.903,-0.057,-1.20,0.44,98.05,1.05,-0.42,0.11,765,764,771,770,LOITER,1
112.900,motor 1 back to 100 %,1.0,19.903,-0.057,-1.17,0.43,98.05,1.16,-0.43,0.06,765,764,771,770,LOITER,1
112.920,motor 1 back to 100 %,1.0,19.906,-0.055,-1.15,0.42,98.05,1.13,-0.45,0.04,765,765,770,769,LOITER,1
112.940,motor 1 back to 100 %,1.0,19.906,-0.055,-1.13,0.41,98.05,1.16,-0.41,-0.02,765,765,770,769,LOITER,1
112.960,motor 1 back to 100 %,1.0,19.910,-0.052,-1.11,0.40,98.05,1.13,-0.49,-0.02,765,765,770,769,LOITER,1
112.980,motor 1 back to 100 %,1.0,19.910,-0.052,-1.08,0.39,98.05,1.16,-0.46,-0.10,765,765,770,769,LOITER,1
113.000,motor 1 back to 100 %,1.0,19.910,-0.052,-1.06,0.37,98.04,1.27,-0.48,-0.20,765,765,770,769,LOITER,1
113.020,motor 1 back to 100 %,1.0,19.913,-0.050,-1.03,0.36,98.04,1.24,-0.43,-0.16,766,765,770,769,LOITER,1
113.040,motor 1 back to 100 %,1.0,19.913,-0.050,-1.01,0.35,98.03,1.33,-0.46,-0.22,766,765,770,769,LOITER,1
113.060,motor 1 back to 100 %,1.0,19.916,-0.048,-0.98,0.34,98.03,1.28,-0.54,-0.25,767,766,769,769,LOITER,1
113.080,motor 1 back to 100 %,1.0,19.916,-0.048,-0.96,0.33,98.02,1.17,-0.56,-0.26,767,766,769,769,LOITER,1
113.100,motor 1 back to 100 %,1.0,19.916,-0.048,-0.94,0.32,98.01,1.09,-0.56,-0.30,767,766,769,769,LOITER,1
113.120,motor 1 back to 100 %,1.0,19.919,-0.046,-0.92,0.31,98.01,1.00,-0.59,-0.34,767,767,769,769,LOITER,1
113.140,motor 1 back to 100 %,1.0,19.919,-0.046,-0.90,0.29,98.00,0.97,-0.64,-0.31,767,767,769,769,LOITER,1
113.160,motor 1 back to 100 %,1.0,19.922,-0.045,-0.88,0.28,97.99,1.01,-0.72,-0.41,768,767,769,768,LOITER,1
113.180,motor 1 back to 100 %,1.0,19.922,-0.045,-0.86,0.26,97.98,1.03,-0.69,-0.35,768,767,769,768,LOITER,1
113.200,motor 1 back to 100 %,1.0,19.922,-0.045,-0.84,0.25,97.97,1.02,-0.56,-0.32,768,767,769,768,LOITER,1
113.220,motor 1 back to 100 %,1.0,19.924,-0.043,-0.81,0.24,97.96,1.06,-0.54,-0.39,767,768,768,768,LOITER,1
113.240,motor 1 back to 100 %,1.0,19.924,-0.043,-0.79,0.22,97.95,1.13,-0.64,-0.41,767,768,768,768,LOITER,1
113.260,motor 1 back to 100 %,1.0,19.927,-0.042,-0.77,0.21,97.95,1.20,-0.73,-0.41,769,768,769,768,LOITER,1
113.280,motor 1 back to 100 %,1.0,19.927,-0.042,-0.75,0.19,97.94,1.20,-0.71,-0.36,769,768,769,768,LOITER,1
113.300,motor 1 back to 100 %,1.0,19.927,-0.042,-0.72,0.18,97.93,1.16,-0.66,-0.37,769,768,769,768,LOITER,1
113.320,motor 1 back to 100 %,1.0,19.929,-0.041,-0.70,0.17,97.92,1.06,-0.63,-0.32,769,768,768,768,LOITER,1
113.340,motor 1 back to 100 %,1.0,19.929,-0.041,-0.68,0.15,97.91,0.95,-0.65,-0.35,769,768,768,768,LOITER,1
113.360,motor 1 back to 100 %,1.0,19.931,-0.039,-0.66,0.14,97.90,0.95,-0.74,-0.37,769,768,768,767,LOITER,1
113.380,motor 1 back to 100 %,1.0,19.931,-0.039,-0.64,0.12,97.89,0.92,-0.68,-0.32,769,768,768,767,LOITER,1
113.400,motor 1 back to 100 %,1.0,19.931,-0.039,-0.62,0.11,97.89,0.94,-0.61,-0.31,769,768,768,767,LOITER,1
113.420,motor 1 back to 100 %,1.0,19.934,-0.038,-0.60,0.10,97.88,1.08,-0.60,-0.27,769,769,768,767,LOITER,1
113.440,motor 1 back to 100 %,1.0,19.934,-0.038,-0.58,0.08,97.87,0.98,-0.67,-0.28,769,769,768,767,LOITER,1
113.460,motor 1 back to 100 %,1.0,19.936,-0.037,-0.56,0.07,97.86,1.01,-0.67,-0.29,770,768,768,767,LOITER,1
113.480,motor 1 back to 100 %,1.0,19.936,-0.037,-0.54,0.06,97.86,0.92,-0.57,-0.22,770,768,768,767,LOITER,1
113.500,motor 1 back to 100 %,1.0,19.936,-0.037,-0.52,0.04,97.85,0.96,-0.55,-0.24,770,768,768,767,LOITER,1
113.520,motor 1 back to 100 %,1.0,19.939,-0.036,-0.50,0.03,97.85,0.96,-0.60,-0.22,769,769,767,767,LOITER,1
113.540,motor 1 back to 100 %,1.0,19.939,-0.036,-0.49,0.02,97.84,0.83,-0.63,-0.19,769,769,767,767,LOITER,1
113.560,motor 1 back to 100 %,1.0,19.941,-0.035,-0.47,0.01,97.84,0.73,-0.63,-0.17,770,769,768,767,LOITER,1
113.580,motor 1 back to 100 %,1.0,19.941,-0.035,-0.46,-0.01,97.83,0.74,-0.49,-0.17,770,769,768,767,LOITER,1
113.600,motor 1 back to 100 %,1.0,19.941,-0.035,-0.44,-0.02,97.83,0.80,-0.48,-0.08,770,769,768,767,LOITER,1
113.620,motor 1 back to 100 %,1.0,19.943,-0.034,-0.43,-0.03,97.82,0.70,-0.47,-0.14,769,769,767,767,LOITER,1
113.640,motor 1 back to 100 %,1.0,19.943,-0.034,-0.41,-0.04,97.82,0.69,-0.50,-0.03,769,769,767,767,LOITER,1
113.660,motor 1 back to 100 %,1.0,19.945,-0.033,-0.40,-0.05,97.82,0.53,-0.50,-0.00,769,769,767,767,LOITER,1
113.680,motor 1 back to 100 %,1.0,19.945,-0.033,-0.39,-0.06,97.82,0.49,-0.43,-0.01,769,769,767,767,LOITER,1
113.700,motor 1 back to 100 %,1.0,19.945,-0.033,-0.38,-0.07,97.82,0.48,-0.39,-0.02,769,769,767,767,LOITER,1
113.720,motor 1 back to 100 %,1.0,19.947,-0.032,-0.37,-0.08,97.82,0.49,-0.44,0.05,769,769,767,767,LOITER,1
113.740,motor 1 back to 100 %,1.0,19.947,-0.032,-0.36,-0.09,97.82,0.47,-0.41,0.08,769,769,767,767,LOITER,1
113.760,motor 1 back to 100 %,1.0,19.949,-0.031,-0.35,-0.09,97.82,0.48,-0.27,0.02,769,769,767,767,LOITER,1
113.780,motor 1 back to 100 %,1.0,19.949,-0.031,-0.34,-0.10,97.82,0.47,-0.27,0.09,769,769,767,767,LOITER,1
113.800,motor 1 back to 100 %,1.0,19.949,-0.031,-0.33,-0.10,97.82,0.51,-0.22,0.13,769,769,767,767,LOITER,1
113.820,motor 1 back to 100 %,1.0,19.951,-0.029,-0.32,-0.11,97.82,0.52,-0.28,0.16,770,769,767,768,LOITER,1
113.840,motor 1 back to 100 %,1.0,19.951,-0.029,-0.31,-0.12,97.83,0.45,-0.33,0.13,770,769,767,768,LOITER,1
113.860,motor 1 back to 100 %,1.0,19.952,-0.029,-0.30,-0.12,97.83,0.37,-0.24,0.22,769,770,768,768,LOITER,1
113.880,motor 1 back to 100 %,1.0,19.952,-0.029,-0.30,-0.13,97.83,0.33,-0.36,0.18,769,770,768,768,LOITER,1
113.900,motor 1 back to 100 %,1.0,19.952,-0.029,-0.29,-0.14,97.83,0.35,-0.29,0.22,769,770,768,768,LOITER,1
113.920,motor 1 back to 100 %,1.0,19.954,-0.028,-0.28,-0.14,97.84,0.25,-0.27,0.25,769,769,768,768,LOITER,1
113.940,motor 1 back to 100 %,1.0,19.954,-0.028,-0.28,-0.15,97.84,0.26,-0.43,0.25,769,769,768,768,LOITER,1
113.960,motor 1 back to 100 %,1.0,19.955,-0.027,-0.27,-0.16,97.85,0.24,-0.25,0.21,769,770,768,768,LOITER,1
113.980,motor 1 back to 100 %,1.0,19.955,-0.027,-0.27,-0.17,97.85,0.33,-0.20,0.25,769,770,768,768,LOITER,1
114.000,motor 1 back to 100 %,1.0,19.955,-0.027,-0.26,-0.17,97.85,0.28,-0.15,0.30,769,770,768,768,LOITER,1
114.020,motor 1 back to 100 %,1.0,19.956,-0.027,-0.25,-0.17,97.86,0.30,-0.09,0.24,769,769,768,769,LOITER,1
114.040,motor 1 back to 100 %,1.0,19.956,-0.027,-0.25,-0.18,97.86,0.19,-0.17,0.27,769,769,768,769,LOITER,1
114.060,motor 1 back to 100 %,1.0,19.957,-0.026,-0.24,-0.18,97.87,0.34,-0.12,0.26,770,769,769,769,LOITER,1
114.080,motor 1 back to 100 %,1.0,19.957,-0.026,-0.24,-0.18,97.87,0.21,-0.10,0.30,770,769,769,769,LOITER,1
114.100,motor 1 back to 100 %,1.0,19.957,-0.026,-0.24,-0.19,97.87,0.07,-0.07,0.30,770,769,769,769,LOITER,1
114.120,motor 1 back to 100 %,1.0,19.957,-0.026,-0.23,-0.19,97.88,0.11,-0.17,0.31,770,769,769,769,LOITER,1
114.140,motor 1 back to 100 %,1.0,19.957,-0.026,-0.23,-0.20,97.88,0.16,-0.15,0.37,770,769,769,769,LOITER,1
114.160,motor 1 back to 100 %,1.0,19.958,-0.026,-0.23,-0.20,97.89,0.04,-0.09,0.34,770,770,769,769,LOITER,1
114.180,motor 1 back to 100 %,1.0,19.958,-0.026,-0.23,-0.20,97.89,0.03,-0.08,0.28,770,770,769,769,LOITER,1
114.200,motor 1 back to 100 %,1.0,19.958,-0.026,-0.22,-0.20,97.90,0.08,-0.05,0.30,770,770,769,769,LOITER,1
114.220,motor 1 back to 100 %,1.0,19.958,-0.027,-0.22,-0.20,97.90,0.05,0.03,0.28,770,770,769,769,LOITER,1
114.240,motor 1 back to 100 %,1.0,19.958,-0.027,-0.22,-0.20,97.91,0.07,0.00,0.32,770,770,769,769,LOITER,1
114.260,motor 1 back to 100 %,1.0,19.959,-0.027,-0.22,-0.20,97.91,-0.03,0.03,0.35,769,770,770,769,LOITER,1
114.280,motor 1 back to 100 %,1.0,19.959,-0.027,-0.22,-0.20,97.92,0.09,0.06,0.33,769,770,770,769,LOITER,1
114.300,motor 1 back to 100 %,1.0,19.959,-0.027,-0.22,-0.20,97.92,-0.01,0.03,0.31,769,770,770,769,LOITER,1
114.320,motor 1 back to 100 %,1.0,19.960,-0.027,-0.22,-0.21,97.93,-0.05,-0.02,0.33,769,769,770,770,LOITER,1
114.340,motor 1 back to 100 %,1.0,19.960,-0.027,-0.22,-0.21,97.93,-0.01,0.02,0.29,769,769,770,770,LOITER,1
114.360,motor 1 back to 100 %,1.0,19.961,-0.028,-0.22,-0.21,97.93,-0.00,-0.04,0.28,769,769,770,769,LOITER,1
114.380,motor 1 back to 100 %,1.0,19.961,-0.028,-0.22,-0.21,97.94,-0.01,-0.10,0.26,769,769,770,769,LOITER,1
114.400,motor 1 back to 100 %,1.0,19.961,-0.028,-0.22,-0.21,97.94,-0.03,-0.06,0.28,769,769,770,769,LOITER,1
114.420,motor 1 back to 100 %,1.0,19.962,-0.028,-0.22,-0.21,97.95,0.07,0.03,0.28,769,769,770,769,LOITER,1
114.444,motor 1 back to 100 %,1.0,19.962,-0.028,-0.21,-0.21,97.95,0.10,-0.06,0.29,769,769,770,769,LOITER,1
114.460,motor 1 back to 100 %,1.0,19.963,-0.028,-0.21,-0.21,97.95,-0.04,-0.01,0.26,769,769,770,769,LOITER,1
114.480,motor 1 back to 100 %,1.0,19.963,-0.028,-0.21,-0.21,97.96,0.04,0.09,0.27,769,769,770,769,LOITER,1
114.500,motor 1 back to 100 %,1.0,19.963,-0.028,-0.21,-0.21,97.96,-0.02,0.04,0.28,769,769,770,769,LOITER,1
114.520,motor 1 back to 100 %,1.0,19.964,-0.028,-0.21,-0.22,97.97,0.02,-0.03,0.28,769,769,769,769,LOITER,1
114.540,motor 1 back to 100 %,1.0,19.964,-0.028,-0.21,-0.22,97.97,-0.04,-0.03,0.22,769,769,769,769,LOITER,1
114.560,motor 1 back to 100 %,1.0,19.965,-0.028,-0.21,-0.22,97.97,-0.09,0.04,0.19,769,769,769,769,LOITER,1
114.580,motor 1 back to 100 %,1.0,19.965,-0.028,-0.21,-0.22,97.97,-0.06,-0.04,0.23,769,769,769,769,LOITER,1
114.600,motor 1 back to 100 %,1.0,19.965,-0.028,-0.22,-0.22,97.98,-0.12,-0.04,0.20,769,769,769,769,LOITER,1
114.620,motor 1 back to 100 %,1.0,19.967,-0.028,-0.22,-0.22,97.98,-0.13,-0.01,0.14,769,768,769,769,LOITER,1
114.640,motor 1 back to 100 %,1.0,19.967,-0.028,-0.22,-0.22,97.98,-0.22,0.07,0.24,769,768,769,769,LOITER,1
114.660,motor 1 back to 100 %,1.0,19.968,-0.028,-0.23,-0.22,97.98,-0.16,0.04,0.20,769,768,769,769,LOITER,1
114.680,motor 1 back to 100 %,1.0,19.968,-0.028,-0.23,-0.22,97.99,-0.19,0.06,0.20,769,768,769,769,LOITER,1
114.700,motor 1 back to 100 %,1.0,19.968,-0.028,-0.23,-0.22,97.99,-0.20,-0.03,0.23,769,768,769,769,LOITER,1
114.720,motor 1 back to 100 %,1.0,19.970,-0.027,-0.23,-0.22,97.99,-0.12,0.04,0.16,768,768,769,768,LOITER,1
114.740,motor 1 back to 100 %,1.0,19.970,-0.027,-0.24,-0.22,97.99,-0.08,0.14,0.14,768,768,769,768,LOITER,1
114.760,motor 1 back to 100 %,1.0,19.971,-0.027,-0.24,-0.22,97.99,-0.10,0.05,0.22,769,768,769,768,LOITER,1
114.780,motor 1 back to 100 %,1.0,19.971,-0.027,-0.24,-0.22,98.00,-0.11,0.08,0.21,769,768,769,768,LOITER,1
114.800,motor 1 back to 100 %,1.0,19.971,-0.027,-0.24,-0.21,98.00,-0.02,0.16,0.17,769,768,769,768,LOITER,1
114.820,motor 1 back to 100 %,1.0,19.973,-0.026,-0.24,-0.21,98.00,0.04,0.11,0.12,768,768,769,769,LOITER,1
114.840,motor 1 back to 100 %,1.0,19.973,-0.026,-0.24,-0.21,98.00,0.02,0.08,0.15,768,768,769,769,LOITER,1
114.860,motor 1 back to 100 %,1.0,19.974,-0.026,-0.24,-0.21,98.00,0.12,0.12,0.17,768,768,769,769,LOITER,1
114.880,motor 1 back to 100 %,1.0,19.974,-0.026,-0.24,-0.21,98.00,0.10,0.11,0.13,768,768,769,769,LOITER,1
114.900,motor 1 back to 100 %,1.0,19.974,-0.026,-0.23,-0.20,98.00,0.17,0.08,0.15,768,768,769,769,LOITER,1
114.920,motor 1 back to 100 %,1.0,19.975,-0.025,-0.23,-0.20,98.00,0.13,0.07,0.11,768,768,769,768,LOITER,1
114.940,motor 1 back to 100 %,1.0,19.975,-0.025,-0.23,-0.20,98.01,0.23,0.07,0.12,768,768,769,768,LOITER,1
114.960,motor 1 back to 100 %,1.0,19.977,-0.024,-0.22,-0.20,98.01,0.19,0.13,0.11,768,768,769,769,LOITER,1
114.980,motor 1 back to 100 %,1.0,19.977,-0.024,-0.22,-0.20,98.01,0.23,0.11,0.05,768,768,769,769,LOITER,1
115.000,motor 1 back to 100 %,1.0,19.977,-0.024,-0.21,-0.20,98.01,0.22,-0.01,0.10,768,768,769,769,LOITER,1
115.020,motor 1 back to 100 %,1.0,19.978,-0.023,-0.21,-0.20,98.00,0.22,0.05,0.06,769,768,769,768,LOITER,1
115.040,motor 1 back to 100 %,1.0,19.978,-0.023,-0.20,-0.20,98.00,0.22,0.06,0.11,769,768,769,768,LOITER,1
115.060,motor 1 back to 100 %,1.0,19.979,-0.023,-0.20,-0.20,98.00,0.25,0.03,0.10,769,769,769,769,LOITER,1
115.080,motor 1 back to 100 %,1.0,19.979,-0.023,-0.19,-0.20,98.00,0.16,0.01,0.05,769,769,769,769,LOITER,1
115.100,motor 1 back to 100 %,1.0,19.979,-0.023,-0.19,-0.19,98.00,0.20,0.07,0.05,769,769,769,769,LOITER,1
115.120,motor 1 back to 100 %,1.0,19.979,-0.022,-0.18,-0.20,98.00,0.26,-0.03,0.09,769,769,769,769,LOITER,1
115.140,motor 1 back to 100 %,1.0,19.979,-0.022,-0.18,-0.20,98.00,0.27,-0.08,0.09,769,769,769,769,LOITER,1
115.160,motor 1 back to 100 %,1.0,19.980,-0.022,-0.17,-0.20,98.00,0.25,-0.09,0.04,769,769,769,769,LOITER,1
115.180,motor 1 back to 100 %,1.0,19.980,-0.022,-0.17,-0.20,98.00,0.28,-0.13,0.12,769,769,769,769,LOITER,1
115.200,motor 1 back to 100 %,1.0,19.980,-0.022,-0.16,-0.20,98.00,0.17,-0.10,0.11,769,769,769,769,LOITER,1
115.220,motor 1 back to 100 %,1.0,19.980,-0.021,-0.16,-0.21,98.00,0.15,-0.10,0.12,769,769,769,769,LOITER,1
115.240,motor 1 back to 100 %,1.0,19.980,-0.021,-0.16,-0.21,98.00,0.15,-0.14,0.12,769,769,769,769,LOITER,1
115.260,motor 1 back to 100 %,1.0,19.980,-0.021,-0.15,-0.21,98.00,0.09,-0.07,0.06,769,769,769,769,LOITER,1
115.280,motor 1 back to 100 %,1.0,19.980,-0.021,-0.15,-0.21,98.00,0.03,-0.04,0.06,769,769,769,769,LOITER,1
115.300,motor 1 back to 100 %,1.0,19.980,-0.021,-0.15,-0.21,98.00,0.16,-0.05,0.12,769,769,769,769,LOITER,1
115.320,motor 1 back to 100 %,1.0,19.981,-0.021,-0.14,-0.21,98.00,0.17,-0.15,0.06,770,769,769,769,LOITER,1
115.340,motor 1 back to 100 %,1.0,19.981,-0.021,-0.14,-0.22,98.00,0.18,-0.08,0.08,770,769,769,769,LOITER,1
115.360,motor 1 back to 100 %,1.0,19.981,-0.021,-0.14,-0.21,98.00,0.18,0.07,0.14,769,770,769,770,LOITER,1
115.380,motor 1 back to 100 %,1.0,19.981,-0.021,-0.13,-0.21,98.00,0.21,-0.04,0.08,769,770,769,770,LOITER,1
115.400,motor 1 back to 100 %,1.0,19.981,-0.021,-0.13,-0.21,98.00,0.26,-0.05,0.12,769,770,769,770,LOITER,1
115.420,motor 1 back to 100 %,1.0,19.982,-0.021,-0.12,-0.21,98.00,0.19,0.00,0.16,769,770,769,769,LOITER,1
115.440,motor 1 back to 100 %,1.0,19.982,-0.021,-0.12,-0.21,98.00,0.22,-0.11,0.14,769,770,769,769,LOITER,1
115.460,motor 1 back to 100 %,1.0,19.983,-0.021,-0.12,-0.22,98.00,0.26,-0.19,0.13,770,769,769,769,LOITER,1
115.480,motor 1 back to 100 %,1.0,19.983,-0.021,-0.11,-0.22,98.00,0.21,-0.22,0.14,770,769,769,769,LOITER,1
115.500,motor 1 back to 100 %,1.0,19.983,-0.021,-0.11,-0.23,98.00,0.18,-0.26,0.13,770,769,769,769,LOITER,1
115.520,motor 1 back to 100 %,1.0,19.983,-0.021,-0.10,-0.23,98.00,0.21,-0.31,0.13,769,769,769,769,LOITER,1
115.540,motor 1 back to 100 %,1.0,19.983,-0.021,-0.10,-0.24,98.00,0.18,-0.29,0.13,769,769,769,769,LOITER,1
115.560,motor 1 back to 100 %,1.0,19.984,-0.021,-0.09,-0.24,98.00,0.10,-0.27,0.14,769,770,769,769,LOITER,1
115.580,motor 1 back to 100 %,1.0,19.984,-0.021,-0.09,-0.25,98.00,0.21,-0.43,0.13,769,770,769,769,LOITER,1
115.600,motor 1 back to 100 %,1.0,19.984,-0.021,-0.09,-0.25,98.00,0.18,-0.40,0.16,769,770,769,769,LOITER,1
115.620,motor 1 back to 100 %,1.0,19.985,-0.020,-0.08,-0.26,98.00,0.17,-0.42,0.12,769,769,769,769,LOITER,1
115.640,motor 1 back to 100 %,1.0,19.985,-0.020,-0.08,-0.27,98.00,0.14,-0.42,0.09,769,769,769,769,LOITER,1
115.660,motor 1 back to 100 %,1.0,19.986,-0.020,-0.08,-0.28,98.00,0.15,-0.46,0.22,769,769,769,769,LOITER,1
115.680,motor 1 back to 100 %,1.0,19.986,-0.020,-0.07,-0.29,98.00,0.10,-0.48,0.10,769,769,769,769,LOITER,1
115.700,motor 1 back to 100 %,1.0,19.986,-0.020,-0.07,-0.29,98.00,0.15,-0.44,0.16,769,769,769,769,LOITER,1
115.720,motor 1 back to 100 %,1.0,19.987,-0.020,-0.07,-0.30,98.00,0.08,-0.47,0.14,770,769,769,769,LOITER,1
115.740,motor 1 back to 100 %,1.0,19.987,-0.020,-0.07,-0.31,98.00,0.02,-0.45,0.16,770,769,769,769,LOITER,1
115.760,motor 1 back to 100 %,1.0,19.987,-0.020,-0.07,-0.32,98.00,-0.09,-0.44,0.17,769,769,769,769,LOITER,1
115.780,motor 1 back to 100 %,1.0,19.987,-0.020,-0.07,-0.33,98.00,-0.06,-0.52,0.16,769,769,769,769,LOITER,1
115.800,motor 1 back to 100 %,1.0,19.987,-0.020,-0.07,-0.34,98.00,-0.09,-0.34,0.20,769,769,769,769,LOITER,1
115.820,motor 1 back to 100 %,1.0,19.988,-0.020,-0.07,-0.34,98.01,-0.04,-0.38,0.21,769,769,769,769,LOITER,1
115.840,motor 1 back to 100 %,1.0,19.988,-0.020,-0.07,-0.35,98.01,-0.02,-0.37,0.12,769,769,769,769,LOITER,1
115.860,motor 1 back to 100 %,1.0,19.989,-0.019,-0.07,-0.36,98.01,-0.10,-0.37,0.16,769,769,770,768,LOITER,1
115.880,motor 1 back to 100 %,1.0,19.989,-0.019,-0.07,-0.36,98.01,0.06,-0.24,0.19,769,769,770,768,LOITER,1
115.900,motor 1 back to 100 %,1.0,19.989,-0.019,-0.07,-0.37,98.01,0.10,-0.13,0.19,769,769,770,768,LOITER,1
115.920,motor 1 back to 100 %,1.0,19.989,-0.019,-0.07,-0.37,98.01,0.11,-0.17,0.15,769,769,769,769,LOITER,1
115.940,motor 1 back to 100 %,1.0,19.989,-0.019,-0.07,-0.37,98.01,0.10,-0.09,0.16,769,769,769,769,LOITER,1
115.960,motor 1 back to 100 %,1.0,19.990,-0.019,-0.07,-0.37,98.02,-0.04,-0.10,0.17,769,769,770,768,LOITER,1
115.980,motor 1 back to 100 %,1.0,19.990,-0.019,-0.07,-0.37,98.02,0.09,-0.03,0.25,769,769,770,768,LOITER,1
116.000,motor 1 back to 100 %,1.0,19.990,-0.019,-0.06,-0.37,98.02,0.08,0.08,0.15,769,769,770,768,LOITER,1
116.020,motor 1 back to 100 %,1.0,19.991,-0.019,-0.06,-0.37,98.02,0.08,0.07,0.22,769,769,769,769,LOITER,1
116.040,motor 1 back to 100 %,1.0,19.991,-0.019,-0.06,-0.37,98.02,0.07,0.14,0.18,769,769,769,769,LOITER,1
116.060,motor 1 back to 100 %,1.0,19.991,-0.019,-0.06,-0.37,98.03,0.12,0.13,0.16,769,769,769,769,LOITER,1
116.080,motor 1 back to 100 %,1.0,19.991,-0.019,-0.06,-0.37,98.03,-0.00,0.13,0.19,769,769,769,769,LOITER,1
116.100,motor 1 back to 100 %,1.0,19.991,-0.019,-0.06,-0.36,98.03,0.09,0.24,0.21,769,769,769,769,LOITER,1
116.120,motor 1 back to 100 %,1.0,19.992,-0.018,-0.06,-0.35,98.04,-0.24,0.71,0.47,769,769,769,769,LOITER,1
116.140,motor 1 back to 100 %,1.0,19.992,-0.018,-0.44,0.03,98.08,-27.47,27.81,3.10,769,769,769,769,LOITER,1
116.140,motor 1 effectiveness -> 25% (PX4 reads back 0.25),0.25,19.991,0.051,-0.44,0.03,98.08,-27.47,27.81,3.10,769,769,769,769,LOITER,1
116.160,motor 1 effectiveness -> 25% (PX4 reads back 0.25),0.25,19.991,0.051,-1.67,1.23,98.16,-72.67,69.20,6.15,987,902,576,693,LOITER,1
116.180,motor 1 effectiveness -> 25% (PX4 reads back 0.25),0.25,19.991,0.051,-3.62,2.89,98.26,-103.80,85.40,9.38,987,902,576,693,LOITER,1
116.200,motor 1 effectiveness -> 25% (PX4 reads back 0.25),0.25,19.991,0.051,-5.90,4.57,98.36,-117.20,82.01,12.67,987,902,576,693,LOITER,1
116.220,motor 1 effectiveness -> 25% (PX4 reads back 0.25),0.25,19.989,0.014,-8.32,6.16,98.46,-122.31,77.24,15.74,941,960,678,687,LOITER,1
116.240,motor 1 effectiveness -> 25% (PX4 reads back 0.25),0.25,19.989,0.014,-10.74,7.67,98.57,-121.07,72.42,18.61,941,960,678,687,LOITER,1
116.260,motor 1 effectiveness -> 25% (PX4 reads back 0.25),0.25,19.989,-0.055,-13.02,9.03,98.70,-113.02,62.10,21.04,863,955,717,706,LOITER,1
116.280,motor 1 effectiveness -> 25% (PX4 reads back 0.25),0.25,19.989,-0.055,-15.07,10.17,98.89,-100.68,50.11,23.22,863,955,717,706,LOITER,1
116.300,motor 1 effectiveness -> 25% (PX4 reads back 0.25),0.25,19.989,-0.055,-16.84,11.11,99.13,-87.82,39.54,25.07,863,955,717,706,LOITER,1
116.320,motor 1 effectiveness -> 25% (PX4 reads back 0.25),0.25,19.992,-0.089,-18.33,11.88,99.44,-74.02,29.70,26.62,783,882,721,693,LOITER,1
116.340,motor 1 effectiveness -> 25% (PX4 reads back 0.25),0.25,19.992,-0.089,-19.51,12.48,99.82,-59.67,19.85,27.69,783,882,721,693,LOITER,1
116.360,motor 1 effectiveness -> 25% (PX4 reads back 0.25),0.25,19.996,-0.061,-20.38,12.91,100.28,-45.22,10.42,28.50,698,794,711,682,LOITER,1
116.380,motor 1 effectiveness -> 25% (PX4 reads back 0.25),0.25,19.996,-0.061,-20.96,13.19,100.80,-31.38,1.87,28.99,698,794,711,682,LOITER,1
116.400,motor 1 effectiveness -> 25% (PX4 reads back 0.25),0.25,19.996,-0.061,-21.26,13.33,101.38,-18.48,-5.63,29.15,698,794,711,682,LOITER,1
116.420,motor 1 effectiveness -> 25% (PX4 reads back 0.25),0.25,19.997,0.024,-21.31,13.34,102.01,-6.85,-12.19,29.02,631,708,691,670,LOITER,1
116.440,motor 1 effectiveness -> 25% (PX4 reads back 0.25),0.25,19.997,0.024,-21.14,13.24,102.67,3.43,-17.84,28.67,631,708,691,670,LOITER,1
116.460,motor 1 effectiveness -> 25% (PX4 reads back 0.25),0.25,19.992,0.157,-20.77,13.05,103.36,12.42,-22.75,28.18,572,628,670,658,LOITER,1
116.484,motor 1 effectiveness -> 25% (PX4 reads back 0.25),0.25,19.992,0.157,-20.25,12.76,104.07,20.29,-26.92,27.46,572,628,670,658,LOITER,1
116.500,motor 1 effectiveness -> 25% (PX4 reads back 0.25),0.25,19.992,0.157,-19.71,12.46,104.64,26.65,-30.54,26.68,572,628,670,658,LOITER,1
116.520,motor 1 effectiveness -> 25% (PX4 reads back 0.25),0.25,19.980,0.327,-18.95,12.01,105.35,31.90,-33.43,25.75,533,562,650,645,LOITER,1
116.540,motor 1 effectiveness -> 25% (PX4 reads back 0.25),0.25,19.980,0.327,-18.11,11.51,106.05,35.99,-35.60,24.71,533,562,650,645,LOITER,1
116.560,motor 1 effectiveness -> 25% (PX4 reads back 0.25),0.25,19.958,0.526,-17.21,10.96,106.73,38.97,-37.42,23.64,504,516,635,636,LOITER,1
116.580,motor 1 effectiveness -> 25% (PX4 reads back 0.25),0.25,19.958,0.526,-16.28,10.36,107.38,41.41,-38.67,22.47,504,516,635,636,LOITER,1
116.600,motor 1 effectiveness -> 25% (PX4 reads back 0.25),0.25,19.958,0.526,-15.32,9.73,108.01,42.78,-39.72,21.30,504,516,635,636,LOITER,1
116.620,motor 1 effectiveness -> 25% (PX4 reads back 0.25),0.25,19.924,0.742,-14.36,9.06,108.61,43.60,-40.40,20.14,490,480,622,625,LOITER,1
116.636,motor 1 effectiveness -> 25% (PX4 reads back 0.25),0.25,19.924,0.742,-13.59,8.52,109.06,43.72,-40.20,19.14,490,480,622,625,LOITER,1
116.660,motor 1 effectiveness -> 25% (PX4 reads back 0.25),0.25,19.870,1.011,-12.47,7.70,109.70,42.97,-39.59,17.68,481,447,608,614,LOITER,1
116.680,motor 1 effectiveness -> 25% (PX4 reads back 0.25),0.25,19.870,1.011,-11.57,7.02,110.18,41.76,-38.47,16.39,481,447,608,614,LOITER,1
116.700,motor 1 effectiveness -> 25% (PX4 reads back 0.25),0.25,19.870,1.011,-10.71,6.35,110.62,39.82,-36.91,15.25,481,447,608,614,LOITER,1
116.720,motor 1 effectiveness -> 25% (PX4 reads back 0.25),0.25,19.809,1.254,-9.91,5.71,111.02,37.58,-35.26,14.03,478,435,602,610,LOITER,1
116.740,motor 1 effectiveness -> 25% (PX4 reads back 0.25),0.25,19.809,1.254,-9.16,5.10,111.39,35.04,-33.31,12.86,478,435,602,610,LOITER,1
116.760,motor 1 effectiveness -> 25% (PX4 reads back 0.25),0.25,19.735,1.501,-8.48,4.51,111.71,32.13,-31.38,11.66,480,433,601,608,LOITER,1
116.780,motor 1 effectiveness -> 25% (PX4 reads back 0.25),0.25,19.735,1.501,-7.86,3.96,112.00,29.34,-29.26,10.52,480,433,601,608,LOITER,1
116.800,motor 1 effectiveness -> 25% (PX4 reads back 0.25),0.25,19.735,1.501,-7.30,3.45,112.26,26.27,-27.03,9.32,480,433,601,608,LOITER,1
116.820,motor 1 effectiveness -> 25% (PX4 reads back 0.25),0.25,19.648,1.749,-6.82,2.97,112.48,23.23,-24.96,8.25,487,440,602,608,LOITER,1
116.840,motor 1 effectiveness -> 25% (PX4 reads back 0.25),0.25,19.648,1.749,-6.39,2.53,112.67,20.28,-22.64,7.19,487,440,602,608,LOITER,1
116.860,motor 1 effectiveness -> 25% (PX4 reads back 0.25),0.25,19.531,2.034,-6.02,2.13,112.84,17.35,-20.42,6.09,498,454,604,611,LOITER,1
116.880,motor 1 effectiveness -> 25% (PX4 reads back 0.25),0.25,19.531,2.034,-5.71,1.77,112.97,14.56,-18.34,5.04,498,454,604,611,LOITER,1
116.900,motor 1 effectiveness -> 25% (PX4 reads back 0.25),0.25,19.531,2.034,-5.46,1.45,113.09,11.66,-16.09,4.14,498,454,604,611,LOITER,1
116.920,motor 1 effectiveness -> 25% (PX4 reads back 0.25),0.25,19.416,2.273,-5.27,1.18,113.17,9.00,-13.99,3.17,511,470,608,613,LOITER,1
116.940,motor 1 effectiveness -> 25% (PX4 reads back 0.25),0.25,19.416,2.273,-5.13,0.94,113.24,6.55,-11.94,2.26,511,470,608,613,LOITER,1
116.960,motor 1 effectiveness -> 25% (PX4 reads back 0.25),0.25,19.290,2.504,-5.03,0.73,113.28,4.14,-9.90,1.31,527,492,613,617,LOITER,1
116.980,motor 1 effectiveness -> 25% (PX4 reads back 0.25),0.25,19.290,2.504,-4.98,0.57,113.30,1.96,-7.98,0.58,527,492,613,617,LOITER,1
117.000,motor 1 effectiveness -> 25% (PX4 reads back 0.25),0.25,19.290,2.504,-4.97,0.44,113.31,-0.08,-6.18,-0.24,527,492,613,617,LOITER,1
117.020,motor 1 effectiveness -> 25% (PX4 reads back 0.25),0.25,19.152,2.727,-5.00,0.34,113.30,-2.06,-4.49,-0.99,544,513,617,620,LOITER,1
117.040,motor 1 effectiveness -> 25% (PX4 reads back 0.25),0.25,19.152,2.727,-5.07,0.28,113.27,-3.73,-2.79,-1.65,544,513,617,620,LOITER,1
117.060,motor 1 effectiveness -> 25% (PX4 reads back 0.25),0.25,18.977,2.975,-5.17,0.24,113.22,-5.34,-1.18,-2.25,563,538,622,625,LOITER,1
117.080,motor 1 effectiveness -> 25% (PX4 reads back 0.25),0.25,18.977,2.975,-5.30,0.23,113.16,-6.72,0.22,-2.85,563,538,622,625,LOITER,1
117.100,motor 1 effectiveness -> 25% (PX4 reads back 0.25),0.25,18.977,2.975,-5.45,0.25,113.09,-7.97,1.58,-3.37,563,538,622,625,LOITER,1
117.120,motor 1 effectiveness -> 25% (PX4 reads back 0.25),0.25,18.817,3.176,-5.63,0.30,113.01,-9.16,2.87,-3.80,581,560,626,628,LOITER,1
117.140,motor 1 effectiveness -> 25% (PX4 reads back 0.25),0.25,18.817,3.176,-5.82,0.36,112.92,-10.04,4.02,-4.22,581,560,626,628,LOITER,1
117.160,motor 1 effectiveness -> 25% (PX4 reads back 0.25),0.25,18.646,3.366,-6.04,0.45,112.82,-10.85,5.10,-4.58,599,583,630,632,LOITER,1
117.180,motor 1 effectiveness -> 25% (PX4 reads back 0.25),0.25,18.646,3.366,-6.26,0.55,112.71,-11.46,6.04,-4.87,599,583,630,632,LOITER,1
117.200,motor 1 effectiveness -> 25% (PX4 reads back 0.25),0.25,18.646,3.366,-6.50,0.67,112.59,-11.99,6.92,-5.15,599,583,630,632,LOITER,1
117.220,motor 1 effectiveness -> 25% (PX4 reads back 0.25),0.25,18.467,3.546,-6.75,0.81,112.46,-12.37,7.78,-5.32,615,601,633,635,LOITER,1
117.240,motor 1 effectiveness -> 25% (PX4 reads back 0.25),0.25,18.467,3.546,-7.00,0.96,112.33,-12.71,8.44,-5.43,615,601,633,635,LOITER,1
117.260,motor 1 effectiveness -> 25% (PX4 reads back 0.25),0.25,18.248,3.743,-7.26,1.12,112.20,-12.91,8.94,-5.49,631,621,637,638,LOITER,1
117.280,motor 1 effectiveness -> 25% (PX4 reads back 0.25),0.25,18.248,3.743,-7.52,1.29,112.06,-13.01,9.59,-5.63,631,621,637,638,LOITER,1
117.300,motor 1 effectiveness -> 25% (PX4 reads back 0.25),0.25,18.248,3.743,-7.78,1.47,111.93,-12.89,9.98,-5.60,631,621,637,638,LOITER,1
117.320,motor 1 effectiveness -> 25% (PX4 reads back 0.25),0.25,18.051,3.902,-8.04,1.66,111.79,-12.79,10.28,-5.58,644,635,639,640,LOITER,1
117.340,motor 1 effectiveness -> 25% (PX4 reads back 0.25),0.25,18.051,3.902,-8.29,1.85,111.65,-12.53,10.56,-5.48,644,635,639,640,LOITER,1
117.360,motor 1 effectiveness -> 25% (PX4 reads back 0.25),0.25,17.848,4.053,-8.54,2.05,111.51,-12.17,10.74,-5.36,656,649,640,643,LOITER,1
117.380,motor 1 effectiveness -> 25% (PX4 reads back 0.25),0.25,17.848,4.053,-8.78,2.24,111.37,-11.87,10.91,-5.23,656,649,640,643,LOITER,1
117.400,motor 1 effectiveness -> 25% (PX4 reads back 0.25),0.25,17.848,4.053,-9.02,2.44,111.23,-11.50,10.89,-5.08,656,649,640,643,LOITER,1
117.420,motor 1 effectiveness -> 25% (PX4 reads back 0.25),0.25,17.638,4.198,-9.25,2.64,111.10,-11.02,11.01,-4.88,664,658,641,644,LOITER,1
117.440,motor 1 effectiveness -> 25% (PX4 reads back 0.25),0.25,17.638,4.198,-9.47,2.84,110.97,-10.57,10.80,-4.65,664,658,641,644,LOITER,1
117.460,motor 1 effectiveness -> 25% (PX4 reads back 0.25),0.25,17.385,4.361,-9.68,3.04,110.84,-10.03,10.70,-4.42,671,666,642,645,LOITER,1
117.480,motor 1 effectiveness -> 25% (PX4 reads back 0.25),0.25,17.385,4.361,-9.87,3.23,110.73,-9.47,10.53,-4.12,671,666,642,645,LOITER,1
117.500,motor 1 effectiveness -> 25% (PX4 reads back 0.25),0.25,17.385,4.361,-10.06,3.42,110.61,-8.84,10.31,-3.87,671,666,642,645,LOITER,1
117.520,motor 1 effectiveness -> 25% (PX4 reads back 0.25),0.25,17.161,4.496,-10.23,3.61,110.50,-8.21,10.05,-3.54,675,671,643,647,LOITER,1
117.540,motor 1 effectiveness -> 25% (PX4 reads back 0.25),0.25,17.161,4.496,-10.39,3.79,110.40,-7.47,9.65,-3.32,675,671,643,647,LOITER,1
117.560,motor 1 effectiveness -> 25% (PX4 reads back 0.25),0.25,16.931,4.630,-10.54,3.96,110.31,-6.79,9.37,-3.00,677,673,643,647,LOITER,1
117.580,motor 1 effectiveness -> 25% (PX4 reads back 0.25),0.25,16.931,4.630,-10.67,4.13,110.22,-6.18,8.98,-2.65,677,673,643,647,LOITER,1
117.600,motor 1 effectiveness -> 25% (PX4 reads back 0.25),0.25,16.931,4.630,-10.79,4.29,110.14,-5.49,8.57,-2.42,677,673,643,647,LOITER,1
117.620,motor 1 effectiveness -> 25% (PX4 reads back 0.25),0.25,16.695,4.762,-10.89,4.45,110.06,-4.83,8.13,-2.14,678,673,642,648,LOITER,1
117.640,motor 1 effectiveness -> 25% (PX4 reads back 0.25),0.25,16.695,4.762,-10.99,4.59,110.00,-4.22,7.67,-1.75,678,673,642,648,LOITER,1
117.660,motor 1 effectiveness -> 25% (PX4 reads back 0.25),0.25,16.412,4.916,-11.07,4.73,109.94,-3.59,7.26,-1.50,678,672,642,647,LOITER,1
117.680,motor 1 effectiveness -> 25% (PX4 reads back 0.25),0.25,16.412,4.916,-11.13,4.86,109.88,-2.98,6.74,-1.21,678,672,642,647,LOITER,1
117.700,motor 1 effectiveness -> 25% (PX4 reads back 0.25),0.25,16.412,4.916,-11.19,4.98,109.84,-2.46,6.35,-0.89,678,672,642,647,LOITER,1
117.720,motor 1 effectiveness -> 25% (PX4 reads back 0.25),0.25,16.164,5.049,-11.24,5.10,109.80,-2.04,5.90,-0.67,680,673,640,647,LOITER,1
117.740,motor 1 effectiveness -> 25% (PX4 reads back 0.25),0.25,16.164,5.049,-11.28,5.21,109.77,-1.71,5.62,-0.28,680,673,640,647,LOITER,1
117.760,motor 1 effectiveness -> 25% (PX4 reads back 0.25),0.25,15.909,5.181,-11.31,5.32,109.75,-1.67,5.35,0.04,685,675,639,646,LOITER,1
117.780,motor 1 effectiveness -> 25% (PX4 reads back 0.25),0.25,15.909,5.181,-11.35,5.42,109.73,-1.61,5.14,0.33,685,675,639,646,LOITER,1
117.800,motor 1 effectiveness -> 25% (PX4 reads back 0.25),0.25,15.909,5.181,-11.38,5.52,109.72,-1.49,5.00,0.71,685,675,639,646,LOITER,1
117.820,motor 1 effectiveness -> 25% (PX4 reads back 0.25),0.25,15.648,5.311,-11.41,5.62,109.72,-1.59,4.72,1.12,691,679,638,647,LOITER,1
117.840,motor 1 effectiveness -> 25% (PX4 reads back 0.25),0.25,15.648,5.311,-11.44,5.72,109.73,-1.77,4.59,1.51,691,679,638,647,LOITER,1
117.860,motor 1 effectiveness -> 25% (PX4 reads back 0.25),0.25,15.336,5.460,-11.48,5.81,109.75,-1.84,4.43,1.96,697,684,638,647,LOITER,1
117.880,motor 1 effectiveness -> 25% (PX4 reads back 0.25),0.25,15.336,5.460,-11.52,5.91,109.78,-2.05,4.29,2.36,697,684,638,647,LOITER,1
117.900,motor 1 effectiveness -> 25% (PX4 reads back 0.25),0.25,15.336,5.460,-11.56,6.00,109.81,-2.25,4.10,2.89,697,684,638,647,LOITER,1
117.920,motor 1 effectiveness -> 25% (PX4 reads back 0.25),0.25,15.063,5.585,-11.60,6.09,109.86,-2.43,3.86,3.31,702,689,638,648,LOITER,1
117.940,motor 1 effectiveness -> 25% (PX4 reads back 0.25),0.25,15.063,5.585,-11.65,6.18,109.91,-2.64,3.65,3.85,702,689,638,648,LOITER,1
117.960,motor 1 effectiveness -> 25% (PX4 reads back 0.25),0.25,14.784,5.707,-11.69,6.27,109.98,-2.81,3.42,4.32,706,693,639,648,LOITER,1
117.980,motor 1 effectiveness -> 25% (PX4 reads back 0.25),0.25,14.784,5.707,-11.74,6.35,110.06,-2.87,3.13,4.80,706,693,639,648,LOITER,1
118.000,motor 1 effectiveness -> 25% (PX4 reads back 0.25),0.25,14.784,5.707,-11.79,6.43,110.14,-2.95,2.81,5.32,706,693,639,648,LOITER,1
118.020,motor 1 effectiveness -> 25% (PX4 reads back 0.25),0.25,14.499,5.826,-11.84,6.50,110.24,-3.08,2.51,5.92,708,697,639,649,LOITER,1
118.040,motor 1 effectiveness -> 25% (PX4 reads back 0.25),0.25,14.499,5.826,-11.89,6.57,110.35,-3.10,2.10,6.34,708,697,639,649,LOITER,1
118.060,motor 1 effectiveness -> 25% (PX4 reads back 0.25),0.25,14.160,5.964,-11.94,6.64,110.47,-3.19,1.76,6.86,710,698,639,649,LOITER,1
118.080,motor 1 effectiveness -> 25% (PX4 reads back 0.25),0.25,14.160,5.964,-11.99,6.70,110.60,-3.31,1.39,7.36,710,698,639,649,LOITER,1
118.100,motor 1 effectiveness -> 25% (PX4 reads back 0.25),0.25,14.160,5.964,-12.04,6.76,110.74,-3.31,1.06,7.88,710,698,639,649,LOITER,1
118.120,motor 1 effectiveness -> 25% (PX4 reads back 0.25),0.25,13.864,6.081,-12.09,6.81,110.90,-3.16,0.66,8.45,711,699,640,650,LOITER,1
118.140,motor 1 effectiveness -> 25% (PX4 reads back 0.25),0.25,13.864,6.081,-12.13,6.85,111.06,-3.12,0.24,8.94,711,699,640,650,LOITER,1
118.160,motor 1 effectiveness -> 25% (PX4 reads back 0.25),0.25,13.562,6.197,-12.17,6.89,111.24,-3.04,-0.12,9.51,711,699,639,650,LOITER,1
118.180,motor 1 effectiveness -> 25% (PX4 reads back 0.25),0.25,13.562,6.197,-12.21,6.93,111.43,-2.96,-0.67,9.97,711,699,639,650,LOITER,1
118.200,motor 1 effectiveness -> 25% (PX4 reads back 0.25),0.25,13.562,6.197,-12.24,6.96,111.63,-2.90,-1.08,10.57,711,699,639,650,LOITER,1
118.224,motor 1 effectiveness -> 25% (PX4 reads back 0.25),0.25,13.255,6.314,-12.28,6.98,111.89,-2.81,-1.62,11.09,710,697,639,649,LOITER,1
118.240,motor 1 effectiveness -> 25% (PX4 reads back 0.25),0.25,13.255,6.314,-12.30,6.99,112.07,-2.72,-1.93,11.45,710,697,639,649,LOITER,1
118.260,motor 1 effectiveness -> 25% (PX4 reads back 0.25),0.25,12.889,6.450,-12.32,7.00,112.31,-2.64,-2.41,12.02,709,694,638,648,LOITER,1
118.280,motor 1 effectiveness -> 25% (PX4 reads back 0.25),0.25,12.889,6.450,-12.34,7.00,112.55,-2.46,-2.83,12.47,709,694,638,648,LOITER,1
118.300,motor 1 effectiveness -> 25% (PX4 reads back 0.25),0.25,12.889,6.450,-12.36,7.00,112.81,-2.49,-3.17,12.94,709,694,638,648,LOITER,1
118.320,motor 1 effectiveness -> 25% (PX4 reads back 0.25),0.25,12.570,6.569,-12.38,6.99,113.08,-2.47,-3.57,13.41,707,693,638,648,LOITER,1
118.340,motor 1 effectiveness -> 25% (PX4 reads back 0.25),0.25,12.570,6.569,-12.39,6.98,113.36,-2.33,-3.98,13.79,707,693,638,648,LOITER,1
118.360,motor 1 effectiveness -> 25% (PX4 reads back 0.25),0.25,12.246,6.688,-12.40,6.95,113.65,-2.33,-4.36,14.30,705,690,637,647,LOITER,1
118.380,motor 1 effectiveness -> 25% (PX4 reads back 0.25),0.25,12.246,6.688,-12.41,6.93,113.95,-2.26,-4.76,14.70,705,690,637,647,LOITER,1
118.400,motor 1 effectiveness -> 25% (PX4 reads back 0.25),0.25,12.246,6.688,-12.42,6.90,114.26,-2.24,-5.04,15.07,705,690,637,647,LOITER,1
118.420,motor 1 effectiveness -> 25% (PX4 reads back 0.25),0.25,11.916,6.808,-12.42,6.86,114.58,-2.23,-5.42,15.53,704,688,636,647,LOITER,1
118.440,motor 1 effectiveness -> 25% (PX4 reads back 0.25),0.25,11.916,6.808,-12.43,6.82,114.91,-2.26,-5.77,15.97,704,688,636,647,LOITER,1
118.460,motor 1 effectiveness -> 25% (PX4 reads back 0.25),0.25,11.524,6.950,-12.43,6.78,115.24,-2.28,-6.06,16.33,702,685,636,646,LOITER,1
118.480,motor 1 effectiveness -> 25% (PX4 reads back 0.25),0.25,11.524,6.950,-12.44,6.73,115.59,-2.34,-6.34,16.71,702,685,636,646,LOITER,1
118.500,motor 1 effectiveness -> 25% (PX4 reads back 0.25),0.25,11.524,6.950,-12.44,6.67,115.95,-2.43,-6.62,17.08,702,685,636,646,LOITER,1
118.520,motor 1 effectiveness -> 25% (PX4 reads back 0.25),0.25,11.182,7.072,-12.45,6.62,116.31,-2.47,-6.85,17.51,701,684,636,646,LOITER,1
118.540,motor 1 effectiveness -> 25% (PX4 reads back 0.25),0.25,11.182,7.072,-12.46,6.56,116.68,-2.55,-7.07,17.84,701,684,636,646,LOITER,1
118.560,motor 1 effectiveness -> 25% (PX4 reads back 0.25),0.25,10.833,7.196,-12.47,6.50,117.06,-2.62,-7.36,18.24,699,682,635,646,LOITER,1
118.580,motor 1 effectiveness -> 25% (PX4 reads back 0.25),0.25,10.833,7.196,-12.47,6.43,117.45,-2.73,-7.65,18.59,699,682,635,646,LOITER,1
118.600,motor 1 effectiveness -> 25% (PX4 reads back 0.25),0.25,10.833,7.196,-12.48,6.36,117.85,-2.76,-7.91,18.89,699,682,635,646,LOITER,1
118.620,motor 1 effectiveness -> 25% (PX4 reads back 0.25),0.25,10.479,7.320,-12.50,6.29,118.25,-2.91,-8.12,19.26,699,680,634,646,LOITER,1
118.640,motor 1 effectiveness -> 25% (PX4 reads back 0.25),0.25,10.479,7.320,-12.51,6.21,118.67,-2.97,-8.34,19.57,699,680,634,646,LOITER,1
118.660,motor 1 effectiveness -> 25% (PX4 reads back 0.25),0.25,10.059,7.466,-12.52,6.14,119.08,-3.08,-8.49,19.91,698,678,634,644,LOITER,1
118.680,motor 1 effectiveness -> 25% (PX4 reads back 0.25),0.25,10.059,7.466,-12.54,6.06,119.51,-3.27,-8.60,20.18,698,678,634,644,LOITER,1
118.700,motor 1 effectiveness -> 25% (PX4 reads back 0.25),0.25,10.059,7.466,-12.56,5.98,119.94,-3.45,-8.80,20.64,698,678,634,644,LOITER,1
118.720,motor 1 effectiveness -> 25% (PX4 reads back 0.25),0.25,9.693,7.592,-12.59,5.90,120.38,-3.51,-8.88,20.87,698,678,634,645,LOITER,1
118.740,motor 1 effectiveness -> 25% (PX4 reads back 0.25),0.25,9.693,7.592,-12.61,5.81,120.83,-3.70,-9.04,21.26,698,678,634,645,LOITER,1
118.760,motor 1 effectiveness -> 25% (PX4 reads back 0.25),0.25,9.321,7.718,-12.64,5.73,121.29,-3.87,-9.15,21.55,698,678,633,644,LOITER,1
118.780,motor 1 effectiveness -> 25% (PX4 reads back 0.25),0.25,9.321,7.718,-12.67,5.65,121.75,-3.97,-9.29,21.80,698,678,633,644,LOITER,1
118.800,motor 1 effectiveness -> 25% (PX4 reads back 0.25),0.25,9.321,7.718,-12.71,5.56,122.22,-4.11,-9.37,22.19,698,678,633,644,LOITER,1
118.820,motor 1 effectiveness -> 25% (PX4 reads back 0.25),0.25,8.942,7.844,-12.75,5.48,122.69,-4.35,-9.47,22.53,698,677,633,644,LOITER,1
118.840,motor 1 effectiveness -> 25% (PX4 reads back 0.25),0.25,8.942,7.844,-12.79,5.40,123.17,-4.46,-9.48,22.75,698,677,633,644,LOITER,1
118.860,motor 1 effectiveness -> 25% (PX4 reads back 0.25),0.25,8.493,7.991,-12.83,5.31,123.66,-4.54,-9.71,23.08,698,676,633,644,LOITER,1
118.880,motor 1 effectiveness -> 25% (PX4 reads back 0.25),0.25,8.493,7.991,-12.88,5.22,124.16,-4.76,-9.84,23.43,698,676,633,644,LOITER,1
118.900,motor 1 effectiveness -> 25% (PX4 reads back 0.25),0.25,8.493,7.991,-12.93,5.14,124.66,-4.98,-9.89,23.74,698,676,633,644,LOITER,1
118.920,motor 1 effectiveness -> 25% (PX4 reads back 0.25),0.25,8.102,8.117,-12.98,5.05,125.17,-5.13,-10.00,24.04,698,677,633,644,LOITER,1
118.940,motor 1 effectiveness -> 25% (PX4 reads back 0.25),0.25,8.102,8.117,-13.04,4.96,125.68,-5.26,-10.07,24.33,698,677,633,644,LOITER,1
118.960,motor 1 effectiveness -> 25% (PX4 reads back 0.25),0.25,7.704,8.243,-13.10,4.88,126.21,-5.34,-10.20,24.62,700,677,632,644,LOITER,1
118.980,motor 1 effectiveness -> 25% (PX4 reads back 0.25),0.25,7.704,8.243,-13.17,4.79,126.74,-5.53,-10.34,24.95,700,677,632,644,LOITER,1
119.000,motor 1 effectiveness -> 25% (PX4 reads back 0.25),0.25,7.704,8.243,-13.23,4.70,127.27,-5.67,-10.39,25.24,700,677,632,644,LOITER,1
119.020,motor 1 effectiveness -> 25% (PX4 reads back 0.25),0.25,7.301,8.369,-13.31,4.62,127.82,-5.91,-10.42,25.61,701,679,633,644,LOITER,1
119.040,motor 1 effectiveness -> 25% (PX4 reads back 0.25),0.25,7.301,8.369,-13.38,4.53,128.37,-5.97,-10.52,25.98,701,679,633,644,LOITER,1
119.060,motor 1 effectiveness -> 25% (PX4 reads back 0.25),0.25,6.822,8.515,-13.46,4.45,128.92,-6.15,-10.59,26.26,701,679,633,644,LOITER,1
119.080,motor 1 effectiveness -> 25% (PX4 reads back 0.25),0.25,6.822,8.515,-13.54,4.37,129.49,-6.17,-10.73,26.54,701,679,633,644,LOITER,1
119.100,motor 1 effectiveness -> 25% (PX4 reads back 0.25),0.25,6.822,8.515,-13.62,4.28,130.06,-6.36,-10.88,26.85,701,679,633,644,LOITER,1
119.120,motor 1 effectiveness -> 25% (PX4 reads back 0.25),0.25,6.405,8.640,-13.70,4.20,130.64,-6.54,-10.82,27.27,703,680,633,644,LOITER,1
119.140,motor 1 effectiveness -> 25% (PX4 reads back 0.25),0.25,6.405,8.640,-13.79,4.12,131.22,-6.59,-10.96,27.48,703,680,633,644,LOITER,1
119.160,motor 1 effectiveness -> 25% (PX4 reads back 0.25),0.25,5.982,8.764,-13.88,4.03,131.81,-6.71,-11.11,27.85,703,681,633,644,LOITER,1
119.180,motor 1 effectiveness -> 25% (PX4 reads back 0.25),0.25,5.982,8.764,-13.98,3.95,132.41,-6.88,-11.23,28.17,703,681,633,644,LOITER,1
119.200,motor 1 effectiveness -> 25% (PX4 reads back 0.25),0.25,5.982,8.764,-14.07,3.87,133.02,-6.95,-11.39,28.55,703,681,633,644,LOITER,1
119.220,motor 1 effectiveness -> 25% (PX4 reads back 0.25),0.25,5.553,8.889,-14.17,3.79,133.64,-7.07,-11.49,28.79,705,681,632,644,LOITER,1
119.240,motor 1 effectiveness -> 25% (PX4 reads back 0.25),0.25,5.553,8.889,-14.27,3.70,134.26,-7.15,-11.65,29.20,705,681,632,644,LOITER,1
119.260,motor 1 effectiveness -> 25% (PX4 reads back 0.25),0.25,5.046,9.033,-14.38,3.62,134.89,-7.14,-11.67,29.44,705,682,633,644,LOITER,1
119.280,motor 1 effectiveness -> 25% (PX4 reads back 0.25),0.25,5.046,9.033,-14.48,3.54,135.52,-7.16,-11.89,29.83,705,682,633,644,LOITER,1
119.300,motor 1 effectiveness -> 25% (PX4 reads back 0.25),0.25,5.046,9.033,-14.58,3.46,136.17,-7.26,-12.02,30.12,705,682,633,644,LOITER,1
119.320,motor 1 effectiveness -> 25% (PX4 reads back 0.25),0.25,4.604,9.157,-14.69,3.37,136.82,-7.30,-12.27,30.44,705,683,632,645,LOITER,1
119.340,motor 1 effectiveness -> 25% (PX4 reads back 0.25),0.25,4.604,9.157,-14.80,3.29,137.48,-7.38,-12.45,30.81,705,683,632,645,LOITER,1
119.360,motor 1 effectiveness -> 25% (PX4 reads back 0.25),0.25,4.156,9.281,-14.91,3.21,138.15,-7.50,-12.50,31.15,707,684,632,645,LOITER,1
119.380,motor 1 effectiveness -> 25% (PX4 reads back 0.25),0.25,4.156,9.281,-15.02,3.12,138.82,-7.55,-12.72,31.49,707,684,632,645,LOITER,1
119.400,motor 1 effectiveness -> 25% (PX4 reads back 0.25),0.25,4.156,9.281,-15.13,3.04,139.51,-7.63,-12.78,31.79,707,684,632,645,LOITER,1
119.420,motor 1 effectiveness -> 25% (PX4 reads back 0.25),0.25,3.702,9.405,-15.25,2.96,140.20,-7.72,-12.94,32.13,707,683,632,644,LOITER,1
119.440,motor 1 effectiveness -> 25% (PX4 reads back 0.25),0.25,3.702,9.405,-15.37,2.88,140.90,-7.73,-13.15,32.45,707,683,632,644,LOITER,1
119.460,motor 1 effectiveness -> 25% (PX4 reads back 0.25),0.25,3.165,9.549,-15.49,2.79,141.60,-7.75,-13.36,32.83,707,682,632,643,LOITER,1
119.480,motor 1 effectiveness -> 25% (PX4 reads back 0.25),0.25,3.165,9.549,-15.61,2.71,142.32,-7.70,-13.49,33.17,707,682,632,643,LOITER,1
119.500,motor 1 effectiveness -> 25% (PX4 reads back 0.25),0.25,3.165,9.549,-15.73,2.62,143.04,-7.70,-13.68,33.44,707,682,632,643,LOITER,1
119.520,motor 1 effectiveness -> 25% (PX4 reads back 0.25),0.25,2.698,9.673,-15.85,2.54,143.77,-7.71,-13.77,33.72,707,682,632,644,LOITER,1
119.540,motor 1 effectiveness -> 25% (PX4 reads back 0.25),0.25,2.698,9.673,-15.97,2.46,144.50,-7.67,-14.02,34.08,707,682,632,644,LOITER,1
119.560,motor 1 effectiveness -> 25% (PX4 reads back 0.25),0.25,2.226,9.798,-16.09,2.37,145.25,-7.53,-14.16,34.42,700,678,633,644,LOITER,1
119.580,motor 1 effectiveness -> 25% (PX4 reads back 0.25),0.25,2.226,9.798,-16.20,2.29,146.00,-7.25,-14.47,34.58,700,678,633,644,LOITER,1
119.604,motor 1 effectiveness -> 25% (PX4 reads back 0.25),0.25,2.226,9.798,-16.33,2.18,146.91,-6.68,-14.87,34.88,700,678,633,644,LOITER,1
119.620,motor 1 effectiveness -> 25% (PX4 reads back 0.25),0.25,1.667,9.947,-16.41,2.10,147.52,-6.26,-15.20,35.01,687,668,633,643,LOITER,1
119.640,motor 1 effectiveness -> 25% (PX4 reads back 0.25),0.25,1.667,9.947,-16.50,2.00,148.29,-5.55,-15.78,35.13,687,668,633,643,LOITER,1
119.660,motor 1 effectiveness -> 25% (PX4 reads back 0.25),0.25,1.181,10.080,-16.57,1.89,149.06,-4.68,-16.36,35.21,672,653,632,641,LOITER,1
119.680,motor 1 effectiveness -> 25% (PX4 reads back 0.25),0.25,1.181,10.080,-16.62,1.76,149.84,-3.83,-16.86,35.28,672,653,632,641,LOITER,1
119.700,motor 1 effectiveness -> 25% (PX4 reads back 0.25),0.25,1.181,10.080,-16.66,1.63,150.62,-2.90,-17.32,35.25,672,653,632,641,LOITER,1
119.720,motor 1 effectiveness -> 25% (PX4 reads back 0.25),0.25,0.689,10.222,-16.68,1.49,151.41,-1.94,-17.97,35.12,655,636,630,641,LOITER,1
119.740,motor 1 effectiveness -> 25% (PX4 reads back 0.25),0.25,0.689,10.222,-16.69,1.34,152.19,-1.11,-18.53,35.01,655,636,630,641,LOITER,1
119.740,vehicle on the ground,0.25,0.689,10.222,-16.69,1.34,152.19,-1.11,-18.53,35.01,655,636,630,641,LOITER,1
119.760,vehicle on the ground,0.25,0.190,10.372,-16.68,1.17,152.97,0.05,-19.28,34.58,553,901,912,921,LOITER,1
119.780,vehicle on the ground,0.25,0.190,10.372,-16.41,0.75,153.79,18.42,-36.95,32.44,553,901,912,921,LOITER,1
119.800,vehicle on the ground,0.25,0.190,10.372,-15.58,-0.14,154.69,48.36,-60.11,30.01,553,901,912,921,LOITER,1
119.820,vehicle on the ground,0.25,-0.314,10.360,-14.29,-1.27,155.59,72.32,-67.28,27.19,797,783,1000,962,LOITER,1
119.840,vehicle on the ground,0.25,-0.314,10.360,-12.77,-2.45,156.41,79.35,-66.16,25.18,797,783,1000,962,LOITER,1
119.860,vehicle on the ground,0.25,-0.888,6.360,-10.98,3.26,157.87,93.58,536.60,209.76,150,1000,150,1000,LOITER,1
119.880,vehicle on the ground,0.25,-0.888,6.360,-6.77,19.05,162.00,154.35,729.10,319.48,150,1000,150,1000,LOITER,1
119.900,vehicle on the ground,0.25,-0.888,6.360,-2.16,32.69,167.95,82.76,632.09,319.20,150,1000,150,1000,LOITER,1
119.920,vehicle on the ground,0.25,-0.855,-1.224,3.83,43.31,176.25,28.30,503.92,318.40,150,1000,150,1000,LOITER,1
119.940,vehicle on the ground,0.25,-0.855,-1.224,11.70,50.39,-172.93,-13.23,366.29,318.05,150,1000,150,1000,LOITER,1
119.960,vehicle on the ground,0.25,-0.804,-1.045,20.70,53.60,-160.64,-43.10,224.81,317.72,150,1000,150,1000,LOITER,1
119.980,vehicle on the ground,0.25,-0.804,-1.045,28.67,53.04,-149.34,-59.66,80.97,317.25,150,1000,150,1000,LOITER,1
120.000,vehicle on the ground,0.25,-0.804,-1.045,33.84,49.47,-140.96,-72.29,-44.88,315.11,150,1000,150,1000,LOITER,1
120.020,vehicle on the ground,0.25,-0.761,-0.785,36.37,44.04,-135.37,-79.86,-130.09,311.77,618,693,798,1000,LOITER,1
120.040,vehicle on the ground,0.25,-0.761,-0.785,37.26,37.67,-131.47,-85.03,-176.13,307.39,618,693,798,1000,LOITER,1
120.060,vehicle on the ground,0.25,-0.723,-0.593,37.16,30.88,-128.46,-91.52,-200.17,302.20,698,505,937,1000,LOITER,1
120.080,vehicle on the ground,0.25,-0.723,-0.593,36.41,23.97,-125.90,-97.61,-210.94,295.85,698,505,937,1000,LOITER,1
120.100,vehicle on the ground,0.25,-0.723,-0.593,35.23,17.19,-123.46,-101.97,-206.69,288.39,698,505,937,1000,LOITER,1
120.120,vehicle on the ground,0.25,-0.694,-0.520,33.75,10.74,-120.94,-104.66,-193.91,280.74,611,254,1000,962,LOITER,1
120.140,vehicle on the ground,0.25,-0.694,-0.520,31.94,4.71,-118.24,-108.98,-177.53,273.05,611,254,1000,962,LOITER,1
120.160,vehicle on the ground,0.25,-0.668,-0.459,29.79,-0.80,-115.28,-112.89,-156.49,265.47,615,207,1000,905,LOITER,1
120.180,vehicle on the ground,0.25,-0.668,-0.459,27.27,-5.70,-112.00,-116.60,-132.15,258.12,615,207,1000,905,LOITER,1
120.200,vehicle on the ground,0.25,-0.668,-0.459,24.36,-9.89,-108.35,-122.11,-104.69,250.92,615,207,1000,905,LOITER,1
120.220,vehicle on the ground,0.25,-0.643,-0.399,21.01,-13.31,-104.34,-128.35,-76.54,244.16,653,314,1000,890,LOITER,1
120.240,vehicle on the ground,0.25,-0.643,-0.399,17.24,-15.92,-100.00,-135.83,-48.84,237.87,653,314,1000,890,LOITER,1
120.260,vehicle on the ground,0.25,-0.615,-0.363,13.10,-17.66,-95.41,-142.71,-21.37,232.09,737,567,1000,872,LOITER,1
120.280,vehicle on the ground,0.25,-0.615,-0.363,8.73,-18.57,-90.67,-147.01,3.16,226.89,737,567,1000,872,LOITER,1
120.300,vehicle on the ground,0.25,-0.615,-0.363,4.27,-18.67,-85.91,-148.01,24.83,221.77,737,567,1000,872,LOITER,1
120.320,vehicle on the ground,0.25,-0.588,-0.385,-0.08,-18.04,-81.26,-144.41,43.67,216.76,684,642,1000,862,LOITER,1
120.340,vehicle on the ground,0.25,-0.588,-0.385,-4.17,-16.78,-76.82,-138.49,58.14,211.74,684,642,1000,862,LOITER,1
120.360,vehicle on the ground,0.25,-0.559,-0.422,-7.93,-15.00,-72.64,-129.79,70.30,206.77,653,696,1000,884,LOITER,1
120.380,vehicle on the ground,0.25,-0.559,-0.422,-11.27,-12.81,-68.75,-119.63,78.83,201.84,653,696,1000,884,LOITER,1
120.400,vehicle on the ground,0.25,-0.559,-0.422,-14.18,-10.31,-65.16,-107.99,85.85,196.96,653,696,1000,884,LOITER,1
120.420,vehicle on the ground,0.25,-0.526,-0.467,-16.62,-7.58,-61.85,-94.53,90.43,192.06,635,731,1000,901,LOITER,1
120.440,vehicle on the ground,0.25,-0.526,-0.467,-18.62,-4.70,-58.78,-81.63,93.19,187.05,635,731,1000,901,LOITER,1
120.460,vehicle on the ground,0.25,-0.483,-0.519,-20.18,-1.74,-55.93,-68.01,94.83,181.90,572,698,1000,935,LOITER,1
120.480,vehicle on the ground,0.25,-0.483,-0.519,-21.35,1.25,-53.25,-55.39,94.06,176.59,572,698,1000,935,LOITER,1
120.500,vehicle on the ground,0.25,-0.483,-0.519,-22.14,4.22,-50.72,-43.07,92.77,171.02,572,698,1000,935,LOITER,1
120.520,vehicle on the ground,0.25,-0.442,-0.546,-22.58,7.12,-48.31,-30.67,89.75,165.36,530,675,1000,958,LOITER,1
120.540,vehicle on the ground,0.25,-0.442,-0.546,-22.69,9.92,-45.97,-19.50,85.49,159.51,530,675,1000,958,LOITER,1
120.560,vehicle on the ground,0.25,-0.399,-0.557,-22.48,12.58,-43.69,-8.70,80.70,153.68,510,658,1000,987,LOITER,1
120.580,vehicle on the ground,0.25,-0.399,-0.557,-21.99,15.08,-41.44,1.49,74.71,147.75,510,658,1000,987,LOITER,1
120.600,vehicle on the ground,0.25,-0.399,-0.557,-21.22,17.40,-39.21,10.78,68.15,141.79,510,658,1000,987,LOITER,1
120.620,vehicle on the ground,0.25,-0.354,-0.558,-20.20,19.52,-36.99,19.41,61.31,135.88,526,660,996,1000,LOITER,1
120.640,vehicle on the ground,0.25,-0.354,-0.558,-18.95,21.44,-34.77,27.45,54.47,130.26,526,660,996,1000,LOITER,1
120.660,vehicle on the ground,0.25,-0.302,-0.556,-17.48,23.14,-32.54,34.88,47.17,124.71,567,683,975,1000,LOITER,1
120.680,vehicle on the ground,0.25,-0.302,-0.556,-15.81,24.62,-30.31,41.27,39.77,119.50,567,683,975,1000,LOITER,1
120.700,vehicle on the ground,0.25,-0.302,-0.556,-13.99,25.87,-28.08,46.71,32.31,114.39,567,683,975,1000,LOITER,1
120.720,vehicle on the ground,0.25,-0.256,-0.558,-12.03,26.89,-25.85,51.04,24.83,109.60,617,704,964,1000,LOITER,1
120.740,vehicle on the ground,0.25,-0.256,-0.558,-9.98,27.69,-23.64,54.13,17.76,105.03,617,704,964,1000,LOITER,1
