t_boot_s,event,scale,alt_m,vz_mps,roll_deg,pitch_deg,yaw_deg,p_dps,q_dps,r_dps,esc1,esc2,esc3,esc4,mode,armed
6.068,start,nan,0.001,-0.001,-0.00,0.01,0.01,0.04,0.00,-0.05,0,0,0,0,?,0
6.088,start,nan,0.001,-0.001,-0.00,0.01,0.01,-0.01,-0.02,-0.04,0,0,0,0,?,0
6.108,start,nan,0.001,-0.001,-0.00,0.01,0.01,0.00,0.00,0.02,0,0,0,0,?,0
6.128,start,nan,0.001,-0.001,-0.00,0.01,0.01,-0.01,-0.04,0.01,0,0,0,0,?,0
6.148,start,nan,0.001,-0.001,-0.00,0.01,0.01,-0.00,0.02,-0.01,0,0,0,0,?,0
6.168,start,nan,0.002,-0.001,-0.00,0.01,0.01,0.07,-0.01,-0.01,0,0,0,0,?,0
6.188,start,nan,0.002,-0.001,-0.00,0.01,0.01,-0.01,-0.02,0.02,0,0,0,0,?,0
6.208,start,nan,0.001,-0.001,-0.00,0.01,0.01,-0.03,-0.00,0.03,0,0,0,0,?,0
6.228,start,nan,0.001,-0.001,-0.00,0.01,0.01,0.00,-0.03,-0.05,0,0,0,0,?,0
6.248,start,nan,0.001,-0.001,-0.00,0.01,0.01,0.02,0.02,-0.02,0,0,0,0,?,0
6.268,start,nan,0.001,-0.001,-0.00,0.01,0.01,-0.00,0.00,0.02,0,0,0,0,?,0
6.288,start,nan,0.001,-0.001,-0.00,0.01,0.00,0.00,0.01,-0.02,0,0,0,0,?,0
6.308,start,nan,-0.000,-0.001,-0.00,0.01,95.96,0.00,-0.02,-0.02,0,0,0,0,?,0
6.328,start,nan,-0.000,-0.001,0.00,0.01,95.96,0.01,0.04,0.03,0,0,0,0,?,0
6.348,start,nan,-0.000,-0.001,0.00,0.01,95.96,0.02,-0.02,-0.01,0,0,0,0,?,0
6.368,start,nan,-0.002,-0.000,0.00,0.01,95.96,-0.02,-0.04,0.03,0,0,0,0,?,0
6.388,start,nan,-0.002,-0.000,0.00,0.01,95.96,0.02,0.02,0.02,0,0,0,0,?,0
6.408,start,nan,-0.003,-0.000,0.00,0.01,95.96,-0.01,-0.03,-0.01,0,0,0,0,?,0
6.428,start,nan,-0.003,-0.000,0.00,0.01,95.96,-0.01,0.06,-0.05,0,0,0,0,?,0
6.448,start,nan,-0.003,-0.000,0.00,0.01,95.96,0.01,-0.00,0.04,0,0,0,0,?,0
6.468,start,nan,-0.004,-0.001,0.00,0.01,95.96,-0.04,-0.02,0.07,0,0,0,0,?,0
6.488,start,nan,-0.004,-0.001,0.00,0.01,95.96,0.00,-0.00,-0.04,0,0,0,0,?,0
6.508,start,nan,-0.006,-0.001,0.00,0.01,95.96,-0.00,0.02,0.02,0,0,0,0,?,0
6.528,start,nan,-0.006,-0.001,0.00,0.01,95.96,0.03,-0.02,0.02,0,0,0,0,?,0
6.548,start,nan,-0.006,-0.001,-0.00,0.01,95.96,-0.04,0.01,-0.04,0,0,0,0,?,0
6.568,start,nan,-0.007,-0.001,-0.00,0.01,95.96,0.03,0.01,0.03,0,0,0,0,?,0
6.588,start,nan,-0.007,-0.001,-0.01,0.01,95.95,0.02,-0.03,-0.02,0,0,0,0,?,0
6.608,start,nan,-0.008,-0.001,-0.01,0.02,95.95,-0.01,-0.05,-0.03,0,0,0,0,?,0
6.628,start,nan,-0.008,-0.001,-0.01,0.02,95.95,-0.01,0.05,0.01,0,0,0,0,?,0
6.648,start,nan,-0.008,-0.001,-0.02,0.02,95.95,0.02,-0.02,-0.01,0,0,0,0,?,0
6.668,start,nan,-0.010,-0.001,-0.02,0.02,95.95,-0.04,-0.00,-0.01,0,0,0,0,?,0
6.688,start,nan,-0.010,-0.001,-0.02,0.02,95.95,-0.04,-0.02,0.01,0,0,0,0,?,0
6.708,start,nan,-0.011,-0.001,-0.03,0.02,95.95,-0.05,-0.02,0.07,0,0,0,0,?,0
6.728,start,nan,-0.011,-0.001,-0.03,0.02,95.95,0.00,0.01,-0.03,0,0,0,0,?,0
6.748,start,nan,-0.011,-0.001,-0.04,0.02,95.95,0.01,-0.05,-0.02,0,0,0,0,?,0
6.768,start,nan,-0.012,-0.001,-0.04,0.02,95.95,0.02,0.01,0.02,0,0,0,0,?,0
6.788,start,nan,-0.012,-0.001,-0.04,0.02,95.95,-0.02,-0.05,-0.01,0,0,0,0,?,0
6.808,start,nan,-0.013,-0.002,-0.05,0.02,95.95,-0.00,-0.01,0.03,0,0,0,0,?,0
6.828,start,nan,-0.013,-0.002,-0.05,0.01,95.96,-0.01,0.01,0.01,0,0,0,0,?,0
6.848,start,nan,-0.013,-0.002,-0.05,0.01,95.96,-0.03,0.03,0.08,0,0,0,0,?,0
6.868,start,nan,-0.014,-0.002,-0.05,0.01,95.97,-0.02,-0.02,0.03,0,0,0,0,?,0
6.888,start,nan,-0.014,-0.002,-0.05,0.00,95.97,0.03,-0.04,-0.01,0,0,0,0,?,0
6.908,start,nan,-0.015,-0.002,-0.05,-0.00,95.98,-0.04,-0.01,0.04,0,0,0,0,?,0
6.928,start,nan,-0.015,-0.002,-0.05,-0.01,95.98,-0.01,0.01,-0.01,0,0,0,0,?,0
6.948,start,nan,-0.015,-0.002,-0.04,-0.01,95.99,0.01,-0.01,0.04,0,0,0,0,?,0
6.968,start,nan,-0.016,-0.001,-0.04,-0.02,96.00,0.06,0.00,0.02,0,0,0,0,?,0
6.988,start,nan,-0.016,-0.001,-0.04,-0.02,96.00,-0.00,-0.07,0.03,0,0,0,0,?,0
7.008,start,nan,-0.016,-0.001,-0.03,-0.03,96.01,-0.03,-0.08,-0.00,0,0,0,0,?,0
7.028,start,nan,-0.016,-0.001,-0.03,-0.03,96.01,0.02,0.01,-0.05,0,0,0,0,?,0
7.048,start,nan,-0.016,-0.001,-0.03,-0.04,96.02,-0.04,-0.02,-0.01,0,0,0,0,?,0
7.068,start,nan,-0.016,-0.001,-0.02,-0.04,96.02,-0.01,0.04,0.01,0,0,0,0,LOITER,0
7.088,start,nan,-0.016,-0.001,-0.02,-0.05,96.03,-0.02,-0.00,-0.04,0,0,0,0,LOITER,0
7.108,start,nan,-0.017,-0.000,-0.02,-0.05,96.03,-0.00,-0.03,0.02,0,0,0,0,LOITER,0
7.128,start,nan,-0.017,-0.000,-0.02,-0.06,96.04,0.06,-0.02,0.03,0,0,0,0,LOITER,0
7.148,start,nan,-0.017,-0.000,-0.02,-0.06,96.04,0.05,-0.01,-0.03,0,0,0,0,LOITER,0
7.168,start,nan,-0.017,-0.000,-0.02,-0.07,96.04,-0.02,-0.01,-0.01,0,0,0,0,LOITER,0
7.188,start,nan,-0.017,-0.000,-0.02,-0.07,96.05,-0.02,-0.00,-0.00,0,0,0,0,LOITER,0
7.208,start,nan,-0.017,0.001,-0.02,-0.07,96.05,0.00,0.06,-0.02,0,0,0,0,LOITER,0
7.228,start,nan,-0.017,0.001,-0.02,-0.07,96.05,0.02,-0.00,-0.02,0,0,0,0,LOITER,0
7.248,start,nan,-0.017,0.001,-0.02,-0.07,96.05,-0.01,-0.02,0.01,0,0,0,0,LOITER,0
7.268,start,nan,-0.018,0.001,-0.02,-0.07,96.05,0.10,0.02,0.06,0,0,0,0,LOITER,0
7.288,start,nan,-0.018,0.001,-0.02,-0.07,96.05,-0.04,0.04,0.02,0,0,0,0,LOITER,0
7.308,start,nan,-0.019,0.003,-0.02,-0.07,96.05,0.05,-0.01,-0.06,0,0,0,0,LOITER,0
7.328,start,nan,-0.019,0.003,-0.02,-0.07,96.05,0.00,0.01,0.02,0,0,0,0,LOITER,0
7.348,start,nan,-0.019,0.003,-0.01,-0.07,96.05,-0.04,-0.04,-0.03,0,0,0,0,LOITER,0
7.368,start,nan,-0.019,0.004,-0.01,-0.07,96.05,-0.00,0.00,0.01,0,0,0,0,LOITER,0
7.388,start,nan,-0.019,0.004,-0.01,-0.07,96.05,-0.01,0.01,-0.00,0,0,0,0,LOITER,0
7.408,start,nan,-0.020,0.005,-0.01,-0.07,96.05,0.05,-0.04,0.00,0,0,0,0,LOITER,0
7.428,start,nan,-0.020,0.005,-0.01,-0.07,96.05,0.03,0.01,-0.02,0,0,0,0,LOITER,0
7.448,start,nan,-0.020,0.005,-0.01,-0.07,96.05,-0.01,-0.02,-0.03,0,0,0,0,LOITER,0
7.468,start,nan,-0.021,0.006,-0.01,-0.07,96.05,-0.02,-0.03,0.03,0,0,0,0,LOITER,0
7.488,start,nan,-0.021,0.006,-0.00,-0.07,96.05,0.03,-0.02,-0.01,0,0,0,0,LOITER,0
7.508,start,nan,-0.022,0.007,-0.00,-0.07,96.05,-0.02,0.05,0.02,0,0,0,0,LOITER,0
7.528,start,nan,-0.022,0.007,0.00,-0.07,96.05,0.03,-0.04,0.03,0,0,0,0,LOITER,0
7.548,start,nan,-0.022,0.007,0.00,-0.06,96.05,0.00,-0.04,-0.03,0,0,0,0,LOITER,0
7.568,start,nan,-0.023,0.008,0.01,-0.06,96.04,0.06,-0.02,-0.02,0,0,0,0,LOITER,0
7.588,start,nan,-0.023,0.008,0.01,-0.06,96.04,-0.03,-0.04,0.04,0,0,0,0,LOITER,0
7.608,start,nan,-0.023,0.009,0.01,-0.06,96.04,0.00,-0.02,-0.05,0,0,0,0,LOITER,0
7.628,start,nan,-0.023,0.009,0.01,-0.06,96.04,0.01,0.03,0.02,0,0,0,0,LOITER,0
7.648,start,nan,-0.023,0.009,0.01,-0.05,96.04,-0.01,0.00,-0.04,0,0,0,0,LOITER,0
7.668,start,nan,-0.024,0.009,0.02,-0.05,96.04,0.00,0.02,-0.02,0,0,0,0,LOITER,0
7.688,start,nan,-0.024,0.009,0.02,-0.05,96.03,0.02,0.03,0.03,0,0,0,0,LOITER,0
7.708,start,nan,-0.025,0.010,0.02,-0.04,96.03,-0.06,-0.05,-0.04,0,0,0,0,LOITER,0
7.728,start,nan,-0.025,0.010,0.02,-0.04,96.03,-0.03,-0.01,-0.03,0,0,0,0,LOITER,0
7.748,start,nan,-0.025,0.010,0.02,-0.04,96.03,0.00,0.02,0.05,0,0,0,0,LOITER,0
7.768,start,nan,-0.026,0.011,0.02,-0.04,96.03,0.02,-0.01,-0.00,0,0,0,0,LOITER,0
7.788,start,nan,-0.026,0.011,0.02,-0.03,96.02,-0.03,-0.00,0.01,0,0,0,0,LOITER,0
7.808,start,nan,-0.027,0.011,0.02,-0.03,96.02,-0.01,0.01,-0.00,0,0,0,0,LOITER,0
7.828,start,nan,-0.027,0.011,0.03,-0.02,96.02,0.00,0.02,0.04,0,0,0,0,LOITER,0
7.848,start,nan,-0.027,0.011,0.03,-0.02,96.02,0.00,-0.02,0.02,0,0,0,0,LOITER,0
7.868,start,nan,-0.028,0.012,0.03,-0.02,96.01,0.08,-0.00,0.00,0,0,0,0,LOITER,0
7.888,start,nan,-0.028,0.012,0.03,-0.01,96.01,0.04,0.00,0.02,0,0,0,0,LOITER,0
7.908,start,nan,-0.029,0.012,0.03,-0.01,96.01,0.04,0.06,-0.01,0,0,0,0,LOITER,0
7.928,start,nan,-0.029,0.012,0.03,-0.01,96.01,-0.00,-0.01,0.04,0,0,0,0,LOITER,0
7.948,start,nan,-0.029,0.012,0.04,-0.01,96.00,0.03,-0.07,0.02,0,0,0,0,LOITER,0
7.968,start,nan,-0.030,0.013,0.04,-0.00,96.00,0.02,-0.04,0.03,0,0,0,0,LOITER,0
7.988,start,nan,-0.030,0.013,0.04,-0.00,96.00,0.00,0.01,0.03,0,0,0,0,LOITER,0
8.008,start,nan,-0.030,0.013,0.04,0.00,96.00,0.00,-0.02,0.00,0,0,0,0,LOITER,0
8.028,start,nan,-0.030,0.013,0.04,0.00,96.00,-0.02,0.07,0.02,0,0,0,0,LOITER,0
8.048,start,nan,-0.030,0.013,0.04,0.00,96.00,0.00,-0.04,0.05,0,0,0,0,LOITER,0
8.068,start,nan,-0.031,0.013,0.04,0.01,96.00,0.00,0.01,-0.04,0,0,0,0,LOITER,0
8.088,start,nan,-0.031,0.013,0.04,0.01,95.99,0.07,-0.01,-0.01,0,0,0,0,LOITER,0
8.108,start,nan,-0.031,0.013,0.04,0.01,95.99,0.01,-0.02,0.01,0,0,0,0,LOITER,0
8.128,start,nan,-0.031,0.013,0.04,0.01,95.99,0.03,-0.02,-0.04,0,0,0,0,LOITER,0
8.148,start,nan,-0.031,0.013,0.04,0.01,95.99,-0.03,-0.02,-0.01,0,0,0,0,LOITER,0
8.168,start,nan,-0.031,0.013,0.04,0.01,95.99,0.06,0.03,-0.00,0,0,0,0,LOITER,0
8.188,start,nan,-0.031,0.013,0.04,0.01,95.99,0.03,-0.03,-0.01,0,0,0,0,LOITER,0
8.208,start,nan,-0.031,0.013,0.04,0.01,95.99,0.01,0.03,0.01,0,0,0,0,LOITER,0
8.228,start,nan,-0.031,0.013,0.04,0.01,95.99,0.03,-0.01,0.01,0,0,0,0,LOITER,0
8.248,start,nan,-0.031,0.013,0.03,0.01,95.99,0.06,-0.03,0.02,0,0,0,0,LOITER,0
8.268,start,nan,-0.031,0.013,0.03,0.01,95.99,-0.07,0.00,0.02,0,0,0,0,LOITER,0
8.288,start,nan,-0.031,0.013,0.03,0.01,95.99,-0.01,0.01,0.03,0,0,0,0,LOITER,0
8.308,start,nan,-0.031,0.013,0.03,0.01,95.99,0.02,0.01,-0.02,0,0,0,0,LOITER,0
8.328,start,nan,-0.031,0.013,0.03,0.01,95.99,-0.02,0.02,0.07,0,0,0,0,LOITER,0
8.348,start,nan,-0.031,0.013,0.02,0.01,95.99,0.03,-0.02,-0.02,0,0,0,0,LOITER,0
8.368,start,nan,-0.031,0.014,0.02,0.01,95.99,-0.01,-0.01,0.00,0,0,0,0,LOITER,0
8.388,start,nan,-0.031,0.014,0.02,0.01,95.99,-0.03,0.04,-0.05,0,0,0,0,LOITER,0
8.408,start,nan,-0.031,0.014,0.02,0.01,95.99,-0.02,0.00,-0.01,0,0,0,0,LOITER,0
8.428,start,nan,-0.031,0.014,0.01,0.00,96.00,0.00,-0.01,0.05,0,0,0,0,LOITER,0
8.448,start,nan,-0.031,0.014,0.01,0.00,96.00,0.03,0.04,-0.05,0,0,0,0,LOITER,0
8.468,start,nan,-0.031,0.014,0.01,0.00,96.00,-0.06,-0.04,-0.03,0,0,0,0,LOITER,0
8.488,start,nan,-0.031,0.014,0.00,0.00,96.00,-0.07,-0.03,-0.03,0,0,0,0,LOITER,0
8.508,start,nan,-0.031,0.014,0.00,0.00,96.00,0.03,0.03,-0.00,151,151,151,151,LOITER,0
8.528,start,nan,-0.031,0.014,0.00,0.00,96.00,-0.02,0.05,0.01,151,151,151,151,LOITER,0
8.548,start,nan,-0.031,0.014,-0.00,0.00,96.00,-0.04,-0.01,0.01,151,151,151,151,LOITER,0
8.568,start,nan,-0.030,0.014,-0.00,-0.00,96.00,-0.02,-0.03,-0.01,151,151,151,151,LOITER,0
8.588,start,nan,-0.030,0.014,-0.01,-0.00,96.00,0.01,-0.00,-0.03,151,151,151,151,LOITER,0
8.588,takeoff to 20 m,nan,-0.029,0.013,-0.01,-0.00,96.00,0.01,-0.00,-0.03,151,151,151,151,LOITER,0
8.608,takeoff to 20 m,nan,-0.029,0.013,-0.01,-0.00,96.00,0.07,0.00,0.02,151,151,151,151,LOITER,0
8.628,takeoff to 20 m,nan,-0.029,0.013,-0.01,-0.00,96.00,-0.03,0.01,-0.02,151,151,151,151,LOITER,0
8.648,takeoff to 20 m,nan,-0.029,0.013,-0.01,-0.00,96.00,-0.06,0.01,0.04,151,151,151,151,LOITER,0
8.672,takeoff to 20 m,nan,-0.027,0.012,-0.01,-0.00,96.00,-0.03,-0.02,0.05,151,151,151,151,LOITER,0
8.688,takeoff to 20 m,nan,-0.027,0.012,-0.01,-0.00,96.00,-0.01,0.06,-0.03,151,151,151,151,LOITER,0
8.708,takeoff to 20 m,nan,-0.025,0.011,-0.01,-0.00,96.00,-0.02,0.04,-0.03,151,151,151,151,LOITER,0
8.728,takeoff to 20 m,nan,-0.025,0.011,-0.01,-0.00,96.00,0.04,-0.03,0.02,151,151,151,151,LOITER,0
8.748,takeoff to 20 m,nan,-0.025,0.011,-0.01,-0.00,96.00,0.01,-0.01,0.03,151,151,151,151,LOITER,0
8.768,takeoff to 20 m,nan,-0.023,0.010,-0.01,-0.00,96.00,-0.02,-0.02,-0.01,151,151,151,151,LOITER,0
8.788,takeoff to 20 m,nan,-0.023,0.010,-0.01,-0.00,96.00,0.05,-0.03,0.04,151,151,151,151,LOITER,0
8.808,takeoff to 20 m,nan,-0.021,0.008,-0.02,-0.00,96.00,-0.04,-0.05,0.00,151,151,151,151,LOITER,0
8.828,takeoff to 20 m,nan,-0.021,0.008,-0.02,-0.00,96.00,-0.05,-0.02,0.01,151,151,151,151,LOITER,0
8.848,takeoff to 20 m,nan,-0.021,0.008,-0.02,-0.00,96.00,-0.01,0.02,-0.01,151,151,151,151,LOITER,0
8.868,takeoff to 20 m,nan,-0.019,0.007,-0.02,-0.00,96.00,-0.02,-0.01,-0.06,151,151,151,151,LOITER,0
8.888,takeoff to 20 m,nan,-0.019,0.007,-0.02,-0.00,96.00,0.00,0.02,-0.03,151,151,151,151,LOITER,0
8.908,takeoff to 20 m,nan,-0.017,0.006,-0.01,-0.00,96.00,0.01,-0.04,0.04,151,151,151,151,LOITER,0
8.928,takeoff to 20 m,nan,-0.017,0.006,-0.01,-0.00,96.00,0.03,0.04,-0.01,151,151,151,151,LOITER,0
8.948,takeoff to 20 m,nan,-0.017,0.006,-0.01,-0.00,96.00,-0.03,0.03,-0.02,151,151,151,151,LOITER,0
8.968,takeoff to 20 m,nan,-0.015,0.006,-0.01,-0.00,96.00,0.01,0.05,-0.01,151,151,151,151,LOITER,0
8.988,takeoff to 20 m,nan,-0.015,0.006,-0.01,-0.00,96.00,0.02,-0.02,0.01,151,151,151,151,LOITER,0
9.008,takeoff to 20 m,nan,-0.014,0.005,-0.01,-0.00,96.00,-0.02,0.01,0.08,151,151,151,151,LOITER,0
9.028,takeoff to 20 m,nan,-0.014,0.005,-0.01,-0.00,96.00,-0.01,-0.00,-0.00,151,151,151,151,LOITER,0
9.048,takeoff to 20 m,nan,-0.014,0.005,-0.01,-0.00,96.00,-0.04,-0.02,0.05,151,151,151,151,LOITER,0
9.068,takeoff to 20 m,nan,-0.012,0.005,-0.01,-0.00,96.00,0.02,0.05,-0.02,151,151,151,151,TAKEOFF,1
9.088,takeoff to 20 m,nan,-0.012,0.005,-0.01,-0.00,96.00,0.00,-0.02,-0.02,151,151,151,151,TAKEOFF,1
9.108,takeoff to 20 m,nan,-0.011,0.004,-0.00,-0.00,96.00,0.04,0.01,-0.04,151,151,151,151,TAKEOFF,1
9.128,takeoff to 20 m,nan,-0.011,0.004,-0.00,0.00,96.00,-0.05,0.01,-0.00,151,151,151,151,TAKEOFF,1
9.148,takeoff to 20 m,nan,-0.011,0.004,-0.00,0.00,95.99,-0.03,0.01,-0.03,151,151,151,151,TAKEOFF,1
9.168,takeoff to 20 m,nan,-0.010,0.004,-0.00,0.00,96.00,-0.00,-0.02,0.01,151,151,151,151,TAKEOFF,1
9.188,takeoff to 20 m,nan,-0.010,0.004,0.00,0.00,95.99,0.01,-0.00,-0.08,151,151,151,151,TAKEOFF,1
9.208,takeoff to 20 m,nan,-0.009,0.004,0.00,0.00,95.99,-0.02,-0.01,-0.03,151,151,151,151,TAKEOFF,1
9.228,takeoff to 20 m,nan,-0.009,0.004,0.00,0.00,95.99,0.03,0.04,-0.01,151,151,151,151,TAKEOFF,1
9.248,takeoff to 20 m,nan,-0.009,0.004,0.00,0.00,95.99,-0.00,0.04,0.00,151,151,151,151,TAKEOFF,1
9.268,takeoff to 20 m,nan,-0.008,0.003,0.01,0.00,95.99,-0.00,0.01,-0.02,151,151,151,151,TAKEOFF,1
9.288,takeoff to 20 m,nan,-0.008,0.003,0.01,0.00,95.99,0.03,-0.01,-0.03,151,151,151,151,TAKEOFF,1
9.308,takeoff to 20 m,nan,-0.006,0.003,0.01,0.00,95.99,-0.03,0.01,0.01,151,151,151,151,TAKEOFF,1
9.328,takeoff to 20 m,nan,-0.006,0.003,0.01,0.00,95.99,0.04,0.02,-0.01,151,151,151,151,TAKEOFF,1
9.348,takeoff to 20 m,nan,-0.006,0.003,0.01,0.00,95.99,0.02,0.00,0.04,151,151,151,151,TAKEOFF,1
9.368,takeoff to 20 m,nan,-0.005,0.003,0.02,0.00,95.99,0.02,0.05,0.03,151,151,151,151,TAKEOFF,1
9.388,takeoff to 20 m,nan,-0.005,0.003,0.02,0.00,95.98,0.03,-0.00,0.00,151,151,151,151,TAKEOFF,1
9.408,takeoff to 20 m,nan,-0.004,0.002,0.02,-0.00,95.98,-0.06,-0.02,0.01,151,151,151,151,TAKEOFF,1
9.428,takeoff to 20 m,nan,-0.004,0.002,0.02,-0.00,95.98,-0.01,-0.05,-0.02,151,151,151,151,TAKEOFF,1
9.448,takeoff to 20 m,nan,-0.004,0.002,0.02,-0.00,95.98,-0.02,0.02,-0.02,151,151,151,151,TAKEOFF,1
9.468,takeoff to 20 m,nan,-0.003,0.002,0.02,-0.00,95.98,0.03,-0.00,0.03,151,151,151,151,TAKEOFF,1
9.488,takeoff to 20 m,nan,-0.003,0.002,0.02,-0.01,95.98,-0.02,-0.04,0.06,151,151,151,151,TAKEOFF,1
9.508,takeoff to 20 m,nan,-0.002,0.002,0.03,-0.01,95.98,0.00,-0.00,-0.01,151,151,151,151,TAKEOFF,1
9.528,takeoff to 20 m,nan,-0.002,0.002,0.03,-0.01,95.98,0.03,-0.02,-0.01,151,151,151,151,TAKEOFF,1
9.548,takeoff to 20 m,nan,-0.002,0.002,0.03,-0.01,95.98,-0.02,0.03,0.00,151,151,151,151,TAKEOFF,1
9.568,takeoff to 20 m,nan,-0.001,0.001,0.03,-0.01,95.98,0.00,0.01,0.02,162,159,160,160,TAKEOFF,1
9.588,takeoff to 20 m,nan,-0.001,0.001,0.03,-0.01,95.98,0.01,-0.02,-0.02,162,159,160,160,TAKEOFF,1
9.608,takeoff to 20 m,nan,0.000,0.001,0.03,-0.01,95.98,0.06,-0.02,0.02,169,165,167,167,TAKEOFF,1
9.628,takeoff to 20 m,nan,0.000,0.001,0.03,-0.01,95.98,-0.03,-0.02,0.01,169,165,167,167,TAKEOFF,1
9.648,takeoff to 20 m,nan,0.000,0.001,0.03,-0.01,95.98,0.01,-0.01,0.05,169,165,167,167,TAKEOFF,1
9.668,takeoff to 20 m,nan,0.001,0.001,0.03,-0.02,95.98,0.02,-0.06,-0.03,176,172,174,174,TAKEOFF,1
9.688,takeoff to 20 m,nan,0.001,0.001,0.03,-0.01,95.98,-0.02,0.03,-0.01,176,172,174,174,TAKEOFF,1
9.708,takeoff to 20 m,nan,0.002,0.000,0.04,-0.01,95.98,0.02,0.06,0.06,184,181,182,183,TAKEOFF,1
9.728,takeoff to 20 m,nan,0.002,0.000,0.04,-0.01,95.98,-0.00,-0.04,0.01,184,181,182,183,TAKEOFF,1
9.748,takeoff to 20 m,nan,0.002,0.000,0.04,-0.01,95.98,-0.01,-0.00,0.01,184,181,182,183,TAKEOFF,1
9.768,takeoff to 20 m,nan,0.002,0.000,0.04,-0.01,95.98,0.00,-0.03,0.01,192,189,190,191,TAKEOFF,1
9.788,takeoff to 20 m,nan,0.002,0.000,0.04,-0.01,95.98,0.02,-0.09,0.03,192,189,190,191,TAKEOFF,1
9.808,takeoff to 20 m,nan,0.002,0.001,0.04,-0.01,95.98,-0.01,0.04,-0.04,200,197,198,199,TAKEOFF,1
9.828,takeoff to 20 m,nan,0.002,0.001,0.04,-0.01,95.98,0.00,-0.02,-0.06,200,197,198,199,TAKEOFF,1
9.848,takeoff to 20 m,nan,0.002,0.001,0.04,-0.01,95.98,0.01,-0.03,-0.01,200,197,198,199,TAKEOFF,1
9.868,takeoff to 20 m,nan,0.002,0.001,0.04,-0.01,95.98,0.00,-0.01,0.02,209,206,207,208,TAKEOFF,1
9.888,takeoff to 20 m,nan,0.002,0.001,0.04,-0.01,95.98,0.01,-0.02,-0.03,209,206,207,208,TAKEOFF,1
9.908,takeoff to 20 m,nan,0.002,0.001,0.04,-0.01,95.98,-0.02,-0.04,0.00,220,217,218,219,TAKEOFF,1
9.928,takeoff to 20 m,nan,0.002,0.001,0.04,-0.00,95.98,-0.02,-0.01,0.01,220,217,218,219,TAKEOFF,1
9.948,takeoff to 20 m,nan,0.002,0.001,0.04,-0.00,95.98,0.02,0.01,-0.02,220,217,218,219,TAKEOFF,1
9.968,takeoff to 20 m,nan,0.001,0.002,0.03,0.00,95.98,0.02,0.03,-0.01,230,227,227,229,TAKEOFF,1
9.988,takeoff to 20 m,nan,0.001,0.002,0.03,0.00,95.98,-0.02,0.03,-0.04,230,227,227,229,TAKEOFF,1
10.008,takeoff to 20 m,nan,0.000,0.002,0.03,0.00,95.98,0.02,-0.02,0.00,240,237,237,239,TAKEOFF,1
10.028,takeoff to 20 m,nan,0.000,0.002,0.03,0.01,95.98,-0.02,0.02,-0.01,240,237,237,239,TAKEOFF,1
10.048,takeoff to 20 m,nan,0.000,0.002,0.03,0.01,95.98,-0.03,-0.02,-0.00,240,237,237,239,TAKEOFF,1
10.068,takeoff to 20 m,nan,-0.001,0.003,0.03,0.01,95.98,0.02,0.07,-0.00,250,248,248,250,TAKEOFF,1
10.088,takeoff to 20 m,nan,-0.001,0.003,0.03,0.01,95.98,-0.00,0.00,-0.01,250,248,248,250,TAKEOFF,1
10.108,takeoff to 20 m,nan,-0.002,0.004,0.03,0.02,95.98,-0.01,-0.02,-0.04,263,262,261,264,TAKEOFF,1
10.128,takeoff to 20 m,nan,-0.002,0.004,0.03,0.02,95.98,0.03,0.03,0.05,263,262,261,264,TAKEOFF,1
10.148,takeoff to 20 m,nan,-0.002,0.004,0.03,0.02,95.98,-0.00,-0.01,-0.00,263,262,261,264,TAKEOFF,1
10.168,takeoff to 20 m,nan,-0.003,0.004,0.03,0.02,95.98,0.03,0.03,-0.01,275,273,272,276,TAKEOFF,1
10.188,takeoff to 20 m,nan,-0.003,0.004,0.03,0.02,95.98,0.01,-0.00,0.01,275,273,272,276,TAKEOFF,1
10.208,takeoff to 20 m,nan,-0.004,0.005,0.03,0.03,95.98,-0.05,-0.02,-0.03,288,288,286,290,TAKEOFF,1
10.228,takeoff to 20 m,nan,-0.004,0.005,0.03,0.03,95.98,-0.03,0.01,-0.06,288,288,286,290,TAKEOFF,1
10.248,takeoff to 20 m,nan,-0.004,0.005,0.03,0.03,95.98,0.01,0.00,0.01,288,288,286,290,TAKEOFF,1
10.268,takeoff to 20 m,nan,-0.005,0.006,0.03,0.03,95.98,0.01,0.06,-0.00,299,299,296,301,TAKEOFF,1
10.288,takeoff to 20 m,nan,-0.005,0.006,0.03,0.03,95.98,-0.03,-0.03,0.01,299,299,296,301,TAKEOFF,1
10.308,takeoff to 20 m,nan,-0.006,0.007,0.03,0.03,95.98,-0.03,-0.05,-0.00,314,314,312,316,TAKEOFF,1
10.328,takeoff to 20 m,nan,-0.006,0.007,0.03,0.04,95.98,0.03,-0.02,0.01,314,314,312,316,TAKEOFF,1
10.348,takeoff to 20 m,nan,-0.006,0.007,0.03,0.04,95.98,-0.00,0.03,-0.01,314,314,312,316,TAKEOFF,1
10.368,takeoff to 20 m,nan,-0.008,0.008,0.03,0.04,95.98,0.03,-0.01,-0.01,327,328,325,331,TAKEOFF,1
10.388,takeoff to 20 m,nan,-0.008,0.008,0.02,0.04,95.98,0.04,-0.02,-0.01,327,328,325,331,TAKEOFF,1
10.408,takeoff to 20 m,nan,-0.009,0.009,0.02,0.04,95.99,-0.00,-0.02,-0.04,340,343,339,345,TAKEOFF,1
10.428,takeoff to 20 m,nan,-0.009,0.009,0.02,0.04,95.99,-0.01,-0.05,0.03,340,343,339,345,TAKEOFF,1
10.448,takeoff to 20 m,nan,-0.009,0.009,0.02,0.04,95.99,-0.02,-0.05,0.01,340,343,339,345,TAKEOFF,1
10.468,takeoff to 20 m,nan,-0.010,0.009,0.02,0.04,95.99,-0.00,-0.05,0.01,354,357,353,359,TAKEOFF,1
10.488,takeoff to 20 m,nan,-0.010,0.009,0.02,0.04,95.99,0.02,0.04,-0.03,354,357,353,359,TAKEOFF,1
10.508,takeoff to 20 m,nan,-0.011,0.010,0.01,0.04,95.99,-0.01,0.02,-0.00,371,375,370,377,TAKEOFF,1
10.528,takeoff to 20 m,nan,-0.011,0.010,0.01,0.04,95.99,0.05,-0.04,0.00,371,375,370,377,TAKEOFF,1
10.548,takeoff to 20 m,nan,-0.011,0.010,0.01,0.04,95.99,0.00,0.01,0.02,371,375,370,377,TAKEOFF,1
10.568,takeoff to 20 m,nan,-0.012,0.010,0.01,0.05,95.99,0.00,-0.00,-0.01,386,391,385,392,TAKEOFF,1
10.588,takeoff to 20 m,nan,-0.012,0.010,0.01,0.05,95.99,-0.03,0.04,-0.02,386,391,385,392,TAKEOFF,1
10.608,takeoff to 20 m,nan,-0.014,0.010,0.01,0.05,95.99,0.01,-0.05,0.01,402,407,400,408,TAKEOFF,1
10.628,takeoff to 20 m,nan,-0.014,0.010,0.00,0.05,95.99,-0.06,-0.01,-0.00,402,407,400,408,TAKEOFF,1
10.648,takeoff to 20 m,nan,-0.014,0.010,0.00,0.05,95.99,-0.00,0.03,0.01,402,407,400,408,TAKEOFF,1
10.668,takeoff to 20 m,nan,-0.015,0.011,0.00,0.05,95.99,0.05,0.01,-0.01,417,424,416,425,TAKEOFF,1
10.688,takeoff to 20 m,nan,-0.015,0.011,-0.00,0.05,95.99,-0.05,0.00,-0.01,417,424,416,425,TAKEOFF,1
10.708,takeoff to 20 m,nan,-0.015,0.011,-0.00,0.05,95.99,0.00,0.00,-0.00,436,444,435,444,TAKEOFF,1
10.728,takeoff to 20 m,nan,-0.015,0.011,-0.00,0.05,95.99,-0.05,-0.01,0.01,436,444,435,444,TAKEOFF,1
10.748,takeoff to 20 m,nan,-0.015,0.011,-0.01,0.05,95.99,0.02,-0.04,-0.00,436,444,435,444,TAKEOFF,1
10.768,takeoff to 20 m,nan,-0.016,0.011,-0.01,0.05,95.99,-0.05,0.08,0.00,453,461,452,461,TAKEOFF,1
10.788,takeoff to 20 m,nan,-0.016,0.011,-0.01,0.05,95.99,-0.00,-0.00,-0.04,453,461,452,461,TAKEOFF,1
10.808,takeoff to 20 m,nan,-0.016,0.011,-0.01,0.05,95.99,0.00,0.03,0.01,469,479,469,479,TAKEOFF,1
10.828,takeoff to 20 m,nan,-0.016,0.011,-0.01,0.05,95.99,-0.02,-0.01,-0.03,469,479,469,479,TAKEOFF,1
10.848,takeoff to 20 m,nan,-0.016,0.011,-0.01,0.05,95.99,0.02,-0.02,-0.07,469,479,469,479,TAKEOFF,1
10.868,takeoff to 20 m,nan,-0.016,0.011,-0.02,0.05,95.99,-0.06,0.07,-0.02,476,486,476,485,TAKEOFF,1
10.888,takeoff to 20 m,nan,-0.016,0.011,-0.02,0.05,95.99,0.01,0.00,0.03,476,486,476,485,TAKEOFF,1
10.908,takeoff to 20 m,nan,-0.017,0.011,-0.02,0.05,95.99,-0.00,0.02,0.03,481,493,482,492,TAKEOFF,1
10.928,takeoff to 20 m,nan,-0.017,0.011,-0.02,0.05,95.99,-0.05,0.04,-0.03,481,493,482,492,TAKEOFF,1
10.948,takeoff to 20 m,nan,-0.017,0.011,-0.02,0.05,95.99,-0.03,-0.02,0.03,481,493,482,492,TAKEOFF,1
10.968,takeoff to 20 m,nan,-0.017,0.011,-0.02,0.05,95.99,0.04,0.01,-0.01,485,497,486,497,TAKEOFF,1
10.988,takeoff to 20 m,nan,-0.017,0.011,-0.02,0.05,95.99,0.04,0.01,-0.02,485,497,486,497,TAKEOFF,1
11.008,takeoff to 20 m,nan,-0.017,0.011,-0.03,0.05,95.99,-0.02,-0.02,-0.02,491,504,492,502,TAKEOFF,1
11.028,takeoff to 20 m,nan,-0.017,0.011,-0.03,0.05,95.99,-0.00,0.05,-0.01,491,504,492,502,TAKEOFF,1
11.048,takeoff to 20 m,nan,-0.017,0.011,-0.03,0.05,95.99,-0.02,-0.01,-0.03,491,504,492,502,TAKEOFF,1
11.068,takeoff to 20 m,nan,-0.017,0.011,-0.03,0.05,95.99,-0.04,-0.02,0.04,495,508,496,507,TAKEOFF,1
11.088,takeoff to 20 m,nan,-0.017,0.011,-0.03,0.05,95.99,-0.02,-0.00,0.03,495,508,496,507,TAKEOFF,1
11.108,takeoff to 20 m,nan,-0.016,0.010,-0.03,0.05,95.99,0.03,0.04,-0.01,502,516,503,515,TAKEOFF,1
11.128,takeoff to 20 m,nan,-0.016,0.010,-0.03,0.05,95.99,-0.03,-0.01,0.05,502,516,503,515,TAKEOFF,1
11.148,takeoff to 20 m,nan,-0.016,0.010,-0.03,0.04,96.00,-0.01,0.06,0.01,502,516,503,515,TAKEOFF,1
11.168,takeoff to 20 m,nan,-0.016,0.010,-0.02,0.04,96.00,-0.01,0.04,0.02,506,521,508,519,TAKEOFF,1
11.188,takeoff to 20 m,nan,-0.016,0.010,-0.02,0.04,96.00,-0.03,0.02,-0.04,506,521,508,519,TAKEOFF,1
11.208,takeoff to 20 m,nan,-0.015,0.010,-0.02,0.04,96.00,-0.01,0.01,-0.01,513,527,514,525,TAKEOFF,1
11.228,takeoff to 20 m,nan,-0.015,0.010,-0.02,0.04,96.00,-0.03,0.02,-0.01,513,527,514,525,TAKEOFF,1
11.248,takeoff to 20 m,nan,-0.015,0.010,-0.02,0.03,96.00,-0.03,-0.03,0.01,513,527,514,525,TAKEOFF,1
11.268,takeoff to 20 m,nan,-0.015,0.010,-0.02,0.03,96.00,-0.04,-0.04,-0.01,518,532,519,530,TAKEOFF,1
11.288,takeoff to 20 m,nan,-0.015,0.010,-0.02,0.03,96.00,0.03,0.01,-0.01,518,532,519,530,TAKEOFF,1
11.308,takeoff to 20 m,nan,-0.014,0.009,-0.02,0.02,96.00,-0.03,-0.05,-0.02,526,539,527,538,TAKEOFF,1
11.324,takeoff to 20 m,nan,-0.014,0.009,-0.02,0.02,96.00,0.03,-0.05,0.01,526,539,527,538,TAKEOFF,1
11.348,takeoff to 20 m,nan,-0.014,0.009,-0.02,0.02,96.00,0.02,0.01,0.00,526,539,527,538,TAKEOFF,1
11.368,takeoff to 20 m,nan,-0.013,0.009,-0.01,0.02,96.00,-0.03,-0.01,-0.06,530,544,531,543,TAKEOFF,1
11.388,takeoff to 20 m,nan,-0.013,0.009,-0.01,0.01,96.00,0.00,-0.09,-0.03,530,544,531,543,TAKEOFF,1
11.408,takeoff to 20 m,nan,-0.013,0.009,-0.01,0.01,96.00,-0.03,-0.05,0.03,537,551,539,550,TAKEOFF,1
11.428,takeoff to 20 m,nan,-0.013,0.009,-0.01,0.01,96.01,0.00,0.08,0.02,537,551,539,550,TAKEOFF,1
11.448,takeoff to 20 m,nan,-0.013,0.009,-0.01,0.01,96.01,0.01,-0.01,0.02,537,551,539,550,TAKEOFF,1
11.468,takeoff to 20 m,nan,-0.012,0.009,-0.01,0.00,96.01,0.04,-0.07,-0.02,543,556,544,556,TAKEOFF,1
11.488,takeoff to 20 m,nan,-0.012,0.009,-0.00,0.00,96.01,0.02,0.05,-0.03,543,556,544,556,TAKEOFF,1
11.508,takeoff to 20 m,nan,-0.011,0.008,-0.00,-0.00,96.01,-0.01,-0.02,0.04,552,564,553,564,TAKEOFF,1
11.528,takeoff to 20 m,nan,-0.011,0.008,-0.00,-0.00,96.01,0.01,0.03,0.02,552,564,553,564,TAKEOFF,1
11.548,takeoff to 20 m,nan,-0.011,0.008,-0.00,-0.01,96.01,-0.05,0.01,0.01,552,564,553,564,TAKEOFF,1
11.568,takeoff to 20 m,nan,-0.010,0.007,0.00,-0.01,96.01,0.03,0.07,-0.00,558,570,558,570,TAKEOFF,1
11.588,takeoff to 20 m,nan,-0.010,0.007,0.00,-0.01,96.01,0.00,-0.05,0.01,558,570,558,570,TAKEOFF,1
11.608,takeoff to 20 m,nan,-0.008,0.007,0.00,-0.01,96.02,0.01,-0.00,0.02,565,577,565,577,TAKEOFF,1
11.628,takeoff to 20 m,nan,-0.008,0.007,0.01,-0.01,96.02,0.01,0.04,0.03,565,577,565,577,TAKEOFF,1
11.648,takeoff to 20 m,nan,-0.008,0.007,0.01,-0.02,96.02,0.04,-0.00,0.01,565,577,565,577,TAKEOFF,1
11.668,takeoff to 20 m,nan,-0.007,0.006,0.01,-0.02,96.02,-0.00,0.03,-0.03,571,582,571,582,TAKEOFF,1
11.688,takeoff to 20 m,nan,-0.007,0.006,0.01,-0.02,96.02,-0.01,-0.01,-0.01,571,582,571,582,TAKEOFF,1
11.708,takeoff to 20 m,nan,-0.005,0.005,0.01,-0.02,96.02,0.04,0.04,0.01,581,591,580,592,TAKEOFF,1
11.728,takeoff to 20 m,nan,-0.005,0.005,0.01,-0.02,96.02,-0.02,0.00,-0.03,581,591,580,592,TAKEOFF,1
11.748,takeoff to 20 m,nan,-0.005,0.005,0.01,-0.03,96.02,0.01,-0.07,0.00,581,591,580,592,TAKEOFF,1
11.768,takeoff to 20 m,nan,-0.004,0.005,0.01,-0.03,96.02,0.01,0.04,-0.00,587,596,586,597,TAKEOFF,1
11.788,takeoff to 20 m,nan,-0.004,0.005,0.02,-0.03,96.02,0.04,-0.08,0.02,587,596,586,597,TAKEOFF,1
11.808,takeoff to 20 m,nan,-0.003,0.005,0.02,-0.03,96.02,0.02,0.01,0.02,594,604,593,605,TAKEOFF,1
11.828,takeoff to 20 m,nan,-0.003,0.005,0.02,-0.03,96.02,-0.00,-0.00,0.02,594,604,593,605,TAKEOFF,1
11.848,takeoff to 20 m,nan,-0.003,0.005,0.02,-0.03,96.03,0.01,-0.02,0.03,594,604,593,605,TAKEOFF,1
11.868,takeoff to 20 m,nan,-0.002,0.005,0.02,-0.03,96.02,-0.03,0.01,-0.06,601,610,600,611,TAKEOFF,1
11.888,takeoff to 20 m,nan,-0.002,0.005,0.02,-0.03,96.03,0.01,-0.02,0.07,601,610,600,611,TAKEOFF,1
11.908,takeoff to 20 m,nan,-0.002,0.004,0.02,-0.03,96.03,0.03,0.00,-0.06,612,620,610,621,TAKEOFF,1
11.928,takeoff to 20 m,nan,-0.002,0.004,0.02,-0.03,96.03,0.02,0.05,-0.03,612,620,610,621,TAKEOFF,1
11.948,takeoff to 20 m,nan,-0.002,0.004,0.01,-0.04,96.03,-0.02,-0.05,0.02,612,620,610,621,TAKEOFF,1
11.968,takeoff to 20 m,nan,-0.002,0.004,0.01,-0.04,96.03,-0.01,0.01,-0.04,619,626,617,628,TAKEOFF,1
11.988,takeoff to 20 m,nan,-0.002,0.004,0.01,-0.04,96.03,0.01,-0.04,0.04,619,626,617,628,TAKEOFF,1
12.008,takeoff to 20 m,nan,-0.001,0.004,0.01,-0.04,96.03,-0.05,0.03,-0.02,626,634,625,635,TAKEOFF,1
12.028,takeoff to 20 m,nan,-0.001,0.004,0.01,-0.04,96.03,0.02,0.02,0.02,626,634,625,635,TAKEOFF,1
12.048,takeoff to 20 m,nan,-0.001,0.004,0.01,-0.04,96.03,-0.02,-0.03,-0.02,626,634,625,635,TAKEOFF,1
12.068,takeoff to 20 m,nan,-0.001,0.004,0.01,-0.04,96.03,-0.01,0.01,-0.01,634,640,632,642,TAKEOFF,1
12.088,takeoff to 20 m,nan,-0.001,0.004,0.01,-0.04,96.03,0.00,-0.03,-0.01,634,640,632,642,TAKEOFF,1
12.108,takeoff to 20 m,nan,-0.001,0.004,0.01,-0.04,96.03,0.01,-0.04,-0.01,645,651,643,653,TAKEOFF,1
12.128,takeoff to 20 m,nan,-0.001,0.004,0.01,-0.04,96.03,0.00,-0.01,-0.00,645,651,643,653,TAKEOFF,1
12.148,takeoff to 20 m,nan,-0.001,0.004,0.01,-0.04,96.03,0.00,0.03,-0.03,645,651,643,653,TAKEOFF,1
12.168,takeoff to 20 m,nan,-0.001,0.003,0.01,-0.04,96.03,0.03,0.01,0.04,652,658,650,660,TAKEOFF,1
12.188,takeoff to 20 m,nan,-0.001,0.003,0.01,-0.04,96.03,0.00,0.02,0.01,652,658,650,660,TAKEOFF,1
12.208,takeoff to 20 m,nan,-0.000,0.003,0.01,-0.04,96.03,0.03,-0.05,0.02,660,665,658,668,TAKEOFF,1
12.228,takeoff to 20 m,nan,-0.000,0.003,0.00,-0.04,96.03,-0.05,-0.00,0.01,660,665,658,668,TAKEOFF,1
12.248,takeoff to 20 m,nan,-0.000,0.003,0.00,-0.04,96.03,0.00,-0.03,-0.02,660,665,658,668,TAKEOFF,1
12.268,takeoff to 20 m,nan,-0.000,0.003,0.00,-0.04,96.03,-0.03,0.05,0.03,668,674,666,676,TAKEOFF,1
12.288,takeoff to 20 m,nan,-0.000,0.003,0.00,-0.03,96.03,0.01,0.00,0.03,668,674,666,676,TAKEOFF,1
12.308,takeoff to 20 m,nan,0.000,0.003,-0.00,-0.03,96.03,-0.06,-0.01,0.01,679,685,677,687,TAKEOFF,1
12.328,takeoff to 20 m,nan,0.000,0.003,-0.00,-0.03,96.02,-0.03,-0.02,0.00,679,685,677,687,TAKEOFF,1
12.348,takeoff to 20 m,nan,0.000,0.003,-0.00,-0.03,96.02,-0.03,-0.05,0.02,679,685,677,687,TAKEOFF,1
12.368,takeoff to 20 m,nan,0.001,0.003,-0.01,-0.03,96.02,0.02,-0.03,0.01,687,692,685,694,TAKEOFF,1
12.388,takeoff to 20 m,nan,0.001,0.003,-0.01,-0.03,96.02,0.02,0.07,-0.02,687,692,685,694,TAKEOFF,1
12.408,takeoff to 20 m,nan,0.001,0.003,-0.01,-0.03,96.02,-0.01,0.02,-0.03,696,700,693,703,TAKEOFF,1
12.428,takeoff to 20 m,nan,0.001,0.003,-0.01,-0.03,96.02,0.01,-0.02,0.05,696,700,693,703,TAKEOFF,1
12.448,takeoff to 20 m,nan,0.001,0.003,-0.01,-0.02,96.02,0.04,-0.01,0.01,696,700,693,703,TAKEOFF,1
12.468,takeoff to 20 m,nan,0.001,0.003,-0.01,-0.02,96.02,-0.03,0.00,-0.04,704,708,701,711,TAKEOFF,1
12.488,takeoff to 20 m,nan,0.001,0.003,-0.01,-0.02,96.02,0.02,0.00,0.01,704,708,701,711,TAKEOFF,1
12.508,takeoff to 20 m,nan,0.001,0.003,-0.01,-0.02,96.02,0.01,0.00,-0.01,716,721,714,723,TAKEOFF,1
12.528,takeoff to 20 m,nan,0.001,0.003,-0.01,-0.02,96.02,-0.00,0.09,-0.01,716,721,714,723,TAKEOFF,1
12.548,takeoff to 20 m,nan,0.001,0.003,-0.01,-0.02,96.02,0.02,-0.02,-0.02,716,721,714,723,TAKEOFF,1
12.568,takeoff to 20 m,nan,0.001,0.002,-0.01,-0.01,96.01,-0.02,0.00,-0.02,750,755,748,757,TAKEOFF,1
12.588,takeoff to 20 m,nan,0.001,0.002,-0.01,-0.01,96.01,0.02,0.07,-0.03,750,755,748,757,TAKEOFF,1
12.608,takeoff to 20 m,nan,0.002,0.002,-0.01,-0.01,96.01,-0.01,-0.01,0.04,759,763,757,766,TAKEOFF,1
12.628,takeoff to 20 m,nan,0.002,0.002,-0.01,-0.01,96.01,-0.04,0.03,0.00,759,763,757,766,TAKEOFF,1
12.648,takeoff to 20 m,nan,0.002,0.002,-0.01,-0.01,96.02,-0.01,-0.05,0.01,759,763,757,766,TAKEOFF,1
12.668,takeoff to 20 m,nan,0.002,0.002,-0.01,-0.01,96.02,0.01,-0.20,0.03,768,772,765,774,TAKEOFF,1
12.688,takeoff to 20 m,nan,0.002,0.002,-0.00,-0.02,96.02,-0.06,-0.69,0.09,768,772,765,774,TAKEOFF,1
12.708,takeoff to 20 m,nan,0.003,-0.003,-0.01,-0.05,96.02,-0.57,-1.54,0.10,783,781,782,782,TAKEOFF,1
12.728,takeoff to 20 m,nan,0.003,-0.003,-0.03,-0.09,96.02,-0.87,-1.75,0.09,783,781,782,782,TAKEOFF,1
12.748,takeoff to 20 m,nan,0.003,-0.003,-0.05,-0.12,96.02,-1.11,-1.50,0.14,783,781,782,782,TAKEOFF,1
12.768,takeoff to 20 m,nan,0.004,-0.018,-0.07,-0.15,96.03,-1.09,-1.52,0.13,788,788,788,788,TAKEOFF,1
12.788,takeoff to 20 m,nan,0.004,-0.018,-0.09,-0.18,96.03,-1.03,-1.50,0.10,788,788,788,788,TAKEOFF,1
12.808,takeoff to 20 m,nan,0.007,-0.041,-0.11,-0.20,96.03,-1.17,-1.18,0.06,792,792,793,792,TAKEOFF,1
12.828,takeoff to 20 m,nan,0.007,-0.041,-0.13,-0.22,96.03,-1.05,-1.01,0.09,792,792,793,792,TAKEOFF,1
12.848,takeoff to 20 m,nan,0.007,-0.041,-0.15,-0.24,96.04,-0.97,-0.76,0.04,792,792,793,792,TAKEOFF,1
12.868,takeoff to 20 m,nan,0.010,-0.070,-0.17,-0.26,96.04,-0.87,-0.64,0.15,795,795,796,795,TAKEOFF,1
12.888,takeoff to 20 m,nan,0.010,-0.070,-0.19,-0.26,96.04,-0.80,-0.39,0.06,795,795,796,795,TAKEOFF,1
12.908,takeoff to 20 m,nan,0.017,-0.110,-0.20,-0.27,96.04,-0.63,-0.10,0.05,800,800,801,800,TAKEOFF,1
12.928,takeoff to 20 m,nan,0.017,-0.110,-0.21,-0.27,96.04,-0.55,0.07,0.10,800,800,801,800,TAKEOFF,1
12.948,takeoff to 20 m,nan,0.017,-0.110,-0.22,-0.27,96.05,-0.30,0.09,0.05,800,800,801,800,TAKEOFF,1
12.968,takeoff to 20 m,nan,0.025,-0.148,-0.22,-0.26,96.05,-0.18,0.31,0.03,801,801,802,801,TAKEOFF,1
12.988,takeoff to 20 m,nan,0.025,-0.148,-0.23,-0.25,96.05,-0.15,0.43,-0.01,801,801,802,801,TAKEOFF,1
13.008,takeoff to 20 m,nan,0.036,-0.188,-0.23,-0.25,96.05,-0.09,0.37,0.00,802,801,802,801,TAKEOFF,1
13.028,takeoff to 20 m,nan,0.036,-0.188,-0.23,-0.24,96.05,0.12,0.57,0.01,802,801,802,801,TAKEOFF,1
13.048,takeoff to 20 m,nan,0.036,-0.188,-0.23,-0.22,96.05,0.20,0.68,-0.03,802,801,802,801,TAKEOFF,1
13.068,takeoff to 20 m,nan,0.049,-0.230,-0.22,-0.21,96.05,0.23,0.71,0.00,801,801,801,801,TAKEOFF,1
13.088,takeoff to 20 m,nan,0.049,-0.230,-0.22,-0.19,96.05,0.30,0.79,0.07,801,801,801,801,TAKEOFF,1
13.108,takeoff to 20 m,nan,0.067,-0.280,-0.21,-0.18,96.05,0.31,0.77,0.01,804,804,805,804,TAKEOFF,1
13.128,takeoff to 20 m,nan,0.067,-0.280,-0.20,-0.16,96.05,0.49,0.82,0.03,804,804,805,804,TAKEOFF,1
13.148,takeoff to 20 m,nan,0.067,-0.280,-0.19,-0.14,96.05,0.49,0.85,0.02,804,804,805,804,TAKEOFF,1
13.168,takeoff to 20 m,nan,0.085,-0.323,-0.18,-0.12,96.05,0.60,0.91,0.02,802,803,803,803,TAKEOFF,1
13.188,takeoff to 20 m,nan,0.085,-0.323,-0.17,-0.10,96.04,0.66,0.84,0.01,802,803,803,803,TAKEOFF,1
13.208,takeoff to 20 m,nan,0.105,-0.366,-0.16,-0.09,96.04,0.68,0.80,-0.01,802,802,803,803,TAKEOFF,1
13.228,takeoff to 20 m,nan,0.105,-0.366,-0.15,-0.07,96.04,0.62,0.79,0.04,802,802,803,803,TAKEOFF,1
13.248,takeoff to 20 m,nan,0.105,-0.366,-0.13,-0.05,96.04,0.77,0.83,0.00,802,802,803,803,TAKEOFF,1
13.268,takeoff to 20 m,nan,0.128,-0.409,-0.12,-0.04,96.04,0.77,0.69,-0.01,801,801,801,801,TAKEOFF,1
13.288,takeoff to 20 m,nan,0.128,-0.409,-0.11,-0.02,96.03,0.75,0.64,-0.03,801,801,801,801,TAKEOFF,1
13.308,takeoff to 20 m,nan,0.157,-0.460,-0.09,-0.01,96.03,0.78,0.68,0.01,804,804,804,804,TAKEOFF,1
13.328,takeoff to 20 m,nan,0.157,-0.460,-0.08,0.01,96.02,0.89,0.70,-0.02,804,804,804,804,TAKEOFF,1
13.348,takeoff to 20 m,nan,0.157,-0.460,-0.06,0.03,96.02,0.87,0.69,-0.06,804,804,804,804,TAKEOFF,1
13.368,takeoff to 20 m,nan,0.184,-0.503,-0.05,0.04,96.01,0.86,0.57,-0.01,802,802,802,802,TAKEOFF,1
13.388,takeoff to 20 m,nan,0.184,-0.503,-0.03,0.05,96.01,0.89,0.57,0.00,802,802,802,802,TAKEOFF,1
13.408,takeoff to 20 m,nan,0.213,-0.545,-0.02,0.06,96.00,0.94,0.46,0.05,802,802,802,802,TAKEOFF,1
13.428,takeoff to 20 m,nan,0.213,-0.545,0.00,0.07,96.00,0.99,0.41,-0.03,802,802,802,802,TAKEOFF,1
13.448,takeoff to 20 m,nan,0.213,-0.545,0.02,0.08,95.99,1.01,0.43,-0.08,802,802,802,802,TAKEOFF,1
13.468,takeoff to 20 m,nan,0.245,-0.587,0.03,0.09,95.99,0.88,0.40,-0.03,799,799,799,799,TAKEOFF,1
13.488,takeoff to 20 m,nan,0.245,-0.587,0.05,0.10,95.98,0.87,0.35,0.01,799,799,799,799,TAKEOFF,1
13.508,takeoff to 20 m,nan,0.284,-0.636,0.07,0.11,95.97,0.97,0.30,-0.02,803,803,803,803,TAKEOFF,1
13.528,takeoff to 20 m,nan,0.284,-0.636,0.08,0.12,95.97,0.92,0.35,-0.01,803,803,803,803,TAKEOFF,1
13.548,takeoff to 20 m,nan,0.284,-0.636,0.10,0.12,95.96,0.89,0.25,-0.05,803,803,803,803,TAKEOFF,1
13.568,takeoff to 20 m,nan,0.320,-0.677,0.12,0.13,95.96,0.92,0.26,-0.03,801,801,801,800,TAKEOFF,1
13.588,takeoff to 20 m,nan,0.320,-0.677,0.13,0.13,95.96,0.82,0.24,0.03,801,801,801,800,TAKEOFF,1
13.608,takeoff to 20 m,nan,0.357,-0.718,0.15,0.14,95.95,0.90,0.25,0.00,800,800,800,801,TAKEOFF,1
13.628,takeoff to 20 m,nan,0.357,-0.718,0.16,0.14,95.95,0.88,0.14,0.00,800,800,800,801,TAKEOFF,1
13.648,takeoff to 20 m,nan,0.357,-0.718,0.18,0.15,95.94,0.85,0.20,-0.02,800,800,800,801,TAKEOFF,1
13.668,takeoff to 20 m,nan,0.397,-0.759,0.20,0.15,95.94,0.88,0.19,-0.03,798,798,798,798,TAKEOFF,1
13.688,takeoff to 20 m,nan,0.397,-0.759,0.21,0.16,95.94,0.74,0.16,-0.01,798,798,798,798,TAKEOFF,1
13.708,takeoff to 20 m,nan,0.446,-0.806,0.23,0.16,95.93,0.81,0.21,-0.04,802,802,801,802,TAKEOFF,1
13.728,takeoff to 20 m,nan,0.446,-0.806,0.24,0.16,95.93,0.70,0.11,-0.05,802,802,801,802,TAKEOFF,1
13.748,takeoff to 20 m,nan,0.446,-0.806,0.25,0.17,95.93,0.58,0.07,-0.04,802,802,801,802,TAKEOFF,1
13.768,takeoff to 20 m,nan,0.490,-0.845,0.26,0.17,95.92,0.54,0.05,-0.00,799,799,799,799,TAKEOFF,1
13.788,takeoff to 20 m,nan,0.490,-0.845,0.27,0.17,95.92,0.55,0.04,-0.02,799,799,799,799,TAKEOFF,1
13.808,takeoff to 20 m,nan,0.535,-0.884,0.28,0.17,95.92,0.45,0.06,-0.03,799,799,799,799,TAKEOFF,1
13.828,takeoff to 20 m,nan,0.535,-0.884,0.29,0.17,95.92,0.39,0.11,-0.01,799,799,799,799,TAKEOFF,1
13.848,takeoff to 20 m,nan,0.535,-0.884,0.30,0.17,95.92,0.23,0.03,0.00,799,799,799,799,TAKEOFF,1
13.868,takeoff to 20 m,nan,0.582,-0.923,0.30,0.17,95.92,0.25,0.03,-0.03,794,794,794,794,TAKEOFF,1
13.888,takeoff to 20 m,nan,0.582,-0.923,0.31,0.18,95.92,0.27,0.02,0.03,794,794,794,794,TAKEOFF,1
13.908,takeoff to 20 m,nan,0.639,-0.967,0.31,0.17,95.92,0.17,-0.13,0.03,801,801,801,801,TAKEOFF,1
13.928,takeoff to 20 m,nan,0.639,-0.967,0.31,0.17,95.92,0.09,-0.07,-0.01,801,801,801,801,TAKEOFF,1
13.948,takeoff to 20 m,nan,0.639,-0.967,0.32,0.17,95.92,0.06,0.01,-0.01,801,801,801,801,TAKEOFF,1
13.968,takeoff to 20 m,nan,0.689,-1.003,0.32,0.17,95.92,-0.01,-0.04,-0.03,790,791,790,791,TAKEOFF,1
13.988,takeoff to 20 m,nan,0.689,-1.003,0.32,0.17,95.92,0.03,-0.10,0.00,790,791,790,791,TAKEOFF,1
14.008,takeoff to 20 m,nan,0.741,-1.031,0.32,0.17,95.92,-0.11,-0.18,-0.02,777,777,777,777,TAKEOFF,1
14.028,takeoff to 20 m,nan,0.741,-1.031,0.32,0.17,95.92,-0.04,-0.26,0.00,777,777,777,777,TAKEOFF,1
14.048,takeoff to 20 m,nan,0.741,-1.031,0.32,0.16,95.92,-0.19,-0.24,-0.05,777,777,777,777,TAKEOFF,1
14.068,takeoff to 20 m,nan,0.794,-1.046,0.31,0.16,95.92,-0.20,-0.23,-0.05,768,768,768,768,TAKEOFF,1
14.088,takeoff to 20 m,nan,0.794,-1.046,0.31,0.15,95.92,-0.26,-0.27,0.00,768,768,768,768,TAKEOFF,1
14.108,takeoff to 20 m,nan,0.856,-1.051,0.31,0.15,95.92,-0.26,-0.33,0.03,774,774,773,774,TAKEOFF,1
14.128,takeoff to 20 m,nan,0.856,-1.051,0.30,0.14,95.92,-0.32,-0.37,0.01,774,774,773,774,TAKEOFF,1
14.148,takeoff to 20 m,nan,0.856,-1.051,0.30,0.14,95.92,-0.38,-0.43,0.01,774,774,773,774,TAKEOFF,1
14.168,takeoff to 20 m,nan,0.908,-1.055,0.29,0.13,95.92,-0.43,-0.47,-0.00,773,774,773,774,TAKEOFF,1
14.188,takeoff to 20 m,nan,0.908,-1.055,0.28,0.12,95.92,-0.43,-0.54,-0.04,773,774,773,774,TAKEOFF,1
14.208,takeoff to 20 m,nan,0.961,-1.060,0.28,0.11,95.93,-0.48,-0.61,0.05,774,774,774,774,TAKEOFF,1
14.228,takeoff to 20 m,nan,0.961,-1.060,0.27,0.10,95.93,-0.49,-0.58,-0.03,774,774,774,774,TAKEOFF,1
14.248,takeoff to 20 m,nan,0.961,-1.060,0.26,0.09,95.93,-0.57,-0.58,-0.03,774,774,774,774,TAKEOFF,1
14.268,takeoff to 20 m,nan,1.014,-1.067,0.25,0.09,95.93,-0.54,-0.60,0.01,773,773,773,773,TAKEOFF,1
14.288,takeoff to 20 m,nan,1.014,-1.067,0.24,0.07,95.93,-0.66,-0.73,-0.02,773,773,773,773,TAKEOFF,1
14.308,takeoff to 20 m,nan,1.075,-1.076,0.23,0.06,95.93,-0.68,-0.75,-0.02,778,778,778,778,TAKEOFF,1
14.328,takeoff to 20 m,nan,1.075,-1.076,0.22,0.05,95.93,-0.62,-0.72,-0.02,778,778,778,778,TAKEOFF,1
14.348,takeoff to 20 m,nan,1.075,-1.076,0.21,0.04,95.93,-0.60,-0.77,-0.04,778,778,778,778,TAKEOFF,1
14.368,takeoff to 20 m,nan,1.128,-1.085,0.20,0.02,95.94,-0.62,-0.70,0.04,777,777,777,777,TAKEOFF,1
14.388,takeoff to 20 m,nan,1.128,-1.085,0.19,0.01,95.94,-0.66,-0.66,-0.03,777,777,777,777,TAKEOFF,1
14.408,takeoff to 20 m,nan,1.181,-1.094,0.17,-0.00,95.94,-0.68,-0.72,-0.04,777,776,777,776,TAKEOFF,1
14.428,takeoff to 20 m,nan,1.181,-1.094,0.16,-0.01,95.94,-0.73,-0.58,-0.00,777,776,777,776,TAKEOFF,1
14.448,takeoff to 20 m,nan,1.181,-1.094,0.15,-0.02,95.94,-0.77,-0.57,0.00,777,776,777,776,TAKEOFF,1
14.468,takeoff to 20 m,nan,1.234,-1.103,0.13,-0.03,95.94,-0.69,-0.59,-0.02,775,775,775,775,TAKEOFF,1
14.488,takeoff to 20 m,nan,1.234,-1.103,0.12,-0.04,95.94,-0.68,-0.64,-0.05,775,775,775,775,TAKEOFF,1
14.508,takeoff to 20 m,nan,1.296,-1.114,0.11,-0.06,95.95,-0.70,-0.61,-0.06,779,779,780,779,TAKEOFF,1
14.528,takeoff to 20 m,nan,1.296,-1.114,0.10,-0.07,95.95,-0.57,-0.58,0.05,779,779,780,779,TAKEOFF,1
14.548,takeoff to 20 m,nan,1.296,-1.114,0.09,-0.08,95.95,-0.55,-0.59,-0.01,779,779,780,779,TAKEOFF,1
14.568,takeoff to 20 m,nan,1.349,-1.123,0.08,-0.09,95.95,-0.57,-0.56,-0.07,778,777,778,777,TAKEOFF,1
14.588,takeoff to 20 m,nan,1.349,-1.123,0.07,-0.10,95.95,-0.58,-0.35,-0.01,778,777,778,777,TAKEOFF,1
14.608,takeoff to 20 m,nan,1.403,-1.133,0.05,-0.10,95.95,-0.56,-0.46,-0.02,777,777,777,777,TAKEOFF,1
14.628,takeoff to 20 m,nan,1.403,-1.133,0.04,-0.11,95.95,-0.53,-0.47,-0.06,777,777,777,777,TAKEOFF,1
14.648,takeoff to 20 m,nan,1.403,-1.133,0.03,-0.12,95.96,-0.53,-0.37,0.02,777,777,777,777,TAKEOFF,1
14.668,takeoff to 20 m,nan,1.457,-1.142,0.02,-0.13,95.96,-0.53,-0.34,0.05,775,775,775,775,TAKEOFF,1
14.688,takeoff to 20 m,nan,1.457,-1.142,0.01,-0.13,95.96,-0.44,-0.24,-0.04,775,775,775,775,TAKEOFF,1
14.708,takeoff to 20 m,nan,1.520,-1.153,0.01,-0.14,95.96,-0.48,-0.17,-0.03,779,780,780,779,TAKEOFF,1
14.728,takeoff to 20 m,nan,1.520,-1.153,-0.00,-0.14,95.96,-0.42,-0.12,0.01,779,780,780,779,TAKEOFF,1
14.748,takeoff to 20 m,nan,1.520,-1.153,-0.01,-0.14,95.96,-0.32,-0.14,-0.05,779,780,780,779,TAKEOFF,1
14.768,takeoff to 20 m,nan,1.574,-1.162,-0.02,-0.15,95.96,-0.37,-0.04,-0.02,778,777,778,777,TAKEOFF,1
14.788,takeoff to 20 m,nan,1.574,-1.162,-0.02,-0.15,95.96,-0.40,-0.01,-0.02,778,777,778,777,TAKEOFF,1
14.808,takeoff to 20 m,nan,1.629,-1.171,-0.03,-0.15,95.96,-0.33,0.03,0.01,777,777,777,777,TAKEOFF,1
14.828,takeoff to 20 m,nan,1.629,-1.171,-0.04,-0.15,95.95,-0.29,0.10,-0.05,777,777,777,777,TAKEOFF,1
14.848,takeoff to 20 m,nan,1.629,-1.171,-0.04,-0.14,95.95,-0.31,0.08,-0.06,777,777,777,777,TAKEOFF,1
14.868,takeoff to 20 m,nan,1.684,-1.180,-0.05,-0.14,95.95,-0.29,0.15,-0.01,775,775,775,774,TAKEOFF,1
14.888,takeoff to 20 m,nan,1.684,-1.180,-0.05,-0.14,95.95,-0.25,0.10,-0.01,775,775,775,774,TAKEOFF,1
14.908,takeoff to 20 m,nan,1.749,-1.190,-0.06,-0.14,95.95,-0.31,0.17,0.01,779,779,779,779,TAKEOFF,1
14.928,takeoff to 20 m,nan,1.749,-1.190,-0.06,-0.13,96.60,-0.28,0.27,-0.03,779,779,779,779,TAKEOFF,1
14.948,takeoff to 20 m,nan,1.749,-1.190,-0.07,-0.13,96.60,-0.32,0.26,-0.02,779,779,779,779,TAKEOFF,1
14.968,takeoff to 20 m,nan,1.805,-1.198,-0.07,-0.13,96.60,-0.30,0.23,-0.03,777,777,777,776,TAKEOFF,1
14.988,takeoff to 20 m,nan,1.805,-1.198,-0.08,-0.12,96.60,-0.27,0.30,0.01,777,777,777,776,TAKEOFF,1
15.008,takeoff to 20 m,nan,1.861,-1.207,-0.09,-0.12,96.59,-0.33,0.31,-0.01,776,777,776,776,TAKEOFF,1
15.028,takeoff to 20 m,nan,1.861,-1.207,-0.09,-0.11,96.58,-0.27,0.27,0.02,776,777,776,776,TAKEOFF,1
15.048,takeoff to 20 m,nan,1.861,-1.207,-0.09,-0.10,96.57,-0.32,0.34,0.03,776,777,776,776,TAKEOFF,1
15.068,takeoff to 20 m,nan,1.918,-1.215,-0.10,-0.10,96.56,-0.26,0.42,0.02,774,774,774,774,TAKEOFF,1
15.088,takeoff to 20 m,nan,1.918,-1.215,-0.10,-0.09,96.54,-0.32,0.37,0.02,774,774,774,774,TAKEOFF,1
15.108,takeoff to 20 m,nan,1.984,-1.224,-0.11,-0.08,96.53,-0.32,0.35,0.02,778,778,778,778,TAKEOFF,1
15.128,takeoff to 20 m,nan,1.984,-1.224,-0.11,-0.08,96.52,-0.29,0.26,0.03,778,778,778,778,TAKEOFF,1
15.148,takeoff to 20 m,nan,1.984,-1.224,-0.12,-0.07,96.51,-0.36,0.32,0.04,778,778,778,778,TAKEOFF,1
15.168,takeoff to 20 m,nan,2.042,-1.232,-0.12,-0.07,96.49,-0.37,0.30,0.01,776,776,777,776,TAKEOFF,1
15.188,takeoff to 20 m,nan,2.042,-1.232,-0.13,-0.06,96.48,-0.30,0.46,0.04,776,776,777,776,TAKEOFF,1
15.208,takeoff to 20 m,nan,2.099,-1.239,-0.13,-0.05,96.47,-0.31,0.35,0.00,776,776,776,776,TAKEOFF,1
15.228,takeoff to 20 m,nan,2.099,-1.239,-0.14,-0.05,96.46,-0.29,0.32,0.07,776,776,776,776,TAKEOFF,1
15.248,takeoff to 20 m,nan,2.099,-1.239,-0.15,-0.04,96.45,-0.35,0.40,0.05,776,776,776,776,TAKEOFF,1
15.268,takeoff to 20 m,nan,2.157,-1.247,-0.15,-0.03,96.44,-0.34,0.35,-0.03,773,773,774,773,TAKEOFF,1
15.288,takeoff to 20 m,nan,2.157,-1.247,-0.16,-0.03,96.42,-0.32,0.43,-0.03,773,773,774,773,TAKEOFF,1
15.308,takeoff to 20 m,nan,2.225,-1.255,-0.16,-0.02,96.41,-0.35,0.40,0.04,778,778,778,778,TAKEOFF,1
15.328,takeoff to 20 m,nan,2.225,-1.255,-0.17,-0.01,96.40,-0.32,0.43,0.02,778,778,778,778,TAKEOFF,1
15.348,takeoff to 20 m,nan,2.225,-1.255,-0.18,-0.00,96.39,-0.25,0.39,0.06,778,778,778,778,TAKEOFF,1
15.368,takeoff to 20 m,nan,2.284,-1.262,-0.18,0.00,96.38,-0.28,0.38,0.01,776,776,776,776,TAKEOFF,1
15.388,takeoff to 20 m,nan,2.284,-1.262,-0.19,0.01,96.38,-0.30,0.41,0.02,776,776,776,776,TAKEOFF,1
15.408,takeoff to 20 m,nan,2.343,-1.269,-0.19,0.02,96.37,-0.22,0.43,-0.01,775,775,775,775,TAKEOFF,1
15.428,takeoff to 20 m,nan,2.343,-1.269,-0.19,0.03,96.36,-0.15,0.43,-0.01,775,775,775,775,TAKEOFF,1
15.448,takeoff to 20 m,nan,2.343,-1.269,-0.20,0.03,96.35,-0.03,0.39,-0.00,775,775,775,775,TAKEOFF,1
15.468,takeoff to 20 m,nan,2.402,-1.276,-0.20,0.04,96.35,-0.05,0.39,0.04,773,773,773,773,TAKEOFF,1
15.488,takeoff to 20 m,nan,2.402,-1.276,-0.20,0.05,96.34,0.01,0.41,-0.01,773,773,773,773,TAKEOFF,1
15.508,takeoff to 20 m,nan,2.472,-1.283,-0.20,0.05,96.33,0.04,0.39,-0.05,777,777,777,777,TAKEOFF,1
15.528,takeoff to 20 m,nan,2.472,-1.283,-0.20,0.06,96.33,0.10,0.43,-0.02,777,777,777,777,TAKEOFF,1
15.548,takeoff to 20 m,nan,2.472,-1.283,-0.19,0.07,96.32,0.03,0.42,-0.05,777,777,777,777,TAKEOFF,1
15.568,takeoff to 20 m,nan,2.532,-1.290,-0.19,0.08,96.31,0.08,0.41,-0.02,775,775,775,775,TAKEOFF,1
15.588,takeoff to 20 m,nan,2.532,-1.290,-0.19,0.09,96.31,0.04,0.47,0.02,775,775,775,775,TAKEOFF,1
15.608,takeoff to 20 m,nan,2.592,-1.296,-0.19,0.09,96.30,-0.01,0.44,-0.02,774,775,774,774,TAKEOFF,1
15.628,takeoff to 20 m,nan,2.592,-1.296,-0.19,0.10,96.29,0.08,0.47,-0.06,774,775,774,774,TAKEOFF,1
15.648,takeoff to 20 m,nan,2.592,-1.296,-0.19,0.11,96.29,0.03,0.42,0.01,774,775,774,774,TAKEOFF,1
15.668,takeoff to 20 m,nan,2.653,-1.302,-0.19,0.12,96.28,0.05,0.36,-0.02,772,773,772,772,TAKEOFF,1
15.688,takeoff to 20 m,nan,2.653,-1.302,-0.18,0.12,96.28,0.10,0.34,0.05,772,773,772,772,TAKEOFF,1
15.708,takeoff to 20 m,nan,2.724,-1.308,-0.18,0.13,96.27,0.05,0.25,0.04,777,777,777,776,TAKEOFF,1
15.728,takeoff to 20 m,nan,2.724,-1.308,-0.18,0.13,96.27,0.05,0.22,0.07,777,777,777,776,TAKEOFF,1
15.748,takeoff to 20 m,nan,2.724,-1.308,-0.18,0.14,96.26,0.02,0.23,0.04,777,777,777,776,TAKEOFF,1
15.768,takeoff to 20 m,nan,2.786,-1.314,-0.18,0.14,96.25,0.11,0.23,0.01,774,775,774,775,TAKEOFF,1
15.788,takeoff to 20 m,nan,2.786,-1.314,-0.17,0.15,96.25,0.02,0.20,-0.02,774,775,774,775,TAKEOFF,1
15.808,takeoff to 20 m,nan,2.847,-1.319,-0.17,0.15,96.24,-0.07,0.07,0.02,772,772,772,772,TAKEOFF,1
15.828,takeoff to 20 m,nan,2.847,-1.319,-0.17,0.15,96.23,-0.02,-0.05,0.03,772,772,772,772,TAKEOFF,1
15.848,takeoff to 20 m,nan,2.847,-1.319,-0.17,0.15,96.22,-0.08,-0.02,0.00,772,772,772,772,TAKEOFF,1
15.868,takeoff to 20 m,nan,2.909,-1.324,-0.17,0.15,96.22,0.00,0.01,-0.02,771,772,772,772,TAKEOFF,1
15.888,takeoff to 20 m,nan,2.909,-1.324,-0.17,0.15,96.21,-0.06,-0.04,0.02,771,772,772,772,TAKEOFF,1
15.908,takeoff to 20 m,nan,2.981,-1.330,-0.17,0.15,96.20,-0.08,-0.09,0.01,776,776,776,776,TAKEOFF,1
15.928,takeoff to 20 m,nan,2.981,-1.330,-0.17,0.15,96.19,-0.05,-0.20,-0.02,776,776,776,776,TAKEOFF,1
15.948,takeoff to 20 m,nan,2.981,-1.330,-0.17,0.15,96.18,-0.06,-0.12,0.01,776,776,776,776,TAKEOFF,1
15.968,takeoff to 20 m,nan,3.044,-1.335,-0.17,0.14,96.17,0.03,-0.15,0.03,774,774,774,774,TAKEOFF,1
15.988,takeoff to 20 m,nan,3.044,-1.335,-0.17,0.14,96.16,0.03,-0.19,0.02,774,774,774,774,TAKEOFF,1
16.008,takeoff to 20 m,nan,3.107,-1.340,-0.17,0.14,96.15,0.14,-0.19,0.03,771,771,771,772,TAKEOFF,1
16.028,takeoff to 20 m,nan,3.107,-1.340,-0.17,0.14,96.14,0.13,-0.25,-0.01,771,771,771,772,TAKEOFF,1
16.048,takeoff to 20 m,nan,3.107,-1.340,-0.17,0.13,96.13,0.05,-0.26,-0.06,771,771,771,772,TAKEOFF,1
16.068,takeoff to 20 m,nan,3.170,-1.345,-0.17,0.13,96.12,0.10,-0.29,-0.03,771,772,771,771,TAKEOFF,1
16.088,takeoff to 20 m,nan,3.170,-1.345,-0.16,0.12,96.11,0.23,-0.29,-0.02,771,772,771,771,TAKEOFF,1
16.108,takeoff to 20 m,nan,3.245,-1.350,-0.16,0.12,96.10,0.31,-0.33,0.06,776,776,775,776,TAKEOFF,1
16.128,takeoff to 20 m,nan,3.245,-1.350,-0.15,0.11,96.09,0.27,-0.41,-0.02,776,776,775,776,TAKEOFF,1
16.148,takeoff to 20 m,nan,3.245,-1.350,-0.15,0.10,96.08,0.25,-0.47,0.07,776,776,775,776,TAKEOFF,1
16.168,takeoff to 20 m,nan,3.309,-1.355,-0.14,0.09,96.07,0.37,-0.55,0.05,774,774,773,773,TAKEOFF,1
16.188,takeoff to 20 m,nan,3.309,-1.355,-0.13,0.09,96.06,0.37,-0.49,0.04,774,774,773,773,TAKEOFF,1
16.208,takeoff to 20 m,nan,3.374,-1.360,-0.12,0.08,96.06,0.40,-0.49,0.09,773,774,772,773,TAKEOFF,1
16.228,takeoff to 20 m,nan,3.374,-1.360,-0.12,0.07,96.05,0.42,-0.56,0.08,773,774,772,773,TAKEOFF,1
16.248,takeoff to 20 m,nan,3.374,-1.360,-0.11,0.06,96.04,0.46,-0.55,0.09,773,774,772,773,TAKEOFF,1
16.268,takeoff to 20 m,nan,3.439,-1.365,-0.10,0.05,96.04,0.45,-0.49,0.15,772,771,770,770,TAKEOFF,1
16.288,takeoff to 20 m,nan,3.439,-1.365,-0.09,0.04,96.03,0.47,-0.46,0.10,772,771,770,770,TAKEOFF,1
16.308,takeoff to 20 m,nan,3.516,-1.370,-0.08,0.03,96.03,0.50,-0.45,0.17,776,776,774,774,TAKEOFF,1
16.328,takeoff to 20 m,nan,3.516,-1.370,-0.07,0.02,96.03,0.55,-0.46,0.16,776,776,774,774,TAKEOFF,1
16.348,takeoff to 20 m,nan,3.516,-1.370,-0.06,0.01,96.03,0.50,-0.47,0.15,776,776,774,774,TAKEOFF,1
16.368,takeoff to 20 m,nan,3.582,-1.374,-0.05,0.00,96.02,0.55,-0.50,0.21,774,773,772,772,TAKEOFF,1
16.388,takeoff to 20 m,nan,3.582,-1.374,-0.04,-0.00,96.02,0.49,-0.47,0.25,774,773,772,772,TAKEOFF,1
16.408,takeoff to 20 m,nan,3.648,-1.377,-0.03,-0.01,96.03,0.46,-0.38,0.22,771,771,769,769,TAKEOFF,1
16.428,takeoff to 20 m,nan,3.648,-1.377,-0.03,-0.02,96.03,0.42,-0.27,0.22,771,771,769,769,TAKEOFF,1
16.448,takeoff to 20 m,nan,3.648,-1.377,-0.02,-0.02,96.03,0.36,-0.33,0.29,771,771,769,769,TAKEOFF,1
16.468,takeoff to 20 m,nan,3.714,-1.381,-0.01,-0.03,96.03,0.33,-0.24,0.23,771,770,769,769,TAKEOFF,1
16.488,takeoff to 20 m,nan,3.714,-1.381,-0.00,-0.03,96.04,0.39,-0.29,0.30,771,770,769,769,TAKEOFF,1
16.508,takeoff to 20 m,nan,3.791,-1.385,0.00,-0.04,96.05,0.31,-0.17,0.30,776,776,775,775,TAKEOFF,1
16.528,takeoff to 20 m,nan,3.791,-1.385,0.01,-0.04,96.05,0.28,-0.12,0.31,776,776,775,775,TAKEOFF,1
16.548,takeoff to 20 m,nan,3.791,-1.385,0.01,-0.05,96.06,0.30,-0.11,0.30,776,776,775,775,TAKEOFF,1
16.568,takeoff to 20 m,nan,3.858,-1.389,0.02,-0.05,96.07,0.30,-0.06,0.32,773,773,772,772,TAKEOFF,1
16.588,takeoff to 20 m,nan,3.858,-1.389,0.02,-0.05,96.08,0.26,-0.11,0.34,773,773,772,772,TAKEOFF,1
16.608,takeoff to 20 m,nan,3.924,-1.393,0.03,-0.05,96.10,0.20,-0.01,0.36,773,772,772,772,TAKEOFF,1
16.628,takeoff to 20 m,nan,3.924,-1.393,0.03,-0.05,96.11,0.19,0.13,0.37,773,772,772,772,TAKEOFF,1
16.648,takeoff to 20 m,nan,3.924,-1.393,0.04,-0.05,96.12,0.20,0.10,0.32,773,772,772,772,TAKEOFF,1
16.668,takeoff to 20 m,nan,3.991,-1.396,0.04,-0.05,96.14,0.19,0.15,0.36,769,769,769,769,TAKEOFF,1
16.688,takeoff to 20 m,nan,3.991,-1.396,0.04,-0.05,96.15,0.23,0.23,0.35,769,769,769,769,TAKEOFF,1
16.708,takeoff to 20 m,nan,4.069,-1.399,0.05,-0.04,96.17,0.22,0.25,0.39,775,775,775,775,TAKEOFF,1
16.728,takeoff to 20 m,nan,4.069,-1.399,0.05,-0.04,96.18,0.22,0.28,0.34,775,775,775,775,TAKEOFF,1
16.748,takeoff to 20 m,nan,4.069,-1.399,0.06,-0.04,96.20,0.28,0.42,0.36,775,775,775,775,TAKEOFF,1
16.768,takeoff to 20 m,nan,4.135,-1.402,0.06,-0.03,96.21,0.24,0.45,0.35,772,772,772,773,TAKEOFF,1
16.788,takeoff to 20 m,nan,4.135,-1.402,0.06,-0.02,96.23,0.23,0.46,0.34,772,772,772,773,TAKEOFF,1
16.808,takeoff to 20 m,nan,4.202,-1.405,0.07,-0.01,96.24,0.15,0.46,0.27,771,771,773,773,TAKEOFF,1
16.828,takeoff to 20 m,nan,4.202,-1.405,0.07,-0.00,96.26,0.07,0.53,0.23,771,771,773,773,TAKEOFF,1
16.848,takeoff to 20 m,nan,4.202,-1.405,0.07,0.01,96.27,0.06,0.52,0.24,771,771,773,773,TAKEOFF,1
16.868,takeoff to 20 m,nan,4.268,-1.408,0.07,0.02,96.29,0.12,0.51,0.21,768,768,771,770,TAKEOFF,1
16.888,takeoff to 20 m,nan,4.268,-1.408,0.07,0.03,96.30,0.14,0.57,0.23,768,768,771,770,TAKEOFF,1
16.908,takeoff to 20 m,nan,4.346,-1.411,0.08,0.03,96.31,0.16,0.53,0.19,774,774,776,776,TAKEOFF,1
16.928,takeoff to 20 m,nan,4.346,-1.411,0.08,0.05,96.32,0.10,0.63,0.15,774,774,776,776,TAKEOFF,1
16.948,takeoff to 20 m,nan,4.346,-1.411,0.08,0.06,96.33,0.15,0.53,0.14,774,774,776,776,TAKEOFF,1
16.968,takeoff to 20 m,nan,4.413,-1.414,0.08,0.07,96.34,0.10,0.59,0.09,771,770,774,773,TAKEOFF,1
16.988,takeoff to 20 m,nan,4.413,-1.414,0.08,0.08,96.35,0.11,0.61,0.10,771,770,774,773,TAKEOFF,1
17.008,takeoff to 20 m,nan,4.480,-1.416,0.09,0.09,96.36,0.09,0.53,-0.00,770,771,773,773,TAKEOFF,1
17.028,takeoff to 20 m,nan,4.480,-1.416,0.09,0.10,96.36,0.16,0.47,0.00,770,771,773,773,TAKEOFF,1
17.048,takeoff to 20 m,nan,4.480,-1.416,0.09,0.11,96.37,0.20,0.49,-0.04,770,771,773,773,TAKEOFF,1
17.068,takeoff to 20 m,nan,4.547,-1.420,0.10,0.11,96.37,0.27,0.43,-0.06,767,768,770,771,TAKEOFF,1
17.088,takeoff to 20 m,nan,4.547,-1.420,0.10,0.12,96.37,0.19,0.45,-0.09,767,768,770,771,TAKEOFF,1
17.108,takeoff to 20 m,nan,4.625,-1.423,0.10,0.13,96.37,0.26,0.39,-0.10,773,773,776,776,TAKEOFF,1
17.128,takeoff to 20 m,nan,4.625,-1.423,0.11,0.14,96.37,0.26,0.42,-0.17,773,773,776,776,TAKEOFF,1
17.148,takeoff to 20 m,nan,4.625,-1.423,0.11,0.15,96.37,0.23,0.44,-0.14,773,773,776,776,TAKEOFF,1
17.168,takeoff to 20 m,nan,4.693,-1.425,0.12,0.15,96.37,0.21,0.34,-0.25,770,771,773,773,TAKEOFF,1
17.188,takeoff to 20 m,nan,4.693,-1.425,0.12,0.16,96.37,0.21,0.30,-0.21,770,771,773,773,TAKEOFF,1
17.208,takeoff to 20 m,nan,4.760,-1.427,0.13,0.17,96.37,0.22,0.33,-0.28,767,768,769,771,TAKEOFF,1
17.228,takeoff to 20 m,nan,4.760,-1.427,0.13,0.17,96.36,0.16,0.28,-0.29,767,768,769,771,TAKEOFF,1
17.248,takeoff to 20 m,nan,4.760,-1.427,0.13,0.18,96.36,0.10,0.22,-0.30,767,768,769,771,TAKEOFF,1
17.268,takeoff to 20 m,nan,4.828,-1.430,0.13,0.18,96.35,0.03,0.30,-0.31,768,768,770,770,TAKEOFF,1
17.288,takeoff to 20 m,nan,4.828,-1.430,0.13,0.19,96.35,-0.02,0.14,-0.33,768,768,770,770,TAKEOFF,1
17.308,takeoff to 20 m,nan,4.906,-1.432,0.13,0.19,96.34,-0.05,0.10,-0.35,774,774,775,775,TAKEOFF,1
17.328,takeoff to 20 m,nan,4.906,-1.432,0.13,0.19,96.33,-0.03,0.08,-0.41,774,774,775,775,TAKEOFF,1
17.348,takeoff to 20 m,nan,4.906,-1.432,0.13,0.19,96.33,-0.10,-0.00,-0.39,774,774,775,775,TAKEOFF,1
17.368,takeoff to 20 m,nan,4.974,-1.434,0.13,0.19,96.32,-0.15,-0.08,-0.38,771,771,772,772,TAKEOFF,1
17.388,takeoff to 20 m,nan,4.974,-1.434,0.13,0.19,96.31,-0.23,0.03,-0.34,771,771,772,772,TAKEOFF,1
17.408,takeoff to 20 m,nan,5.041,-1.436,0.12,0.19,96.30,-0.23,0.04,-0.46,771,771,772,772,TAKEOFF,1
17.428,takeoff to 20 m,nan,5.041,-1.436,0.12,0.19,96.30,-0.17,-0.03,-0.35,771,771,772,772,TAKEOFF,1
17.448,takeoff to 20 m,nan,5.041,-1.436,0.12,0.19,96.29,-0.18,-0.02,-0.45,771,771,772,772,TAKEOFF,1
17.468,takeoff to 20 m,nan,5.108,-1.438,0.11,0.19,96.28,-0.24,-0.01,-0.42,769,769,769,769,TAKEOFF,1
17.488,takeoff to 20 m,nan,5.108,-1.438,0.11,0.19,96.27,-0.28,-0.00,-0.47,769,769,769,769,TAKEOFF,1
17.508,takeoff to 20 m,nan,5.186,-1.440,0.10,0.19,96.26,-0.28,-0.03,-0.37,775,775,774,775,TAKEOFF,1
17.528,takeoff to 20 m,nan,5.186,-1.440,0.10,0.19,96.25,-0.29,-0.16,-0.41,775,775,774,775,TAKEOFF,1
17.548,takeoff to 20 m,nan,5.186,-1.440,0.09,0.19,96.25,-0.41,-0.13,-0.39,775,775,774,775,TAKEOFF,1
17.568,takeoff to 20 m,nan,5.253,-1.442,0.08,0.18,96.24,-0.35,-0.12,-0.40,772,772,772,771,TAKEOFF,1
17.588,takeoff to 20 m,nan,5.253,-1.442,0.08,0.18,96.23,-0.27,-0.03,-0.40,772,772,772,771,TAKEOFF,1
17.608,takeoff to 20 m,nan,5.321,-1.444,0.07,0.18,96.22,-0.31,-0.06,-0.39,772,772,771,771,TAKEOFF,1
17.628,takeoff to 20 m,nan,5.321,-1.444,0.06,0.18,96.21,-0.45,-0.10,-0.33,772,772,771,771,TAKEOFF,1
17.648,takeoff to 20 m,nan,5.321,-1.444,0.06,0.18,96.21,-0.39,-0.09,-0.39,772,772,771,771,TAKEOFF,1
17.668,takeoff to 20 m,nan,5.389,-1.445,0.05,0.17,96.20,-0.32,-0.08,-0.31,769,770,768,769,TAKEOFF,1
17.688,takeoff to 20 m,nan,5.389,-1.445,0.04,0.17,96.19,-0.37,-0.11,-0.43,769,770,768,769,TAKEOFF,1
17.708,takeoff to 20 m,nan,5.468,-1.448,0.04,0.17,96.18,-0.37,-0.05,-0.34,775,775,774,774,TAKEOFF,1
17.728,takeoff to 20 m,nan,5.468,-1.448,0.03,0.17,96.18,-0.44,-0.08,-0.30,775,775,774,774,TAKEOFF,1
17.748,takeoff to 20 m,nan,5.468,-1.448,0.02,0.17,96.17,-0.40,-0.06,-0.25,775,775,774,774,TAKEOFF,1
17.768,takeoff to 20 m,nan,5.536,-1.450,0.01,0.16,96.17,-0.42,-0.09,-0.23,772,772,771,771,TAKEOFF,1
17.788,takeoff to 20 m,nan,5.536,-1.450,0.00,0.16,96.16,-0.42,-0.05,-0.28,772,772,771,771,TAKEOFF,1
17.808,takeoff to 20 m,nan,5.605,-1.452,-0.01,0.16,96.15,-0.36,-0.06,-0.21,772,772,771,771,TAKEOFF,1
17.828,takeoff to 20 m,nan,5.605,-1.452,-0.01,0.16,96.15,-0.39,-0.06,-0.27,772,772,771,771,TAKEOFF,1
17.848,takeoff to 20 m,nan,5.605,-1.452,-0.02,0.16,96.14,-0.34,-0.00,-0.23,772,772,771,771,TAKEOFF,1
17.868,takeoff to 20 m,nan,5.674,-1.454,-0.03,0.16,96.14,-0.29,0.07,-0.18,769,769,767,768,TAKEOFF,1
17.888,takeoff to 20 m,nan,5.674,-1.454,-0.03,0.16,96.13,-0.31,0.06,-0.19,769,769,767,768,TAKEOFF,1
17.908,takeoff to 20 m,nan,5.754,-1.456,-0.04,0.16,96.13,-0.26,0.10,-0.20,775,775,773,773,TAKEOFF,1
17.928,takeoff to 20 m,nan,5.754,-1.456,-0.04,0.16,96.13,-0.30,0.05,-0.14,775,775,773,773,TAKEOFF,1
17.948,takeoff to 20 m,nan,5.754,-1.456,-0.05,0.16,96.12,-0.32,0.09,-0.11,775,775,773,773,TAKEOFF,1
17.968,takeoff to 20 m,nan,5.823,-1.457,-0.06,0.16,96.12,-0.19,0.07,-0.11,772,772,771,770,TAKEOFF,1
17.988,takeoff to 20 m,nan,5.823,-1.457,-0.06,0.16,96.12,-0.21,0.13,-0.05,772,772,771,770,TAKEOFF,1
18.008,takeoff to 20 m,nan,5.892,-1.458,-0.06,0.16,96.12,-0.18,0.03,-0.05,774,774,772,772,TAKEOFF,1
18.028,takeoff to 20 m,nan,5.892,-1.458,-0.07,0.16,96.12,-0.28,-0.01,-0.08,774,774,772,772,TAKEOFF,1
18.048,takeoff to 20 m,nan,5.892,-1.458,-0.07,0.16,96.11,-0.24,0.02,-0.08,774,774,772,772,TAKEOFF,1
18.068,takeoff to 20 m,nan,5.961,-1.460,-0.08,0.16,96.11,-0.12,0.13,-0.03,772,772,771,770,TAKEOFF,1
18.088,takeoff to 20 m,nan,5.961,-1.460,-0.08,0.16,96.11,-0.16,0.10,0.02,772,772,771,770,TAKEOFF,1
18.108,takeoff to 20 m,nan,6.030,-1.462,-0.08,0.16,96.11,0.03,0.01,0.03,772,772,770,770,TAKEOFF,1
18.128,takeoff to 20 m,nan,6.030,-1.462,-0.08,0.16,96.11,0.05,0.02,0.05,772,772,770,770,TAKEOFF,1
18.148,takeoff to 20 m,nan,6.030,-1.462,-0.08,0.16,96.11,0.16,-0.08,0.09,772,772,770,770,TAKEOFF,1
18.168,takeoff to 20 m,nan,6.100,-1.464,-0.08,0.16,96.11,0.11,-0.01,0.05,769,768,767,767,TAKEOFF,1
18.188,takeoff to 20 m,nan,6.100,-1.464,-0.08,0.16,96.11,0.17,-0.02,0.11,769,768,767,767,TAKEOFF,1
18.208,takeoff to 20 m,nan,6.181,-1.466,-0.07,0.16,96.12,0.17,-0.11,0.12,775,774,774,773,TAKEOFF,1
18.228,takeoff to 20 m,nan,6.181,-1.466,-0.07,0.16,96.12,0.13,-0.03,0.10,775,774,774,773,TAKEOFF,1
18.248,takeoff to 20 m,nan,6.181,-1.466,-0.07,0.16,96.12,0.14,-0.05,0.23,775,774,774,773,TAKEOFF,1
18.268,takeoff to 20 m,nan,6.251,-1.467,-0.06,0.15,96.12,0.20,-0.14,0.15,771,771,771,770,TAKEOFF,1
18.288,takeoff to 20 m,nan,6.251,-1.467,-0.06,0.15,96.12,0.10,-0.05,0.09,771,771,771,770,TAKEOFF,1
18.308,takeoff to 20 m,nan,6.320,-1.468,-0.06,0.15,96.12,0.09,-0.18,0.15,771,771,771,770,TAKEOFF,1
18.328,takeoff to 20 m,nan,6.320,-1.468,-0.06,0.15,96.12,0.09,-0.16,0.18,771,771,771,770,TAKEOFF,1
18.348,takeoff to 20 m,nan,6.320,-1.468,-0.05,0.14,96.12,0.10,-0.11,0.10,771,771,771,770,TAKEOFF,1
18.368,takeoff to 20 m,nan,6.390,-1.470,-0.05,0.14,96.12,0.06,-0.18,0.19,768,768,768,768,TAKEOFF,1
18.388,takeoff to 20 m,nan,6.390,-1.470,-0.05,0.14,96.12,0.05,-0.13,0.14,768,768,768,768,TAKEOFF,1
18.408,takeoff to 20 m,nan,6.471,-1.471,-0.05,0.13,96.12,0.06,-0.19,0.17,774,774,774,773,TAKEOFF,1
18.428,takeoff to 20 m,nan,6.471,-1.471,-0.05,0.13,96.12,0.10,-0.16,0.17,774,774,774,773,TAKEOFF,1
18.448,takeoff to 20 m,nan,6.471,-1.471,-0.05,0.13,96.12,0.07,-0.16,0.12,774,774,774,773,TAKEOFF,1
18.468,takeoff to 20 m,nan,6.541,-1.472,-0.04,0.12,96.12,0.10,-0.14,0.11,771,771,771,771,TAKEOFF,1
18.488,takeoff to 20 m,nan,6.541,-1.472,-0.04,0.12,96.12,0.09,-0.23,0.13,771,771,771,771,TAKEOFF,1
18.512,takeoff to 20 m,nan,6.611,-1.474,-0.04,0.12,96.13,0.05,-0.24,0.15,771,771,771,771,TAKEOFF,1
18.528,takeoff to 20 m,nan,6.611,-1.474,-0.04,0.11,96.13,0.05,-0.18,0.15,771,771,771,771,TAKEOFF,1
18.548,takeoff to 20 m,nan,6.611,-1.474,-0.04,0.11,96.13,0.11,-0.25,0.16,771,771,771,771,TAKEOFF,1
18.568,takeoff to 20 m,nan,6.681,-1.475,-0.04,0.10,96.13,0.06,-0.20,0.18,770,769,769,769,TAKEOFF,1
18.588,takeoff to 20 m,nan,6.681,-1.475,-0.04,0.10,96.14,0.07,-0.24,0.12,770,769,769,769,TAKEOFF,1
18.608,takeoff to 20 m,nan,6.763,-1.477,-0.04,0.09,96.14,0.01,-0.29,0.13,774,774,774,773,TAKEOFF,1
18.628,takeoff to 20 m,nan,6.763,-1.477,-0.04,0.09,96.15,0.11,-0.25,0.15,774,774,774,773,TAKEOFF,1
18.648,takeoff to 20 m,nan,6.763,-1.477,-0.03,0.08,96.15,0.04,-0.25,0.18,774,774,774,773,TAKEOFF,1
18.668,takeoff to 20 m,nan,6.833,-1.478,-0.03,0.08,96.16,0.16,-0.33,0.22,770,771,771,771,TAKEOFF,1
18.688,takeoff to 20 m,nan,6.833,-1.478,-0.03,0.07,96.16,0.24,-0.26,0.11,770,771,771,771,TAKEOFF,1
18.708,takeoff to 20 m,nan,6.903,-1.478,-0.03,0.07,96.16,0.14,-0.28,0.14,771,771,771,771,TAKEOFF,1
18.728,takeoff to 20 m,nan,6.903,-1.478,-0.03,0.06,96.17,0.09,-0.25,0.19,771,771,771,771,TAKEOFF,1
18.748,takeoff to 20 m,nan,6.903,-1.478,-0.02,0.06,96.17,0.16,-0.29,0.14,771,771,771,771,TAKEOFF,1
18.768,takeoff to 20 m,nan,6.974,-1.480,-0.02,0.05,96.18,0.07,-0.32,0.14,765,764,765,764,TAKEOFF,1
18.788,takeoff to 20 m,nan,6.974,-1.480,-0.02,0.05,96.18,0.21,-0.28,0.12,765,764,765,764,TAKEOFF,1
18.808,takeoff to 20 m,nan,7.056,-1.482,-0.02,0.04,96.19,0.18,-0.14,0.16,773,773,773,774,TAKEOFF,1
18.828,takeoff to 20 m,nan,7.056,-1.482,-0.01,0.04,96.19,0.13,-0.17,0.18,773,773,773,774,TAKEOFF,1
18.848,takeoff to 20 m,nan,7.056,-1.482,-0.01,0.04,96.20,0.21,-0.10,0.11,773,773,773,774,TAKEOFF,1
18.868,takeoff to 20 m,nan,7.126,-1.482,-0.01,0.03,96.20,0.17,-0.17,0.11,770,770,770,771,TAKEOFF,1
18.888,takeoff to 20 m,nan,7.126,-1.482,-0.00,0.03,96.20,0.12,-0.27,0.13,770,770,770,771,TAKEOFF,1
18.908,takeoff to 20 m,nan,7.197,-1.483,-0.00,0.02,96.21,0.15,-0.21,0.09,770,770,771,771,TAKEOFF,1
18.928,takeoff to 20 m,nan,7.197,-1.483,0.00,0.02,96.21,0.17,-0.18,0.05,770,770,771,771,TAKEOFF,1
18.948,takeoff to 20 m,nan,7.197,-1.483,0.00,0.01,96.21,0.21,-0.18,0.09,770,770,771,771,TAKEOFF,1
18.968,takeoff to 20 m,nan,7.268,-1.484,0.01,0.01,96.21,0.23,-0.18,0.09,767,767,768,768,TAKEOFF,1
18.988,takeoff to 20 m,nan,7.268,-1.484,0.01,0.01,96.21,0.21,-0.18,0.00,767,767,768,768,TAKEOFF,1
19.008,takeoff to 20 m,nan,7.350,-1.485,0.02,0.00,96.21,0.29,-0.23,0.04,773,773,774,774,TAKEOFF,1
19.028,takeoff to 20 m,nan,7.350,-1.485,0.02,-0.00,96.22,0.21,-0.15,0.05,773,773,774,774,TAKEOFF,1
19.048,takeoff to 20 m,nan,7.350,-1.485,0.03,-0.01,96.22,0.14,-0.23,-0.00,773,773,774,774,TAKEOFF,1
19.068,takeoff to 20 m,nan,7.421,-1.485,0.03,-0.01,96.22,0.21,-0.13,-0.00,770,770,771,771,TAKEOFF,1
19.088,takeoff to 20 m,nan,7.421,-1.485,0.03,-0.01,96.22,0.22,-0.12,-0.06,770,770,771,771,TAKEOFF,1
19.108,takeoff to 20 m,nan,7.493,-1.486,0.04,-0.02,96.21,0.18,-0.11,-0.02,770,770,771,771,TAKEOFF,1
19.128,takeoff to 20 m,nan,7.493,-1.486,0.04,-0.02,96.21,0.17,-0.15,-0.07,770,770,771,771,TAKEOFF,1
19.148,takeoff to 20 m,nan,7.493,-1.486,0.05,-0.02,96.21,0.13,-0.17,-0.04,770,770,771,771,TAKEOFF,1
19.168,takeoff to 20 m,nan,7.564,-1.487,0.05,-0.02,96.21,0.03,-0.13,-0.08,768,767,768,768,TAKEOFF,1
19.188,takeoff to 20 m,nan,7.564,-1.487,0.05,-0.02,96.21,-0.04,-0.12,-0.07,768,767,768,768,TAKEOFF,1
19.208,takeoff to 20 m,nan,7.647,-1.489,0.05,-0.03,96.20,-0.15,-0.18,-0.05,773,773,774,773,TAKEOFF,1
19.228,takeoff to 20 m,nan,7.647,-1.489,0.05,-0.03,96.20,-0.18,-0.19,-0.06,773,773,774,773,TAKEOFF,1
19.248,takeoff to 20 m,nan,7.647,-1.489,0.04,-0.03,96.20,-0.17,-0.10,-0.05,773,773,774,773,TAKEOFF,1
19.268,takeoff to 20 m,nan,7.719,-1.490,0.04,-0.04,96.20,-0.13,-0.12,-0.07,770,770,770,770,TAKEOFF,1
19.288,takeoff to 20 m,nan,7.719,-1.490,0.04,-0.04,96.20,-0.11,-0.12,-0.08,770,770,770,770,TAKEOFF,1
19.308,takeoff to 20 m,nan,7.791,-1.490,0.04,-0.04,96.19,-0.24,-0.18,-0.07,771,770,770,770,TAKEOFF,1
19.328,takeoff to 20 m,nan,7.791,-1.490,0.03,-0.05,96.19,-0.34,-0.13,-0.08,771,770,770,770,TAKEOFF,1
19.348,takeoff to 20 m,nan,7.791,-1.490,0.03,-0.05,96.19,-0.36,-0.15,-0.06,771,770,770,770,TAKEOFF,1
19.368,takeoff to 20 m,nan,7.863,-1.491,0.02,-0.05,96.19,-0.40,-0.00,-0.03,768,767,767,767,TAKEOFF,1
19.388,takeoff to 20 m,nan,7.863,-1.491,0.01,-0.05,96.18,-0.30,0.00,-0.05,768,767,767,767,TAKEOFF,1
19.408,takeoff to 20 m,nan,7.947,-1.492,0.01,-0.05,96.18,-0.30,-0.07,-0.05,774,773,773,773,TAKEOFF,1
19.428,takeoff to 20 m,nan,7.947,-1.492,0.00,-0.05,96.18,-0.33,0.01,-0.03,774,773,773,773,TAKEOFF,1
19.448,takeoff to 20 m,nan,7.947,-1.492,-0.01,-0.05,96.18,-0.34,0.04,-0.06,774,773,773,773,TAKEOFF,1
19.468,takeoff to 20 m,nan,8.019,-1.493,-0.01,-0.05,96.18,-0.38,0.07,-0.02,770,770,770,770,TAKEOFF,1
19.488,takeoff to 20 m,nan,8.019,-1.493,-0.02,-0.05,96.18,-0.40,0.08,-0.01,770,770,770,770,TAKEOFF,1
19.508,takeoff to 20 m,nan,8.091,-1.494,-0.03,-0.05,96.17,-0.32,0.04,-0.03,771,770,770,769,TAKEOFF,1
19.528,takeoff to 20 m,nan,8.091,-1.494,-0.03,-0.05,96.17,-0.26,0.24,-0.04,771,770,770,769,TAKEOFF,1
19.548,takeoff to 20 m,nan,8.091,-1.494,-0.04,-0.05,96.17,-0.25,0.28,-0.00,771,770,770,769,TAKEOFF,1
19.568,takeoff to 20 m,nan,8.164,-1.495,-0.04,-0.04,96.17,-0.21,0.24,-0.05,767,767,767,767,TAKEOFF,1
19.588,takeoff to 20 m,nan,8.164,-1.495,-0.05,-0.04,96.17,-0.21,0.27,0.00,767,767,767,767,TAKEOFF,1
19.608,takeoff to 20 m,nan,8.248,-1.495,-0.05,-0.04,96.17,-0.20,0.30,-0.02,773,773,773,773,TAKEOFF,1
19.628,takeoff to 20 m,nan,8.248,-1.495,-0.05,-0.03,96.17,-0.18,0.32,-0.04,773,773,773,773,TAKEOFF,1
19.648,takeoff to 20 m,nan,8.248,-1.495,-0.06,-0.03,96.17,-0.20,0.27,0.02,773,773,773,773,TAKEOFF,1
19.672,takeoff to 20 m,nan,8.320,-1.496,-0.06,-0.02,96.17,-0.15,0.31,0.01,770,770,770,770,TAKEOFF,1
19.688,takeoff to 20 m,nan,8.320,-1.496,-0.06,-0.01,96.17,-0.10,0.34,-0.02,770,770,770,770,TAKEOFF,1
19.708,takeoff to 20 m,nan,8.392,-1.496,-0.06,-0.01,96.17,-0.13,0.35,0.03,770,770,770,770,TAKEOFF,1
19.728,takeoff to 20 m,nan,8.392,-1.496,-0.07,-0.00,96.17,-0.10,0.31,-0.02,770,770,770,770,TAKEOFF,1
19.748,takeoff to 20 m,nan,8.392,-1.496,-0.07,0.00,96.17,-0.07,0.35,-0.06,770,770,770,770,TAKEOFF,1
19.768,takeoff to 20 m,nan,8.464,-1.497,-0.07,0.01,96.17,-0.01,0.33,0.02,767,768,767,767,TAKEOFF,1
19.788,takeoff to 20 m,nan,8.464,-1.497,-0.07,0.02,96.17,-0.06,0.25,0.02,767,768,767,767,TAKEOFF,1
19.808,takeoff to 20 m,nan,8.548,-1.498,-0.07,0.02,96.17,-0.03,0.24,-0.00,773,773,773,773,TAKEOFF,1
19.828,takeoff to 20 m,nan,8.548,-1.498,-0.07,0.03,96.17,0.05,0.28,0.05,773,773,773,773,TAKEOFF,1
19.848,takeoff to 20 m,nan,8.548,-1.498,-0.07,0.03,96.17,0.02,0.20,-0.00,773,773,773,773,TAKEOFF,1
19.868,takeoff to 20 m,nan,8.620,-1.499,-0.07,0.03,96.17,-0.05,0.20,-0.05,770,770,770,770,TAKEOFF,1
19.888,takeoff to 20 m,nan,8.620,-1.499,-0.07,0.04,96.17,0.03,0.30,-0.04,770,770,770,770,TAKEOFF,1
19.908,takeoff to 20 m,nan,8.693,-1.499,-0.07,0.04,96.17,-0.03,0.15,0.01,770,770,770,769,TAKEOFF,1
19.928,takeoff to 20 m,nan,8.693,-1.499,-0.07,0.05,96.18,-0.09,0.14,0.03,770,770,770,769,TAKEOFF,1
19.948,takeoff to 20 m,nan,8.693,-1.499,-0.07,0.05,96.18,-0.03,0.17,-0.00,770,770,770,769,TAKEOFF,1
19.968,takeoff to 20 m,nan,8.765,-1.500,-0.07,0.05,96.18,0.03,0.24,-0.03,764,764,764,764,TAKEOFF,1
19.988,takeoff to 20 m,nan,8.765,-1.500,-0.07,0.06,96.18,-0.03,0.14,0.02,764,764,764,764,TAKEOFF,1
20.008,takeoff to 20 m,nan,8.849,-1.501,-0.07,0.06,96.18,-0.03,0.10,-0.01,773,773,773,772,TAKEOFF,1
20.028,takeoff to 20 m,nan,8.849,-1.501,-0.07,0.06,96.18,-0.03,0.17,-0.01,773,773,773,772,TAKEOFF,1
20.048,takeoff to 20 m,nan,8.849,-1.501,-0.07,0.07,96.18,0.06,0.13,-0.02,773,773,773,772,TAKEOFF,1
20.068,takeoff to 20 m,nan,8.921,-1.501,-0.07,0.07,96.18,0.04,0.14,-0.01,770,770,770,769,TAKEOFF,1
20.088,takeoff to 20 m,nan,8.921,-1.501,-0.07,0.07,96.18,-0.04,0.06,0.02,770,770,770,769,TAKEOFF,1
20.108,takeoff to 20 m,nan,8.994,-1.502,-0.07,0.07,96.18,0.07,0.05,0.07,767,767,766,767,TAKEOFF,1
20.128,takeoff to 20 m,nan,8.994,-1.502,-0.07,0.07,96.18,0.06,0.12,0.06,767,767,766,767,TAKEOFF,1
20.148,takeoff to 20 m,nan,8.994,-1.502,-0.07,0.07,96.18,0.04,-0.10,0.00,767,767,766,767,TAKEOFF,1
20.168,takeoff to 20 m,nan,9.066,-1.502,-0.07,0.07,96.18,0.06,-0.06,0.03,767,766,767,766,TAKEOFF,1
20.188,takeoff to 20 m,nan,9.066,-1.502,-0.06,0.07,96.18,0.06,-0.13,0.06,767,766,767,766,TAKEOFF,1
20.208,takeoff to 20 m,nan,9.151,-1.503,-0.06,0.07,96.18,0.11,-0.04,0.06,772,773,772,773,TAKEOFF,1
20.228,takeoff to 20 m,nan,9.151,-1.503,-0.06,0.07,96.18,0.09,-0.13,0.01,772,773,772,773,TAKEOFF,1
20.248,takeoff to 20 m,nan,9.151,-1.503,-0.06,0.06,96.18,0.22,-0.21,-0.03,772,773,772,773,TAKEOFF,1
20.268,takeoff to 20 m,nan,9.223,-1.503,-0.05,0.06,96.18,0.15,-0.12,0.03,770,769,770,769,TAKEOFF,1
20.288,takeoff to 20 m,nan,9.223,-1.503,-0.05,0.06,96.18,0.18,0.01,0.04,770,769,770,769,TAKEOFF,1
20.308,takeoff to 20 m,nan,9.295,-1.504,-0.05,0.06,96.18,0.22,-0.11,0.03,770,770,770,770,TAKEOFF,1
20.328,takeoff to 20 m,nan,9.295,-1.504,-0.04,0.06,96.18,0.15,-0.13,0.08,770,770,770,770,TAKEOFF,1
20.348,takeoff to 20 m,nan,9.295,-1.504,-0.04,0.05,96.18,0.23,-0.14,0.05,770,770,770,770,TAKEOFF,1
20.368,takeoff to 20 m,nan,9.368,-1.504,-0.03,0.05,96.18,0.22,-0.02,0.06,767,767,766,767,TAKEOFF,1
20.388,takeoff to 20 m,nan,9.368,-1.504,-0.03,0.05,96.18,0.27,-0.06,0.05,767,767,766,767,TAKEOFF,1
20.408,takeoff to 20 m,nan,9.452,-1.505,-0.02,0.05,96.18,0.19,-0.04,0.04,773,773,773,773,TAKEOFF,1
20.428,takeoff to 20 m,nan,9.452,-1.505,-0.02,0.05,96.18,0.20,-0.01,0.02,773,773,773,773,TAKEOFF,1
20.448,takeoff to 20 m,nan,9.452,-1.505,-0.02,0.05,96.18,0.11,-0.07,-0.01,773,773,773,773,TAKEOFF,1
20.468,takeoff to 20 m,nan,9.524,-1.505,-0.02,0.05,96.18,0.12,-0.02,0.07,770,770,770,770,TAKEOFF,1
20.488,takeoff to 20 m,nan,9.524,-1.505,-0.02,0.05,96.18,0.16,0.03,0.07,770,770,770,770,TAKEOFF,1
20.508,takeoff to 20 m,nan,9.596,-1.505,-0.01,0.05,96.18,0.13,0.01,-0.01,770,770,770,770,TAKEOFF,1
20.528,takeoff to 20 m,nan,9.596,-1.505,-0.01,0.04,96.18,0.11,-0.03,0.09,770,770,770,770,TAKEOFF,1
20.548,takeoff to 20 m,nan,9.596,-1.505,-0.01,0.04,96.18,0.21,-0.00,0.04,770,770,770,770,TAKEOFF,1
20.568,takeoff to 20 m,nan,9.669,-1.505,-0.00,0.04,96.18,0.14,0.10,0.04,767,767,766,767,TAKEOFF,1
20.588,takeoff to 20 m,nan,9.669,-1.505,-0.00,0.05,96.18,0.06,0.02,0.06,767,767,766,767,TAKEOFF,1
20.608,takeoff to 20 m,nan,9.753,-1.505,-0.00,0.05,96.18,0.08,0.05,0.05,773,773,773,773,TAKEOFF,1
20.628,takeoff to 20 m,nan,9.753,-1.505,0.00,0.05,96.18,0.07,0.09,0.01,773,773,773,773,TAKEOFF,1
20.648,takeoff to 20 m,nan,9.753,-1.505,0.00,0.05,96.19,0.12,0.07,0.10,773,773,773,773,TAKEOFF,1
20.668,takeoff to 20 m,nan,9.825,-1.505,0.01,0.05,96.19,0.10,0.15,0.05,770,769,770,770,TAKEOFF,1
20.688,takeoff to 20 m,nan,9.825,-1.505,0.01,0.05,96.19,0.05,0.07,0.03,770,769,770,770,TAKEOFF,1
20.708,takeoff to 20 m,nan,9.898,-1.505,0.01,0.05,96.19,-0.04,0.11,0.02,770,770,770,770,TAKEOFF,1
20.728,takeoff to 20 m,nan,9.898,-1.505,0.01,0.05,96.19,0.01,0.11,0.02,770,770,770,770,TAKEOFF,1
20.748,takeoff to 20 m,nan,9.898,-1.505,0.01,0.05,96.19,-0.07,0.13,-0.00,770,770,770,770,TAKEOFF,1
20.768,takeoff to 20 m,nan,9.970,-1.506,0.01,0.06,96.19,-0.01,0.13,0.05,767,767,767,767,TAKEOFF,1
20.788,takeoff to 20 m,nan,9.970,-1.506,0.01,0.06,96.20,-0.09,0.05,0.10,767,767,767,767,TAKEOFF,1
20.808,takeoff to 20 m,nan,10.054,-1.507,0.01,0.06,96.20,-0.13,0.07,0.07,779,779,779,779,TAKEOFF,1
20.828,takeoff to 20 m,nan,10.054,-1.507,0.01,0.06,96.20,-0.21,0.09,-0.03,779,779,779,779,TAKEOFF,1
20.848,takeoff to 20 m,nan,10.054,-1.507,0.00,0.06,96.20,-0.24,0.09,0.04,779,779,779,779,TAKEOFF,1
20.868,takeoff to 20 m,nan,10.126,-1.514,-0.00,0.06,96.20,-0.31,-0.02,0.01,786,786,786,786,TAKEOFF,1
20.888,takeoff to 20 m,nan,10.126,-1.514,-0.01,0.06,96.20,-0.26,-0.04,0.03,786,786,786,786,TAKEOFF,1
20.908,takeoff to 20 m,nan,10.199,-1.537,-0.01,0.06,96.20,-0.32,-0.02,0.03,803,803,803,804,TAKEOFF,1
20.928,takeoff to 20 m,nan,10.199,-1.537,-0.02,0.06,96.21,-0.42,-0.07,-0.00,803,803,803,804,TAKEOFF,1
20.948,takeoff to 20 m,nan,10.199,-1.537,-0.03,0.06,96.21,-0.40,-0.01,-0.00,803,803,803,804,TAKEOFF,1
20.968,takeoff to 20 m,nan,10.274,-1.574,-0.04,0.06,96.21,-0.38,-0.09,0.02,807,807,807,807,TAKEOFF,1
20.988,takeoff to 20 m,nan,10.274,-1.574,-0.04,0.05,96.21,-0.29,-0.06,0.03,807,807,807,807,TAKEOFF,1
21.008,takeoff to 20 m,nan,10.363,-1.634,-0.05,0.05,96.21,-0.29,-0.09,0.01,823,823,824,824,TAKEOFF,1
21.028,takeoff to 20 m,nan,10.363,-1.634,-0.05,0.05,96.21,-0.31,-0.09,0.06,823,823,824,824,TAKEOFF,1
21.048,takeoff to 20 m,nan,10.363,-1.634,-0.06,0.05,96.21,-0.31,-0.11,-0.03,823,823,824,824,TAKEOFF,1
21.068,takeoff to 20 m,nan,10.443,-1.695,-0.06,0.05,96.21,-0.29,-0.08,-0.02,824,823,824,824,TAKEOFF,1
21.088,takeoff to 20 m,nan,10.443,-1.695,-0.07,0.05,96.21,-0.32,-0.09,-0.02,824,823,824,824,TAKEOFF,1
21.108,takeoff to 20 m,nan,10.527,-1.768,-0.08,0.05,96.21,-0.29,-0.02,-0.03,838,839,839,839,TAKEOFF,1
21.128,takeoff to 20 m,nan,10.527,-1.768,-0.08,0.05,96.21,-0.23,-0.11,0.03,838,839,839,839,TAKEOFF,1
21.148,takeoff to 20 m,nan,10.527,-1.768,-0.08,0.04,96.21,-0.03,-0.12,-0.04,838,839,839,839,TAKEOFF,1
21.168,takeoff to 20 m,nan,10.615,-1.849,-0.09,0.04,96.20,-0.13,0.06,-0.03,837,836,837,837,TAKEOFF,1
21.188,takeoff to 20 m,nan,10.615,-1.849,-0.09,0.04,96.20,-0.10,-0.11,0.04,837,836,837,837,TAKEOFF,1
21.208,takeoff to 20 m,nan,10.723,-1.955,-0.09,0.04,96.20,-0.02,-0.14,-0.09,853,852,853,852,TAKEOFF,1
21.228,takeoff to 20 m,nan,10.723,-1.955,-0.09,0.04,96.20,-0.04,-0.03,0.00,853,852,853,852,TAKEOFF,1
21.248,takeoff to 20 m,nan,10.723,-1.955,-0.09,0.04,96.20,0.00,-0.07,-0.10,853,852,853,852,TAKEOFF,1
21.268,takeoff to 20 m,nan,10.822,-2.056,-0.09,0.04,96.20,0.07,-0.07,-0.12,849,848,849,849,TAKEOFF,1
21.288,takeoff to 20 m,nan,10.822,-2.056,-0.09,0.03,96.19,-0.00,-0.06,-0.04,849,848,849,849,TAKEOFF,1
21.308,takeoff to 20 m,nan,10.925,-2.164,-0.09,0.03,96.19,0.02,-0.05,-0.02,864,864,864,864,TAKEOFF,1
21.328,takeoff to 20 m,nan,10.925,-2.164,-0.09,0.03,96.19,0.00,-0.06,0.03,864,864,864,864,TAKEOFF,1
21.348,takeoff to 20 m,nan,10.925,-2.164,-0.09,0.03,96.19,0.02,-0.21,-0.07,864,864,864,864,TAKEOFF,1
21.368,takeoff to 20 m,nan,11.035,-2.281,-0.09,0.02,96.19,0.05,-0.09,-0.07,849,849,849,848,TAKEOFF,1
21.388,takeoff to 20 m,nan,11.035,-2.281,-0.09,0.02,96.19,0.06,-0.10,0.00,849,849,849,848,TAKEOFF,1
21.408,takeoff to 20 m,nan,11.172,-2.427,-0.09,0.02,96.19,0.09,-0.12,-0.05,872,872,872,872,TAKEOFF,1
21.428,takeoff to 20 m,nan,11.172,-2.427,-0.09,0.02,96.19,0.02,-0.14,-0.06,872,872,872,872,TAKEOFF,1
21.448,takeoff to 20 m,nan,11.172,-2.427,-0.08,0.02,96.19,0.03,-0.12,-0.01,872,872,872,872,TAKEOFF,1
21.468,takeoff to 20 m,nan,11.296,-2.554,-0.08,0.01,96.18,0.05,-0.18,-0.08,844,844,844,844,TAKEOFF,1
21.488,takeoff to 20 m,nan,11.296,-2.554,-0.08,0.01,96.18,0.09,-0.14,-0.04,844,844,844,844,TAKEOFF,1
21.508,takeoff to 20 m,nan,11.427,-2.661,-0.08,0.01,96.18,0.05,-0.13,-0.04,832,832,832,832,TAKEOFF,1
21.528,takeoff to 20 m,nan,11.427,-2.661,-0.08,0.01,96.18,0.06,-0.12,-0.06,832,832,832,832,TAKEOFF,1
21.548,takeoff to 20 m,nan,11.427,-2.661,-0.08,0.00,96.18,0.02,-0.12,0.01,832,832,832,832,TAKEOFF,1
21.568,takeoff to 20 m,nan,11.562,-2.744,-0.08,0.00,96.18,-0.02,-0.18,-0.04,810,810,810,810,TAKEOFF,1
21.588,takeoff to 20 m,nan,11.562,-2.744,-0.08,-0.00,96.18,-0.06,-0.21,-0.04,810,810,810,810,TAKEOFF,1
21.608,takeoff to 20 m,nan,11.724,-2.814,-0.08,-0.01,96.18,-0.06,-0.25,-0.03,803,803,802,802,TAKEOFF,1
21.628,takeoff to 20 m,nan,11.724,-2.814,-0.08,-0.01,96.18,-0.10,-0.23,-0.08,803,803,802,802,TAKEOFF,1
21.648,takeoff to 20 m,nan,11.724,-2.814,-0.08,-0.01,96.18,-0.04,-0.21,-0.00,803,803,802,802,TAKEOFF,1
21.668,takeoff to 20 m,nan,11.866,-2.855,-0.08,-0.02,96.18,-0.18,-0.27,-0.02,787,787,787,787,TAKEOFF,1
21.688,takeoff to 20 m,nan,11.866,-2.855,-0.08,-0.02,96.18,-0.11,-0.31,0.01,787,787,787,787,TAKEOFF,1
21.708,takeoff to 20 m,nan,12.009,-2.885,-0.08,-0.03,96.18,-0.13,-0.32,-0.03,786,785,785,785,TAKEOFF,1
21.728,takeoff to 20 m,nan,12.009,-2.885,-0.09,-0.04,96.18,-0.13,-0.25,-0.02,786,785,785,785,TAKEOFF,1
21.748,takeoff to 20 m,nan,12.009,-2.885,-0.09,-0.04,96.18,-0.08,-0.22,-0.03,786,785,785,785,TAKEOFF,1
21.768,takeoff to 20 m,nan,12.153,-2.904,-0.09,-0.04,96.18,-0.16,-0.23,-0.05,773,773,772,773,TAKEOFF,1
21.788,takeoff to 20 m,nan,12.153,-2.904,-0.09,-0.05,96.18,-0.17,-0.20,0.00,773,773,772,773,TAKEOFF,1
21.808,takeoff to 20 m,nan,12.322,-2.916,-0.10,-0.05,96.18,-0.19,-0.24,0.01,772,771,771,771,TAKEOFF,1
21.828,takeoff to 20 m,nan,12.322,-2.916,-0.10,-0.06,96.18,-0.20,-0.25,-0.02,772,771,771,771,TAKEOFF,1
21.848,takeoff to 20 m,nan,12.322,-2.916,-0.10,-0.06,96.18,-0.25,-0.21,0.04,772,771,771,771,TAKEOFF,1
21.868,takeoff to 20 m,nan,12.466,-2.917,-0.11,-0.06,96.18,-0.21,-0.18,0.00,760,760,760,760,TAKEOFF,1
21.888,takeoff to 20 m,nan,12.466,-2.917,-0.11,-0.07,96.18,-0.28,-0.26,0.02,760,760,760,760,TAKEOFF,1
21.908,takeoff to 20 m,nan,12.609,-2.911,-0.12,-0.07,96.18,-0.19,-0.20,-0.02,760,760,760,760,TAKEOFF,1
21.928,takeoff to 20 m,nan,12.609,-2.911,-0.12,-0.08,96.18,-0.23,-0.25,0.03,760,760,760,760,TAKEOFF,1
21.948,takeoff to 20 m,nan,12.609,-2.911,-0.12,-0.08,96.18,-0.22,-0.25,0.01,760,760,760,760,TAKEOFF,1
21.968,takeoff to 20 m,nan,12.751,-2.898,-0.13,-0.08,96.18,-0.18,-0.21,-0.01,750,750,750,750,TAKEOFF,1
21.988,takeoff to 20 m,nan,12.751,-2.898,-0.13,-0.09,96.18,-0.11,-0.23,-0.01,750,750,750,750,TAKEOFF,1
22.008,takeoff to 20 m,nan,12.916,-2.876,-0.13,-0.09,96.18,-0.18,-0.20,0.01,748,748,748,748,TAKEOFF,1
22.028,takeoff to 20 m,nan,12.916,-2.876,-0.13,-0.10,96.18,-0.10,-0.28,0.04,748,748,748,748,TAKEOFF,1
22.048,takeoff to 20 m,nan,12.916,-2.876,-0.14,-0.10,96.18,-0.12,-0.25,0.03,748,748,748,748,TAKEOFF,1
22.068,takeoff to 20 m,nan,13.055,-2.849,-0.14,-0.11,96.18,-0.05,-0.26,0.03,746,746,746,746,TAKEOFF,1
22.088,takeoff to 20 m,nan,13.055,-2.849,-0.14,-0.11,96.18,-0.02,-0.26,0.01,746,746,746,746,TAKEOFF,1
22.108,takeoff to 20 m,nan,13.192,-2.823,-0.14,-0.11,96.17,-0.09,-0.25,0.02,749,749,749,749,TAKEOFF,1
22.128,takeoff to 20 m,nan,13.192,-2.823,-0.14,-0.12,96.17,0.04,-0.28,0.03,749,749,749,749,TAKEOFF,1
22.148,takeoff to 20 m,nan,13.192,-2.823,-0.14,-0.12,96.17,0.04,-0.23,0.03,749,749,749,749,TAKEOFF,1
22.168,takeoff to 20 m,nan,13.327,-2.797,-0.14,-0.13,96.17,0.10,-0.24,0.01,739,739,739,739,TAKEOFF,1
22.188,takeoff to 20 m,nan,13.327,-2.797,-0.14,-0.13,96.17,0.05,-0.19,0.01,739,739,739,739,TAKEOFF,1
22.208,takeoff to 20 m,nan,13.482,-2.757,-0.14,-0.13,96.17,0.10,-0.20,0.02,735,734,735,734,TAKEOFF,1
22.228,takeoff to 20 m,nan,13.482,-2.757,-0.14,-0.14,96.17,0.15,-0.11,0.04,735,734,735,734,TAKEOFF,1
22.248,takeoff to 20 m,nan,13.482,-2.757,-0.13,-0.14,96.17,0.17,-0.15,0.03,735,734,735,734,TAKEOFF,1
22.268,takeoff to 20 m,nan,13.613,-2.715,-0.13,-0.14,96.17,0.24,-0.08,0.02,726,725,725,725,TAKEOFF,1
22.288,takeoff to 20 m,nan,13.613,-2.715,-0.13,-0.14,96.16,0.12,-0.18,0.07,726,725,725,725,TAKEOFF,1
22.308,takeoff to 20 m,nan,13.741,-2.664,-0.12,-0.15,96.16,0.21,-0.16,0.02,721,721,721,721,TAKEOFF,1
22.328,takeoff to 20 m,nan,13.741,-2.664,-0.12,-0.15,96.16,0.20,-0.18,0.02,721,721,721,721,TAKEOFF,1
22.348,takeoff to 20 m,nan,13.741,-2.664,-0.12,-0.15,96.16,0.27,-0.10,0.02,721,721,721,721,TAKEOFF,1
22.368,takeoff to 20 m,nan,13.865,-2.606,-0.11,-0.15,96.16,0.32,-0.09,0.04,717,717,717,716,TAKEOFF,1
22.388,takeoff to 20 m,nan,13.865,-2.606,-0.11,-0.16,96.16,0.35,-0.14,0.04,717,717,717,716,TAKEOFF,1
22.408,takeoff to 20 m,nan,14.006,-2.536,-0.10,-0.16,96.16,0.33,-0.01,0.03,728,728,728,727,TAKEOFF,1
22.428,takeoff to 20 m,nan,14.006,-2.536,-0.09,-0.16,96.15,0.39,0.03,0.03,728,728,728,727,TAKEOFF,1
22.448,takeoff to 20 m,nan,14.006,-2.536,-0.08,-0.16,96.15,0.53,-0.01,0.08,728,728,728,727,TAKEOFF,1
22.468,takeoff to 20 m,nan,14.124,-2.482,-0.07,-0.16,96.16,0.50,-0.02,0.06,730,730,730,730,TAKEOFF,1
22.488,takeoff to 20 m,nan,14.124,-2.482,-0.07,-0.16,96.16,0.50,0.11,0.06,730,730,730,730,TAKEOFF,1
22.508,takeoff to 20 m,nan,14.238,-2.434,-0.06,-0.16,96.16,0.48,0.14,0.05,738,738,737,738,TAKEOFF,1
22.528,takeoff to 20 m,nan,14.238,-2.434,-0.05,-0.16,96.16,0.40,0.08,0.09,738,738,737,738,TAKEOFF,1
22.548,takeoff to 20 m,nan,14.238,-2.434,-0.04,-0.15,96.16,0.41,0.20,0.09,738,738,737,738,TAKEOFF,1
22.568,takeoff to 20 m,nan,14.349,-2.391,-0.03,-0.15,96.16,0.43,0.25,0.04,735,735,735,735,TAKEOFF,1
22.588,takeoff to 20 m,nan,14.349,-2.391,-0.02,-0.15,96.17,0.47,0.25,0.06,735,735,735,735,TAKEOFF,1
22.608,takeoff to 20 m,nan,14.477,-2.347,-0.02,-0.14,96.17,0.37,0.22,0.05,744,743,744,743,TAKEOFF,1
22.628,takeoff to 20 m,nan,14.477,-2.347,-0.01,-0.14,96.17,0.40,0.31,0.08,744,743,744,743,TAKEOFF,1
22.648,takeoff to 20 m,nan,14.477,-2.347,-0.00,-0.13,96.18,0.39,0.31,0.07,744,743,744,743,TAKEOFF,1
22.668,takeoff to 20 m,nan,14.584,-2.311,0.01,-0.12,96.18,0.37,0.34,0.08,742,742,742,742,TAKEOFF,1
22.688,takeoff to 20 m,nan,14.584,-2.311,0.01,-0.12,96.19,0.34,0.34,0.07,742,742,742,742,TAKEOFF,1
22.708,takeoff to 20 m,nan,14.690,-2.278,0.02,-0.11,96.19,0.30,0.34,0.11,746,746,746,746,TAKEOFF,1
22.728,takeoff to 20 m,nan,14.690,-2.278,0.03,-0.11,96.20,0.27,0.39,0.10,746,746,746,746,TAKEOFF,1
22.748,takeoff to 20 m,nan,14.690,-2.278,0.03,-0.10,96.20,0.27,0.40,0.11,746,746,746,746,TAKEOFF,1
22.768,takeoff to 20 m,nan,14.794,-2.247,0.04,-0.09,96.21,0.28,0.44,0.03,744,744,744,744,TAKEOFF,1
22.788,takeoff to 20 m,nan,14.794,-2.247,0.04,-0.08,96.21,0.28,0.41,0.08,744,744,744,744,TAKEOFF,1
22.808,takeoff to 20 m,nan,14.914,-2.212,0.05,-0.08,96.21,0.28,0.40,0.05,747,747,747,748,TAKEOFF,1
22.828,takeoff to 20 m,nan,14.914,-2.212,0.05,-0.07,96.22,0.17,0.30,0.08,747,747,747,748,TAKEOFF,1
22.848,takeoff to 20 m,nan,14.914,-2.212,0.06,-0.06,96.22,0.24,0.31,0.00,747,747,747,748,TAKEOFF,1
22.868,takeoff to 20 m,nan,15.015,-2.182,0.06,-0.06,96.22,0.22,0.24,0.03,744,744,745,745,TAKEOFF,1
22.888,takeoff to 20 m,nan,15.015,-2.182,0.07,-0.05,96.23,0.23,0.29,0.03,744,744,745,745,TAKEOFF,1
22.908,takeoff to 20 m,nan,15.115,-2.152,0.07,-0.05,96.23,0.28,0.24,0.07,747,747,747,748,TAKEOFF,1
22.928,takeoff to 20 m,nan,15.115,-2.152,0.08,-0.04,96.23,0.19,0.18,-0.00,747,747,747,748,TAKEOFF,1
22.948,takeoff to 20 m,nan,15.115,-2.152,0.08,-0.04,96.23,0.23,0.16,0.04,747,747,747,748,TAKEOFF,1
22.968,takeoff to 20 m,nan,15.214,-2.121,0.09,-0.04,96.23,0.19,0.07,0.00,744,744,745,745,TAKEOFF,1
22.988,takeoff to 20 m,nan,15.214,-2.121,0.09,-0.03,96.23,0.15,0.14,0.02,744,744,745,745,TAKEOFF,1
23.008,takeoff to 20 m,nan,15.328,-2.087,0.09,-0.03,96.24,0.17,0.07,-0.05,746,746,747,747,TAKEOFF,1
23.028,takeoff to 20 m,nan,15.328,-2.087,0.10,-0.03,96.24,0.15,0.04,0.01,746,746,747,747,TAKEOFF,1
23.048,takeoff to 20 m,nan,15.328,-2.087,0.10,-0.03,96.24,0.15,0.12,-0.10,746,746,747,747,TAKEOFF,1
23.068,takeoff to 20 m,nan,15.424,-2.056,0.10,-0.02,96.24,0.17,-0.00,-0.02,743,744,744,744,TAKEOFF,1
23.088,takeoff to 20 m,nan,15.424,-2.056,0.11,-0.02,96.24,0.15,0.03,-0.03,743,744,744,744,TAKEOFF,1
23.108,takeoff to 20 m,nan,15.518,-2.026,0.11,-0.02,96.24,0.12,-0.02,-0.05,746,746,746,747,TAKEOFF,1
23.128,takeoff to 20 m,nan,15.518,-2.026,0.11,-0.02,96.24,0.03,-0.12,-0.03,746,746,746,747,TAKEOFF,1
23.148,takeoff to 20 m,nan,15.518,-2.026,0.11,-0.02,96.24,0.05,-0.10,-0.09,746,746,746,747,TAKEOFF,1
23.168,takeoff to 20 m,nan,15.611,-1.995,0.11,-0.03,96.23,0.02,-0.16,-0.06,743,743,744,744,TAKEOFF,1
23.188,takeoff to 20 m,nan,15.611,-1.995,0.11,-0.03,96.23,0.02,-0.07,-0.06,743,743,744,744,TAKEOFF,1
23.208,takeoff to 20 m,nan,15.718,-1.959,0.11,-0.03,96.23,0.08,-0.19,-0.06,746,745,746,746,TAKEOFF,1
23.228,takeoff to 20 m,nan,15.718,-1.959,0.12,-0.03,96.23,0.03,-0.19,-0.06,746,745,746,746,TAKEOFF,1
23.248,takeoff to 20 m,nan,15.718,-1.959,0.12,-0.04,96.23,0.03,-0.19,-0.05,746,745,746,746,TAKEOFF,1
23.268,takeoff to 20 m,nan,15.808,-1.928,0.12,-0.04,96.23,0.11,-0.26,-0.08,743,743,744,744,TAKEOFF,1
23.288,takeoff to 20 m,nan,15.808,-1.928,0.12,-0.04,96.23,0.12,-0.21,-0.12,743,743,744,744,TAKEOFF,1
23.308,takeoff to 20 m,nan,15.896,-1.897,0.12,-0.05,96.23,0.11,-0.19,-0.11,745,745,746,746,TAKEOFF,1
23.328,takeoff to 20 m,nan,15.896,-1.897,0.12,-0.05,96.23,0.16,-0.25,-0.09,745,745,746,746,TAKEOFF,1
23.348,takeoff to 20 m,nan,15.896,-1.897,0.13,-0.05,96.22,0.11,-0.29,-0.13,745,745,746,746,TAKEOFF,1
23.368,takeoff to 20 m,nan,15.984,-1.866,0.13,-0.06,96.22,0.19,-0.20,-0.07,743,743,743,743,TAKEOFF,1
23.388,takeoff to 20 m,nan,15.984,-1.866,0.13,-0.06,96.22,0.19,-0.23,-0.12,743,743,743,743,TAKEOFF,1
23.408,takeoff to 20 m,nan,16.084,-1.829,0.14,-0.07,96.22,0.19,-0.28,-0.05,746,745,746,745,TAKEOFF,1
23.428,takeoff to 20 m,nan,16.084,-1.829,0.14,-0.07,96.22,0.15,-0.20,-0.09,746,745,746,745,TAKEOFF,1
23.448,takeoff to 20 m,nan,16.084,-1.829,0.14,-0.07,96.22,0.12,-0.17,-0.12,746,745,746,745,TAKEOFF,1
23.468,takeoff to 20 m,nan,16.168,-1.798,0.15,-0.08,96.22,0.14,-0.18,-0.13,744,743,744,743,TAKEOFF,1
23.488,takeoff to 20 m,nan,16.168,-1.798,0.15,-0.08,96.22,0.07,-0.10,-0.09,744,743,744,743,TAKEOFF,1
23.508,takeoff to 20 m,nan,16.251,-1.767,0.15,-0.08,96.21,0.05,-0.04,-0.12,745,745,745,746,TAKEOFF,1
23.528,takeoff to 20 m,nan,16.251,-1.767,0.15,-0.08,96.21,0.02,-0.08,-0.12,745,745,745,746,TAKEOFF,1
23.548,takeoff to 20 m,nan,16.251,-1.767,0.15,-0.08,96.21,-0.01,0.03,-0.12,745,745,745,746,TAKEOFF,1
23.568,takeoff to 20 m,nan,16.333,-1.736,0.15,-0.08,96.21,-0.02,0.09,-0.11,743,743,743,743,TAKEOFF,1
23.588,takeoff to 20 m,nan,16.333,-1.736,0.15,-0.08,96.21,0.02,0.10,-0.08,743,743,743,743,TAKEOFF,1
23.608,takeoff to 20 m,nan,16.426,-1.699,0.15,-0.08,96.20,-0.02,0.14,-0.11,746,745,745,745,TAKEOFF,1
23.628,takeoff to 20 m,nan,16.426,-1.699,0.15,-0.08,96.20,-0.05,0.17,-0.11,746,745,745,745,TAKEOFF,1
23.648,takeoff to 20 m,nan,16.426,-1.699,0.15,-0.07,96.20,-0.07,0.23,-0.10,746,745,745,745,TAKEOFF,1
23.668,takeoff to 20 m,nan,16.505,-1.668,0.15,-0.07,96.20,-0.00,0.12,-0.14,744,743,743,743,TAKEOFF,1
23.688,takeoff to 20 m,nan,16.505,-1.668,0.15,-0.07,96.19,0.01,0.29,-0.00,744,743,743,743,TAKEOFF,1
23.708,takeoff to 20 m,nan,16.582,-1.637,0.15,-0.06,96.19,0.03,0.18,-0.09,746,745,745,745,TAKEOFF,1
23.728,takeoff to 20 m,nan,16.582,-1.637,0.15,-0.06,96.19,-0.05,0.24,-0.08,746,745,745,745,TAKEOFF,1
23.748,takeoff to 20 m,nan,16.582,-1.637,0.15,-0.05,96.19,-0.06,0.19,-0.09,746,745,745,745,TAKEOFF,1
23.768,takeoff to 20 m,nan,16.658,-1.606,0.14,-0.05,96.19,-0.05,0.32,-0.13,744,744,744,744,TAKEOFF,1
23.788,takeoff to 20 m,nan,16.658,-1.606,0.14,-0.04,96.18,-0.02,0.29,-0.10,744,744,744,744,TAKEOFF,1
23.808,takeoff to 20 m,nan,16.744,-1.571,0.14,-0.04,96.18,-0.09,0.18,-0.03,746,746,746,745,TAKEOFF,1
23.828,takeoff to 20 m,nan,16.744,-1.571,0.14,-0.03,96.18,-0.06,0.25,-0.07,746,746,746,745,TAKEOFF,1
23.848,takeoff to 20 m,nan,16.744,-1.571,0.14,-0.03,96.18,-0.05,0.20,-0.06,746,746,746,745,TAKEOFF,1
23.868,takeoff to 20 m,nan,16.817,-1.540,0.14,-0.03,96.18,0.01,0.21,-0.05,745,744,744,744,TAKEOFF,1
23.888,takeoff to 20 m,nan,16.817,-1.540,0.14,-0.02,96.19,-0.01,0.29,-0.05,745,744,744,744,TAKEOFF,1
23.908,takeoff to 20 m,nan,16.888,-1.510,0.14,-0.02,96.19,0.08,0.11,-0.02,747,746,746,746,TAKEOFF,1
23.928,takeoff to 20 m,nan,16.888,-1.510,0.14,-0.01,96.19,-0.01,0.22,0.02,747,746,746,746,TAKEOFF,1
23.948,takeoff to 20 m,nan,16.888,-1.510,0.14,-0.01,96.19,-0.07,0.12,-0.05,747,746,746,746,TAKEOFF,1
23.968,takeoff to 20 m,nan,16.958,-1.481,0.14,-0.01,96.19,-0.05,0.07,-0.02,745,745,745,745,TAKEOFF,1
23.988,takeoff to 20 m,nan,16.958,-1.481,0.14,-0.01,96.19,-0.18,0.12,-0.06,745,745,745,745,TAKEOFF,1
24.008,takeoff to 20 m,nan,17.037,-1.447,0.14,-0.00,96.19,-0.16,0.10,0.01,747,747,747,747,TAKEOFF,1
24.028,takeoff to 20 m,nan,17.037,-1.447,0.13,-0.00,96.19,-0.15,0.08,-0.02,747,747,747,747,TAKEOFF,1
24.048,takeoff to 20 m,nan,17.037,-1.447,0.13,-0.00,96.19,-0.23,0.17,0.00,747,747,747,747,TAKEOFF,1
24.068,takeoff to 20 m,nan,17.103,-1.418,0.13,0.00,96.19,-0.20,0.20,-0.05,746,746,745,746,TAKEOFF,1
24.088,takeoff to 20 m,nan,17.103,-1.418,0.12,0.01,96.19,-0.15,0.18,0.01,746,746,745,746,TAKEOFF,1
24.108,takeoff to 20 m,nan,17.169,-1.389,0.12,0.01,96.19,-0.26,0.18,-0.00,748,748,747,747,TAKEOFF,1
24.128,takeoff to 20 m,nan,17.169,-1.389,0.11,0.01,96.19,-0.35,0.23,-0.03,748,748,747,747,TAKEOFF,1
24.148,takeoff to 20 m,nan,17.169,-1.389,0.10,0.02,96.19,-0.27,0.26,-0.01,748,748,747,747,TAKEOFF,1
24.168,takeoff to 20 m,nan,17.232,-1.361,0.10,0.02,96.19,-0.26,0.21,0.00,746,746,746,746,TAKEOFF,1
24.188,takeoff to 20 m,nan,17.232,-1.361,0.09,0.03,96.19,-0.25,0.18,-0.04,746,746,746,746,TAKEOFF,1
24.208,takeoff to 20 m,nan,17.305,-1.329,0.09,0.03,96.19,-0.20,0.25,-0.04,748,748,748,748,TAKEOFF,1
24.228,takeoff to 20 m,nan,17.305,-1.329,0.09,0.03,96.19,-0.19,0.26,0.04,748,748,748,748,TAKEOFF,1
24.248,takeoff to 20 m,nan,17.305,-1.329,0.08,0.04,96.19,-0.13,0.26,-0.01,748,748,748,748,TAKEOFF,1
24.268,takeoff to 20 m,nan,17.367,-1.302,0.08,0.05,96.19,-0.13,0.23,-0.05,747,747,747,747,TAKEOFF,1
24.288,takeoff to 20 m,nan,17.367,-1.302,0.08,0.05,96.19,-0.17,0.15,-0.02,747,747,747,747,TAKEOFF,1
24.308,takeoff to 20 m,nan,17.427,-1.275,0.07,0.05,96.18,-0.15,0.11,0.01,749,748,749,748,TAKEOFF,1
24.328,takeoff to 20 m,nan,17.427,-1.275,0.07,0.05,96.18,-0.14,0.25,-0.04,749,748,749,748,TAKEOFF,1
24.348,takeoff to 20 m,nan,17.427,-1.275,0.07,0.06,96.18,-0.09,0.32,-0.00,749,748,749,748,TAKEOFF,1
24.368,takeoff to 20 m,nan,17.486,-1.249,0.07,0.07,96.18,-0.03,0.26,-0.03,747,748,747,748,TAKEOFF,1
24.388,takeoff to 20 m,nan,17.486,-1.249,0.07,0.07,96.17,-0.02,0.17,0.03,747,748,747,748,TAKEOFF,1
24.408,takeoff to 20 m,nan,17.554,-1.219,0.06,0.07,96.17,-0.05,0.18,-0.03,749,749,749,749,TAKEOFF,1
24.428,takeoff to 20 m,nan,17.554,-1.219,0.06,0.08,96.17,-0.01,0.26,-0.00,749,749,749,749,TAKEOFF,1
24.448,takeoff to 20 m,nan,17.554,-1.219,0.06,0.08,96.16,-0.03,0.31,-0.02,749,749,749,749,TAKEOFF,1
24.468,takeoff to 20 m,nan,17.610,-1.193,0.06,0.09,96.16,0.03,0.23,-0.03,748,748,747,748,TAKEOFF,1
24.488,takeoff to 20 m,nan,17.610,-1.193,0.06,0.09,96.16,0.04,0.20,-0.01,748,748,747,748,TAKEOFF,1
24.508,takeoff to 20 m,nan,17.665,-1.167,0.06,0.10,96.16,0.04,0.14,0.01,749,750,749,749,TAKEOFF,1
24.528,takeoff to 20 m,nan,17.665,-1.167,0.06,0.10,96.15,0.02,0.16,-0.03,749,750,749,749,TAKEOFF,1
24.548,takeoff to 20 m,nan,17.665,-1.167,0.06,0.10,96.15,0.08,0.05,0.04,749,750,749,749,TAKEOFF,1
24.568,takeoff to 20 m,nan,17.719,-1.142,0.06,0.10,96.15,0.09,0.08,-0.01,749,749,749,748,TAKEOFF,1
24.588,takeoff to 20 m,nan,17.719,-1.142,0.07,0.11,96.15,0.16,0.13,0.00,749,749,749,748,TAKEOFF,1
24.608,takeoff to 20 m,nan,17.780,-1.113,0.07,0.11,96.15,0.08,0.01,-0.00,751,751,750,750,TAKEOFF,1
24.628,takeoff to 20 m,nan,17.780,-1.113,0.07,0.11,96.15,0.04,0.02,0.04,751,751,750,750,TAKEOFF,1
24.648,takeoff to 20 m,nan,17.780,-1.113,0.07,0.11,96.14,0.03,0.05,0.07,751,751,750,750,TAKEOFF,1
24.668,takeoff to 20 m,nan,17.831,-1.088,0.07,0.11,96.14,0.01,0.03,0.02,750,750,749,749,TAKEOFF,1
24.688,takeoff to 20 m,nan,17.831,-1.088,0.07,0.11,96.14,0.05,0.04,0.05,750,750,749,749,TAKEOFF,1
24.708,takeoff to 20 m,nan,17.881,-1.064,0.07,0.11,96.14,0.08,-0.01,0.05,752,751,751,751,TAKEOFF,1
24.728,takeoff to 20 m,nan,17.881,-1.064,0.07,0.11,96.15,0.07,0.01,0.05,752,751,751,751,TAKEOFF,1
24.748,takeoff to 20 m,nan,17.881,-1.064,0.08,0.11,96.15,0.06,0.04,0.09,752,751,751,751,TAKEOFF,1
24.768,takeoff to 20 m,nan,17.930,-1.041,0.08,0.11,96.15,0.05,0.06,0.07,750,750,749,749,TAKEOFF,1
24.788,takeoff to 20 m,nan,17.930,-1.041,0.08,0.11,96.15,-0.03,0.02,0.08,750,750,749,749,TAKEOFF,1
24.808,takeoff to 20 m,nan,17.985,-1.015,0.08,0.11,96.15,-0.06,-0.06,0.09,752,752,752,752,TAKEOFF,1
24.828,takeoff to 20 m,nan,17.985,-1.015,0.08,0.11,96.16,-0.01,-0.04,0.09,752,752,752,752,TAKEOFF,1
24.848,takeoff to 20 m,nan,17.985,-1.015,0.08,0.11,96.16,0.09,-0.17,0.06,752,752,752,752,TAKEOFF,1
24.868,takeoff to 20 m,nan,18.031,-0.992,0.08,0.11,96.16,0.16,-0.15,0.10,752,751,751,752,TAKEOFF,1
24.888,takeoff to 20 m,nan,18.031,-0.992,0.08,0.11,96.17,-0.03,-0.09,0.09,752,751,751,752,TAKEOFF,1
24.908,takeoff to 20 m,nan,18.076,-0.971,0.08,0.10,96.17,-0.04,-0.15,0.09,753,753,753,753,TAKEOFF,1
24.928,takeoff to 20 m,nan,18.076,-0.971,0.08,0.10,96.18,-0.12,-0.16,0.13,753,753,753,753,TAKEOFF,1
24.948,takeoff to 20 m,nan,18.076,-0.971,0.08,0.10,96.18,-0.06,-0.22,0.08,753,753,753,753,TAKEOFF,1
24.968,takeoff to 20 m,nan,18.120,-0.950,0.07,0.09,96.18,-0.14,-0.17,0.06,753,752,753,752,TAKEOFF,1
24.988,takeoff to 20 m,nan,18.120,-0.950,0.07,0.09,96.19,-0.13,-0.20,0.10,753,752,753,752,TAKEOFF,1
25.008,takeoff to 20 m,nan,18.170,-0.926,0.07,0.09,96.19,-0.05,-0.23,0.07,754,754,754,754,TAKEOFF,1
25.028,takeoff to 20 m,nan,18.170,-0.926,0.07,0.08,96.19,-0.11,-0.21,0.06,754,754,754,754,TAKEOFF,1
25.048,takeoff to 20 m,nan,18.170,-0.926,0.07,0.08,96.20,-0.09,-0.21,0.03,754,754,754,754,TAKEOFF,1
25.068,takeoff to 20 m,nan,18.211,-0.906,0.07,0.07,96.20,-0.02,-0.33,0.05,753,753,754,754,TAKEOFF,1
25.088,takeoff to 20 m,nan,18.211,-0.906,0.06,0.07,96.21,-0.15,-0.30,0.09,753,753,754,754,TAKEOFF,1
25.108,takeoff to 20 m,nan,18.252,-0.886,0.06,0.06,96.21,-0.14,-0.35,0.03,755,755,755,755,TAKEOFF,1
25.128,takeoff to 20 m,nan,18.252,-0.886,0.06,0.06,96.21,-0.06,-0.39,0.06,755,755,755,755,TAKEOFF,1
25.148,takeoff to 20 m,nan,18.252,-0.886,0.06,0.05,96.22,0.01,-0.32,0.02,755,755,755,755,TAKEOFF,1
25.168,takeoff to 20 m,nan,18.291,-0.868,0.06,0.04,96.22,0.02,-0.33,0.04,753,753,754,754,TAKEOFF,1
25.188,takeoff to 20 m,nan,18.291,-0.868,0.06,0.04,96.23,-0.02,-0.36,-0.00,753,753,754,754,TAKEOFF,1
25.208,takeoff to 20 m,nan,18.336,-0.846,0.06,0.03,96.23,0.07,-0.36,0.06,756,755,756,756,TAKEOFF,1
25.228,takeoff to 20 m,nan,18.336,-0.846,0.06,0.03,96.23,0.01,-0.35,-0.00,756,755,756,756,TAKEOFF,1
25.248,takeoff to 20 m,nan,18.336,-0.846,0.06,0.02,96.24,0.07,-0.43,-0.02,756,755,756,756,TAKEOFF,1
25.268,takeoff to 20 m,nan,18.374,-0.828,0.06,0.01,96.24,0.09,-0.42,-0.03,755,755,755,756,TAKEOFF,1
25.288,takeoff to 20 m,nan,18.374,-0.828,0.06,0.00,96.24,0.06,-0.37,-0.00,755,755,755,756,TAKEOFF,1
25.308,takeoff to 20 m,nan,18.410,-0.811,0.06,-0.00,96.25,-0.03,-0.41,0.03,756,756,757,757,TAKEOFF,1
25.328,takeoff to 20 m,nan,18.410,-0.811,0.06,-0.01,96.25,-0.07,-0.43,-0.02,756,756,757,757,TAKEOFF,1
25.348,takeoff to 20 m,nan,18.410,-0.811,0.06,-0.02,96.25,-0.06,-0.42,0.01,756,756,757,757,TAKEOFF,1
25.368,takeoff to 20 m,nan,18.446,-0.794,0.06,-0.03,96.25,-0.08,-0.44,-0.03,755,755,757,756,TAKEOFF,1
25.388,takeoff to 20 m,nan,18.446,-0.794,0.05,-0.03,96.26,-0.04,-0.39,-0.03,755,755,757,756,TAKEOFF,1
25.408,takeoff to 20 m,nan,18.488,-0.775,0.05,-0.04,96.25,0.01,-0.37,-0.10,756,757,757,757,TAKEOFF,1
25.428,takeoff to 20 m,nan,18.488,-0.775,0.06,-0.05,96.25,0.08,-0.30,-0.04,756,757,757,757,TAKEOFF,1
25.448,takeoff to 20 m,nan,18.488,-0.775,0.06,-0.05,96.25,0.12,-0.27,-0.10,756,757,757,757,TAKEOFF,1
25.468,takeoff to 20 m,nan,18.522,-0.758,0.06,-0.06,96.25,0.19,-0.27,-0.09,756,756,757,757,TAKEOFF,1
25.488,takeoff to 20 m,nan,18.522,-0.758,0.07,-0.06,96.25,0.23,-0.25,-0.10,756,756,757,757,TAKEOFF,1
25.508,takeoff to 20 m,nan,18.556,-0.742,0.07,-0.07,96.25,0.21,-0.26,-0.13,757,757,758,757,TAKEOFF,1
25.528,takeoff to 20 m,nan,18.556,-0.742,0.07,-0.07,96.24,0.24,-0.15,-0.15,757,757,758,757,TAKEOFF,1
25.548,takeoff to 20 m,nan,18.556,-0.742,0.08,-0.08,96.24,0.20,-0.16,-0.09,757,757,758,757,TAKEOFF,1
25.568,takeoff to 20 m,nan,18.589,-0.727,0.08,-0.08,96.24,0.25,-0.14,-0.11,756,756,757,757,TAKEOFF,1
25.588,takeoff to 20 m,nan,18.589,-0.727,0.09,-0.08,96.23,0.30,-0.09,-0.14,756,756,757,757,TAKEOFF,1
25.608,takeoff to 20 m,nan,18.627,-0.708,0.09,-0.09,96.23,0.22,-0.14,-0.13,757,757,758,757,TAKEOFF,1
25.628,takeoff to 20 m,nan,18.627,-0.708,0.10,-0.09,96.22,0.33,-0.10,-0.14,757,757,758,757,TAKEOFF,1
25.648,takeoff to 20 m,nan,18.627,-0.708,0.10,-0.09,96.22,0.30,-0.04,-0.14,757,757,758,757,TAKEOFF,1
25.668,takeoff to 20 m,nan,18.659,-0.693,0.11,-0.09,96.22,0.23,0.01,-0.09,757,757,757,757,TAKEOFF,1
25.688,takeoff to 20 m,nan,18.659,-0.693,0.11,-0.09,96.21,0.29,-0.03,-0.14,757,757,757,757,TAKEOFF,1
25.708,takeoff to 20 m,nan,18.691,-0.678,0.11,-0.09,96.21,0.23,0.07,-0.15,758,758,758,758,TAKEOFF,1
25.728,takeoff to 20 m,nan,18.691,-0.678,0.12,-0.09,96.21,0.28,0.04,-0.13,758,758,758,758,TAKEOFF,1
25.748,takeoff to 20 m,nan,18.691,-0.678,0.12,-0.09,96.20,0.26,0.15,-0.22,758,758,758,758,TAKEOFF,1
25.768,takeoff to 20 m,nan,18.721,-0.663,0.13,-0.08,96.20,0.22,0.07,-0.11,757,757,757,757,TAKEOFF,1
25.788,takeoff to 20 m,nan,18.721,-0.663,0.13,-0.08,96.20,0.21,0.06,-0.11,757,757,757,757,TAKEOFF,1
25.808,takeoff to 20 m,nan,18.756,-0.646,0.14,-0.08,96.19,0.24,0.11,-0.16,758,758,758,758,TAKEOFF,1
25.828,takeoff to 20 m,nan,18.756,-0.646,0.14,-0.08,96.19,0.20,0.16,-0.09,758,758,758,758,TAKEOFF,1
25.848,takeoff to 20 m,nan,18.756,-0.646,0.15,-0.08,96.19,0.24,0.09,-0.13,758,758,758,758,TAKEOFF,1
25.868,takeoff to 20 m,nan,18.786,-0.631,0.15,-0.08,96.19,0.22,0.07,-0.14,758,757,757,757,TAKEOFF,1
25.888,takeoff to 20 m,nan,18.786,-0.631,0.15,-0.07,96.19,0.18,0.02,-0.11,758,757,757,757,TAKEOFF,1
25.908,takeoff to 20 m,nan,18.814,-0.617,0.16,-0.07,96.18,0.13,0.09,-0.14,758,758,758,758,TAKEOFF,1
25.928,takeoff to 20 m,nan,18.814,-0.617,0.16,-0.07,96.18,0.04,0.10,-0.11,758,758,758,758,TAKEOFF,1
25.948,takeoff to 20 m,nan,18.814,-0.617,0.16,-0.07,96.18,0.12,0.10,-0.10,758,758,758,758,TAKEOFF,1
25.968,takeoff to 20 m,nan,18.842,-0.603,0.16,-0.07,96.18,0.04,0.15,-0.11,758,758,757,757,TAKEOFF,1
25.988,takeoff to 20 m,nan,18.842,-0.603,0.16,-0.06,96.18,0.07,0.06,-0.14,758,758,757,757,TAKEOFF,1
26.008,takeoff to 20 m,nan,18.874,-0.587,0.16,-0.06,96.18,0.04,0.10,-0.11,759,759,758,758,TAKEOFF,1
26.028,takeoff to 20 m,nan,18.874,-0.587,0.16,-0.06,96.18,0.03,0.04,-0.09,759,759,758,758,TAKEOFF,1
26.048,takeoff to 20 m,nan,18.874,-0.587,0.16,-0.06,96.18,0.01,0.12,-0.06,759,759,758,758,TAKEOFF,1
26.068,takeoff to 20 m,nan,18.901,-0.573,0.16,-0.06,96.18,0.04,0.06,-0.11,758,758,758,758,TAKEOFF,1
26.088,takeoff to 20 m,nan,18.901,-0.573,0.16,-0.05,96.18,-0.04,0.03,-0.04,758,758,758,758,TAKEOFF,1
26.108,takeoff to 20 m,nan,18.927,-0.559,0.16,-0.05,96.19,0.01,0.09,-0.08,759,759,758,759,TAKEOFF,1
26.128,takeoff to 20 m,nan,18.927,-0.559,0.16,-0.05,96.19,-0.05,0.01,-0.02,759,759,758,759,TAKEOFF,1
26.148,takeoff to 20 m,nan,18.927,-0.559,0.16,-0.05,96.19,-0.02,0.04,-0.02,759,759,758,759,TAKEOFF,1
26.168,takeoff to 20 m,nan,18.953,-0.546,0.16,-0.05,96.19,-0.06,-0.03,-0.07,758,759,758,758,TAKEOFF,1
26.188,takeoff to 20 m,nan,18.953,-0.546,0.16,-0.05,96.20,-0.07,-0.06,0.01,758,759,758,758,TAKEOFF,1
26.208,takeoff to 20 m,nan,18.981,-0.531,0.16,-0.05,96.20,-0.05,-0.04,-0.04,759,759,759,759,TAKEOFF,1
26.228,takeoff to 20 m,nan,18.981,-0.531,0.16,-0.05,96.20,-0.03,-0.06,-0.03,759,759,759,759,TAKEOFF,1
26.248,takeoff to 20 m,nan,18.981,-0.531,0.16,-0.05,96.21,-0.18,-0.02,-0.01,759,759,759,759,TAKEOFF,1
26.268,takeoff to 20 m,nan,19.005,-0.518,0.15,-0.05,96.21,-0.13,-0.04,-0.03,759,759,759,759,TAKEOFF,1
26.288,takeoff to 20 m,nan,19.005,-0.518,0.15,-0.05,96.21,-0.21,-0.06,0.01,759,759,759,759,TAKEOFF,1
26.308,takeoff to 20 m,nan,19.029,-0.506,0.15,-0.05,96.22,-0.23,-0.14,-0.04,759,759,760,759,TAKEOFF,1
26.328,takeoff to 20 m,nan,19.029,-0.506,0.14,-0.05,96.22,-0.31,-0.09,0.00,759,759,760,759,TAKEOFF,1
26.348,takeoff to 20 m,nan,19.029,-0.506,0.14,-0.05,96.22,-0.19,-0.04,-0.02,759,759,760,759,TAKEOFF,1
26.368,takeoff to 20 m,nan,19.052,-0.494,0.13,-0.06,96.23,-0.23,-0.07,-0.03,759,759,759,760,TAKEOFF,1
26.388,takeoff to 20 m,nan,19.052,-0.494,0.13,-0.06,96.23,-0.32,-0.11,-0.03,759,759,759,760,TAKEOFF,1
26.408,takeoff to 20 m,nan,19.078,-0.480,0.12,-0.06,96.23,-0.32,-0.10,-0.05,760,760,760,761,TAKEOFF,1
26.428,takeoff to 20 m,nan,19.078,-0.480,0.11,-0.06,96.23,-0.35,-0.07,-0.03,760,760,760,761,TAKEOFF,1
26.448,takeoff to 20 m,nan,19.078,-0.480,0.11,-0.06,96.24,-0.37,-0.08,-0.03,760,760,760,761,TAKEOFF,1
26.468,takeoff to 20 m,nan,19.100,-0.469,0.10,-0.06,96.24,-0.34,-0.04,0.04,760,760,760,760,TAKEOFF,1
26.488,takeoff to 20 m,nan,19.100,-0.469,0.09,-0.06,96.24,-0.35,-0.10,-0.02,760,760,760,760,TAKEOFF,1
26.508,takeoff to 20 m,nan,19.122,-0.457,0.09,-0.06,96.24,-0.36,-0.08,-0.08,759,760,760,760,TAKEOFF,1
26.528,takeoff to 20 m,nan,19.122,-0.457,0.08,-0.06,96.24,-0.35,-0.07,-0.05,759,760,760,760,TAKEOFF,1
26.548,takeoff to 20 m,nan,19.122,-0.457,0.07,-0.07,96.24,-0.34,-0.17,-0.05,759,760,760,760,TAKEOFF,1
26.568,takeoff to 20 m,nan,19.143,-0.446,0.07,-0.07,96.24,-0.23,-0.07,-0.07,759,759,760,759,TAKEOFF,1
26.588,takeoff to 20 m,nan,19.143,-0.446,0.06,-0.07,96.25,-0.31,-0.04,-0.08,759,759,760,759,TAKEOFF,1
26.608,takeoff to 20 m,nan,19.167,-0.434,0.06,-0.07,96.25,-0.32,-0.14,-0.06,761,760,762,761,TAKEOFF,1
26.628,takeoff to 20 m,nan,19.167,-0.434,0.05,-0.07,96.25,-0.13,-0.01,-0.07,761,760,762,761,TAKEOFF,1
26.648,takeoff to 20 m,nan,19.167,-0.434,0.05,-0.07,96.25,-0.12,-0.06,-0.10,761,760,762,761,TAKEOFF,1
26.668,takeoff to 20 m,nan,19.187,-0.423,0.05,-0.07,96.24,-0.06,-0.09,-0.11,760,760,761,761,TAKEOFF,1
26.688,takeoff to 20 m,nan,19.187,-0.423,0.04,-0.07,96.24,-0.12,-0.09,-0.06,760,760,761,761,TAKEOFF,1
26.708,takeoff to 20 m,nan,19.206,-0.413,0.04,-0.07,96.24,-0.12,-0.00,-0.01,760,761,761,761,TAKEOFF,1
26.728,takeoff to 20 m,nan,19.206,-0.413,0.04,-0.07,96.24,0.00,-0.06,-0.12,760,761,761,761,TAKEOFF,1
26.748,takeoff to 20 m,nan,19.206,-0.413,0.04,-0.07,96.24,0.11,-0.01,-0.11,760,761,761,761,TAKEOFF,1
26.768,takeoff to 20 m,nan,19.225,-0.402,0.04,-0.08,96.24,0.07,-0.05,-0.09,761,761,761,761,TAKEOFF,1
26.788,takeoff to 20 m,nan,19.225,-0.402,0.04,-0.07,96.24,0.03,0.06,-0.08,761,761,761,761,TAKEOFF,1
26.808,takeoff to 20 m,nan,19.247,-0.391,0.04,-0.07,96.24,0.06,-0.01,-0.12,761,761,762,762,TAKEOFF,1
26.828,takeoff to 20 m,nan,19.247,-0.391,0.04,-0.07,96.23,0.10,0.10,-0.17,761,761,762,762,TAKEOFF,1
26.848,takeoff to 20 m,nan,19.247,-0.391,0.05,-0.07,96.23,0.12,-0.03,-0.18,761,761,762,762,TAKEOFF,1
26.868,takeoff to 20 m,nan,19.265,-0.381,0.05,-0.07,96.23,0.14,-0.07,-0.14,761,761,762,761,TAKEOFF,1
26.888,takeoff to 20 m,nan,19.265,-0.381,0.05,-0.07,96.23,0.13,0.04,-0.16,761,761,762,761,TAKEOFF,1
26.908,takeoff to 20 m,nan,19.282,-0.371,0.05,-0.07,96.23,0.09,0.04,-0.14,762,762,762,762,TAKEOFF,1
26.928,takeoff to 20 m,nan,19.282,-0.371,0.06,-0.07,96.22,0.10,0.01,-0.17,762,762,762,762,TAKEOFF,1
26.948,takeoff to 20 m,nan,19.282,-0.371,0.06,-0.07,96.22,0.02,0.06,-0.16,762,762,762,762,TAKEOFF,1
26.968,takeoff to 20 m,nan,19.299,-0.362,0.06,-0.07,96.22,0.03,-0.02,-0.12,762,761,761,761,TAKEOFF,1
26.988,takeoff to 20 m,nan,19.299,-0.362,0.06,-0.07,96.22,-0.05,0.06,-0.15,762,761,761,761,TAKEOFF,1
27.008,takeoff to 20 m,nan,19.318,-0.352,0.06,-0.07,96.21,-0.09,0.11,-0.08,762,763,762,763,TAKEOFF,1
27.028,takeoff to 20 m,nan,19.318,-0.352,0.05,-0.07,96.21,-0.02,-0.05,-0.10,762,763,762,763,TAKEOFF,1
27.048,takeoff to 20 m,nan,19.318,-0.352,0.05,-0.07,96.21,-0.02,0.02,-0.08,762,763,762,763,TAKEOFF,1
27.068,takeoff to 20 m,nan,19.334,-0.343,0.05,-0.07,96.21,-0.04,0.07,-0.14,763,762,762,762,LOITER,1
27.088,takeoff to 20 m,nan,19.334,-0.343,0.05,-0.07,96.20,-0.08,0.15,-0.17,763,762,762,762,LOITER,1
27.108,takeoff to 20 m,nan,19.350,-0.335,0.05,-0.07,96.20,-0.16,0.14,-0.08,763,763,763,763,LOITER,1
27.128,takeoff to 20 m,nan,19.350,-0.335,0.05,-0.06,96.20,-0.11,0.25,-0.11,763,763,763,763,LOITER,1
27.148,takeoff to 20 m,nan,19.350,-0.335,0.04,-0.06,96.20,-0.06,0.24,-0.08,763,763,763,763,LOITER,1
27.168,takeoff to 20 m,nan,19.365,-0.327,0.04,-0.05,96.20,-0.13,0.20,-0.12,763,763,763,763,LOITER,1
27.188,takeoff to 20 m,nan,19.365,-0.327,0.04,-0.05,96.19,-0.21,0.22,-0.13,763,763,763,763,LOITER,1
27.208,takeoff to 20 m,nan,19.382,-0.317,0.04,-0.05,96.19,-0.20,0.24,-0.14,763,764,763,763,LOITER,1
27.228,takeoff to 20 m,nan,19.382,-0.317,0.03,-0.04,96.19,-0.22,0.26,-0.11,763,764,763,763,LOITER,1
27.248,takeoff to 20 m,nan,19.382,-0.317,0.03,-0.04,96.19,-0.18,0.13,-0.07,763,764,763,763,LOITER,1
27.268,takeoff to 20 m,nan,19.397,-0.310,0.03,-0.03,96.18,-0.18,0.19,-0.08,764,763,763,763,LOITER,1
27.288,takeoff to 20 m,nan,19.397,-0.310,0.02,-0.03,96.18,-0.20,0.32,-0.08,764,763,763,763,LOITER,1
27.308,takeoff to 20 m,nan,19.411,-0.302,0.02,-0.02,96.18,-0.28,0.24,-0.08,764,764,763,763,LOITER,1
27.328,takeoff to 20 m,nan,19.411,-0.302,0.01,-0.02,96.18,-0.30,0.16,-0.09,764,764,763,763,LOITER,1
27.348,takeoff to 20 m,nan,19.411,-0.302,0.01,-0.02,96.18,-0.24,0.25,-0.06,764,764,763,763,LOITER,1
27.368,takeoff to 20 m,nan,19.425,-0.295,0.00,-0.01,96.18,-0.27,0.26,-0.07,763,764,763,763,LOITER,1
27.388,takeoff to 20 m,nan,19.425,-0.295,-0.00,-0.01,96.18,-0.23,0.31,-0.04,763,764,763,763,LOITER,1
27.408,takeoff to 20 m,nan,19.441,-0.286,-0.01,-0.00,96.18,-0.24,0.26,-0.06,764,764,764,764,LOITER,1
27.428,takeoff to 20 m,nan,19.441,-0.286,-0.01,0.00,96.18,-0.25,0.23,-0.05,764,764,764,764,LOITER,1
27.448,takeoff to 20 m,nan,19.441,-0.286,-0.02,0.01,96.18,-0.26,0.27,-0.02,764,764,764,764,LOITER,1
27.468,takeoff to 20 m,nan,19.454,-0.279,-0.02,0.01,96.17,-0.26,0.22,-0.03,764,764,764,763,LOITER,1
27.488,takeoff to 20 m,nan,19.454,-0.279,-0.03,0.02,96.17,-0.27,0.33,-0.02,764,764,764,763,LOITER,1
27.508,takeoff to 20 m,nan,19.467,-0.273,-0.03,0.02,96.17,-0.20,0.29,-0.04,764,764,764,764,LOITER,1
27.528,takeoff to 20 m,nan,19.467,-0.273,-0.04,0.03,96.17,-0.25,0.24,-0.01,764,764,764,764,LOITER,1
27.548,takeoff to 20 m,nan,19.467,-0.273,-0.04,0.03,96.17,-0.27,0.15,0.03,764,764,764,764,LOITER,1
27.568,takeoff to 20 m,nan,19.479,-0.266,-0.05,0.04,96.18,-0.18,0.20,0.04,764,764,764,763,LOITER,1
27.588,takeoff to 20 m,nan,19.479,-0.266,-0.05,0.04,96.18,-0.20,0.22,-0.04,764,764,764,763,LOITER,1
27.608,takeoff to 20 m,nan,19.493,-0.259,-0.05,0.05,96.18,-0.23,0.18,0.03,764,765,764,764,LOITER,1
27.628,takeoff to 20 m,nan,19.493,-0.259,-0.06,0.05,96.18,-0.25,0.13,0.01,764,765,764,764,LOITER,1
27.648,takeoff to 20 m,nan,19.493,-0.259,-0.06,0.05,96.18,-0.24,0.16,-0.01,764,765,764,764,LOITER,1
27.668,takeoff to 20 m,nan,19.505,-0.252,-0.07,0.05,96.18,-0.19,0.03,-0.01,764,765,764,764,LOITER,1
27.688,takeoff to 20 m,nan,19.505,-0.252,-0.07,0.06,96.18,-0.20,0.08,0.03,764,765,764,764,LOITER,1
27.708,takeoff to 20 m,nan,19.517,-0.246,-0.07,0.06,96.18,-0.17,0.03,-0.02,765,764,764,764,LOITER,1
27.728,takeoff to 20 m,nan,19.517,-0.246,-0.08,0.06,96.18,-0.19,0.06,0.01,765,764,764,764,LOITER,1
27.748,takeoff to 20 m,nan,19.517,-0.246,-0.08,0.06,96.18,-0.18,0.07,0.02,765,764,764,764,LOITER,1
27.768,takeoff to 20 m,nan,19.528,-0.240,-0.09,0.06,96.18,-0.18,0.02,0.06,764,764,764,764,LOITER,1
27.788,takeoff to 20 m,nan,19.528,-0.240,-0.09,0.06,96.18,-0.17,0.03,0.02,764,764,764,764,LOITER,1
27.808,takeoff to 20 m,nan,19.541,-0.233,-0.09,0.06,96.18,-0.26,0.03,0.03,765,765,765,765,LOITER,1
27.828,takeoff to 20 m,nan,19.541,-0.233,-0.10,0.06,96.18,-0.24,-0.01,0.05,765,765,765,765,LOITER,1
27.848,takeoff to 20 m,nan,19.541,-0.233,-0.10,0.06,96.18,-0.25,0.06,0.05,765,765,765,765,LOITER,1
27.868,takeoff to 20 m,nan,19.552,-0.227,-0.11,0.06,96.18,-0.21,0.01,-0.01,764,765,764,765,LOITER,1
27.888,takeoff to 20 m,nan,19.552,-0.227,-0.11,0.06,96.18,-0.17,0.00,0.01,764,765,764,765,LOITER,1
27.908,takeoff to 20 m,nan,19.562,-0.222,-0.11,0.07,96.18,-0.26,0.01,0.03,765,765,765,765,LOITER,1
27.928,takeoff to 20 m,nan,19.562,-0.222,-0.12,0.07,96.18,-0.22,0.08,0.03,765,765,765,765,LOITER,1
27.948,takeoff to 20 m,nan,19.562,-0.222,-0.12,0.07,96.18,-0.25,0.10,0.02,765,765,765,765,LOITER,1
27.968,takeoff to 20 m,nan,19.572,-0.216,-0.13,0.07,96.18,-0.23,0.10,0.05,764,765,765,765,LOITER,1
27.988,takeoff to 20 m,nan,19.572,-0.216,-0.13,0.07,96.18,-0.27,0.02,0.03,764,765,765,765,LOITER,1
28.008,takeoff to 20 m,nan,19.584,-0.210,-0.14,0.07,96.18,-0.23,0.05,0.02,765,765,765,765,LOITER,1
28.028,takeoff to 20 m,nan,19.584,-0.210,-0.14,0.07,96.18,-0.21,0.00,0.05,765,765,765,765,LOITER,1
28.048,takeoff to 20 m,nan,19.584,-0.210,-0.15,0.07,96.18,-0.28,-0.02,0.00,765,765,765,765,LOITER,1
28.068,takeoff to 20 m,nan,19.594,-0.205,-0.15,0.07,96.18,-0.30,-0.08,0.07,765,765,765,765,LOITER,1
28.088,takeoff to 20 m,nan,19.594,-0.205,-0.15,0.07,96.17,-0.20,-0.16,0.02,765,765,765,765,LOITER,1
28.108,takeoff to 20 m,nan,19.603,-0.200,-0.16,0.07,96.17,-0.26,-0.18,0.03,765,765,765,765,LOITER,1
28.128,takeoff to 20 m,nan,19.603,-0.200,-0.16,0.07,96.17,-0.20,-0.23,0.05,765,765,765,765,LOITER,1
28.148,takeoff to 20 m,nan,19.603,-0.200,-0.17,0.06,96.17,-0.23,-0.23,0.02,765,765,765,765,LOITER,1
28.168,takeoff to 20 m,nan,19.613,-0.195,-0.17,0.06,96.17,-0.25,-0.23,0.00,765,765,765,764,LOITER,1
28.188,takeoff to 20 m,nan,19.613,-0.195,-0.17,0.05,96.17,-0.19,-0.25,0.03,765,765,765,764,LOITER,1
28.208,takeoff to 20 m,nan,19.624,-0.190,-0.18,0.05,96.16,-0.18,-0.21,0.05,765,765,765,765,LOITER,1
28.228,takeoff to 20 m,nan,19.624,-0.190,-0.18,0.04,96.16,-0.16,-0.28,0.07,765,765,765,765,LOITER,1
28.248,takeoff to 20 m,nan,19.624,-0.190,-0.18,0.04,96.16,-0.16,-0.25,0.04,765,765,765,765,LOITER,1
28.268,takeoff to 20 m,nan,19.633,-0.185,-0.19,0.04,96.16,-0.14,-0.24,0.04,765,765,765,765,LOITER,1
28.288,takeoff to 20 m,nan,19.633,-0.185,-0.19,0.03,96.16,-0.31,-0.25,0.05,765,765,765,765,LOITER,1
28.308,takeoff to 20 m,nan,19.642,-0.180,-0.19,0.03,96.15,-0.18,-0.21,0.02,765,765,765,765,LOITER,1
28.328,takeoff to 20 m,nan,19.642,-0.180,-0.20,0.02,96.15,-0.17,-0.26,0.02,765,765,765,765,LOITER,1
28.348,takeoff to 20 m,nan,19.642,-0.180,-0.20,0.02,96.15,-0.10,-0.21,0.06,765,765,765,765,LOITER,1
28.368,takeoff to 20 m,nan,19.650,-0.175,-0.20,0.02,96.15,-0.12,-0.22,0.03,765,765,765,765,LOITER,1
28.388,takeoff to 20 m,nan,19.650,-0.175,-0.20,0.01,96.14,-0.15,-0.26,0.09,765,765,765,765,LOITER,1
28.408,takeoff to 20 m,nan,19.660,-0.169,-0.20,0.01,96.14,-0.15,-0.20,0.04,765,766,765,765,LOITER,1
28.428,takeoff to 20 m,nan,19.660,-0.169,-0.21,0.00,96.14,-0.15,-0.19,0.04,765,766,765,765,LOITER,1
28.448,takeoff to 20 m,nan,19.660,-0.169,-0.21,-0.00,96.14,-0.15,-0.20,0.10,765,766,765,765,LOITER,1
28.468,takeoff to 20 m,nan,19.668,-0.164,-0.21,-0.01,96.14,-0.08,-0.24,0.05,766,766,766,765,LOITER,1
28.488,takeoff to 20 m,nan,19.668,-0.164,-0.21,-0.01,96.14,-0.01,-0.10,0.09,766,766,766,765,LOITER,1
28.508,takeoff to 20 m,nan,19.676,-0.160,-0.21,-0.01,96.13,-0.03,-0.13,0.05,766,766,765,765,LOITER,1
28.528,takeoff to 20 m,nan,19.676,-0.160,-0.21,-0.01,96.13,0.05,-0.12,0.07,766,766,765,765,LOITER,1
28.548,takeoff to 20 m,nan,19.676,-0.160,-0.21,-0.01,96.13,-0.03,-0.10,0.06,766,766,765,765,LOITER,1
28.568,takeoff to 20 m,nan,19.684,-0.155,-0.21,-0.02,96.13,-0.02,-0.15,0.10,765,766,765,765,LOITER,1
28.588,takeoff to 20 m,nan,19.684,-0.155,-0.21,-0.02,96.13,0.03,-0.10,0.07,765,766,765,765,LOITER,1
28.608,takeoff to 20 m,nan,19.692,-0.150,-0.21,-0.02,96.13,0.07,-0.12,0.14,766,766,766,765,LOITER,1
28.628,takeoff to 20 m,nan,19.692,-0.150,-0.21,-0.02,96.14,0.10,0.06,0.05,766,766,766,765,LOITER,1
28.648,takeoff to 20 m,nan,19.692,-0.150,-0.21,-0.02,96.14,0.07,0.07,0.13,766,766,766,765,LOITER,1
28.668,takeoff to 20 m,nan,19.700,-0.146,-0.20,-0.02,96.14,0.11,0.02,0.16,766,766,766,765,LOITER,1
28.688,takeoff to 20 m,nan,19.700,-0.146,-0.20,-0.02,96.14,0.13,0.03,0.13,766,766,766,765,LOITER,1
28.708,takeoff to 20 m,nan,19.707,-0.142,-0.20,-0.02,96.14,0.14,0.03,0.10,766,766,766,765,LOITER,1
28.728,takeoff to 20 m,nan,19.707,-0.142,-0.19,-0.02,96.15,0.20,0.07,0.14,766,766,766,765,LOITER,1
28.748,takeoff to 20 m,nan,19.707,-0.142,-0.19,-0.02,96.15,0.13,0.11,0.06,766,766,766,765,LOITER,1
28.768,takeoff to 20 m,nan,19.714,-0.138,-0.19,-0.02,96.15,0.14,0.08,0.07,766,766,766,766,LOITER,1
28.788,takeoff to 20 m,nan,19.714,-0.138,-0.18,-0.01,96.15,0.12,0.11,0.10,766,766,766,766,LOITER,1
28.808,takeoff to 20 m,nan,19.721,-0.134,-0.18,-0.01,96.15,0.12,0.09,0.13,766,766,766,766,LOITER,1
28.828,takeoff to 20 m,nan,19.721,-0.134,-0.18,-0.01,96.15,0.13,0.11,0.17,766,766,766,766,LOITER,1
28.848,takeoff to 20 m,nan,19.721,-0.134,-0.18,-0.01,96.15,0.14,0.11,0.14,766,766,766,766,LOITER,1
28.868,takeoff to 20 m,nan,19.728,-0.130,-0.17,-0.01,96.16,0.26,0.05,0.11,766,766,766,766,LOITER,1
28.888,takeoff to 20 m,nan,19.728,-0.130,-0.17,-0.00,96.16,0.31,0.14,0.10,766,766,766,766,LOITER,1
28.908,takeoff to 20 m,nan,19.734,-0.126,-0.16,-0.00,96.16,0.25,0.02,0.08,766,766,766,766,LOITER,1
28.928,takeoff to 20 m,nan,19.734,-0.126,-0.16,-0.00,96.16,0.27,-0.04,0.14,766,766,766,766,LOITER,1
28.948,takeoff to 20 m,nan,19.734,-0.126,-0.15,-0.00,96.16,0.32,-0.01,0.06,766,766,766,766,LOITER,1
28.968,takeoff to 20 m,nan,19.740,-0.123,-0.15,-0.00,96.16,0.34,0.07,0.11,766,766,766,766,LOITER,1
28.988,takeoff to 20 m,nan,19.740,-0.123,-0.14,-0.00,96.17,0.37,0.07,0.08,766,766,766,766,LOITER,1
29.008,takeoff to 20 m,nan,19.747,-0.119,-0.13,-0.00,96.17,0.39,-0.05,0.10,767,767,767,766,LOITER,1
29.028,takeoff to 20 m,nan,19.747,-0.119,-0.13,-0.00,96.17,0.44,-0.02,0.08,767,767,767,766,LOITER,1
29.048,takeoff to 20 m,nan,19.747,-0.119,-0.12,-0.00,96.17,0.43,0.04,0.12,767,767,767,766,LOITER,1
29.068,takeoff to 20 m,nan,19.753,-0.116,-0.11,-0.00,96.18,0.44,0.12,0.12,766,767,767,767,LOITER,1
29.088,takeoff to 20 m,nan,19.753,-0.116,-0.10,0.00,96.18,0.53,0.07,0.12,766,767,767,767,LOITER,1
29.108,takeoff to 20 m,nan,19.759,-0.114,-0.09,0.00,96.18,0.51,0.17,0.03,766,766,766,767,LOITER,1
29.128,takeoff to 20 m,nan,19.759,-0.114,-0.08,0.01,96.18,0.55,0.13,0.09,766,766,766,767,LOITER,1
29.148,takeoff to 20 m,nan,19.759,-0.114,-0.07,0.01,96.18,0.58,0.09,0.06,766,766,766,767,LOITER,1
29.168,takeoff to 20 m,nan,19.765,-0.110,-0.06,0.01,96.18,0.60,0.05,0.06,766,766,766,766,LOITER,1
29.188,takeoff to 20 m,nan,19.765,-0.110,-0.05,0.01,96.18,0.64,0.05,0.05,766,766,766,766,LOITER,1
29.208,takeoff to 20 m,nan,19.772,-0.107,-0.03,0.01,96.18,0.60,0.13,0.09,766,767,766,767,LOITER,1
29.228,takeoff to 20 m,nan,19.772,-0.107,-0.02,0.01,96.18,0.66,0.06,0.05,766,767,766,767,LOITER,1
29.248,takeoff to 20 m,nan,19.772,-0.107,-0.01,0.02,96.18,0.57,-0.02,0.07,766,767,766,767,LOITER,1
29.268,takeoff to 20 m,nan,19.778,-0.103,0.00,0.02,96.18,0.63,0.06,0.06,767,766,767,766,LOITER,1
29.288,takeoff to 20 m,nan,19.778,-0.103,0.01,0.02,96.18,0.53,0.08,0.04,767,766,767,766,LOITER,1
29.308,takeoff to 20 m,nan,19.783,-0.100,0.02,0.02,96.18,0.53,0.07,0.05,766,766,766,766,LOITER,1
29.328,takeoff to 20 m,nan,19.783,-0.100,0.04,0.02,96.18,0.56,0.06,0.03,766,766,766,766,LOITER,1
29.348,takeoff to 20 m,nan,19.783,-0.100,0.04,0.02,96.18,0.42,0.13,0.01,766,766,766,766,LOITER,1
29.368,takeoff to 20 m,nan,19.789,-0.097,0.05,0.03,96.18,0.35,0.13,0.09,766,766,766,766,LOITER,1
29.388,takeoff to 20 m,nan,19.789,-0.097,0.06,0.03,96.18,0.26,0.04,0.00,766,766,766,766,LOITER,1
29.408,takeoff to 20 m,nan,19.794,-0.093,0.06,0.03,96.18,0.22,-0.06,0.03,767,766,767,767,LOITER,1
29.428,takeoff to 20 m,nan,19.794,-0.093,0.07,0.03,96.18,0.26,-0.02,0.07,767,766,767,767,LOITER,1
29.448,takeoff to 20 m,nan,19.794,-0.093,0.08,0.03,96.18,0.24,0.10,0.05,767,766,767,767,LOITER,1
29.468,takeoff to 20 m,nan,19.799,-0.090,0.08,0.03,96.18,0.25,0.14,0.03,767,767,767,767,LOITER,1
29.488,takeoff to 20 m,nan,19.799,-0.090,0.09,0.03,96.18,0.15,0.11,0.04,767,767,767,767,LOITER,1
29.508,takeoff to 20 m,nan,19.804,-0.087,0.09,0.03,96.18,0.15,0.12,0.03,767,766,766,767,LOITER,1
29.528,takeoff to 20 m,nan,19.804,-0.087,0.09,0.04,96.19,0.09,0.16,-0.02,767,766,766,767,LOITER,1
29.548,takeoff to 20 m,nan,19.804,-0.087,0.09,0.04,96.19,-0.01,0.14,0.00,767,766,766,767,LOITER,1
29.568,takeoff to 20 m,nan,19.809,-0.084,0.09,0.04,96.19,-0.09,0.06,0.06,766,766,766,767,LOITER,1
29.588,takeoff to 20 m,nan,19.809,-0.084,0.09,0.04,96.19,-0.12,0.11,0.01,766,766,766,767,LOITER,1
29.608,takeoff to 20 m,nan,19.814,-0.081,0.09,0.04,96.20,-0.14,0.17,0.01,767,767,767,767,LOITER,1
29.628,takeoff to 20 m,nan,19.814,-0.081,0.09,0.05,96.20,-0.10,0.27,0.01,767,767,767,767,LOITER,1
29.648,takeoff to 20 m,nan,19.814,-0.081,0.09,0.05,96.20,-0.22,0.19,0.05,767,767,767,767,LOITER,1
29.668,takeoff to 20 m,nan,19.818,-0.079,0.08,0.05,96.21,-0.18,0.23,0.05,767,767,767,767,LOITER,1
29.688,takeoff to 20 m,nan,19.818,-0.079,0.08,0.06,96.21,-0.23,0.26,0.01,767,767,767,767,LOITER,1
29.708,takeoff to 20 m,nan,19.823,-0.076,0.08,0.06,96.22,-0.18,0.30,0.07,766,766,767,767,LOITER,1
29.728,takeoff to 20 m,nan,19.823,-0.076,0.07,0.07,96.22,-0.21,0.31,-0.01,766,766,767,767,LOITER,1
29.748,takeoff to 20 m,nan,19.823,-0.076,0.07,0.07,96.23,-0.22,0.30,-0.02,766,766,767,767,LOITER,1
29.768,takeoff to 20 m,nan,19.827,-0.074,0.06,0.08,96.23,-0.18,0.42,-0.02,766,766,767,767,LOITER,1
29.788,takeoff to 20 m,nan,19.827,-0.074,0.06,0.09,96.23,-0.22,0.45,-0.01,766,766,767,767,LOITER,1
29.808,takeoff to 20 m,nan,19.832,-0.071,0.06,0.10,96.24,-0.23,0.32,-0.03,767,767,768,767,LOITER,1
29.828,takeoff to 20 m,nan,19.832,-0.071,0.05,0.10,96.24,-0.29,0.37,-0.02,767,767,768,767,LOITER,1
29.848,takeoff to 20 m,nan,19.832,-0.071,0.05,0.11,96.25,-0.16,0.43,-0.09,767,767,768,767,LOITER,1
29.868,takeoff to 20 m,nan,19.836,-0.069,0.04,0.12,96.25,-0.12,0.48,-0.08,767,767,768,768,LOITER,1
29.888,takeoff to 20 m,nan,19.836,-0.069,0.04,0.13,96.25,-0.15,0.50,-0.05,767,767,768,768,LOITER,1
29.908,takeoff to 20 m,nan,19.840,-0.066,0.04,0.13,96.26,-0.12,0.46,-0.07,766,766,767,767,LOITER,1
29.932,takeoff to 20 m,nan,19.840,-0.066,0.04,0.14,96.26,-0.10,0.43,-0.06,766,766,767,767,LOITER,1
29.948,takeoff to 20 m,nan,19.840,-0.066,0.04,0.15,96.27,-0.10,0.46,-0.08,766,766,767,767,LOITER,1
29.968,takeoff to 20 m,nan,19.843,-0.064,0.03,0.16,96.27,-0.21,0.59,-0.13,766,766,767,767,LOITER,1
29.988,takeoff to 20 m,nan,19.843,-0.064,0.03,0.17,96.28,-0.12,0.48,-0.09,766,766,767,767,LOITER,1
30.008,takeoff to 20 m,nan,19.847,-0.062,0.03,0.18,96.28,-0.13,0.48,-0.11,768,768,768,769,LOITER,1
30.028,takeoff to 20 m,nan,19.847,-0.062,0.02,0.19,96.28,-0.15,0.49,-0.14,768,768,768,769,LOITER,1
30.048,takeoff to 20 m,nan,19.847,-0.062,0.02,0.20,96.29,-0.15,0.55,-0.12,768,768,768,769,LOITER,1
30.068,takeoff to 20 m,nan,19.850,-0.059,0.02,0.20,96.29,-0.24,0.42,-0.06,768,768,768,769,LOITER,1
30.088,takeoff to 20 m,nan,19.850,-0.059,0.01,0.21,96.29,-0.22,0.48,-0.11,768,768,768,769,LOITER,1
30.108,takeoff to 20 m,nan,19.853,-0.057,0.01,0.22,96.30,-0.17,0.50,-0.17,766,767,768,768,LOITER,1
30.128,takeoff to 20 m,nan,19.853,-0.057,0.00,0.23,96.30,-0.09,0.53,-0.17,766,767,768,768,LOITER,1
30.148,takeoff to 20 m,nan,19.853,-0.057,-0.00,0.24,96.30,-0.11,0.52,-0.20,766,767,768,768,LOITER,1
30.168,takeoff to 20 m,nan,19.856,-0.056,-0.00,0.25,96.30,-0.06,0.54,-0.18,767,767,767,768,LOITER,1
30.188,takeoff to 20 m,nan,19.856,-0.056,-0.01,0.26,96.30,-0.14,0.45,-0.26,767,767,767,768,LOITER,1
30.208,takeoff to 20 m,nan,19.858,-0.054,-0.01,0.27,96.30,-0.15,0.42,-0.20,768,769,770,769,LOITER,1
30.228,takeoff to 20 m,nan,19.858,-0.054,-0.01,0.27,96.30,-0.10,0.48,-0.27,768,769,770,769,LOITER,1
30.248,takeoff to 20 m,nan,19.858,-0.054,-0.01,0.28,96.30,-0.01,0.49,-0.23,768,769,770,769,LOITER,1
30.268,takeoff to 20 m,nan,19.861,-0.053,-0.01,0.29,96.30,0.07,0.41,-0.22,769,769,769,769,LOITER,1
30.288,takeoff to 20 m,nan,19.861,-0.053,-0.01,0.30,96.30,0.05,0.45,-0.23,769,769,769,769,LOITER,1
30.308,takeoff to 20 m,nan,19.864,-0.052,-0.01,0.31,96.30,0.11,0.33,-0.23,767,767,768,768,LOITER,1
30.328,takeoff to 20 m,nan,19.864,-0.052,-0.01,0.31,96.29,0.17,0.31,-0.25,767,767,768,768,LOITER,1
30.348,takeoff to 20 m,nan,19.864,-0.052,-0.00,0.32,96.29,0.09,0.34,-0.26,767,767,768,768,LOITER,1
30.368,takeoff to 20 m,nan,19.866,-0.051,-0.00,0.32,96.28,0.01,0.32,-0.26,767,767,768,768,LOITER,1
30.388,takeoff to 20 m,nan,19.866,-0.051,-0.00,0.33,96.28,0.02,0.27,-0.26,767,767,768,768,LOITER,1
30.408,takeoff to 20 m,nan,19.870,-0.050,-0.00,0.33,96.27,0.05,0.19,-0.25,769,768,769,769,LOITER,1
30.428,takeoff to 20 m,nan,19.870,-0.050,-0.00,0.34,96.26,0.02,0.28,-0.29,769,768,769,769,LOITER,1
30.448,takeoff to 20 m,nan,19.870,-0.050,-0.00,0.34,96.26,-0.08,0.17,-0.32,769,768,769,769,LOITER,1
30.468,takeoff to 20 m,nan,19.873,-0.049,-0.00,0.35,96.25,-0.03,0.16,-0.25,768,769,769,769,LOITER,1
30.488,takeoff to 20 m,nan,19.873,-0.049,-0.00,0.35,96.24,0.03,0.04,-0.27,768,769,769,769,LOITER,1
30.508,takeoff to 20 m,nan,19.876,-0.047,-0.00,0.35,96.23,0.05,-0.02,-0.29,767,767,767,767,LOITER,1
30.528,takeoff to 20 m,nan,19.876,-0.047,-0.00,0.35,96.22,0.01,-0.18,-0.32,767,767,767,767,LOITER,1
30.548,takeoff to 20 m,nan,19.876,-0.047,-0.00,0.34,96.21,-0.02,-0.17,-0.28,767,767,767,767,LOITER,1
30.568,takeoff to 20 m,nan,19.878,-0.046,-0.00,0.34,96.20,0.02,-0.11,-0.21,767,768,767,767,LOITER,1
30.588,takeoff to 20 m,nan,19.878,-0.046,0.00,0.34,96.19,0.03,-0.21,-0.29,767,768,767,767,LOITER,1
30.608,takeoff to 20 m,nan,19.881,-0.044,0.00,0.33,96.18,0.06,-0.42,-0.23,769,769,768,768,LOITER,1
30.628,takeoff to 20 m,nan,19.881,-0.044,0.00,0.33,96.17,0.07,-0.42,-0.22,769,769,768,768,LOITER,1
30.648,takeoff to 20 m,nan,19.881,-0.044,0.00,0.32,96.16,0.11,-0.44,-0.22,769,769,768,768,LOITER,1
30.668,takeoff to 20 m,nan,19.884,-0.043,0.01,0.31,96.15,0.05,-0.46,-0.22,769,769,768,768,LOITER,1
30.688,takeoff to 20 m,nan,19.884,-0.043,0.01,0.30,96.14,0.14,-0.45,-0.14,769,769,768,768,LOITER,1
30.708,takeoff to 20 m,nan,19.886,-0.041,0.01,0.29,96.13,-0.00,-0.54,-0.20,768,768,767,767,LOITER,1
30.728,takeoff to 20 m,nan,19.886,-0.041,0.01,0.28,96.12,-0.05,-0.64,-0.18,768,768,767,767,LOITER,1
30.748,takeoff to 20 m,nan,19.886,-0.041,0.01,0.27,96.11,-0.04,-0.64,-0.17,768,768,767,767,LOITER,1
30.768,takeoff to 20 m,nan,19.888,-0.040,0.01,0.26,96.10,0.02,-0.71,-0.12,768,769,767,767,LOITER,1
30.788,takeoff to 20 m,nan,19.888,-0.040,0.01,0.24,96.09,0.10,-0.83,-0.12,768,769,767,767,LOITER,1
30.808,takeoff to 20 m,nan,19.891,-0.038,0.01,0.23,96.08,0.08,-0.80,-0.11,769,770,768,768,LOITER,1
30.828,takeoff to 20 m,nan,19.891,-0.038,0.01,0.22,96.07,0.13,-0.86,-0.14,769,770,768,768,LOITER,1
30.848,takeoff to 20 m,nan,19.891,-0.038,0.02,0.20,96.06,0.13,-0.90,-0.07,769,770,768,768,LOITER,1
30.868,takeoff to 20 m,nan,19.892,-0.038,0.02,0.18,96.06,0.18,-0.90,-0.09,769,769,767,767,LOITER,1
30.888,takeoff to 20 m,nan,19.892,-0.038,0.02,0.17,96.05,0.13,-0.89,-0.00,769,769,767,767,LOITER,1
30.908,takeoff to 20 m,nan,19.895,-0.036,0.02,0.15,96.05,0.07,-0.97,0.04,770,770,768,767,LOITER,1
30.928,takeoff to 20 m,nan,19.895,-0.036,0.03,0.13,96.04,0.08,-0.98,-0.01,770,770,768,767,LOITER,1
30.948,takeoff to 20 m,nan,19.895,-0.036,0.03,0.11,96.04,0.06,-0.91,-0.03,770,770,768,767,LOITER,1
30.968,takeoff to 20 m,nan,19.897,-0.035,0.03,0.10,96.04,0.06,-0.93,0.09,770,770,767,768,LOITER,1
30.988,takeoff to 20 m,nan,19.897,-0.035,0.03,0.08,96.04,0.10,-0.94,0.08,770,770,767,768,LOITER,1
31.008,takeoff to 20 m,nan,19.899,-0.034,0.03,0.06,96.04,0.16,-0.90,0.12,769,769,767,767,LOITER,1
31.028,takeoff to 20 m,nan,19.899,-0.034,0.03,0.04,96.05,0.18,-0.97,0.18,769,769,767,767,LOITER,1
31.048,takeoff to 20 m,nan,19.899,-0.034,0.04,0.03,96.05,0.17,-0.84,0.18,769,769,767,767,LOITER,1
31.068,takeoff to 20 m,nan,19.901,-0.033,0.04,0.01,96.06,0.21,-0.85,0.09,768,769,767,767,LOITER,1
31.088,takeoff to 20 m,nan,19.901,-0.033,0.04,-0.01,96.07,0.28,-0.84,0.20,768,769,767,767,LOITER,1
31.108,takeoff to 20 m,nan,19.904,-0.032,0.05,-0.02,96.07,0.30,-0.82,0.17,769,769,768,767,LOITER,1
31.128,takeoff to 20 m,nan,19.904,-0.032,0.05,-0.04,96.08,0.38,-0.75,0.25,769,769,768,767,LOITER,1
31.148,takeoff to 20 m,nan,19.904,-0.032,0.06,-0.05,96.09,0.45,-0.69,0.25,769,769,768,767,LOITER,1
31.168,takeoff to 20 m,nan,19.907,-0.031,0.07,-0.07,96.10,0.41,-0.75,0.20,769,769,767,768,LOITER,1
31.188,takeoff to 20 m,nan,19.907,-0.031,0.08,-0.08,96.11,0.39,-0.76,0.23,769,769,767,768,LOITER,1
31.208,takeoff to 20 m,nan,19.909,-0.030,0.08,-0.10,96.12,0.38,-0.77,0.27,768,768,767,767,LOITER,1
31.228,takeoff to 20 m,nan,19.909,-0.030,0.09,-0.11,96.13,0.30,-0.68,0.30,768,768,767,767,LOITER,1
31.248,takeoff to 20 m,nan,19.909,-0.030,0.10,-0.13,96.14,0.40,-0.64,0.32,768,768,767,767,LOITER,1
31.268,takeoff to 20 m,nan,19.912,-0.029,0.10,-0.14,96.15,0.45,-0.51,0.30,768,767,767,767,LOITER,1
31.288,takeoff to 20 m,nan,19.912,-0.029,0.11,-0.15,96.16,0.48,-0.41,0.27,768,767,767,767,LOITER,1
31.308,takeoff to 20 m,nan,19.915,-0.027,0.12,-0.16,96.17,0.41,-0.47,0.26,768,767,768,768,LOITER,1
31.328,takeoff to 20 m,nan,19.915,-0.027,0.13,-0.16,96.18,0.33,-0.45,0.29,768,767,768,768,LOITER,1
31.348,takeoff to 20 m,nan,19.915,-0.027,0.13,-0.17,96.19,0.30,-0.39,0.24,768,767,768,768,LOITER,1
31.368,takeoff to 20 m,nan,19.917,-0.025,0.14,-0.18,96.20,0.31,-0.24,0.26,768,767,768,768,LOITER,1
31.388,takeoff to 20 m,nan,19.917,-0.025,0.14,-0.18,96.21,0.34,-0.26,0.27,768,767,768,768,LOITER,1
31.408,takeoff to 20 m,nan,19.920,-0.024,0.15,-0.19,96.21,0.33,-0.22,0.21,767,767,768,768,LOITER,1
31.428,takeoff to 20 m,nan,19.920,-0.024,0.16,-0.19,96.22,0.33,-0.20,0.21,767,767,768,768,LOITER,1
31.448,takeoff to 20 m,nan,19.920,-0.024,0.16,-0.20,96.23,0.28,-0.28,0.20,767,767,768,768,LOITER,1
31.468,takeoff to 20 m,nan,19.922,-0.022,0.17,-0.20,96.24,0.31,-0.09,0.20,767,766,769,767,LOITER,1
31.488,takeoff to 20 m,nan,19.922,-0.022,0.17,-0.20,96.24,0.35,0.05,0.19,767,766,769,767,LOITER,1
31.508,takeoff to 20 m,nan,19.925,-0.020,0.18,-0.20,96.25,0.33,-0.02,0.18,767,766,768,768,LOITER,1
31.528,takeoff to 20 m,nan,19.925,-0.020,0.19,-0.21,96.25,0.30,0.05,0.08,767,766,768,768,LOITER,1
31.548,takeoff to 20 m,nan,19.925,-0.020,0.19,-0.20,96.26,0.22,0.11,0.08,767,766,768,768,LOITER,1
31.568,takeoff to 20 m,nan,19.927,-0.019,0.20,-0.20,96.26,0.21,0.23,0.08,766,767,768,768,LOITER,1
31.588,takeoff to 20 m,nan,19.927,-0.019,0.20,-0.20,96.27,0.18,0.15,0.07,766,767,768,768,LOITER,1
31.608,takeoff to 20 m,nan,19.929,-0.017,0.20,-0.20,96.27,0.11,0.19,0.07,767,767,768,768,LOITER,1
31.628,takeoff to 20 m,nan,19.929,-0.017,0.21,-0.19,96.27,0.06,0.20,0.06,767,767,768,768,LOITER,1
31.648,takeoff to 20 m,nan,19.929,-0.017,0.21,-0.19,96.27,0.02,0.20,0.04,767,767,768,768,LOITER,1
31.668,takeoff to 20 m,nan,19.932,-0.015,0.21,-0.19,96.27,0.04,0.16,0.01,767,767,769,768,LOITER,1
31.688,takeoff to 20 m,nan,19.932,-0.015,0.21,-0.18,96.28,0.04,0.33,0.05,767,767,769,768,LOITER,1
31.708,takeoff to 20 m,nan,19.934,-0.013,0.21,-0.18,96.28,-0.04,0.26,0.04,767,767,769,768,LOITER,1
31.728,takeoff to 20 m,nan,19.934,-0.013,0.21,-0.17,96.28,-0.04,0.27,-0.04,767,767,769,768,LOITER,1
31.748,takeoff to 20 m,nan,19.934,-0.013,0.21,-0.17,96.28,-0.05,0.38,-0.01,767,767,769,768,LOITER,1
31.768,takeoff to 20 m,nan,19.937,-0.012,0.21,-0.16,96.28,-0.05,0.32,-0.05,767,767,768,768,LOITER,1
31.788,takeoff to 20 m,nan,19.937,-0.012,0.21,-0.15,96.28,-0.11,0.46,-0.01,767,767,768,768,LOITER,1
31.808,takeoff to 20 m,nan,19.939,-0.011,0.21,-0.14,96.28,-0.05,0.40,-0.09,767,766,768,768,LOITER,1
31.828,takeoff to 20 m,nan,19.939,-0.011,0.21,-0.14,96.27,-0.13,0.40,-0.12,767,766,768,768,LOITER,1
31.848,takeoff to 20 m,nan,19.939,-0.011,0.20,-0.13,96.27,-0.18,0.42,-0.11,767,766,768,768,LOITER,1
31.868,takeoff to 20 m,nan,19.941,-0.009,0.20,-0.12,96.27,-0.22,0.45,-0.13,767,767,768,768,LOITER,1
31.888,takeoff to 20 m,nan,19.941,-0.009,0.20,-0.11,96.27,-0.13,0.52,-0.06,767,767,768,768,LOITER,1
31.908,takeoff to 20 m,nan,19.943,-0.007,0.19,-0.10,96.27,-0.27,0.40,-0.10,767,767,768,768,LOITER,1
31.928,takeoff to 20 m,nan,19.943,-0.007,0.19,-0.10,96.27,-0.25,0.40,-0.14,767,767,768,768,LOITER,1
31.948,takeoff to 20 m,nan,19.943,-0.007,0.18,-0.09,96.27,-0.27,0.36,-0.15,767,767,768,768,LOITER,1
31.968,takeoff to 20 m,nan,19.945,-0.005,0.18,-0.08,96.26,-0.30,0.35,-0.17,767,767,768,768,LOITER,1
31.988,takeoff to 20 m,nan,19.945,-0.005,0.17,-0.07,96.26,-0.28,0.41,-0.17,767,767,768,768,LOITER,1
32.008,takeoff to 20 m,nan,19.947,-0.004,0.16,-0.07,96.26,-0.35,0.37,-0.21,767,767,768,768,LOITER,1
32.028,takeoff to 20 m,nan,19.947,-0.004,0.16,-0.06,96.26,-0.33,0.37,-0.18,767,767,768,768,LOITER,1
32.048,takeoff to 20 m,nan,19.947,-0.004,0.15,-0.05,96.25,-0.35,0.39,-0.17,767,767,768,768,LOITER,1
32.068,takeoff to 20 m,nan,19.948,-0.002,0.14,-0.05,96.25,-0.33,0.34,-0.16,767,768,768,768,LOITER,1
32.088,takeoff to 20 m,nan,19.948,-0.002,0.14,-0.04,96.25,-0.32,0.30,-0.24,767,768,768,768,LOITER,1
32.108,takeoff to 20 m,nan,19.949,-0.001,0.13,-0.03,96.24,-0.30,0.31,-0.15,768,768,768,768,LOITER,1
32.128,takeoff to 20 m,nan,19.949,-0.001,0.12,-0.03,96.24,-0.35,0.36,-0.22,768,768,768,768,LOITER,1
32.148,takeoff to 20 m,nan,19.949,-0.001,0.12,-0.02,96.24,-0.28,0.31,-0.20,768,768,768,768,LOITER,1
32.168,takeoff to 20 m,nan,19.950,-0.000,0.11,-0.01,96.24,-0.27,0.29,-0.21,768,768,768,768,LOITER,1
32.188,takeoff to 20 m,nan,19.950,-0.000,0.10,-0.01,96.23,-0.31,0.33,-0.16,768,768,768,768,LOITER,1
32.208,takeoff to 20 m,nan,19.950,0.001,0.10,-0.00,96.23,-0.19,0.26,-0.15,768,768,769,768,LOITER,1
32.228,takeoff to 20 m,nan,19.950,0.001,0.10,0.00,96.23,-0.12,0.29,-0.20,768,768,769,768,LOITER,1
32.248,takeoff to 20 m,nan,19.950,0.001,0.09,0.01,96.22,0.04,0.22,-0.19,768,768,769,768,LOITER,1
32.268,takeoff to 20 m,nan,19.951,0.002,0.09,0.01,96.22,0.02,0.24,-0.19,769,768,769,768,LOITER,1
32.288,takeoff to 20 m,nan,19.951,0.002,0.10,0.02,96.21,0.08,0.33,-0.21,769,768,769,768,LOITER,1
32.308,takeoff to 20 m,nan,19.951,0.002,0.09,0.02,96.21,-0.10,0.27,-0.20,769,769,769,769,LOITER,1
32.328,takeoff to 20 m,nan,19.951,0.002,0.09,0.03,96.21,-0.08,0.25,-0.18,769,769,769,769,LOITER,1
32.348,takeoff to 20 m,nan,19.951,0.002,0.09,0.03,96.20,-0.05,0.34,-0.18,769,769,769,769,LOITER,1
32.368,takeoff to 20 m,nan,19.950,0.003,0.09,0.04,96.20,0.02,0.27,-0.19,769,770,769,769,LOITER,1
32.388,takeoff to 20 m,nan,19.950,0.003,0.09,0.04,96.20,-0.02,0.22,-0.12,769,770,769,769,LOITER,1
32.408,takeoff to 20 m,nan,19.950,0.002,0.09,0.05,96.20,-0.07,0.26,-0.19,769,770,769,769,LOITER,1
32.428,takeoff to 20 m,nan,19.950,0.002,0.09,0.05,96.19,-0.03,0.20,-0.18,769,770,769,769,LOITER,1
32.448,takeoff to 20 m,nan,19.950,0.002,0.09,0.06,96.19,-0.02,0.19,-0.14,769,770,769,769,LOITER,1
32.468,takeoff to 20 m,nan,19.949,0.002,0.09,0.06,96.19,-0.05,0.20,-0.12,770,770,769,770,LOITER,1
32.488,takeoff to 20 m,nan,19.949,0.002,0.08,0.06,96.19,-0.15,0.10,-0.09,770,770,769,770,LOITER,1
32.508,takeoff to 20 m,nan,19.948,0.001,0.08,0.07,96.19,-0.19,0.01,-0.07,770,770,770,769,LOITER,1
32.528,takeoff to 20 m,nan,19.948,0.001,0.08,0.07,96.19,-0.19,0.11,-0.11,770,770,770,769,LOITER,1
32.548,takeoff to 20 m,nan,19.948,0.001,0.07,0.07,96.18,-0.14,0.07,-0.17,770,770,770,769,LOITER,1
32.568,takeoff to 20 m,nan,19.947,0.001,0.07,0.07,96.18,-0.10,0.11,-0.05,770,770,770,770,LOITER,1
32.588,takeoff to 20 m,nan,19.947,0.001,0.07,0.07,96.18,-0.08,0.01,-0.11,770,770,770,770,LOITER,1
32.608,takeoff to 20 m,nan,19.946,-0.000,0.07,0.07,96.18,-0.11,-0.01,-0.14,771,770,770,770,LOITER,1
32.628,takeoff to 20 m,nan,19.946,-0.000,0.06,0.07,96.18,-0.19,-0.03,-0.06,771,770,770,770,LOITER,1
32.648,takeoff to 20 m,nan,19.946,-0.000,0.06,0.07,96.18,-0.12,-0.08,-0.08,771,770,770,770,LOITER,1
32.668,takeoff to 20 m,nan,19.945,-0.002,0.06,0.07,96.18,-0.17,0.02,-0.08,771,770,770,770,LOITER,1
32.688,takeoff to 20 m,nan,19.945,-0.002,0.05,0.07,96.18,-0.19,0.01,-0.06,771,770,770,770,LOITER,1
32.708,takeoff to 20 m,nan,19.944,-0.003,0.05,0.07,96.18,-0.13,-0.11,-0.02,771,770,770,770,LOITER,1
32.728,takeoff to 20 m,nan,19.944,-0.003,0.05,0.07,96.18,-0.13,-0.14,-0.07,771,770,770,770,LOITER,1
32.748,takeoff to 20 m,nan,19.944,-0.003,0.05,0.07,96.18,-0.17,0.02,-0.04,771,770,770,770,LOITER,1
32.768,takeoff to 20 m,nan,19.944,-0.004,0.04,0.07,96.18,-0.26,-0.19,-0.08,770,771,770,770,LOITER,1
32.788,takeoff to 20 m,nan,19.944,-0.004,0.04,0.06,96.18,-0.25,-0.18,-0.04,770,771,770,770,LOITER,1
32.808,takeoff to 20 m,nan,19.943,-0.005,0.03,0.06,96.19,-0.33,-0.08,-0.01,770,771,770,770,LOITER,1
32.828,takeoff to 20 m,nan,19.943,-0.005,0.02,0.06,96.19,-0.29,-0.14,-0.03,770,771,770,770,LOITER,1
32.828,hover 20 m settled,nan,19.943,-0.005,0.02,0.06,96.19,-0.29,-0.14,-0.03,770,771,770,770,LOITER,1
32.848,hover 20 m settled,nan,19.943,-0.005,0.02,0.06,96.19,-0.29,-0.23,-0.01,770,771,770,770,LOITER,1
32.868,hover 20 m settled,nan,19.942,-0.007,0.01,0.05,96.19,-0.41,-0.18,0.03,771,770,770,770,LOITER,1
32.888,hover 20 m settled,nan,19.942,-0.007,0.01,0.05,96.20,-0.48,-0.26,0.03,771,770,770,770,LOITER,1
32.908,hover 20 m settled,nan,19.942,-0.008,-0.00,0.04,96.20,-0.38,-0.20,-0.01,770,770,770,770,LOITER,1
32.928,hover 20 m settled,nan,19.942,-0.008,-0.01,0.04,96.20,-0.36,-0.17,-0.02,770,770,770,770,LOITER,1
32.948,hover 20 m settled,nan,19.942,-0.008,-0.02,0.04,96.20,-0.40,-0.23,-0.00,770,770,770,770,LOITER,1
32.968,hover 20 m settled,nan,19.941,-0.010,-0.02,0.03,96.20,-0.40,-0.25,-0.03,770,770,770,770,LOITER,1
32.988,hover 20 m settled,nan,19.941,-0.010,-0.03,0.03,96.20,-0.46,-0.30,-0.03,770,770,770,770,LOITER,1
33.008,hover 20 m settled,nan,19.941,-0.010,-0.04,0.02,96.20,-0.38,-0.18,-0.08,770,770,770,770,LOITER,1
33.028,hover 20 m settled,nan,19.941,-0.010,-0.05,0.02,96.21,-0.46,-0.20,-0.04,770,770,770,770,LOITER,1
33.048,hover 20 m settled,nan,19.941,-0.010,-0.06,0.01,96.21,-0.38,-0.18,-0.04,770,770,770,770,LOITER,1
33.068,hover 20 m settled,nan,19.942,-0.012,-0.06,0.01,96.21,-0.43,-0.22,0.03,769,770,770,770,LOITER,1
33.088,hover 20 m settled,nan,19.942,-0.012,-0.07,0.01,96.21,-0.36,-0.23,-0.00,769,770,770,770,LOITER,1
33.108,hover 20 m settled,nan,19.942,-0.013,-0.08,0.00,96.21,-0.35,-0.16,-0.01,769,770,770,770,LOITER,1
33.128,hover 20 m settled,nan,19.942,-0.013,-0.08,-0.00,96.21,-0.24,-0.24,0.03,769,770,770,770,LOITER,1
33.148,hover 20 m settled,nan,19.942,-0.013,-0.09,-0.01,96.20,-0.15,-0.17,-0.05,769,770,770,770,LOITER,1
33.168,hover 20 m settled,nan,19.943,-0.013,-0.09,-0.01,96.20,-0.08,-0.13,0.05,769,769,770,769,LOITER,1
33.188,hover 20 m settled,nan,19.943,-0.013,-0.09,-0.01,96.20,-0.06,-0.06,-0.04,769,769,770,769,LOITER,1
33.208,hover 20 m settled,nan,19.943,-0.014,-0.09,-0.01,96.20,-0.04,-0.07,-0.02,769,769,769,769,LOITER,1
33.228,hover 20 m settled,nan,19.943,-0.014,-0.09,-0.01,96.20,-0.09,-0.12,-0.08,769,769,769,769,LOITER,1
33.248,hover 20 m settled,nan,19.943,-0.014,-0.10,-0.02,96.20,-0.05,-0.07,-0.07,769,769,769,769,LOITER,1
33.268,hover 20 m settled,nan,19.944,-0.014,-0.10,-0.02,96.19,0.04,-0.07,-0.03,769,769,769,769,LOITER,1
33.288,hover 20 m settled,nan,19.944,-0.014,-0.10,-0.02,96.19,-0.06,-0.03,-0.03,769,769,769,769,LOITER,1
33.308,hover 20 m settled,nan,19.945,-0.013,-0.10,-0.02,96.19,-0.05,-0.07,-0.03,769,769,769,769,LOITER,1
33.328,hover 20 m settled,nan,19.945,-0.013,-0.10,-0.02,96.19,-0.02,0.01,-0.02,769,769,769,769,LOITER,1
33.348,hover 20 m settled,nan,19.945,-0.013,-0.10,-0.02,96.18,-0.00,0.01,-0.05,769,769,769,769,LOITER,1
33.368,hover 20 m settled,nan,19.945,-0.013,-0.10,-0.02,96.18,-0.01,0.08,-0.02,769,769,769,769,LOITER,1
33.388,hover 20 m settled,nan,19.945,-0.013,-0.10,-0.02,96.18,0.04,0.10,-0.06,769,769,769,769,LOITER,1
33.408,hover 20 m settled,nan,19.945,-0.013,-0.10,-0.02,96.18,-0.00,0.11,-0.05,769,769,769,769,LOITER,1
33.428,hover 20 m settled,nan,19.945,-0.013,-0.10,-0.02,96.17,0.01,0.08,-0.03,769,769,769,769,LOITER,1
33.448,hover 20 m settled,nan,19.945,-0.013,-0.10,-0.01,96.17,0.12,0.22,-0.07,769,769,769,769,LOITER,1
33.468,hover 20 m settled,nan,19.946,-0.012,-0.10,-0.01,96.17,0.12,0.26,-0.02,769,770,769,769,LOITER,1
33.488,hover 20 m settled,nan,19.946,-0.012,-0.09,-0.01,96.16,0.20,0.21,0.01,769,770,769,769,LOITER,1
33.508,hover 20 m settled,nan,19.947,-0.012,-0.09,-0.00,96.16,0.19,0.32,-0.00,769,770,769,769,LOITER,1
33.528,hover 20 m settled,nan,19.947,-0.012,-0.09,0.00,96.16,0.29,0.30,-0.08,769,770,769,769,LOITER,1
33.548,hover 20 m settled,nan,19.947,-0.012,-0.08,0.01,96.16,0.32,0.26,-0.02,769,770,769,769,LOITER,1
33.568,hover 20 m settled,nan,19.947,-0.012,-0.08,0.02,96.15,0.29,0.27,-0.03,769,769,769,769,LOITER,1
33.588,hover 20 m settled,nan,19.947,-0.012,-0.07,0.02,96.15,0.32,0.36,-0.04,769,769,769,769,LOITER,1
33.608,hover 20 m settled,nan,19.948,-0.012,-0.06,0.03,96.15,0.41,0.36,0.00,769,769,769,769,LOITER,1
33.628,hover 20 m settled,nan,19.948,-0.012,-0.06,0.03,96.14,0.34,0.36,-0.02,769,769,769,769,LOITER,1
33.648,hover 20 m settled,nan,19.948,-0.012,-0.05,0.04,96.14,0.37,0.30,-0.04,769,769,769,769,LOITER,1
33.668,hover 20 m settled,nan,19.949,-0.012,-0.04,0.05,96.14,0.44,0.35,-0.01,769,769,769,768,LOITER,1
33.688,hover 20 m settled,nan,19.949,-0.012,-0.03,0.05,96.14,0.46,0.34,0.01,769,769,769,768,LOITER,1
33.708,hover 20 m settled,nan,19.950,-0.011,-0.03,0.06,96.14,0.38,0.28,-0.02,769,769,769,768,LOITER,1
33.728,hover 20 m settled,nan,19.950,-0.011,-0.02,0.07,96.13,0.41,0.35,0.02,769,769,769,768,LOITER,1
33.748,hover 20 m settled,nan,19.950,-0.011,-0.01,0.07,96.13,0.47,0.27,0.02,769,769,769,768,LOITER,1
33.768,hover 20 m settled,nan,19.950,-0.011,-0.00,0.08,96.13,0.40,0.24,-0.00,769,769,768,769,LOITER,1
33.788,hover 20 m settled,nan,19.950,-0.011,0.01,0.08,96.13,0.45,0.27,0.03,769,769,768,769,LOITER,1
33.808,hover 20 m settled,nan,19.951,-0.011,0.01,0.09,96.13,0.36,0.37,-0.03,769,770,768,769,LOITER,1
33.828,hover 20 m settled,nan,19.951,-0.011,0.02,0.09,96.13,0.29,0.24,0.01,769,770,768,769,LOITER,1
33.848,hover 20 m settled,nan,19.951,-0.011,0.03,0.10,96.13,0.25,0.15,0.03,769,770,768,769,LOITER,1
33.868,hover 20 m settled,nan,19.951,-0.010,0.03,0.10,96.13,0.27,0.23,0.10,770,769,769,768,LOITER,1
33.888,hover 20 m settled,nan,19.951,-0.010,0.04,0.10,96.14,0.21,0.27,0.06,770,769,769,768,LOITER,1
33.908,hover 20 m settled,nan,19.952,-0.010,0.04,0.11,96.14,0.14,0.19,0.09,769,769,768,769,LOITER,1
33.928,hover 20 m settled,nan,19.952,-0.010,0.04,0.11,96.14,0.03,0.11,0.08,769,769,768,769,LOITER,1
33.948,hover 20 m settled,nan,19.952,-0.010,0.04,0.11,96.14,0.08,0.11,0.04,769,769,768,769,LOITER,1
33.968,hover 20 m settled,nan,19.953,-0.009,0.05,0.12,96.14,0.00,0.15,0.08,769,769,768,769,LOITER,1
33.988,hover 20 m settled,nan,19.953,-0.009,0.05,0.12,96.15,-0.05,0.08,0.04,769,769,768,769,LOITER,1
34.008,hover 20 m settled,nan,19.954,-0.009,0.05,0.12,96.15,-0.04,0.10,0.10,769,769,768,769,LOITER,1
34.028,hover 20 m settled,nan,19.954,-0.009,0.05,0.12,96.15,-0.10,0.08,0.03,769,769,768,769,LOITER,1
34.048,hover 20 m settled,nan,19.954,-0.009,0.04,0.12,96.16,-0.17,-0.05,0.04,769,769,768,769,LOITER,1
34.068,hover 20 m settled,nan,19.955,-0.009,0.04,0.12,96.16,-0.25,-0.05,0.09,769,769,769,768,LOITER,1
34.088,hover 20 m settled,nan,19.955,-0.009,0.04,0.12,96.16,-0.17,0.01,0.14,769,769,769,768,LOITER,1
34.108,hover 20 m settled,nan,19.956,-0.008,0.03,0.12,96.17,-0.33,-0.01,0.12,769,769,768,768,LOITER,1
34.128,hover 20 m settled,nan,19.956,-0.008,0.03,0.12,96.17,-0.39,-0.02,0.09,769,769,768,768,LOITER,1
34.148,hover 20 m settled,nan,19.956,-0.008,0.02,0.12,96.17,-0.52,-0.12,0.05,769,769,768,768,LOITER,1
34.168,hover 20 m settled,nan,19.957,-0.007,0.01,0.12,96.17,-0.54,-0.04,0.04,768,769,769,768,LOITER,1
34.188,hover 20 m settled,nan,19.957,-0.007,0.00,0.12,96.18,-0.50,-0.02,0.12,768,769,769,768,LOITER,1
34.208,hover 20 m settled,nan,19.958,-0.007,-0.01,0.11,96.18,-0.53,-0.09,0.12,768,768,768,768,LOITER,1
34.228,hover 20 m settled,nan,19.958,-0.007,-0.02,0.11,96.18,-0.58,-0.26,0.11,768,768,768,768,LOITER,1
34.248,hover 20 m settled,nan,19.958,-0.007,-0.03,0.11,96.18,-0.59,-0.14,0.06,768,768,768,768,LOITER,1
34.268,hover 20 m settled,nan,19.959,-0.006,-0.04,0.11,96.19,-0.62,-0.08,0.08,768,768,768,769,LOITER,1
34.288,hover 20 m settled,nan,19.959,-0.006,-0.05,0.10,96.19,-0.65,-0.06,0.10,768,768,768,769,LOITER,1
34.308,hover 20 m settled,nan,19.961,-0.005,-0.06,0.10,96.19,-0.67,-0.10,0.05,768,768,768,768,LOITER,1
34.328,hover 20 m settled,nan,19.961,-0.005,-0.08,0.10,96.19,-0.74,-0.14,0.02,768,768,768,768,LOITER,1
34.348,hover 20 m settled,nan,19.961,-0.005,-0.09,0.10,96.19,-0.73,-0.15,0.10,768,768,768,768,LOITER,1
34.368,hover 20 m settled,nan,19.962,-0.004,-0.10,0.10,96.19,-0.71,-0.20,0.12,768,768,768,768,LOITER,1
34.388,hover 20 m settled,nan,19.962,-0.004,-0.12,0.09,96.19,-0.62,-0.20,0.01,768,768,768,768,LOITER,1
34.408,hover 20 m settled,nan,19.962,-0.003,-0.13,0.09,96.19,-0.64,-0.21,0.10,768,768,769,768,LOITER,1
34.428,hover 20 m settled,nan,19.962,-0.003,-0.14,0.09,96.19,-0.57,-0.19,0.08,768,768,769,768,LOITER,1
34.448,hover 20 m settled,nan,19.962,-0.003,-0.15,0.08,96.19,-0.49,-0.31,0.08,768,768,769,768,LOITER,1
34.468,hover 20 m settled,nan,19.963,-0.002,-0.16,0.07,96.19,-0.46,-0.36,0.01,768,768,769,768,LOITER,1
34.488,hover 20 m settled,nan,19.963,-0.002,-0.17,0.07,96.19,-0.41,-0.29,0.07,768,768,769,768,LOITER,1
34.508,hover 20 m settled,nan,19.964,-0.001,-0.17,0.06,96.19,-0.26,-0.39,0.02,769,768,769,769,LOITER,1
34.528,hover 20 m settled,nan,19.964,-0.001,-0.18,0.06,96.19,-0.26,-0.37,0.00,769,768,769,769,LOITER,1
34.548,hover 20 m settled,nan,19.964,-0.001,-0.18,0.05,96.19,-0.33,-0.34,0.04,769,768,769,769,LOITER,1
34.568,hover 20 m settled,nan,19.965,-0.001,-0.19,0.04,96.19,-0.32,-0.40,-0.04,768,768,769,769,LOITER,1
34.588,hover 20 m settled,nan,19.965,-0.001,-0.19,0.03,96.18,-0.27,-0.48,0.06,768,768,769,769,LOITER,1
34.608,hover 20 m settled,nan,19.965,0.000,-0.20,0.02,96.18,-0.20,-0.51,0.00,769,768,769,769,LOITER,1
34.628,hover 20 m settled,nan,19.965,0.000,-0.20,0.01,96.18,-0.30,-0.40,-0.00,769,768,769,769,LOITER,1
34.648,hover 20 m settled,nan,19.965,0.000,-0.21,0.01,96.18,-0.25,-0.35,0.00,769,768,769,769,LOITER,1
34.668,hover 20 m settled,nan,19.965,0.001,-0.21,0.00,96.17,-0.29,-0.45,-0.02,769,769,769,769,LOITER,1
34.688,hover 20 m settled,nan,19.965,0.001,-0.22,-0.01,96.17,-0.18,-0.53,0.04,769,769,769,769,LOITER,1
34.708,hover 20 m settled,nan,19.965,0.001,-0.22,-0.02,96.17,-0.17,-0.53,0.06,769,769,769,769,LOITER,1
34.728,hover 20 m settled,nan,19.965,0.001,-0.22,-0.03,96.17,-0.13,-0.48,-0.00,769,769,769,769,LOITER,1
34.748,hover 20 m settled,nan,19.965,0.001,-0.23,-0.04,96.17,-0.16,-0.55,-0.01,769,769,769,769,LOITER,1
34.768,hover 20 m settled,nan,19.965,0.002,-0.23,-0.05,96.16,-0.11,-0.50,0.02,769,769,769,769,LOITER,1
34.788,hover 20 m settled,nan,19.965,0.002,-0.23,-0.06,96.16,-0.06,-0.46,0.03,769,769,769,769,LOITER,1
34.808,hover 20 m settled,nan,19.965,0.002,-0.23,-0.07,96.16,-0.01,-0.46,0.06,769,769,770,769,LOITER,1
34.828,hover 20 m settled,nan,19.965,0.002,-0.23,-0.07,96.16,0.02,-0.31,0.00,769,769,770,769,LOITER,1
34.848,hover 20 m settled,nan,19.965,0.002,-0.23,-0.08,96.16,0.06,-0.29,0.03,769,769,770,769,LOITER,1
34.868,hover 20 m settled,nan,19.964,0.002,-0.23,-0.09,96.16,0.17,-0.31,0.03,770,769,769,769,LOITER,1
34.888,hover 20 m settled,nan,19.964,0.002,-0.22,-0.09,96.16,0.23,-0.17,0.04,770,769,769,769,LOITER,1
34.908,hover 20 m settled,nan,19.964,0.002,-0.22,-0.09,96.16,0.21,-0.14,0.04,770,770,770,769,LOITER,1
34.928,hover 20 m settled,nan,19.964,0.002,-0.22,-0.10,96.16,0.26,-0.12,0.06,770,770,770,769,LOITER,1
34.948,hover 20 m settled,nan,19.964,0.002,-0.21,-0.10,96.16,0.35,-0.09,0.08,770,770,770,769,LOITER,1
34.968,hover 20 m settled,nan,19.964,0.001,-0.20,-0.10,96.16,0.37,0.04,-0.02,770,770,769,770,LOITER,1
34.988,hover 20 m settled,nan,19.964,0.001,-0.19,-0.10,96.17,0.38,0.01,0.01,770,770,769,770,LOITER,1
35.008,hover 20 m settled,nan,19.964,0.001,-0.19,-0.10,96.17,0.38,0.07,0.06,770,770,769,769,LOITER,1
35.028,hover 20 m settled,nan,19.964,0.001,-0.18,-0.10,96.17,0.37,0.08,0.06,770,770,769,769,LOITER,1
35.048,hover 20 m settled,nan,19.964,0.001,-0.17,-0.10,96.18,0.37,0.12,0.12,770,770,769,769,LOITER,1
35.068,hover 20 m settled,nan,19.964,0.000,-0.17,-0.10,96.18,0.36,0.19,0.07,769,770,769,769,LOITER,1
35.088,hover 20 m settled,nan,19.964,0.000,-0.16,-0.09,96.19,0.38,0.28,0.06,769,770,769,769,LOITER,1
35.108,hover 20 m settled,nan,19.964,-0.000,-0.15,-0.09,96.19,0.47,0.23,0.00,769,769,769,769,LOITER,1
35.128,hover 20 m settled,nan,19.964,-0.000,-0.14,-0.09,96.20,0.43,0.17,0.07,769,769,769,769,LOITER,1
35.148,hover 20 m settled,nan,19.964,-0.000,-0.13,-0.08,96.20,0.51,0.27,0.06,769,769,769,769,LOITER,1
35.168,hover 20 m settled,nan,19.964,-0.000,-0.12,-0.08,96.21,0.53,0.34,0.07,769,769,769,770,LOITER,1
35.188,hover 20 m settled,nan,19.964,-0.000,-0.11,-0.07,96.21,0.60,0.28,0.04,769,769,769,770,LOITER,1
35.208,hover 20 m settled,nan,19.965,-0.001,-0.10,-0.07,96.21,0.60,0.27,0.10,769,769,769,769,LOITER,1
35.228,hover 20 m settled,nan,19.965,-0.001,-0.09,-0.06,96.22,0.60,0.28,0.08,769,769,769,769,LOITER,1
35.248,hover 20 m settled,nan,19.965,-0.001,-0.08,-0.06,96.22,0.53,0.21,0.01,769,769,769,769,LOITER,1
35.268,hover 20 m settled,nan,19.965,-0.001,-0.07,-0.05,96.22,0.55,0.25,0.05,769,768,770,769,LOITER,1
35.288,hover 20 m settled,nan,19.965,-0.001,-0.06,-0.05,96.23,0.57,0.36,-0.00,769,768,770,769,LOITER,1
35.308,hover 20 m settled,nan,19.965,-0.001,-0.05,-0.04,96.23,0.50,0.32,0.04,769,769,769,769,LOITER,1
35.328,hover 20 m settled,nan,19.965,-0.001,-0.04,-0.03,96.23,0.54,0.26,0.01,769,769,769,769,LOITER,1
35.348,hover 20 m settled,nan,19.965,-0.001,-0.03,-0.03,96.23,0.38,0.33,0.01,769,769,769,769,LOITER,1
35.368,hover 20 m settled,nan,19.966,-0.001,-0.02,-0.02,96.23,0.42,0.27,0.04,768,769,769,769,LOITER,1
35.388,hover 20 m settled,nan,19.966,-0.001,-0.02,-0.02,96.23,0.45,0.24,-0.02,768,769,769,769,LOITER,1
35.448,hover 20 m settled,nan,19.966,-0.000,-0.01,-0.02,96.23,0.59,0.07,0.02,768,769,769,769,LOITER,1
35.464,hover 20 m settled,nan,19.966,-0.000,0.00,-0.02,96.23,0.68,-0.04,-0.04,769,768,769,769,LOITER,1
35.484,hover 20 m settled,nan,19.966,-0.000,0.01,-0.02,96.22,0.72,0.09,0.02,769,768,769,769,LOITER,1
35.504,hover 20 m settled,nan,19.966,0.000,0.03,-0.01,96.22,0.61,0.19,-0.01,769,769,769,770,LOITER,1
35.524,hover 20 m settled,nan,19.966,0.000,0.04,-0.01,96.22,0.48,0.18,0.00,769,769,769,770,LOITER,1
35.544,hover 20 m settled,nan,19.966,0.000,0.05,-0.01,96.22,0.47,0.09,-0.07,769,769,769,770,LOITER,1
35.564,hover 20 m settled,nan,19.966,0.000,0.06,-0.00,96.22,0.42,0.11,-0.05,769,768,769,769,LOITER,1
35.584,hover 20 m settled,nan,19.966,0.000,0.06,-0.00,96.22,0.35,0.07,-0.09,769,768,769,769,LOITER,1
35.604,hover 20 m settled,nan,19.966,0.001,0.07,0.00,96.21,0.38,0.14,-0.09,769,769,769,770,LOITER,1
35.624,hover 20 m settled,nan,19.966,0.001,0.08,0.00,96.21,0.33,0.05,-0.12,769,769,769,770,LOITER,1
35.644,hover 20 m settled,nan,19.966,0.001,0.08,0.00,96.20,0.35,0.02,-0.07,769,769,769,770,LOITER,1
35.664,hover 20 m settled,nan,19.966,0.001,0.09,0.01,96.20,0.32,0.03,-0.06,769,769,769,769,LOITER,1
35.684,hover 20 m settled,nan,19.966,0.001,0.10,0.01,96.19,0.25,-0.02,-0.07,769,769,769,769,LOITER,1
35.704,hover 20 m settled,nan,19.966,0.001,0.10,0.01,96.18,0.33,-0.13,-0.08,770,769,770,769,LOITER,1
35.724,hover 20 m settled,nan,19.966,0.001,0.11,0.00,96.18,0.30,-0.06,-0.06,770,769,770,769,LOITER,1
35.744,hover 20 m settled,nan,19.966,0.001,0.12,0.00,96.17,0.28,-0.12,-0.08,770,769,770,769,LOITER,1
35.764,hover 20 m settled,nan,19.966,0.001,0.12,0.00,96.16,0.28,-0.22,-0.10,770,769,769,769,LOITER,1
35.784,hover 20 m settled,nan,19.966,0.001,0.13,-0.00,96.16,0.25,-0.20,-0.03,770,769,769,769,LOITER,1
35.804,hover 20 m settled,nan,19.966,0.001,0.13,-0.00,96.15,0.18,-0.15,0.01,769,770,769,769,LOITER,1
35.824,hover 20 m settled,nan,19.966,0.001,0.13,-0.01,96.15,0.20,-0.25,-0.05,769,770,769,769,LOITER,1
35.844,hover 20 m settled,nan,19.966,0.000,0.14,-0.01,96.14,0.15,-0.21,-0.02,769,770,769,769,LOITER,1
35.864,hover 20 m settled,nan,19.966,0.000,0.14,-0.01,96.14,0.16,-0.17,0.00,770,770,769,769,LOITER,1
35.884,hover 20 m settled,nan,19.966,0.000,0.14,-0.02,96.14,0.16,-0.18,0.01,770,770,769,769,LOITER,1
35.904,hover 20 m settled,nan,19.966,-0.000,0.15,-0.02,96.13,0.19,-0.16,0.01,770,769,769,769,LOITER,1
35.924,hover 20 m settled,nan,19.966,-0.000,0.15,-0.02,96.13,0.24,-0.18,0.09,770,769,769,769,LOITER,1
35.944,hover 20 m settled,nan,19.966,-0.000,0.16,-0.03,96.13,0.14,-0.17,-0.01,770,769,769,769,LOITER,1
35.964,hover 20 m settled,nan,19.966,-0.000,0.16,-0.03,96.13,0.16,-0.15,0.04,769,770,769,769,LOITER,1
35.984,hover 20 m settled,nan,19.966,-0.000,0.16,-0.03,96.13,0.13,-0.16,0.03,769,770,769,769,LOITER,1
36.004,hover 20 m settled,nan,19.967,-0.000,0.17,-0.04,96.13,0.20,-0.30,0.07,770,769,769,769,LOITER,1
36.024,hover 20 m settled,nan,19.967,-0.000,0.17,-0.04,96.13,0.05,-0.31,0.10,770,769,769,769,LOITER,1
36.044,hover 20 m settled,nan,19.967,-0.001,0.17,-0.05,96.13,0.05,-0.26,0.09,770,769,769,769,LOITER,1
36.064,hover 20 m settled,nan,19.967,-0.001,0.17,-0.05,96.13,0.03,-0.26,0.04,769,769,768,769,LOITER,1
36.084,hover 20 m settled,nan,19.967,-0.001,0.17,-0.06,96.13,-0.09,-0.32,0.05,769,769,768,769,LOITER,1
36.104,hover 20 m settled,nan,19.968,-0.001,0.17,-0.06,96.13,-0.06,-0.24,0.05,769,769,768,768,LOITER,1
36.124,hover 20 m settled,nan,19.968,-0.001,0.17,-0.07,96.13,-0.01,-0.25,0.11,769,769,768,768,LOITER,1
36.144,hover 20 m settled,nan,19.969,-0.000,0.17,-0.07,96.13,-0.03,-0.28,0.01,769,769,768,768,LOITER,1
36.164,hover 20 m settled,nan,19.969,-0.000,0.16,-0.08,96.13,-0.05,-0.24,0.08,769,768,768,768,LOITER,1
36.184,hover 20 m settled,nan,19.969,-0.000,0.16,-0.08,96.13,-0.09,-0.13,0.10,769,768,768,768,LOITER,1
36.204,hover 20 m settled,nan,19.970,0.000,0.16,-0.08,96.14,-0.03,-0.12,0.17,769,768,768,768,LOITER,1
36.224,hover 20 m settled,nan,19.970,0.000,0.16,-0.09,96.14,-0.14,-0.11,0.11,769,768,768,768,LOITER,1
36.244,hover 20 m settled,nan,19.971,0.001,0.16,-0.09,96.14,-0.09,-0.09,0.11,769,768,768,768,LOITER,1
36.264,hover 20 m settled,nan,19.971,0.001,0.15,-0.09,96.15,-0.17,-0.05,0.19,769,768,768,768,LOITER,1
36.284,hover 20 m settled,nan,19.971,0.001,0.15,-0.09,96.15,-0.14,0.03,0.08,769,768,768,768,LOITER,1
36.304,hover 20 m settled,nan,19.972,0.002,0.15,-0.09,96.15,-0.19,0.01,0.12,769,768,769,768,LOITER,1
36.324,hover 20 m settled,nan,19.972,0.002,0.15,-0.09,96.16,-0.09,0.00,0.16,769,768,769,768,LOITER,1
36.344,hover 20 m settled,nan,19.972,0.002,0.14,-0.09,96.16,-0.25,0.00,0.21,769,768,769,768,LOITER,1
36.364,hover 20 m settled,nan,19.972,0.002,0.14,-0.09,96.17,-0.22,0.04,0.21,768,768,769,768,LOITER,1
36.384,hover 20 m settled,nan,19.972,0.002,0.13,-0.09,96.17,-0.19,0.01,0.13,768,768,769,768,LOITER,1
36.404,hover 20 m settled,nan,19.973,0.003,0.13,-0.09,96.18,-0.21,0.01,0.12,768,768,768,768,LOITER,1
36.424,hover 20 m settled,nan,19.973,0.003,0.13,-0.09,96.18,-0.22,-0.02,0.17,768,768,768,768,LOITER,1
36.444,hover 20 m settled,nan,19.974,0.004,0.12,-0.09,96.19,-0.12,0.02,0.08,768,768,768,768,LOITER,1
36.464,hover 20 m settled,nan,19.974,0.004,0.12,-0.08,96.19,-0.18,0.04,0.08,768,768,768,769,LOITER,1
36.484,hover 20 m settled,nan,19.974,0.004,0.12,-0.08,96.20,-0.23,0.01,0.11,768,768,768,769,LOITER,1
36.504,hover 20 m settled,nan,19.975,0.005,0.11,-0.08,96.20,-0.22,-0.03,0.10,768,767,769,768,LOITER,1
36.524,hover 20 m settled,nan,19.975,0.005,0.11,-0.08,96.21,-0.17,0.06,0.14,768,767,769,768,LOITER,1
36.544,hover 20 m settled,nan,19.976,0.005,0.11,-0.08,96.22,-0.23,0.05,0.15,768,767,769,768,LOITER,1
36.564,hover 20 m settled,nan,19.976,0.005,0.10,-0.08,96.22,-0.27,-0.01,0.04,768,768,769,768,LOITER,1
36.584,hover 20 m settled,nan,19.976,0.005,0.10,-0.08,96.23,-0.21,0.07,0.04,768,768,769,768,LOITER,1
36.604,hover 20 m settled,nan,19.977,0.006,0.09,-0.08,96.23,-0.29,0.15,0.02,768,767,768,769,LOITER,1
36.624,hover 20 m settled,nan,19.977,0.006,0.09,-0.08,96.24,-0.43,0.02,0.02,768,767,768,769,LOITER,1
36.644,hover 20 m settled,nan,19.978,0.007,0.08,-0.08,96.24,-0.47,0.14,0.03,768,767,768,769,LOITER,1
36.664,hover 20 m settled,nan,19.978,0.007,0.07,-0.07,96.25,-0.50,0.13,0.04,768,768,768,769,LOITER,1
36.684,hover 20 m settled,nan,19.978,0.007,0.06,-0.07,96.25,-0.45,0.08,0.03,768,768,768,769,LOITER,1
36.704,hover 20 m settled,nan,19.979,0.008,0.05,-0.07,96.26,-0.50,0.10,0.03,768,768,769,769,LOITER,1
36.724,hover 20 m settled,nan,19.979,0.008,0.04,-0.07,96.26,-0.51,0.09,-0.02,768,768,769,769,LOITER,1
36.744,hover 20 m settled,nan,19.979,0.008,0.03,-0.07,96.26,-0.54,0.06,-0.03,768,768,769,769,LOITER,1
36.764,hover 20 m settled,nan,19.979,0.008,0.02,-0.06,96.27,-0.47,0.10,-0.06,768,767,769,768,LOITER,1
36.784,hover 20 m settled,nan,19.979,0.008,0.01,-0.06,96.27,-0.51,0.15,-0.04,768,767,769,768,LOITER,1
36.804,hover 20 m settled,nan,19.980,0.009,0.00,-0.06,96.27,-0.56,0.04,-0.11,767,767,769,768,LOITER,1
36.824,hover 20 m settled,nan,19.980,0.009,-0.01,-0.06,96.28,-0.47,0.03,-0.05,767,767,769,768,LOITER,1
36.844,hover 20 m settled,nan,19.980,0.010,-0.01,-0.06,96.28,-0.48,0.13,-0.08,767,767,769,768,LOITER,1
36.864,hover 20 m settled,nan,19.980,0.010,-0.02,-0.05,96.28,-0.45,0.07,-0.11,767,768,768,769,LOITER,1
36.884,hover 20 m settled,nan,19.980,0.010,-0.03,-0.05,96.29,-0.51,0.05,-0.11,767,768,768,769,LOITER,1
36.904,hover 20 m settled,nan,19.981,0.010,-0.04,-0.05,96.29,-0.49,-0.02,-0.13,768,768,769,769,LOITER,1
36.924,hover 20 m settled,nan,19.981,0.010,-0.05,-0.05,96.29,-0.50,0.00,-0.15,768,768,769,769,LOITER,1
36.944,hover 20 m settled,nan,19.981,0.011,-0.06,-0.05,96.29,-0.50,0.05,-0.10,768,768,769,769,LOITER,1
36.964,hover 20 m settled,nan,19.981,0.011,-0.07,-0.05,96.29,-0.46,0.01,-0.17,768,768,769,769,LOITER,1
36.984,hover 20 m settled,nan,19.981,0.011,-0.08,-0.05,96.29,-0.51,0.03,-0.18,768,768,769,769,LOITER,1
37.004,hover 20 m settled,nan,19.981,0.012,-0.09,-0.05,96.29,-0.51,0.02,-0.16,768,768,769,769,LOITER,1
37.024,hover 20 m settled,nan,19.981,0.012,-0.10,-0.05,96.29,-0.53,0.01,-0.18,768,768,769,769,LOITER,1
37.044,hover 20 m settled,nan,19.981,0.012,-0.11,-0.05,96.29,-0.41,0.08,-0.17,768,768,769,769,LOITER,1
37.064,hover 20 m settled,nan,19.981,0.012,-0.11,-0.04,96.29,-0.37,0.12,-0.16,768,768,769,769,LOITER,1
37.084,hover 20 m settled,nan,19.981,0.012,-0.12,-0.04,96.28,-0.36,0.19,-0.25,768,768,769,769,LOITER,1
37.104,hover 20 m settled,nan,19.981,0.013,-0.13,-0.04,96.28,-0.21,0.16,-0.18,768,768,769,769,LOITER,1
37.124,hover 20 m settled,nan,19.981,0.013,-0.13,-0.04,96.28,-0.18,0.11,-0.20,768,768,769,769,LOITER,1
37.144,hover 20 m settled,nan,19.981,0.013,-0.13,-0.03,96.27,-0.10,0.15,-0.20,768,768,769,769,LOITER,1
37.164,hover 20 m settled,nan,19.981,0.013,-0.14,-0.03,96.27,0.01,0.23,-0.25,769,769,769,769,LOITER,1
37.184,hover 20 m settled,nan,19.981,0.013,-0.14,-0.03,96.26,-0.01,0.22,-0.17,769,769,769,769,LOITER,1
37.204,hover 20 m settled,nan,19.980,0.014,-0.14,-0.02,96.26,-0.01,0.26,-0.27,769,769,770,769,LOITER,1
37.224,hover 20 m settled,nan,19.980,0.014,-0.14,-0.02,96.25,0.09,0.25,-0.26,769,769,770,769,LOITER,1
37.244,hover 20 m settled,nan,19.980,0.013,-0.13,-0.01,96.25,0.01,0.34,-0.22,769,769,770,769,LOITER,1
37.264,hover 20 m settled,nan,19.980,0.013,-0.13,-0.01,96.24,0.09,0.26,-0.27,768,770,769,770,LOITER,1
37.284,hover 20 m settled,nan,19.980,0.013,-0.13,-0.00,96.23,0.10,0.14,-0.21,768,770,769,770,LOITER,1
37.304,hover 20 m settled,nan,19.979,0.013,-0.13,0.00,96.23,0.26,0.23,-0.25,769,769,769,769,LOITER,1
37.324,hover 20 m settled,nan,19.979,0.013,-0.12,0.01,96.22,0.23,0.20,-0.26,769,769,769,769,LOITER,1
37.344,hover 20 m settled,nan,19.979,0.013,-0.12,0.01,96.21,0.35,0.10,-0.21,769,769,769,769,LOITER,1
37.364,hover 20 m settled,nan,19.979,0.013,-0.11,0.01,96.20,0.37,0.15,-0.23,770,769,770,769,LOITER,1
37.384,hover 20 m settled,nan,19.979,0.013,-0.11,0.01,96.19,0.37,0.17,-0.22,770,769,770,769,LOITER,1
37.404,hover 20 m settled,nan,19.978,0.012,-0.10,0.02,96.18,0.36,0.25,-0.19,770,770,769,770,LOITER,1
37.424,hover 20 m settled,nan,19.978,0.012,-0.09,0.02,96.18,0.40,0.19,-0.28,770,770,769,770,LOITER,1
37.444,hover 20 m settled,nan,19.977,0.012,-0.09,0.03,96.17,0.31,0.20,-0.23,770,770,769,770,LOITER,1
37.460,hover 20 m settled,nan,19.977,0.012,-0.08,0.03,96.16,0.45,0.21,-0.21,770,770,769,769,LOITER,1
37.480,hover 20 m settled,nan,19.977,0.012,-0.08,0.03,96.16,0.38,0.15,-0.17,770,770,769,769,LOITER,1
37.504,hover 20 m settled,nan,19.977,0.011,-0.07,0.04,96.15,0.37,0.17,-0.22,770,770,769,769,LOITER,1
37.524,hover 20 m settled,nan,19.977,0.011,-0.06,0.04,96.14,0.31,0.20,-0.16,770,770,769,769,LOITER,1
37.544,hover 20 m settled,nan,19.976,0.011,-0.06,0.04,96.14,0.37,0.21,-0.19,770,770,769,769,LOITER,1
37.564,hover 20 m settled,nan,19.976,0.011,-0.05,0.05,96.13,0.36,0.21,-0.16,771,771,769,769,LOITER,1
37.584,hover 20 m settled,nan,19.976,0.011,-0.04,0.05,96.13,0.28,0.33,-0.13,771,771,769,769,LOITER,1
37.604,hover 20 m settled,nan,19.975,0.010,-0.04,0.06,96.12,0.32,0.21,-0.09,771,771,769,769,LOITER,1
37.624,hover 20 m settled,nan,19.975,0.010,-0.03,0.06,96.12,0.41,0.22,-0.03,771,771,769,769,LOITER,1
37.644,hover 20 m settled,nan,19.974,0.009,-0.02,0.07,96.12,0.38,0.30,-0.03,771,771,769,769,LOITER,1
37.664,hover 20 m settled,nan,19.974,0.009,-0.01,0.07,96.12,0.33,0.16,-0.06,770,771,769,770,LOITER,1
37.684,hover 20 m settled,nan,19.974,0.009,-0.01,0.08,96.11,0.29,0.14,-0.04,770,771,769,770,LOITER,1
37.704,hover 20 m settled,nan,19.973,0.008,-0.00,0.08,96.11,0.32,0.23,-0.01,770,771,769,770,LOITER,1
37.724,hover 20 m settled,nan,19.973,0.008,0.00,0.08,96.11,0.28,0.06,-0.04,770,771,769,770,LOITER,1
37.744,hover 20 m settled,nan,19.973,0.007,0.01,0.08,96.11,0.27,0.06,0.01,770,771,769,770,LOITER,1
37.764,hover 20 m settled,nan,19.973,0.007,0.01,0.09,96.11,0.27,0.09,0.11,771,771,769,769,LOITER,1
37.784,hover 20 m settled,nan,19.973,0.007,0.02,0.09,96.11,0.19,0.09,0.06,771,771,769,769,LOITER,1
37.804,hover 20 m settled,nan,19.972,0.007,0.02,0.09,96.11,0.21,-0.09,0.11,771,770,770,769,LOITER,1
37.824,hover 20 m settled,nan,19.972,0.007,0.03,0.09,96.11,0.15,-0.02,0.03,771,770,770,769,LOITER,1
37.844,hover 20 m settled,nan,19.971,0.006,0.03,0.09,96.11,0.17,-0.00,0.10,771,770,770,769,LOITER,1
37.864,hover 20 m settled,nan,19.971,0.006,0.03,0.09,96.11,0.11,-0.06,0.10,770,770,769,770,LOITER,1
37.884,hover 20 m settled,nan,19.971,0.006,0.03,0.09,96.11,0.08,-0.13,0.12,770,770,769,770,LOITER,1
37.904,hover 20 m settled,nan,19.971,0.005,0.04,0.08,96.11,0.08,-0.09,0.13,770,770,770,769,LOITER,1
37.924,hover 20 m settled,nan,19.971,0.005,0.04,0.08,96.11,0.09,-0.05,0.08,770,770,770,769,LOITER,1
37.944,hover 20 m settled,nan,19.970,0.004,0.04,0.08,96.11,0.13,-0.15,0.07,770,770,770,769,LOITER,1
37.964,hover 20 m settled,nan,19.970,0.004,0.04,0.08,96.11,0.13,-0.22,0.10,770,770,769,770,LOITER,1
37.984,hover 20 m settled,nan,19.970,0.004,0.05,0.07,96.11,0.16,-0.18,0.16,770,770,769,770,LOITER,1
38.004,hover 20 m settled,nan,19.970,0.004,0.05,0.07,96.12,0.10,-0.22,0.12,770,770,770,769,LOITER,1
38.024,hover 20 m settled,nan,19.970,0.004,0.05,0.07,96.12,0.10,-0.18,0.13,770,770,770,769,LOITER,1
38.044,hover 20 m settled,nan,19.970,0.003,0.05,0.06,96.12,0.06,-0.24,0.17,770,770,770,769,LOITER,1
38.064,hover 20 m settled,nan,19.970,0.003,0.05,0.06,96.12,-0.02,-0.24,0.16,770,770,770,769,LOITER,1
38.084,hover 20 m settled,nan,19.970,0.003,0.05,0.06,96.12,0.09,-0.20,0.15,770,770,770,769,LOITER,1
38.104,hover 20 m settled,nan,19.969,0.003,0.05,0.05,96.13,0.02,-0.20,0.15,770,770,770,770,LOITER,1
38.124,hover 20 m settled,nan,19.969,0.003,0.06,0.05,96.13,0.05,-0.28,0.18,770,770,770,770,LOITER,1
38.144,hover 20 m settled,nan,19.969,0.002,0.06,0.04,96.13,-0.00,-0.27,0.17,770,770,770,770,LOITER,1
38.164,hover 20 m settled,nan,19.969,0.002,0.06,0.04,96.13,-0.02,-0.27,0.15,770,770,770,770,LOITER,1
38.184,hover 20 m settled,nan,19.969,0.002,0.06,0.03,96.14,0.01,-0.27,0.17,770,770,770,770,LOITER,1
38.204,hover 20 m settled,nan,19.969,0.001,0.06,0.03,96.14,0.03,-0.26,0.17,770,770,770,769,LOITER,1
38.224,hover 20 m settled,nan,19.969,0.001,0.06,0.02,96.14,0.01,-0.24,0.16,770,770,770,769,LOITER,1
38.244,hover 20 m settled,nan,19.969,0.000,0.06,0.02,96.15,0.06,-0.35,0.12,770,770,770,769,LOITER,1
38.264,hover 20 m settled,nan,19.969,0.000,0.06,0.01,96.15,-0.02,-0.34,0.18,770,769,769,769,LOITER,1
38.284,hover 20 m settled,nan,19.969,0.000,0.06,0.01,96.15,-0.01,-0.25,0.14,770,769,769,769,LOITER,1
38.304,hover 20 m settled,nan,19.969,-0.000,0.06,0.00,96.15,0.01,-0.23,0.19,769,769,769,769,LOITER,1
38.324,hover 20 m settled,nan,19.969,-0.000,0.06,-0.00,96.16,-0.02,-0.26,0.16,769,769,769,769,LOITER,1
38.344,hover 20 m settled,nan,19.969,-0.000,0.06,-0.01,96.16,-0.00,-0.31,0.16,769,769,769,769,LOITER,1
38.364,hover 20 m settled,nan,19.969,-0.000,0.06,-0.01,96.16,-0.04,-0.27,0.13,769,769,769,769,LOITER,1
38.384,hover 20 m settled,nan,19.969,-0.000,0.06,-0.02,96.17,-0.01,-0.26,0.14,769,769,769,769,LOITER,1
38.404,hover 20 m settled,nan,19.969,0.000,0.06,-0.02,96.17,0.00,-0.31,0.14,769,769,769,769,LOITER,1
38.424,hover 20 m settled,nan,19.969,0.000,0.06,-0.03,96.17,-0.02,-0.32,0.18,769,769,769,769,LOITER,1
38.444,hover 20 m settled,nan,19.970,0.000,0.06,-0.03,96.17,0.03,-0.17,0.12,769,769,769,769,LOITER,1
38.464,hover 20 m settled,nan,19.970,0.000,0.06,-0.04,96.18,-0.01,-0.28,0.17,769,769,769,770,LOITER,1
38.484,hover 20 m settled,nan,19.970,0.000,0.05,-0.04,96.18,-0.07,-0.31,0.11,769,769,769,770,LOITER,1
38.504,hover 20 m settled,nan,19.970,0.000,0.05,-0.05,96.18,-0.04,-0.26,0.12,769,769,769,769,LOITER,1
38.524,hover 20 m settled,nan,19.970,0.000,0.05,-0.05,96.18,-0.02,-0.25,0.11,769,769,769,769,LOITER,1
38.544,hover 20 m settled,nan,19.970,0.000,0.05,-0.06,96.19,-0.05,-0.28,0.13,769,769,769,769,LOITER,1
38.564,hover 20 m settled,nan,19.970,0.000,0.05,-0.06,96.19,-0.01,-0.26,0.06,769,769,769,769,LOITER,1
38.584,hover 20 m settled,nan,19.970,0.000,0.05,-0.07,96.19,-0.05,-0.30,0.08,769,769,769,769,LOITER,1
38.604,hover 20 m settled,nan,19.971,0.000,0.05,-0.07,96.19,-0.01,-0.28,0.11,769,769,769,769,LOITER,1
38.624,hover 20 m settled,nan,19.971,0.000,0.05,-0.08,96.20,-0.04,-0.24,0.11,769,769,769,769,LOITER,1
38.644,hover 20 m settled,nan,19.971,0.001,0.05,-0.08,96.20,0.00,-0.24,0.10,769,769,769,769,LOITER,1
38.664,hover 20 m settled,nan,19.971,0.001,0.05,-0.09,96.20,-0.09,-0.25,0.16,769,768,769,769,LOITER,1
38.684,hover 20 m settled,nan,19.971,0.001,0.05,-0.09,96.20,-0.04,-0.18,0.12,769,768,769,769,LOITER,1
38.704,hover 20 m settled,nan,19.971,0.001,0.05,-0.09,96.20,-0.01,-0.13,0.07,768,768,769,769,LOITER,1
38.724,hover 20 m settled,nan,19.971,0.001,0.05,-0.10,96.21,0.01,-0.11,0.08,768,768,769,769,LOITER,1
38.744,hover 20 m settled,nan,19.972,0.001,0.05,-0.10,96.21,-0.07,-0.05,0.07,768,768,769,769,LOITER,1
38.764,hover 20 m settled,nan,19.972,0.001,0.05,-0.10,96.21,-0.07,-0.09,0.07,768,769,769,769,LOITER,1
38.784,hover 20 m settled,nan,19.972,0.001,0.05,-0.10,96.21,-0.07,-0.08,0.08,768,769,769,769,LOITER,1
38.804,hover 20 m settled,nan,19.972,0.001,0.04,-0.10,96.21,-0.09,-0.06,0.08,768,768,769,769,LOITER,1
38.824,hover 20 m settled,nan,19.972,0.001,0.04,-0.10,96.22,-0.16,-0.01,0.05,768,768,769,769,LOITER,1
38.844,hover 20 m settled,nan,19.973,0.002,0.04,-0.10,96.22,-0.08,-0.05,0.07,768,768,769,769,LOITER,1
38.864,hover 20 m settled,nan,19.973,0.002,0.04,-0.11,96.22,-0.14,-0.05,0.03,768,768,769,769,LOITER,1
38.884,hover 20 m settled,nan,19.973,0.002,0.04,-0.11,96.22,-0.14,0.01,0.07,768,768,769,769,LOITER,1
38.904,hover 20 m settled,nan,19.974,0.002,0.03,-0.11,96.22,-0.11,-0.04,0.04,768,768,769,769,LOITER,1
38.924,hover 20 m settled,nan,19.974,0.002,0.03,-0.11,96.22,-0.15,0.05,0.01,768,768,769,769,LOITER,1
38.944,hover 20 m settled,nan,19.974,0.002,0.03,-0.11,96.22,-0.21,-0.02,-0.05,768,768,769,769,LOITER,1
38.964,hover 20 m settled,nan,19.974,0.002,0.03,-0.11,96.23,-0.19,0.04,-0.00,768,768,769,769,LOITER,1
38.984,hover 20 m settled,nan,19.974,0.002,0.02,-0.11,96.23,-0.20,0.03,0.01,768,768,769,769,LOITER,1
39.004,hover 20 m settled,nan,19.975,0.003,0.02,-0.10,96.23,-0.28,0.06,-0.05,768,768,769,769,LOITER,1
39.024,hover 20 m settled,nan,19.975,0.003,0.01,-0.10,96.23,-0.19,0.08,-0.03,768,768,769,769,LOITER,1
39.044,hover 20 m settled,nan,19.976,0.003,0.01,-0.10,96.23,-0.13,0.07,-0.06,768,768,769,769,LOITER,1
39.064,hover 20 m settled,nan,19.976,0.003,0.01,-0.10,96.23,-0.09,0.01,-0.11,768,768,769,769,LOITER,1
39.084,hover 20 m settled,nan,19.976,0.003,0.01,-0.10,96.23,-0.09,0.02,-0.05,768,768,769,769,LOITER,1
39.104,hover 20 m settled,nan,19.977,0.004,0.01,-0.10,96.22,0.05,0.08,-0.06,768,768,768,769,LOITER,1
39.124,hover 20 m settled,nan,19.977,0.004,0.01,-0.10,96.22,0.00,0.10,-0.05,768,768,768,769,LOITER,1
39.144,hover 20 m settled,nan,19.978,0.004,0.01,-0.09,96.22,0.01,-0.06,-0.03,768,768,768,769,LOITER,1
39.164,hover 20 m settled,nan,19.978,0.004,0.01,-0.09,96.23,-0.03,0.07,-0.05,768,768,769,768,LOITER,1
39.184,hover 20 m settled,nan,19.978,0.004,0.01,-0.09,96.22,0.09,0.06,-0.09,768,768,769,768,LOITER,1
39.204,hover 20 m settled,nan,19.978,0.005,0.01,-0.09,96.22,0.12,0.08,-0.09,768,768,768,768,LOITER,1
39.224,hover 20 m settled,nan,19.978,0.005,0.01,-0.09,96.22,0.10,0.02,-0.05,768,768,768,768,LOITER,1
39.244,hover 20 m settled,nan,19.978,0.006,0.01,-0.09,96.22,-0.03,-0.03,-0.14,768,768,768,768,LOITER,1
39.264,hover 20 m settled,nan,19.978,0.006,0.01,-0.09,96.22,0.12,0.14,-0.06,768,768,769,768,LOITER,1
39.284,hover 20 m settled,nan,19.978,0.006,0.02,-0.09,96.22,0.17,0.02,-0.13,768,768,769,768,LOITER,1
39.304,hover 20 m settled,nan,19.979,0.007,0.02,-0.09,96.22,0.12,-0.03,-0.15,768,768,769,768,LOITER,1
39.324,hover 20 m settled,nan,19.979,0.007,0.02,-0.09,96.22,0.20,-0.06,-0.15,768,768,769,768,LOITER,1
39.344,hover 20 m settled,nan,19.979,0.008,0.03,-0.09,96.21,0.23,0.08,-0.13,768,768,769,768,LOITER,1
39.364,hover 20 m settled,nan,19.979,0.008,0.03,-0.09,96.21,0.17,0.02,-0.14,768,769,768,769,LOITER,1
39.384,hover 20 m settled,nan,19.979,0.008,0.03,-0.09,96.21,0.17,0.04,-0.08,768,769,768,769,LOITER,1
39.404,hover 20 m settled,nan,19.979,0.008,0.04,-0.09,96.21,0.15,-0.01,-0.17,769,768,769,768,LOITER,1
39.424,hover 20 m settled,nan,19.979,0.008,0.04,-0.09,96.21,0.14,0.04,-0.09,769,768,769,768,LOITER,1
39.444,hover 20 m settled,nan,19.979,0.008,0.04,-0.09,96.21,0.22,0.05,-0.15,769,768,769,768,LOITER,1
39.464,hover 20 m settled,nan,19.979,0.008,0.05,-0.09,96.21,0.11,-0.02,-0.15,769,769,768,769,LOITER,1
39.484,hover 20 m settled,nan,19.979,0.008,0.05,-0.09,96.21,0.13,-0.02,-0.12,769,769,768,769,LOITER,1
39.508,hover 20 m settled,nan,19.979,0.008,0.05,-0.08,96.20,0.15,0.13,-0.08,769,768,768,769,LOITER,1
39.524,hover 20 m settled,nan,19.979,0.008,0.06,-0.08,96.20,0.06,0.12,-0.11,769,768,768,769,LOITER,1
39.544,hover 20 m settled,nan,19.979,0.008,0.06,-0.08,96.20,0.06,0.14,-0.16,769,768,768,769,LOITER,1
39.564,hover 20 m settled,nan,19.979,0.008,0.06,-0.08,96.20,0.02,0.10,-0.04,769,769,768,769,LOITER,1
39.584,hover 20 m settled,nan,19.979,0.008,0.06,-0.08,96.20,-0.02,0.08,-0.12,769,769,768,769,LOITER,1
39.604,hover 20 m settled,nan,19.979,0.008,0.06,-0.07,96.20,0.04,0.23,-0.11,769,769,768,769,LOITER,1
39.624,hover 20 m settled,nan,19.979,0.008,0.06,-0.07,96.20,-0.08,0.14,-0.12,769,769,768,769,LOITER,1
39.644,hover 20 m settled,nan,19.979,0.009,0.06,-0.07,96.20,-0.08,0.21,-0.10,769,769,768,769,LOITER,1
39.664,hover 20 m settled,nan,19.979,0.009,0.06,-0.06,96.20,-0.13,0.15,-0.09,769,769,768,769,LOITER,1
39.684,hover 20 m settled,nan,19.979,0.009,0.06,-0.06,96.20,-0.06,0.24,-0.06,769,769,768,769,LOITER,1
39.704,hover 20 m settled,nan,19.979,0.009,0.06,-0.05,96.20,-0.08,0.21,-0.07,769,769,768,769,LOITER,1
39.724,hover 20 m settled,nan,19.979,0.009,0.05,-0.05,96.20,-0.16,0.08,-0.09,769,769,768,769,LOITER,1
39.744,hover 20 m settled,nan,19.979,0.009,0.05,-0.05,96.20,-0.22,0.19,-0.02,769,769,768,769,LOITER,1
39.764,hover 20 m settled,nan,19.979,0.009,0.04,-0.05,96.21,-0.26,0.18,-0.01,769,769,768,769,LOITER,1
39.784,hover 20 m settled,nan,19.979,0.009,0.04,-0.04,96.21,-0.23,0.12,-0.09,769,769,768,769,LOITER,1
39.804,hover 20 m settled,nan,19.979,0.009,0.04,-0.04,96.21,-0.35,0.25,-0.12,769,769,769,769,LOITER,1
39.824,hover 20 m settled,nan,19.979,0.009,0.03,-0.03,96.21,-0.34,0.21,-0.09,769,769,769,769,LOITER,1
39.844,hover 20 m settled,nan,19.979,0.009,0.02,-0.03,96.21,-0.32,0.23,-0.11,769,769,769,769,LOITER,1
39.864,hover 20 m settled,nan,19.979,0.009,0.02,-0.02,96.21,-0.30,0.27,-0.06,769,769,769,769,LOITER,1
39.884,hover 20 m settled,nan,19.979,0.009,0.01,-0.02,96.21,-0.41,0.23,-0.08,769,769,769,769,LOITER,1
39.904,hover 20 m settled,nan,19.979,0.010,0.00,-0.01,96.22,-0.44,0.19,-0.10,769,769,769,769,LOITER,1
39.924,hover 20 m settled,nan,19.979,0.010,-0.00,-0.01,96.22,-0.40,0.19,-0.09,769,769,769,769,LOITER,1
39.944,hover 20 m settled,nan,19.978,0.010,-0.01,-0.01,96.22,-0.49,0.25,-0.07,769,769,769,769,LOITER,1
39.964,hover 20 m settled,nan,19.978,0.010,-0.02,-0.00,96.22,-0.53,0.16,-0.06,769,769,769,770,LOITER,1
39.984,hover 20 m settled,nan,19.978,0.010,-0.03,0.00,96.22,-0.61,0.10,-0.08,769,769,769,770,LOITER,1
40.004,hover 20 m settled,nan,19.978,0.010,-0.04,0.00,96.22,-0.56,0.12,-0.13,769,769,769,769,LOITER,1
40.024,hover 20 m settled,nan,19.978,0.010,-0.05,0.01,96.22,-0.57,0.15,-0.07,769,769,769,769,LOITER,1
40.044,hover 20 m settled,nan,19.978,0.009,-0.07,0.01,96.23,-0.67,0.01,-0.10,769,769,769,769,LOITER,1
40.064,hover 20 m settled,nan,19.978,0.009,-0.08,0.01,96.23,-0.70,0.12,-0.07,769,769,770,769,LOITER,1
40.084,hover 20 m settled,nan,19.978,0.009,-0.09,0.01,96.23,-0.62,0.08,-0.11,769,769,770,769,LOITER,1
40.104,hover 20 m settled,nan,19.977,0.009,-0.10,0.01,96.23,-0.63,-0.00,-0.10,769,769,770,769,LOITER,1
40.124,hover 20 m settled,nan,19.977,0.009,-0.11,0.01,96.23,-0.59,0.06,-0.04,769,769,770,769,LOITER,1
40.144,hover 20 m settled,nan,19.977,0.009,-0.13,0.02,96.23,-0.70,0.05,-0.13,769,769,770,769,LOITER,1
40.164,hover 20 m settled,nan,19.977,0.009,-0.14,0.02,96.23,-0.63,0.07,-0.12,769,769,770,769,LOITER,1
40.184,hover 20 m settled,nan,19.977,0.009,-0.15,0.02,96.23,-0.53,0.10,-0.12,769,769,770,769,LOITER,1
40.204,hover 20 m settled,nan,19.977,0.008,-0.16,0.02,96.23,-0.56,0.16,-0.16,769,770,769,770,LOITER,1
40.224,hover 20 m settled,nan,19.977,0.008,-0.17,0.03,96.23,-0.48,0.07,-0.11,769,770,769,770,LOITER,1
40.244,hover 20 m settled,nan,19.976,0.008,-0.18,0.03,96.23,-0.40,0.04,-0.10,769,770,769,770,LOITER,1
40.264,hover 20 m settled,nan,19.976,0.008,-0.18,0.03,96.22,-0.33,0.08,-0.11,769,769,769,769,LOITER,1
40.284,hover 20 m settled,nan,19.976,0.008,-0.19,0.03,96.22,-0.38,0.08,-0.12,769,769,769,769,LOITER,1
40.304,hover 20 m settled,nan,19.976,0.008,-0.20,0.03,96.22,-0.34,0.18,-0.15,769,769,769,770,LOITER,1
40.324,hover 20 m settled,nan,19.976,0.008,-0.20,0.03,96.22,-0.27,0.17,-0.08,769,769,769,770,LOITER,1
40.344,hover 20 m settled,nan,19.975,0.007,-0.21,0.04,96.22,-0.25,-0.02,-0.17,769,769,769,770,LOITER,1
40.364,hover 20 m settled,nan,19.975,0.007,-0.21,0.04,96.21,-0.17,0.12,-0.14,770,769,770,769,LOITER,1
40.384,hover 20 m settled,nan,19.975,0.007,-0.22,0.04,96.21,-0.18,0.12,-0.15,770,769,770,769,LOITER,1
40.404,hover 20 m settled,nan,19.975,0.007,-0.22,0.04,96.20,-0.03,0.20,-0.11,769,769,769,769,LOITER,1
40.424,hover 20 m settled,nan,19.975,0.007,-0.22,0.05,96.20,0.13,0.16,-0.12,769,769,769,769,LOITER,1
40.444,hover 20 m settled,nan,19.975,0.006,-0.22,0.05,96.20,0.07,0.16,-0.12,769,769,769,769,LOITER,1
40.464,hover 20 m settled,nan,19.975,0.006,-0.22,0.05,96.19,-0.06,0.27,-0.14,770,769,769,769,LOITER,1
40.484,hover 20 m settled,nan,19.975,0.006,-0.22,0.06,96.19,0.02,0.26,-0.07,770,769,769,769,LOITER,1
40.504,hover 20 m settled,nan,19.975,0.006,-0.22,0.06,96.19,0.13,0.15,-0.13,770,769,769,769,LOITER,1
40.524,hover 20 m settled,nan,19.975,0.006,-0.21,0.06,96.18,0.18,0.25,-0.01,770,769,769,769,LOITER,1
40.544,hover 20 m settled,nan,19.975,0.006,-0.21,0.07,96.18,0.26,0.26,-0.11,770,769,769,769,LOITER,1
40.564,hover 20 m settled,nan,19.975,0.006,-0.20,0.07,96.17,0.29,0.29,-0.07,769,770,769,769,LOITER,1
40.584,hover 20 m settled,nan,19.975,0.006,-0.20,0.08,96.17,0.44,0.22,-0.11,769,770,769,769,LOITER,1
40.604,hover 20 m settled,nan,19.974,0.006,-0.19,0.08,96.17,0.42,0.24,-0.07,770,769,769,769,LOITER,1
40.624,hover 20 m settled,nan,19.974,0.006,-0.18,0.09,96.16,0.40,0.27,-0.05,770,769,769,769,LOITER,1
40.644,hover 20 m settled,nan,19.974,0.005,-0.17,0.09,96.16,0.47,0.18,-0.04,770,769,769,769,LOITER,1
40.664,hover 20 m settled,nan,19.974,0.005,-0.17,0.09,96.16,0.43,0.22,-0.05,770,769,769,769,LOITER,1
40.684,hover 20 m settled,nan,19.974,0.005,-0.16,0.10,96.15,0.51,0.26,-0.01,770,769,769,769,LOITER,1
40.704,hover 20 m settled,nan,19.974,0.005,-0.15,0.10,96.15,0.50,0.24,0.03,770,769,769,769,LOITER,1
40.724,hover 20 m settled,nan,19.974,0.005,-0.14,0.11,96.15,0.46,0.27,-0.04,770,769,769,769,LOITER,1
40.744,hover 20 m settled,nan,19.974,0.004,-0.13,0.11,96.15,0.51,0.24,0.00,770,769,769,769,LOITER,1
40.764,hover 20 m settled,nan,19.974,0.004,-0.12,0.12,96.15,0.54,0.24,-0.02,770,769,769,769,LOITER,1
40.788,hover 20 m settled,nan,19.974,0.004,-0.11,0.12,96.15,0.53,0.27,0.01,770,769,769,769,LOITER,1
40.804,hover 20 m settled,nan,19.974,0.004,-0.10,0.13,96.14,0.46,0.26,0.03,769,770,769,769,LOITER,1
40.824,hover 20 m settled,nan,19.974,0.004,-0.09,0.13,96.14,0.47,0.23,0.04,769,770,769,769,LOITER,1
40.844,hover 20 m settled,nan,19.973,0.004,-0.08,0.14,96.14,0.55,0.18,0.00,769,770,769,769,LOITER,1
40.864,hover 20 m settled,nan,19.973,0.004,-0.07,0.14,96.14,0.40,0.22,0.03,770,769,768,769,LOITER,1
40.884,hover 20 m settled,nan,19.973,0.004,-0.06,0.14,96.14,0.41,0.19,0.10,770,769,768,769,LOITER,1
40.904,hover 20 m settled,nan,19.973,0.004,-0.05,0.15,96.14,0.34,0.20,0.07,769,770,768,770,LOITER,1
40.924,hover 20 m settled,nan,19.973,0.004,-0.05,0.15,96.15,0.27,0.16,0.10,769,770,768,770,LOITER,1
40.944,hover 20 m settled,nan,19.973,0.004,-0.04,0.15,96.15,0.22,0.14,0.09,769,770,768,770,LOITER,1
40.964,hover 20 m settled,nan,19.973,0.004,-0.04,0.16,96.15,0.25,0.16,0.07,769,770,769,769,LOITER,1
40.984,hover 20 m settled,nan,19.973,0.004,-0.03,0.16,96.15,0.15,0.03,0.08,769,770,769,769,LOITER,1
41.004,hover 20 m settled,nan,19.972,0.003,-0.03,0.16,96.15,0.09,-0.02,0.08,769,770,769,769,LOITER,1
41.024,hover 20 m settled,nan,19.972,0.003,-0.03,0.16,96.15,0.06,0.02,0.05,769,770,769,769,LOITER,1
41.044,hover 20 m settled,nan,19.971,0.003,-0.03,0.16,96.15,0.03,-0.01,0.07,769,770,769,769,LOITER,1
41.064,hover 20 m settled,nan,19.971,0.003,-0.03,0.16,96.15,0.05,-0.05,0.11,770,770,769,769,LOITER,1
41.084,hover 20 m settled,nan,19.971,0.003,-0.02,0.16,96.15,0.02,-0.04,0.12,770,770,769,769,LOITER,1
41.104,hover 20 m settled,nan,19.971,0.002,-0.02,0.15,96.16,0.04,-0.03,0.13,770,770,770,769,LOITER,1
41.124,hover 20 m settled,nan,19.971,0.002,-0.02,0.15,96.16,0.07,0.00,0.18,770,770,770,769,LOITER,1
41.144,hover 20 m settled,nan,19.970,0.002,-0.02,0.15,96.16,0.01,-0.09,0.11,770,770,770,769,LOITER,1
41.164,hover 20 m settled,nan,19.970,0.002,-0.02,0.15,96.16,0.07,-0.08,0.08,770,769,770,769,LOITER,1
41.184,hover 20 m settled,nan,19.970,0.002,-0.02,0.15,96.16,0.03,-0.04,0.09,770,769,770,769,LOITER,1
41.204,hover 20 m settled,nan,19.970,0.001,-0.02,0.15,96.16,0.11,-0.05,0.11,769,769,769,770,LOITER,1
41.224,hover 20 m settled,nan,19.970,0.001,-0.02,0.15,96.16,0.11,-0.26,0.11,769,769,769,770,LOITER,1
41.244,hover 20 m settled,nan,19.970,0.001,-0.01,0.14,96.16,0.16,-0.15,0.13,769,769,769,770,LOITER,1
41.264,hover 20 m settled,nan,19.970,0.001,-0.01,0.14,96.16,0.09,-0.11,0.11,769,769,769,770,LOITER,1
41.284,hover 20 m settled,nan,19.970,0.001,-0.01,0.14,96.17,0.08,-0.24,0.09,769,769,769,770,LOITER,1
41.304,hover 20 m settled,nan,19.970,0.000,-0.01,0.13,96.17,0.11,-0.16,0.11,769,769,770,769,LOITER,1
41.324,hover 20 m settled,nan,19.970,0.000,-0.01,0.13,96.17,0.16,-0.14,0.03,769,769,770,769,LOITER,1
41.344,hover 20 m settled,nan,19.970,-0.000,-0.00,0.13,96.16,0.10,-0.14,0.07,769,769,770,769,LOITER,1
41.364,hover 20 m settled,nan,19.970,-0.000,-0.00,0.12,96.16,0.14,-0.19,0.04,769,769,769,769,LOITER,1
41.384,hover 20 m settled,nan,19.970,-0.000,0.00,0.12,96.16,0.06,-0.17,0.09,769,769,769,769,LOITER,1
41.404,hover 20 m settled,nan,19.970,-0.001,0.00,0.12,96.16,0.04,-0.17,0.07,769,769,769,769,LOITER,1
41.424,hover 20 m settled,nan,19.970,-0.001,0.00,0.11,96.16,0.11,-0.21,0.05,769,769,769,769,LOITER,1
41.444,hover 20 m settled,nan,19.971,-0.001,0.01,0.11,96.16,0.16,-0.20,0.10,769,769,769,769,LOITER,1
41.464,hover 20 m settled,nan,19.971,-0.001,0.01,0.10,96.16,0.12,-0.17,0.08,769,769,769,769,LOITER,1
41.484,hover 20 m settled,nan,19.971,-0.001,0.01,0.10,96.16,0.17,-0.21,0.08,769,769,769,769,LOITER,1
41.504,hover 20 m settled,nan,19.971,-0.000,0.02,0.10,96.16,0.06,-0.16,0.10,769,769,769,769,LOITER,1
41.524,hover 20 m settled,nan,19.971,-0.000,0.02,0.09,96.16,0.14,-0.10,0.08,769,769,769,769,LOITER,1
41.544,hover 20 m settled,nan,19.972,-0.000,0.02,0.09,96.16,0.01,-0.12,0.08,769,769,769,769,LOITER,1
41.564,hover 20 m settled,nan,19.972,-0.000,0.02,0.09,96.16,0.05,-0.10,0.11,769,769,769,769,LOITER,1
41.584,hover 20 m settled,nan,19.972,-0.000,0.02,0.09,96.16,0.11,-0.09,0.05,769,769,769,769,LOITER,1
41.604,hover 20 m settled,nan,19.972,-0.000,0.02,0.08,96.16,-0.04,-0.14,0.06,769,768,769,768,LOITER,1
41.624,hover 20 m settled,nan,19.972,-0.000,0.02,0.08,96.16,-0.06,-0.11,0.08,769,768,769,768,LOITER,1
41.644,hover 20 m settled,nan,19.972,0.000,0.02,0.08,96.16,0.02,-0.10,0.07,769,768,769,768,LOITER,1
41.664,hover 20 m settled,nan,19.972,0.000,0.02,0.08,96.16,0.01,-0.12,0.07,769,769,768,769,LOITER,1
41.684,hover 20 m settled,nan,19.972,0.000,0.02,0.07,96.16,-0.02,-0.13,0.12,769,769,768,769,LOITER,1
41.704,hover 20 m settled,nan,19.972,0.001,0.02,0.07,96.16,-0.02,-0.20,0.07,769,769,769,769,LOITER,1
41.724,hover 20 m settled,nan,19.972,0.001,0.02,0.07,96.16,-0.02,-0.11,0.03,769,769,769,769,LOITER,1
41.744,hover 20 m settled,nan,19.972,0.001,0.02,0.07,96.16,-0.04,-0.16,0.07,769,769,769,769,LOITER,1
41.764,hover 20 m settled,nan,19.972,0.001,0.02,0.06,96.16,0.05,-0.13,0.08,769,769,769,769,LOITER,1
41.784,hover 20 m settled,nan,19.972,0.001,0.02,0.06,96.16,-0.00,-0.20,0.09,769,769,769,769,LOITER,1
41.804,hover 20 m settled,nan,19.972,0.001,0.02,0.06,96.16,-0.05,-0.20,0.04,769,769,769,769,LOITER,1
41.824,hover 20 m settled,nan,19.972,0.001,0.02,0.05,96.16,0.04,-0.15,0.08,769,769,769,769,LOITER,1
41.844,hover 20 m settled,nan,19.972,0.002,0.02,0.05,96.16,0.04,-0.18,0.06,769,769,769,769,LOITER,1
41.864,hover 20 m settled,nan,19.972,0.002,0.02,0.05,96.16,0.02,-0.20,0.12,769,769,769,769,LOITER,1
41.884,hover 20 m settled,nan,19.972,0.002,0.02,0.04,96.16,0.03,-0.24,0.09,769,769,769,769,LOITER,1
41.904,hover 20 m settled,nan,19.971,0.002,0.02,0.04,96.17,0.07,-0.15,0.07,769,769,769,769,LOITER,1
41.924,hover 20 m settled,nan,19.971,0.002,0.02,0.04,96.17,0.02,-0.12,0.11,769,769,769,769,LOITER,1
41.944,hover 20 m settled,nan,19.971,0.002,0.03,0.03,96.17,0.11,-0.08,0.06,769,769,769,769,LOITER,1
41.964,hover 20 m settled,nan,19.971,0.002,0.03,0.03,96.17,0.05,-0.06,0.06,769,769,769,770,LOITER,1
41.984,hover 20 m settled,nan,19.971,0.002,0.03,0.03,96.17,-0.05,-0.00,0.10,769,769,769,770,LOITER,1
42.004,hover 20 m settled,nan,19.970,0.002,0.03,0.03,96.17,-0.00,-0.06,0.05,770,769,770,769,LOITER,1
42.024,hover 20 m settled,nan,19.970,0.002,0.03,0.03,96.17,0.08,-0.01,0.04,770,769,770,769,LOITER,1
42.044,hover 20 m settled,nan,19.970,0.002,0.03,0.03,96.17,0.12,-0.06,0.07,770,769,770,769,LOITER,1
42.064,hover 20 m settled,nan,19.970,0.002,0.03,0.03,96.17,0.04,-0.14,0.06,770,769,770,770,LOITER,1
42.084,hover 20 m settled,nan,19.970,0.002,0.03,0.03,96.17,-0.02,0.04,0.05,770,769,770,770,LOITER,1
42.104,hover 20 m settled,nan,19.970,0.001,0.04,0.02,96.17,0.12,-0.10,0.08,770,769,770,769,LOITER,1
42.124,hover 20 m settled,nan,19.970,0.001,0.04,0.02,96.17,0.04,-0.06,0.07,770,769,770,769,LOITER,1
42.144,hover 20 m settled,nan,19.969,0.000,0.04,0.02,96.17,0.02,-0.11,0.06,770,769,770,769,LOITER,1
42.164,hover 20 m settled,nan,19.969,0.000,0.04,0.02,96.17,0.01,-0.11,0.06,769,769,770,769,LOITER,1
42.184,hover 20 m settled,nan,19.969,0.000,0.04,0.02,96.16,0.15,-0.04,0.02,769,769,770,769,LOITER,1
42.204,hover 20 m settled,nan,19.969,0.000,0.04,0.02,96.16,0.15,-0.08,-0.00,769,769,769,770,LOITER,1
42.224,hover 20 m settled,nan,19.969,0.000,0.05,0.02,96.16,0.11,-0.10,0.03,769,769,769,770,LOITER,1
42.244,hover 20 m settled,nan,19.969,0.000,0.05,0.01,96.16,0.04,-0.11,0.02,769,769,769,770,LOITER,1
42.264,hover 20 m settled,nan,19.969,0.000,0.05,0.01,96.16,0.09,0.01,0.04,769,770,769,769,LOITER,1
42.284,hover 20 m settled,nan,19.969,0.000,0.05,0.01,96.16,0.11,-0.13,0.01,769,770,769,769,LOITER,1
42.304,hover 20 m settled,nan,19.969,-0.000,0.05,0.01,96.17,0.10,-0.16,0.06,770,769,770,769,LOITER,1
42.324,hover 20 m settled,nan,19.969,-0.000,0.06,0.01,96.17,0.18,0.00,0.09,770,769,770,769,LOITER,1
42.344,hover 20 m settled,nan,19.968,-0.001,0.06,0.01,96.17,0.18,-0.11,0.05,770,769,770,769,LOITER,1
42.364,hover 20 m settled,nan,19.968,-0.001,0.06,0.00,96.17,0.17,-0.15,0.10,770,769,770,769,LOITER,1
42.384,hover 20 m settled,nan,19.968,-0.001,0.07,0.00,96.17,0.19,-0.12,0.05,770,769,770,769,LOITER,1
42.404,hover 20 m settled,nan,19.968,-0.001,0.07,0.00,96.18,0.30,0.04,0.03,769,770,769,770,LOITER,1
42.424,hover 20 m settled,nan,19.968,-0.001,0.08,0.00,96.18,0.29,-0.07,0.06,769,770,769,770,LOITER,1
42.444,hover 20 m settled,nan,19.968,-0.001,0.08,-0.00,96.18,0.31,-0.07,-0.01,769,770,769,770,LOITER,1
42.464,hover 20 m settled,nan,19.968,-0.001,0.09,-0.00,96.18,0.21,-0.00,0.06,770,769,769,770,LOITER,1
42.484,hover 20 m settled,nan,19.968,-0.001,0.09,-0.00,96.18,0.19,-0.02,0.03,770,769,769,770,LOITER,1
42.504,hover 20 m settled,nan,19.967,-0.002,0.09,-0.00,96.19,0.32,-0.05,0.02,770,769,770,769,LOITER,1
42.524,hover 20 m settled,nan,19.967,-0.002,0.10,-0.00,96.19,0.21,0.03,0.05,770,769,770,769,LOITER,1
42.544,hover 20 m settled,nan,19.967,-0.002,0.10,-0.00,96.19,0.19,0.00,0.08,770,769,770,769,LOITER,1
42.564,hover 20 m settled,nan,19.967,-0.002,0.11,-0.00,96.19,0.23,0.04,0.02,770,769,770,769,LOITER,1
42.584,hover 20 m settled,nan,19.967,-0.002,0.11,-0.00,96.19,0.15,0.11,0.07,770,769,770,769,LOITER,1
42.604,hover 20 m settled,nan,19.966,-0.003,0.11,-0.00,96.20,0.25,0.02,0.06,770,769,770,770,LOITER,1
42.624,hover 20 m settled,nan,19.966,-0.003,0.12,-0.00,96.20,0.20,0.05,0.02,770,769,770,770,LOITER,1
42.644,hover 20 m settled,nan,19.966,-0.003,0.12,0.00,96.20,0.20,0.19,-0.05,770,769,770,770,LOITER,1
42.664,hover 20 m settled,nan,19.966,-0.003,0.13,0.00,96.20,0.19,0.10,0.01,769,770,769,770,LOITER,1
42.684,hover 20 m settled,nan,19.966,-0.003,0.13,0.00,96.20,0.21,0.02,-0.01,769,770,769,770,LOITER,1
42.704,hover 20 m settled,nan,19.966,-0.004,0.13,0.00,96.20,0.16,0.06,-0.07,769,769,769,770,LOITER,1
42.724,hover 20 m settled,nan,19.966,-0.004,0.14,0.01,96.20,0.09,0.13,-0.02,769,769,769,770,LOITER,1
42.744,hover 20 m settled,nan,19.966,-0.004,0.14,0.01,96.20,-0.03,0.11,-0.09,769,769,769,770,LOITER,1
42.764,hover 20 m settled,nan,19.966,-0.004,0.14,0.01,96.20,0.03,0.10,-0.02,769,770,770,769,LOITER,1
42.784,hover 20 m settled,nan,19.966,-0.004,0.14,0.01,96.20,0.09,0.02,-0.03,769,770,770,769,LOITER,1
42.804,hover 20 m settled,nan,19.965,-0.004,0.14,0.01,96.20,0.04,0.09,-0.06,770,769,769,769,LOITER,1
42.824,hover 20 m settled,nan,19.965,-0.004,0.14,0.01,96.20,-0.07,0.10,0.03,770,769,769,769,LOITER,1
42.844,hover 20 m settled,nan,19.965,-0.004,0.14,0.02,96.20,0.05,0.13,-0.04,770,769,769,769,LOITER,1
42.864,hover 20 m settled,nan,19.965,-0.004,0.14,0.02,96.20,-0.08,-0.01,0.02,769,769,769,770,LOITER,1
42.864,inject: failure motor off -i 1,nan,19.965,-0.004,0.14,0.02,96.20,-0.08,-0.01,0.02,769,769,769,770,LOITER,1
42.884,inject: failure motor off -i 1,nan,19.965,-0.004,0.14,0.02,96.20,-0.07,0.01,-0.02,769,769,769,770,LOITER,1
42.904,inject: failure motor off -i 1,nan,19.966,-0.005,0.14,0.02,96.20,0.07,0.12,-0.01,769,769,769,770,LOITER,1
42.924,inject: failure motor off -i 1,nan,19.966,-0.005,0.14,0.02,96.20,-0.08,0.11,-0.00,769,769,769,770,LOITER,1
42.944,inject: failure motor off -i 1,nan,19.966,-0.005,0.14,0.02,96.20,-0.02,0.12,-0.06,769,769,769,770,LOITER,1
42.964,inject: failure motor off -i 1,nan,19.966,-0.005,0.14,0.02,96.20,-0.09,0.08,-0.06,769,769,769,769,LOITER,1
42.984,inject: failure motor off -i 1,nan,19.966,-0.005,0.13,0.03,96.20,-0.17,0.09,-0.06,769,769,769,769,LOITER,1
43.004,inject: failure motor off -i 1,nan,19.966,-0.005,0.13,0.03,96.20,-0.08,-0.01,-0.05,769,769,769,769,LOITER,1
43.024,inject: failure motor off -i 1,nan,19.966,-0.005,0.13,0.03,96.20,-0.08,0.01,-0.04,769,769,769,769,LOITER,1
43.044,inject: failure motor off -i 1,nan,19.967,-0.005,0.13,0.03,96.20,-0.10,0.01,-0.02,769,769,769,769,LOITER,1
43.064,inject: failure motor off -i 1,nan,19.967,-0.005,0.12,0.03,96.20,-0.11,0.04,-0.02,769,769,769,769,LOITER,1
43.084,inject: failure motor off -i 1,nan,19.967,-0.005,0.12,0.03,96.20,-0.09,-0.03,0.01,769,769,769,769,LOITER,1
43.104,inject: failure motor off -i 1,nan,19.967,-0.005,0.12,0.03,96.20,-0.02,-0.10,0.02,769,769,769,769,LOITER,1
43.124,inject: failure motor off -i 1,nan,19.967,-0.005,0.12,0.03,96.20,0.02,-0.13,-0.07,769,769,769,769,LOITER,1
43.144,inject: failure motor off -i 1,nan,19.968,-0.005,0.12,0.02,96.20,0.06,-0.23,-0.05,769,769,769,769,LOITER,1
43.164,inject: failure motor off -i 1,nan,19.968,-0.005,0.12,0.02,96.20,0.03,-0.17,0.00,769,768,769,769,LOITER,1
43.184,inject: failure motor off -i 1,nan,19.968,-0.005,0.12,0.02,96.20,0.05,-0.24,-0.07,769,768,769,769,LOITER,1
43.204,inject: failure motor off -i 1,nan,19.968,-0.004,0.12,0.01,96.20,0.07,-0.28,0.02,768,769,769,769,LOITER,1
43.224,inject: failure motor off -i 1,nan,19.968,-0.004,0.12,0.01,96.20,0.14,-0.28,-0.03,768,769,769,769,LOITER,1
43.244,inject: failure motor off -i 1,nan,19.969,-0.004,0.12,0.00,96.21,0.05,-0.29,-0.06,768,769,769,769,LOITER,1
43.264,inject: failure motor off -i 1,nan,19.969,-0.004,0.13,-0.00,96.21,0.17,-0.36,0.00,768,769,768,769,LOITER,1
43.284,inject: failure motor off -i 1,nan,19.969,-0.004,0.13,-0.01,96.21,0.09,-0.42,-0.06,768,769,768,769,LOITER,1
43.304,inject: failure motor off -i 1,nan,19.969,-0.003,0.13,-0.02,96.21,0.04,-0.23,-0.06,768,769,768,769,LOITER,1
43.324,inject: failure motor off -i 1,nan,19.969,-0.003,0.13,-0.02,96.21,0.06,-0.32,-0.03,768,769,768,769,LOITER,1
43.344,inject: failure motor off -i 1,nan,19.969,-0.003,0.13,-0.03,96.21,0.03,-0.38,-0.06,768,769,768,769,LOITER,1
43.364,inject: failure motor off -i 1,nan,19.969,-0.003,0.13,-0.04,96.21,0.04,-0.33,-0.02,769,768,769,769,LOITER,1
43.384,inject: failure motor off -i 1,nan,19.969,-0.003,0.13,-0.04,96.21,-0.07,-0.27,-0.10,769,768,769,769,LOITER,1
43.404,inject: failure motor off -i 1,nan,19.969,-0.003,0.13,-0.05,96.21,-0.01,-0.30,-0.08,769,769,769,769,LOITER,1
43.424,inject: failure motor off -i 1,nan,19.969,-0.003,0.13,-0.05,96.21,-0.03,-0.31,-0.04,769,769,769,769,LOITER,1
43.444,inject: failure motor off -i 1,nan,19.969,-0.002,0.13,-0.06,96.21,-0.08,-0.35,0.01,769,769,769,769,LOITER,1
43.464,inject: failure motor off -i 1,nan,19.969,-0.002,0.13,-0.06,96.21,-0.04,-0.42,-0.13,769,769,769,769,LOITER,1
43.484,inject: failure motor off -i 1,nan,19.969,-0.002,0.13,-0.07,96.21,-0.05,-0.35,-0.09,769,769,769,769,LOITER,1
43.504,inject: failure motor off -i 1,nan,19.969,-0.002,0.13,-0.08,96.21,-0.16,-0.36,-0.05,769,769,769,769,LOITER,1
43.524,inject: failure motor off -i 1,nan,19.969,-0.002,0.13,-0.08,96.21,-0.05,-0.34,-0.06,769,769,769,769,LOITER,1
43.544,inject: failure motor off -i 1,nan,19.969,-0.002,0.13,-0.09,96.21,-0.08,-0.29,-0.09,769,769,769,769,LOITER,1
43.564,inject: failure motor off -i 1,nan,19.969,-0.002,0.12,-0.10,96.22,-0.08,-0.35,-0.03,769,769,769,769,LOITER,1
43.584,inject: failure motor off -i 1,nan,19.969,-0.002,0.12,-0.10,96.22,-0.14,-0.39,-0.07,769,769,769,769,LOITER,1
43.604,inject: failure motor off -i 1,nan,19.969,-0.001,0.12,-0.11,96.22,-0.09,-0.33,-0.05,769,769,769,769,LOITER,1
43.624,inject: failure motor off -i 1,nan,19.969,-0.001,0.12,-0.12,96.22,-0.18,-0.39,-0.04,769,769,769,769,LOITER,1
43.644,inject: failure motor off -i 1,nan,19.968,-0.001,0.11,-0.12,96.22,-0.17,-0.47,-0.08,769,769,769,769,LOITER,1
43.664,inject: failure motor off -i 1,nan,19.968,-0.001,0.11,-0.13,96.22,-0.12,-0.34,-0.09,770,769,770,769,LOITER,1
43.684,inject: failure motor off -i 1,nan,19.968,-0.001,0.11,-0.14,96.22,-0.23,-0.20,-0.01,770,769,770,769,LOITER,1
43.704,inject: failure motor off -i 1,nan,19.968,-0.001,0.10,-0.14,96.22,-0.31,-0.26,-0.04,769,769,769,769,LOITER,1
43.724,inject: failure motor off -i 1,nan,19.968,-0.001,0.10,-0.14,96.22,-0.33,-0.26,-0.03,769,769,769,769,LOITER,1
43.744,inject: failure motor off -i 1,nan,19.969,-0.002,0.09,-0.15,96.22,-0.34,-0.19,-0.10,769,769,769,769,LOITER,1
43.764,inject: failure motor off -i 1,nan,19.969,-0.002,0.08,-0.15,96.22,-0.26,-0.19,-0.08,769,769,769,769,LOITER,1
43.784,inject: failure motor off -i 1,nan,19.969,-0.002,0.08,-0.16,96.22,-0.26,-0.18,-0.05,769,769,769,769,LOITER,1
43.804,inject: failure motor off -i 1,nan,19.969,-0.002,0.07,-0.16,96.22,-0.27,-0.19,-0.11,769,769,769,769,LOITER,1
43.824,inject: failure motor off -i 1,nan,19.969,-0.002,0.07,-0.16,96.22,-0.28,-0.21,-0.11,769,769,769,769,LOITER,1
43.844,inject: failure motor off -i 1,nan,19.969,-0.002,0.06,-0.17,96.22,-0.26,-0.15,-0.08,769,769,769,769,LOITER,1
43.864,inject: failure motor off -i 1,nan,19.969,-0.002,0.06,-0.17,96.22,-0.26,-0.22,-0.09,769,769,769,769,LOITER,1
43.884,inject: failure motor off -i 1,nan,19.969,-0.002,0.05,-0.17,96.22,-0.36,-0.18,-0.09,769,769,769,769,LOITER,1
43.904,inject: failure motor off -i 1,nan,19.969,-0.001,0.04,-0.18,96.22,-0.37,-0.07,-0.06,769,769,769,769,LOITER,1
43.924,inject: failure motor off -i 1,nan,19.969,-0.001,0.04,-0.18,96.22,-0.41,-0.14,-0.09,769,769,769,769,LOITER,1
43.944,inject: failure motor off -i 1,nan,19.969,-0.001,0.03,-0.18,96.22,-0.32,-0.02,-0.08,769,769,769,769,LOITER,1
43.964,inject: failure motor off -i 1,nan,19.969,-0.001,0.02,-0.18,96.22,-0.31,0.03,-0.06,769,769,769,769,LOITER,1
43.984,inject: failure motor off -i 1,nan,19.969,-0.001,0.02,-0.18,96.22,-0.31,-0.03,-0.07,769,769,769,769,LOITER,1
44.004,inject: failure motor off -i 1,nan,19.969,-0.001,0.01,-0.18,96.22,-0.31,0.08,-0.05,769,769,770,769,LOITER,1
44.024,inject: failure motor off -i 1,nan,19.969,-0.001,0.00,-0.18,96.22,-0.34,0.08,-0.07,769,769,770,769,LOITER,1
44.044,inject: failure motor off -i 1,nan,19.968,-0.001,-0.00,-0.17,96.22,-0.35,0.16,-0.10,769,769,770,769,LOITER,1
44.064,inject: failure motor off -i 1,nan,19.968,-0.001,-0.01,-0.17,96.22,-0.25,0.04,-0.10,769,770,769,770,LOITER,1
44.084,inject: failure motor off -i 1,nan,19.968,-0.001,-0.01,-0.17,96.22,-0.26,0.07,-0.13,769,770,769,770,LOITER,1
44.104,inject: failure motor off -i 1,nan,19.968,-0.001,-0.02,-0.17,96.22,-0.22,0.10,-0.06,769,770,769,770,LOITER,1
44.124,inject: failure motor off -i 1,nan,19.968,-0.001,-0.02,-0.17,96.22,-0.16,0.10,-0.11,769,770,769,770,LOITER,1
44.144,inject: failure motor off -i 1,nan,19.968,-0.001,-0.03,-0.16,96.22,-0.14,0.06,-0.05,769,770,769,770,LOITER,1
44.164,inject: failure motor off -i 1,nan,19.968,-0.001,-0.03,-0.16,96.22,-0.05,-0.01,-0.07,769,769,770,770,LOITER,1
44.184,inject: failure motor off -i 1,nan,19.968,-0.001,-0.03,-0.16,96.23,-0.13,0.02,-0.14,769,769,770,770,LOITER,1
44.204,inject: failure motor off -i 1,nan,19.967,-0.002,-0.03,-0.16,96.23,-0.10,0.12,-0.09,769,770,769,770,LOITER,1
44.224,inject: failure motor off -i 1,nan,19.967,-0.002,-0.04,-0.16,96.23,-0.04,0.01,-0.12,769,770,769,770,LOITER,1
44.244,inject: failure motor off -i 1,nan,19.967,-0.002,-0.04,-0.16,96.22,-0.06,-0.07,-0.09,769,770,769,770,LOITER,1
44.264,inject: failure motor off -i 1,nan,19.967,-0.002,-0.04,-0.16,96.22,-0.06,0.04,-0.11,770,769,770,769,LOITER,1
44.284,inject: failure motor off -i 1,nan,19.967,-0.002,-0.04,-0.16,96.22,0.01,0.14,-0.08,770,769,770,769,LOITER,1
44.304,inject: failure motor off -i 1,nan,19.967,-0.003,-0.04,-0.16,96.22,0.00,0.03,-0.07,769,769,770,769,LOITER,1
44.324,inject: failure motor off -i 1,nan,19.967,-0.003,-0.04,-0.16,96.22,0.05,0.07,-0.12,769,769,770,769,LOITER,1
44.344,inject: failure motor off -i 1,nan,19.967,-0.003,-0.04,-0.15,96.22,0.09,0.08,-0.10,769,769,770,769,LOITER,1
44.364,inject: failure motor off -i 1,nan,19.967,-0.003,-0.04,-0.15,96.21,0.08,0.08,-0.13,769,769,769,769,LOITER,1
44.384,inject: failure motor off -i 1,nan,19.967,-0.003,-0.03,-0.15,96.21,0.14,0.13,-0.06,769,769,769,769,LOITER,1
44.404,inject: failure motor off -i 1,nan,19.967,-0.003,-0.03,-0.15,96.21,0.12,0.16,-0.06,769,769,769,769,LOITER,1
44.424,inject: failure motor off -i 1,nan,19.967,-0.003,-0.03,-0.14,96.21,0.19,0.20,-0.11,769,769,769,769,LOITER,1
44.444,inject: failure motor off -i 1,nan,19.967,-0.003,-0.03,-0.14,96.20,0.23,0.09,-0.10,769,769,769,769,LOITER,1
44.464,inject: failure motor off -i 1,nan,19.967,-0.003,-0.02,-0.14,96.20,0.15,0.17,-0.11,770,769,770,769,LOITER,1
44.484,inject: failure motor off -i 1,nan,19.967,-0.003,-0.02,-0.13,96.20,0.06,0.24,-0.09,770,769,770,769,LOITER,1
44.504,inject: failure motor off -i 1,nan,19.967,-0.003,-0.02,-0.13,96.20,0.18,0.16,-0.11,769,770,769,769,LOITER,1
44.524,inject: failure motor off -i 1,nan,19.967,-0.003,-0.02,-0.13,96.19,0.16,0.15,-0.07,769,770,769,769,LOITER,1
44.544,inject: failure motor off -i 1,nan,19.968,-0.003,-0.01,-0.12,96.19,0.17,0.21,-0.07,769,770,769,769,LOITER,1
44.564,inject: failure motor off -i 1,nan,19.968,-0.003,-0.01,-0.12,96.19,0.17,0.18,-0.13,769,769,769,769,LOITER,1
44.584,inject: failure motor off -i 1,nan,19.968,-0.003,-0.01,-0.11,96.19,0.19,0.16,-0.10,769,769,769,769,LOITER,1
44.604,inject: failure motor off -i 1,nan,19.968,-0.003,-0.00,-0.11,96.19,0.15,0.22,-0.07,769,770,769,769,LOITER,1
44.624,inject: failure motor off -i 1,nan,19.968,-0.003,-0.00,-0.11,96.19,0.24,0.10,-0.04,769,770,769,769,LOITER,1
44.644,inject: failure motor off -i 1,nan,19.968,-0.003,0.00,-0.11,96.18,0.33,0.09,-0.03,769,770,769,769,LOITER,1
44.664,inject: failure motor off -i 1,nan,19.968,-0.003,0.01,-0.10,96.18,0.34,0.09,-0.10,769,769,769,769,LOITER,1
44.684,inject: failure motor off -i 1,nan,19.968,-0.003,0.02,-0.10,96.18,0.29,0.09,-0.07,769,769,769,769,LOITER,1
44.704,inject: failure motor off -i 1,nan,19.968,-0.003,0.02,-0.10,96.18,0.23,0.09,-0.10,769,769,769,769,LOITER,1
44.724,inject: failure motor off -i 1,nan,19.968,-0.003,0.03,-0.10,96.18,0.28,0.05,-0.09,769,769,769,769,LOITER,1
44.744,inject: failure motor off -i 1,nan,19.969,-0.003,0.03,-0.09,96.18,0.28,0.14,-0.08,769,769,769,769,LOITER,1
44.764,inject: failure motor off -i 1,nan,19.969,-0.003,0.04,-0.09,96.18,0.21,0.12,-0.06,769,769,768,769,LOITER,1
44.784,inject: failure motor off -i 1,nan,19.969,-0.003,0.04,-0.09,96.18,0.17,0.07,-0.05,769,769,768,769,LOITER,1
44.804,inject: failure motor off -i 1,nan,19.969,-0.002,0.04,-0.09,96.17,0.24,0.12,-0.05,769,769,769,769,LOITER,1
44.824,inject: failure motor off -i 1,nan,19.969,-0.002,0.05,-0.08,96.17,0.23,0.17,-0.13,769,769,769,769,LOITER,1
44.844,inject: failure motor off -i 1,nan,19.970,-0.002,0.05,-0.08,96.17,0.11,0.14,-0.05,769,769,769,769,LOITER,1
44.864,inject: failure motor off -i 1,nan,19.970,-0.002,0.05,-0.08,96.17,0.12,0.08,-0.04,769,769,769,768,LOITER,1
44.884,inject: failure motor off -i 1,nan,19.970,-0.002,0.05,-0.08,96.17,0.07,0.09,-0.00,769,769,769,768,LOITER,1
44.904,inject: failure motor off -i 1,nan,19.970,-0.002,0.06,-0.07,96.17,0.11,0.10,-0.02,768,769,768,769,LOITER,1
44.924,inject: failure motor off -i 1,nan,19.970,-0.002,0.06,-0.07,96.17,0.07,0.07,-0.00,768,769,768,769,LOITER,1
44.944,inject: failure motor off -i 1,nan,19.971,-0.001,0.06,-0.07,96.17,0.06,0.04,0.02,768,769,768,769,LOITER,1
44.964,inject: failure motor off -i 1,nan,19.971,-0.001,0.06,-0.07,96.17,0.15,-0.01,0.01,768,769,768,768,LOITER,1
44.984,inject: failure motor off -i 1,nan,19.971,-0.001,0.06,-0.07,96.17,0.19,-0.03,-0.05,768,769,768,768,LOITER,1
45.004,inject: failure motor off -i 1,nan,19.971,-0.000,0.07,-0.07,96.17,0.10,-0.12,0.00,769,769,769,768,LOITER,1
45.024,inject: failure motor off -i 1,nan,19.971,-0.000,0.07,-0.07,96.17,0.21,-0.02,-0.02,769,769,769,768,LOITER,1
45.044,inject: failure motor off -i 1,nan,19.971,0.000,0.07,-0.07,96.17,0.13,-0.00,0.04,769,769,769,768,LOITER,1
45.064,inject: failure motor off -i 1,nan,19.971,0.000,0.07,-0.07,96.17,0.22,-0.03,-0.01,769,770,769,769,LOITER,1
45.084,inject: failure motor off -i 1,nan,19.971,0.000,0.08,-0.07,96.17,0.25,-0.08,0.06,769,770,769,769,LOITER,1
45.104,inject: failure motor off -i 1,nan,19.970,0.000,0.08,-0.07,96.17,0.24,-0.11,-0.07,769,769,769,769,LOITER,1
45.124,inject: failure motor off -i 1,nan,19.970,0.000,0.09,-0.07,96.17,0.27,-0.12,-0.00,769,769,769,769,LOITER,1
45.144,inject: failure motor off -i 1,nan,19.970,0.001,0.09,-0.07,96.17,0.29,-0.10,-0.01,769,769,769,769,LOITER,1
45.164,inject: failure motor off -i 1,nan,19.970,0.001,0.10,-0.08,96.17,0.20,-0.15,-0.04,770,770,769,769,LOITER,1
45.184,inject: failure motor off -i 1,nan,19.970,0.001,0.10,-0.08,96.17,0.17,-0.08,0.02,770,770,769,769,LOITER,1
45.204,inject: failure motor off -i 1,nan,19.969,0.001,0.11,-0.08,96.17,0.27,-0.13,0.07,770,770,769,770,LOITER,1
45.224,inject: failure motor off -i 1,nan,19.969,0.001,0.11,-0.08,96.17,0.14,-0.11,-0.03,770,770,769,770,LOITER,1
45.244,inject: failure motor off -i 1,nan,19.968,0.000,0.11,-0.08,96.17,0.10,-0.18,0.02,770,770,769,770,LOITER,1
45.264,inject: failure motor off -i 1,nan,19.968,0.000,0.11,-0.09,96.17,0.10,-0.13,0.07,770,770,770,769,LOITER,1
45.284,inject: failure motor off -i 1,nan,19.968,0.000,0.12,-0.09,96.17,0.11,-0.13,0.02,770,770,770,769,LOITER,1
45.304,inject: failure motor off -i 1,nan,19.967,-0.000,0.12,-0.09,96.18,0.07,-0.07,0.04,770,770,770,770,LOITER,1
45.324,inject: failure motor off -i 1,nan,19.967,-0.000,0.12,-0.09,96.18,0.06,-0.00,0.04,770,770,770,770,LOITER,1
45.344,inject: failure motor off -i 1,nan,19.966,-0.001,0.12,-0.09,96.18,0.11,-0.05,0.02,770,770,770,770,LOITER,1
45.364,inject: failure motor off -i 1,nan,19.966,-0.001,0.12,-0.09,96.18,-0.05,0.05,0.01,771,770,770,770,LOITER,1
45.384,inject: failure motor off -i 1,nan,19.966,-0.001,0.12,-0.09,96.18,-0.01,0.03,-0.01,771,770,770,770,LOITER,1
45.404,inject: failure motor off -i 1,nan,19.965,-0.002,0.12,-0.09,96.19,-0.11,0.16,0.04,770,770,770,770,LOITER,1
45.424,inject: failure motor off -i 1,nan,19.965,-0.002,0.12,-0.08,96.19,-0.16,0.21,0.03,770,770,770,770,LOITER,1
45.444,inject: failure motor off -i 1,nan,19.964,-0.003,0.12,-0.08,96.19,-0.22,0.21,0.04,770,770,770,770,LOITER,1
45.464,inject: failure motor off -i 1,nan,19.964,-0.003,0.11,-0.08,96.19,-0.18,0.23,0.03,770,770,770,770,LOITER,1
45.484,inject: failure motor off -i 1,nan,19.964,-0.003,0.11,-0.07,96.19,-0.27,0.33,0.04,770,770,770,770,LOITER,1
45.504,inject: failure motor off -i 1,nan,19.963,-0.003,0.10,-0.06,96.19,-0.22,0.33,0.02,770,770,770,770,LOITER,1
45.524,inject: failure motor off -i 1,nan,19.963,-0.003,0.10,-0.06,96.20,-0.23,0.23,0.01,770,770,770,770,LOITER,1
45.544,inject: failure motor off -i 1,nan,19.962,-0.004,0.10,-0.05,96.20,-0.22,0.26,-0.03,770,770,770,770,LOITER,1
45.564,inject: failure motor off -i 1,nan,19.962,-0.004,0.09,-0.05,96.20,-0.22,0.32,0.04,770,770,770,770,LOITER,1
45.584,inject: failure motor off -i 1,nan,19.962,-0.004,0.09,-0.04,96.20,-0.24,0.34,-0.02,770,770,770,770,LOITER,1
45.604,inject: failure motor off -i 1,nan,19.962,-0.005,0.08,-0.04,96.20,-0.24,0.36,0.05,770,770,770,770,LOITER,1
45.624,inject: failure motor off -i 1,nan,19.962,-0.005,0.08,-0.03,96.20,-0.30,0.41,0.02,770,770,770,770,LOITER,1
45.644,inject: failure motor off -i 1,nan,19.961,-0.006,0.07,-0.02,96.20,-0.29,0.42,0.04,770,770,770,770,LOITER,1
45.664,inject: failure motor off -i 1,nan,19.961,-0.006,0.06,-0.02,96.20,-0.32,0.40,0.04,770,770,770,770,LOITER,1
45.684,inject: failure motor off -i 1,nan,19.961,-0.006,0.06,-0.01,96.20,-0.23,0.51,0.02,770,770,770,770,LOITER,1
45.704,inject: failure motor off -i 1,nan,19.960,-0.007,0.05,0.00,96.21,-0.33,0.50,-0.01,770,770,770,771,LOITER,1
45.724,inject: failure motor off -i 1,nan,19.960,-0.007,0.05,0.01,96.21,-0.39,0.46,-0.02,770,770,770,771,LOITER,1
45.744,inject: failure motor off -i 1,nan,19.960,-0.008,0.04,0.02,96.21,-0.47,0.38,0.00,770,770,770,771,LOITER,1
45.764,inject: failure motor off -i 1,nan,19.960,-0.008,0.03,0.03,96.21,-0.35,0.52,0.02,770,770,771,770,LOITER,1
45.784,inject: failure motor off -i 1,nan,19.960,-0.008,0.02,0.04,96.21,-0.39,0.54,0.01,770,770,771,770,LOITER,1
45.804,inject: failure motor off -i 1,nan,19.960,-0.009,0.01,0.05,96.21,-0.34,0.48,-0.01,770,770,770,770,LOITER,1
45.824,inject: failure motor off -i 1,nan,19.960,-0.009,0.01,0.06,96.21,-0.32,0.52,-0.04,770,770,770,770,LOITER,1
45.844,inject: failure motor off -i 1,nan,19.959,-0.009,0.00,0.07,96.21,-0.29,0.43,-0.05,770,770,770,770,LOITER,1
45.864,inject: failure motor off -i 1,nan,19.959,-0.009,-0.00,0.08,96.22,-0.28,0.47,0.02,770,770,770,770,LOITER,1
45.884,inject: failure motor off -i 1,nan,19.959,-0.009,-0.01,0.09,96.22,-0.27,0.47,0.03,770,770,770,770,LOITER,1
45.904,inject: failure motor off -i 1,nan,19.959,-0.010,-0.01,0.09,96.22,-0.19,0.41,-0.04,770,769,770,770,LOITER,1
45.924,inject: failure motor off -i 1,nan,19.959,-0.010,-0.01,0.10,96.22,-0.17,0.41,-0.07,770,769,770,770,LOITER,1
45.944,inject: failure motor off -i 1,nan,19.959,-0.011,-0.02,0.11,96.22,-0.24,0.38,-0.00,770,769,770,770,LOITER,1
45.964,inject: failure motor off -i 1,nan,19.959,-0.011,-0.02,0.12,96.22,-0.18,0.29,-0.01,769,770,770,770,LOITER,1
45.984,inject: failure motor off -i 1,nan,19.959,-0.011,-0.03,0.12,96.22,-0.14,0.31,-0.04,769,770,770,770,LOITER,1
46.004,inject: failure motor off -i 1,nan,19.959,-0.011,-0.03,0.13,96.22,-0.19,0.24,-0.06,769,769,770,770,LOITER,1
46.024,inject: failure motor off -i 1,nan,19.959,-0.011,-0.03,0.13,96.22,-0.22,0.24,-0.02,769,769,770,770,LOITER,1
46.044,inject: failure motor off -i 1,nan,19.959,-0.011,-0.04,0.14,96.22,-0.20,0.32,-0.10,769,769,770,770,LOITER,1
46.064,inject: failure motor off -i 1,nan,19.959,-0.011,-0.04,0.14,96.22,-0.23,0.31,-0.07,769,769,769,770,LOITER,1
46.084,inject: failure motor off -i 1,nan,19.959,-0.011,-0.05,0.15,96.22,-0.38,0.23,-0.05,769,769,769,770,LOITER,1
46.104,inject: failure motor off -i 1,nan,19.960,-0.011,-0.05,0.15,96.22,-0.32,0.23,-0.12,769,769,770,769,LOITER,1
46.124,inject: failure motor off -i 1,nan,19.960,-0.011,-0.06,0.16,96.21,-0.28,0.34,-0.12,769,769,770,769,LOITER,1
46.144,inject: failure motor off -i 1,nan,19.960,-0.011,-0.07,0.17,96.21,-0.18,0.34,-0.08,769,769,770,769,LOITER,1
46.164,inject: failure motor off -i 1,nan,19.960,-0.011,-0.07,0.17,96.21,-0.21,0.43,-0.06,769,769,769,769,LOITER,1
46.184,inject: failure motor off -i 1,nan,19.960,-0.011,-0.07,0.18,96.21,-0.14,0.28,-0.10,769,769,769,769,LOITER,1
46.204,inject: failure motor off -i 1,nan,19.961,-0.011,-0.08,0.18,96.21,-0.10,0.18,-0.01,769,769,769,769,LOITER,1
46.224,inject: failure motor off -i 1,nan,19.961,-0.011,-0.08,0.19,96.20,-0.09,0.27,-0.09,769,769,769,769,LOITER,1
46.244,inject: failure motor off -i 1,nan,19.962,-0.011,-0.08,0.19,96.20,-0.06,0.23,-0.07,769,769,769,769,LOITER,1
46.264,inject: failure motor off -i 1,nan,19.962,-0.011,-0.08,0.20,96.20,-0.12,0.23,-0.10,769,769,769,769,LOITER,1
46.284,inject: failure motor off -i 1,nan,19.962,-0.011,-0.08,0.20,96.20,-0.07,0.15,-0.03,769,769,769,769,LOITER,1
46.304,inject: failure motor off -i 1,nan,19.962,-0.011,-0.08,0.20,96.19,-0.09,0.16,-0.11,769,769,769,769,LOITER,1
46.324,inject: failure motor off -i 1,nan,19.962,-0.011,-0.09,0.21,96.19,-0.12,0.18,-0.08,769,769,769,769,LOITER,1
46.344,inject: failure motor off -i 1,nan,19.963,-0.010,-0.09,0.21,96.19,-0.00,0.25,-0.01,769,769,769,769,LOITER,1
46.364,inject: failure motor off -i 1,nan,19.963,-0.010,-0.09,0.22,96.19,-0.12,0.17,-0.06,769,769,768,769,LOITER,1
46.384,inject: failure motor off -i 1,nan,19.963,-0.010,-0.09,0.22,96.18,-0.10,0.15,-0.09,769,769,768,769,LOITER,1
46.404,inject: failure motor off -i 1,nan,19.963,-0.009,-0.09,0.22,96.18,0.04,0.22,0.00,769,769,769,769,LOITER,1
46.424,inject: failure motor off -i 1,nan,19.963,-0.009,-0.09,0.23,96.18,0.04,0.22,-0.08,769,769,769,769,LOITER,1
46.444,inject: failure motor off -i 1,nan,19.963,-0.009,-0.09,0.23,96.18,0.00,0.21,-0.04,769,769,769,769,LOITER,1
46.464,inject: failure motor off -i 1,nan,19.963,-0.009,-0.09,0.23,96.17,0.04,0.14,-0.08,769,769,769,769,LOITER,1
46.484,inject: failure motor off -i 1,nan,19.963,-0.009,-0.09,0.24,96.17,0.06,0.17,-0.07,769,769,769,769,LOITER,1
46.504,inject: failure motor off -i 1,nan,19.964,-0.008,-0.09,0.24,96.17,0.13,0.18,-0.01,769,769,769,769,LOITER,1
46.524,inject: failure motor off -i 1,nan,19.964,-0.008,-0.09,0.24,96.17,0.22,0.14,-0.05,769,769,769,769,LOITER,1
46.544,inject: failure motor off -i 1,nan,19.964,-0.008,-0.09,0.24,96.17,0.18,0.04,-0.03,769,769,769,769,LOITER,1
46.564,inject: failure motor off -i 1,nan,19.964,-0.008,-0.08,0.24,96.16,0.21,0.10,-0.06,769,769,769,768,LOITER,1
46.584,inject: failure motor off -i 1,nan,19.964,-0.008,-0.08,0.25,96.16,0.34,0.13,-0.10,769,769,769,768,LOITER,1
46.604,inject: failure motor off -i 1,nan,19.965,-0.008,-0.07,0.25,96.16,0.30,0.03,-0.06,769,769,769,768,LOITER,1
46.624,inject: failure motor off -i 1,nan,19.965,-0.008,-0.07,0.25,96.16,0.34,0.05,-0.05,769,769,769,768,LOITER,1
46.644,inject: failure motor off -i 1,nan,19.966,-0.007,-0.06,0.25,96.16,0.37,0.04,-0.03,769,769,769,768,LOITER,1
46.664,inject: failure motor off -i 1,nan,19.966,-0.007,-0.05,0.25,96.16,0.48,-0.01,-0.01,768,769,768,768,LOITER,1
46.684,inject: failure motor off -i 1,nan,19.966,-0.007,-0.04,0.25,96.16,0.46,-0.09,-0.04,768,769,768,768,LOITER,1
46.704,inject: failure motor off -i 1,nan,19.967,-0.007,-0.03,0.24,96.16,0.50,-0.09,0.04,769,769,768,768,LOITER,1
46.724,inject: failure motor off -i 1,nan,19.967,-0.007,-0.03,0.24,96.16,0.48,-0.07,0.02,769,769,768,768,LOITER,1
46.744,inject: failure motor off -i 1,nan,19.968,-0.006,-0.02,0.24,96.16,0.51,-0.07,0.01,769,769,768,768,LOITER,1
46.764,inject: failure motor off -i 1,nan,19.968,-0.006,-0.01,0.24,96.16,0.51,-0.09,0.04,769,768,768,768,LOITER,1
46.784,inject: failure motor off -i 1,nan,19.968,-0.006,0.00,0.24,96.16,0.48,-0.04,0.01,769,768,768,768,LOITER,1
46.804,inject: failure motor off -i 1,nan,19.969,-0.005,0.01,0.24,96.16,0.49,-0.12,0.03,768,768,768,768,LOITER,1
46.824,inject: failure motor off -i 1,nan,19.969,-0.005,0.02,0.23,96.16,0.46,-0.14,0.00,768,768,768,768,LOITER,1
46.844,inject: failure motor off -i 1,nan,19.971,-0.004,0.03,0.23,96.16,0.45,-0.10,0.04,768,768,768,768,LOITER,1
46.864,inject: failure motor off -i 1,nan,19.971,-0.004,0.04,0.23,96.16,0.46,-0.04,0.03,768,768,768,768,LOITER,1
46.884,inject: failure motor off -i 1,nan,19.971,-0.004,0.05,0.23,96.16,0.37,-0.10,0.01,768,768,768,768,LOITER,1
46.904,inject: failure motor off -i 1,nan,19.972,-0.003,0.05,0.23,96.16,0.37,-0.01,0.08,768,768,768,768,LOITER,1
46.924,inject: failure motor off -i 1,nan,19.972,-0.003,0.06,0.22,96.16,0.42,-0.06,0.06,768,768,768,768,LOITER,1
46.944,inject: failure motor off -i 1,nan,19.973,-0.002,0.07,0.22,96.16,0.32,-0.04,0.07,768,768,768,768,LOITER,1
46.964,inject: failure motor off -i 1,nan,19.973,-0.002,0.08,0.22,96.17,0.34,0.00,0.08,768,768,768,768,LOITER,1
46.984,inject: failure motor off -i 1,nan,19.973,-0.002,0.08,0.22,96.17,0.29,0.01,0.05,768,768,768,768,LOITER,1
47.004,inject: failure motor off -i 1,nan,19.974,-0.001,0.09,0.22,96.17,0.30,0.02,0.10,768,768,767,768,LOITER,1
47.024,inject: failure motor off -i 1,nan,19.974,-0.001,0.09,0.22,96.17,0.26,0.01,0.05,768,768,767,768,LOITER,1
47.044,inject: failure motor off -i 1,nan,19.975,0.000,0.10,0.22,96.17,0.34,-0.01,0.10,768,768,767,768,LOITER,1
47.064,inject: failure motor off -i 1,nan,19.975,0.000,0.10,0.22,96.17,0.20,0.01,0.09,769,767,768,768,LOITER,1
47.084,inject: failure motor off -i 1,nan,19.975,0.000,0.11,0.22,96.17,0.14,0.06,0.05,769,767,768,768,LOITER,1
47.104,inject: failure motor off -i 1,nan,19.976,0.001,0.11,0.22,96.17,0.08,0.07,0.05,768,768,767,768,LOITER,1
47.124,inject: failure motor off -i 1,nan,19.976,0.001,0.11,0.22,96.17,0.04,0.07,0.09,768,768,767,768,LOITER,1
47.144,inject: failure motor off -i 1,nan,19.977,0.003,0.11,0.22,96.17,0.02,0.03,0.04,768,768,767,768,LOITER,1
47.164,inject: failure motor off -i 1,nan,19.977,0.003,0.11,0.22,96.17,-0.02,0.04,0.03,768,768,768,768,LOITER,1
47.184,inject: failure motor off -i 1,nan,19.977,0.003,0.11,0.22,96.17,-0.04,0.03,0.04,768,768,768,768,LOITER,1
47.204,inject: failure motor off -i 1,nan,19.977,0.004,0.11,0.22,96.17,-0.03,-0.02,0.11,769,768,768,768,LOITER,1
47.224,inject: failure motor off -i 1,nan,19.977,0.004,0.11,0.22,96.17,-0.16,0.01,0.03,769,768,768,768,LOITER,1
47.244,inject: failure motor off -i 1,nan,19.977,0.005,0.11,0.22,96.17,-0.19,0.03,0.06,769,768,768,768,LOITER,1
47.264,inject: failure motor off -i 1,nan,19.977,0.005,0.10,0.22,96.17,-0.31,-0.01,0.02,768,768,768,769,LOITER,1
47.284,inject: failure motor off -i 1,nan,19.977,0.005,0.10,0.22,96.17,-0.32,-0.13,0.07,768,768,768,769,LOITER,1
47.304,inject: failure motor off -i 1,nan,19.977,0.006,0.09,0.22,96.17,-0.36,-0.10,0.07,769,769,769,769,LOITER,1
47.324,inject: failure motor off -i 1,nan,19.977,0.006,0.08,0.22,96.17,-0.28,-0.07,0.06,769,769,769,769,LOITER,1
47.344,inject: failure motor off -i 1,nan,19.977,0.006,0.08,0.22,96.17,-0.30,-0.07,0.04,769,769,769,769,LOITER,1
47.364,inject: failure motor off -i 1,nan,19.977,0.006,0.07,0.21,96.17,-0.38,-0.05,0.12,769,769,769,769,LOITER,1
47.384,inject: failure motor off -i 1,nan,19.977,0.006,0.06,0.21,96.17,-0.34,-0.19,0.06,769,769,769,769,LOITER,1
47.404,inject: failure motor off -i 1,nan,19.977,0.006,0.06,0.21,96.17,-0.25,-0.12,0.03,769,769,769,769,LOITER,1
47.424,inject: failure motor off -i 1,nan,19.977,0.006,0.05,0.21,96.17,-0.25,-0.18,0.02,769,769,769,769,LOITER,1
47.444,inject: failure motor off -i 1,nan,19.977,0.007,0.04,0.20,96.17,-0.37,-0.17,0.05,769,769,769,769,LOITER,1
47.464,inject: failure motor off -i 1,nan,19.977,0.007,0.04,0.20,96.17,-0.30,-0.14,0.10,769,769,769,769,LOITER,1
47.484,inject: failure motor off -i 1,nan,19.977,0.007,0.03,0.20,96.17,-0.31,-0.23,0.09,769,769,769,769,LOITER,1
47.504,inject: failure motor off -i 1,nan,19.976,0.007,0.02,0.19,96.17,-0.35,-0.22,0.06,769,769,769,769,LOITER,1
47.524,inject: failure motor off -i 1,nan,19.976,0.007,0.02,0.19,96.17,-0.31,-0.25,0.05,769,769,769,769,LOITER,1
47.544,inject: failure motor off -i 1,nan,19.976,0.007,0.01,0.18,96.17,-0.32,-0.33,0.05,769,769,769,769,LOITER,1
47.564,inject: failure motor off -i 1,nan,19.976,0.007,0.01,0.18,96.17,-0.36,-0.20,0.01,769,769,770,769,LOITER,1
47.584,inject: failure motor off -i 1,nan,19.976,0.007,0.00,0.17,96.17,-0.13,-0.31,0.05,769,769,770,769,LOITER,1
47.604,inject: failure motor off -i 1,nan,19.976,0.007,-0.00,0.16,96.17,-0.11,-0.24,-0.01,769,769,769,769,LOITER,1
47.624,inject: failure motor off -i 1,nan,19.976,0.007,-0.00,0.16,96.17,-0.07,-0.23,0.01,769,769,769,769,LOITER,1
47.644,inject: failure motor off -i 1,nan,19.976,0.007,-0.00,0.15,96.17,0.02,-0.32,0.09,769,769,769,769,LOITER,1
47.664,inject: failure motor off -i 1,nan,19.976,0.007,-0.00,0.15,96.17,0.02,-0.35,0.08,769,769,769,769,LOITER,1
47.684,inject: failure motor off -i 1,nan,19.976,0.007,-0.00,0.14,96.16,0.04,-0.36,0.08,769,769,769,769,LOITER,1
47.704,inject: failure motor off -i 1,nan,19.976,0.007,-0.00,0.13,96.16,0.00,-0.38,0.06,769,769,769,769,LOITER,1
47.724,inject: failure motor off -i 1,nan,19.976,0.007,-0.00,0.13,96.16,0.02,-0.32,0.03,769,769,769,769,LOITER,1
47.744,inject: failure motor off -i 1,nan,19.976,0.007,0.00,0.12,96.16,-0.04,-0.30,0.09,769,769,769,769,LOITER,1
47.764,inject: failure motor off -i 1,nan,19.976,0.007,-0.00,0.11,96.16,-0.02,-0.28,0.10,769,769,769,769,LOITER,1
47.784,inject: failure motor off -i 1,nan,19.976,0.007,-0.00,0.11,96.15,-0.12,-0.23,0.08,769,769,769,769,LOITER,1
47.804,inject: failure motor off -i 1,nan,19.975,0.007,-0.00,0.10,96.15,-0.06,-0.32,0.05,770,769,769,769,LOITER,1
47.824,inject: failure motor off -i 1,nan,19.975,0.007,-0.01,0.10,96.15,-0.16,-0.30,0.07,770,769,769,769,LOITER,1
47.844,inject: failure motor off -i 1,nan,19.975,0.007,-0.01,0.09,96.14,-0.14,-0.27,0.15,770,769,769,769,LOITER,1
47.864,inject: failure motor off -i 1,nan,19.975,0.007,-0.01,0.09,96.14,-0.13,-0.30,0.07,769,770,769,769,LOITER,1
47.884,inject: failure motor off -i 1,nan,19.975,0.007,-0.01,0.08,96.14,-0.20,-0.28,0.10,769,770,769,769,LOITER,1
47.904,inject: failure motor off -i 1,nan,19.975,0.006,-0.02,0.07,96.14,-0.24,-0.33,0.09,770,770,769,769,LOITER,1
47.924,inject: failure motor off -i 1,nan,19.975,0.006,-0.02,0.07,96.14,-0.21,-0.39,0.12,770,770,769,769,LOITER,1
47.944,inject: failure motor off -i 1,nan,19.974,0.006,-0.03,0.06,96.14,-0.23,-0.27,0.18,770,770,769,769,LOITER,1
47.964,inject: failure motor off -i 1,nan,19.974,0.006,-0.03,0.05,96.14,-0.09,-0.34,0.14,769,770,769,769,LOITER,1
47.984,inject: failure motor off -i 1,nan,19.974,0.006,-0.03,0.05,96.14,-0.11,-0.34,0.09,769,770,769,769,LOITER,1
48.004,inject: failure motor off -i 1,nan,19.974,0.005,-0.03,0.04,96.14,-0.21,-0.24,0.11,769,770,769,769,LOITER,1
48.024,inject: failure motor off -i 1,nan,19.974,0.005,-0.04,0.04,96.14,-0.16,-0.22,0.07,769,770,769,769,LOITER,1
48.044,inject: failure motor off -i 1,nan,19.974,0.005,-0.04,0.03,96.14,-0.11,-0.26,0.12,769,770,769,769,LOITER,1
48.068,inject: failure motor off -i 1,nan,19.974,0.005,-0.04,0.02,96.15,-0.18,-0.20,0.13,770,769,769,769,LOITER,1
48.084,inject: failure motor off -i 1,nan,19.974,0.005,-0.05,0.02,96.15,-0.15,-0.22,0.15,770,769,769,769,LOITER,1
48.104,inject: failure motor off -i 1,nan,19.973,0.005,-0.05,0.02,96.15,-0.20,-0.25,0.13,769,770,769,770,LOITER,1
48.124,inject: failure motor off -i 1,nan,19.973,0.005,-0.05,0.01,96.15,-0.11,-0.28,0.11,769,770,769,770,LOITER,1
48.144,inject: failure motor off -i 1,nan,19.972,0.004,-0.06,0.01,96.15,-0.11,-0.23,0.14,769,770,769,770,LOITER,1
48.164,inject: failure motor off -i 1,nan,19.972,0.004,-0.06,0.00,96.16,-0.07,-0.14,0.19,769,770,770,770,LOITER,1
48.184,inject: failure motor off -i 1,nan,19.972,0.004,-0.06,-0.00,96.16,-0.05,-0.21,0.12,769,770,770,770,LOITER,1
48.204,inject: failure motor off -i 1,nan,19.972,0.003,-0.06,-0.01,96.16,-0.05,-0.24,0.10,770,769,770,769,LOITER,1
48.228,inject: failure motor off -i 1,nan,19.972,0.003,-0.06,-0.01,96.16,-0.06,-0.24,0.16,770,769,770,769,LOITER,1
48.244,inject: failure motor off -i 1,nan,19.971,0.003,-0.06,-0.01,96.16,-0.15,-0.20,0.15,770,769,770,769,LOITER,1
48.264,inject: failure motor off -i 1,nan,19.971,0.003,-0.06,-0.02,96.16,-0.08,-0.25,0.09,769,770,770,770,LOITER,1
48.284,inject: failure motor off -i 1,nan,19.971,0.003,-0.07,-0.03,96.16,-0.08,-0.29,0.12,769,770,770,770,LOITER,1
48.304,inject: failure motor off -i 1,nan,19.971,0.002,-0.07,-0.03,96.16,-0.12,-0.10,0.12,769,770,769,770,LOITER,1
48.324,inject: failure motor off -i 1,nan,19.971,0.002,-0.07,-0.03,96.16,-0.13,-0.25,0.11,769,770,769,770,LOITER,1
48.344,inject: failure motor off -i 1,nan,19.971,0.002,-0.07,-0.04,96.16,-0.15,-0.25,0.11,769,770,769,770,LOITER,1
48.364,inject: failure motor off -i 1,nan,19.971,0.002,-0.08,-0.04,96.16,-0.13,-0.14,0.06,769,769,770,770,LOITER,1
48.384,inject: failure motor off -i 1,nan,19.971,0.002,-0.08,-0.05,96.16,-0.09,-0.24,0.09,769,769,770,770,LOITER,1
48.404,inject: failure motor off -i 1,nan,19.970,0.002,-0.08,-0.05,96.16,-0.16,-0.30,0.07,770,769,770,769,LOITER,1
48.424,inject: failure motor off -i 1,nan,19.970,0.002,-0.08,-0.05,96.16,-0.22,-0.21,0.08,770,769,770,769,LOITER,1
48.444,inject: failure motor off -i 1,nan,19.970,0.001,-0.08,-0.06,96.15,-0.15,-0.29,0.09,770,769,770,769,LOITER,1
48.464,inject: failure motor off -i 1,nan,19.970,0.001,-0.09,-0.07,96.15,-0.05,-0.23,0.10,770,769,770,769,LOITER,1
48.484,inject: failure motor off -i 1,nan,19.970,0.001,-0.09,-0.07,96.15,-0.10,-0.21,0.06,770,769,770,769,LOITER,1
48.504,inject: failure motor off -i 1,nan,19.970,0.001,-0.09,-0.07,96.15,-0.26,-0.18,0.06,769,770,770,769,LOITER,1
48.524,inject: failure motor off -i 1,nan,19.970,0.001,-0.09,-0.08,96.15,-0.18,-0.26,0.06,769,770,770,769,LOITER,1
48.544,inject: failure motor off -i 1,nan,19.969,0.001,-0.10,-0.08,96.15,-0.09,-0.18,0.10,769,770,770,769,LOITER,1
48.564,inject: failure motor off -i 1,nan,19.969,0.001,-0.10,-0.09,96.15,-0.15,-0.15,0.08,770,769,769,770,LOITER,1
48.584,inject: failure motor off -i 1,nan,19.969,0.001,-0.10,-0.09,96.14,-0.21,-0.16,0.10,770,769,769,770,LOITER,1
48.604,inject: failure motor off -i 1,nan,19.969,0.000,-0.11,-0.09,96.14,-0.28,-0.19,0.09,769,770,770,769,LOITER,1
48.624,inject: failure motor off -i 1,nan,19.969,0.000,-0.11,-0.10,96.14,-0.13,-0.27,0.16,769,770,770,769,LOITER,1
48.644,inject: failure motor off -i 1,nan,19.970,-0.000,-0.11,-0.10,96.14,-0.12,-0.26,0.10,769,770,770,769,LOITER,1
48.664,inject: failure motor off -i 1,nan,19.970,-0.000,-0.11,-0.11,96.14,-0.16,-0.16,0.14,770,769,769,769,LOITER,1
48.684,inject: failure motor off -i 1,nan,19.970,-0.000,-0.12,-0.11,96.14,-0.11,-0.17,0.10,770,769,769,769,LOITER,1
48.704,inject: failure motor off -i 1,nan,19.970,-0.001,-0.12,-0.11,96.14,-0.19,-0.13,0.13,769,769,769,769,LOITER,1
48.724,inject: failure motor off -i 1,nan,19.970,-0.001,-0.12,-0.12,96.14,-0.17,-0.16,0.13,769,769,769,769,LOITER,1
48.744,inject: failure motor off -i 1,nan,19.971,-0.000,-0.13,-0.12,96.15,-0.22,-0.17,0.10,769,769,769,769,LOITER,1
48.764,inject: failure motor off -i 1,nan,19.971,-0.000,-0.13,-0.12,96.15,-0.10,-0.19,0.08,769,769,769,769,LOITER,1
48.784,inject: failure motor off -i 1,nan,19.971,-0.000,-0.13,-0.13,96.15,-0.15,-0.17,0.14,769,769,769,769,LOITER,1
48.804,inject: failure motor off -i 1,nan,19.971,-0.000,-0.13,-0.13,96.15,-0.13,-0.11,0.10,769,769,769,769,LOITER,1
48.824,inject: failure motor off -i 1,nan,19.971,-0.000,-0.14,-0.13,96.16,-0.00,-0.05,0.15,769,769,769,769,LOITER,1
48.844,inject: failure motor off -i 1,nan,19.972,-0.000,-0.14,-0.13,96.16,0.00,-0.07,0.17,769,769,769,769,LOITER,1
48.864,inject: failure motor off -i 1,nan,19.972,-0.000,-0.14,-0.13,96.17,0.06,0.08,0.09,769,768,769,768,LOITER,1
48.884,inject: failure motor off -i 1,nan,19.972,-0.000,-0.13,-0.13,96.17,0.07,0.07,0.15,769,768,769,768,LOITER,1
48.904,inject: failure motor off -i 1,nan,19.973,0.000,-0.13,-0.13,96.17,0.16,0.09,0.07,768,768,769,769,LOITER,1
48.924,inject: failure motor off -i 1,nan,19.973,0.000,-0.13,-0.13,96.18,0.10,0.21,0.11,768,768,769,769,LOITER,1
48.944,inject: failure motor off -i 1,nan,19.974,0.001,-0.13,-0.12,96.18,0.18,0.18,0.03,768,768,769,769,LOITER,1
48.964,inject: failure motor off -i 1,nan,19.974,0.001,-0.12,-0.12,96.19,0.25,0.22,0.08,768,768,769,768,LOITER,1
48.984,inject: failure motor off -i 1,nan,19.974,0.001,-0.12,-0.12,96.19,0.28,0.14,0.04,768,768,769,768,LOITER,1
49.004,inject: failure motor off -i 1,nan,19.974,0.001,-0.11,-0.11,96.19,0.18,0.22,0.07,768,768,768,769,LOITER,1
49.024,inject: failure motor off -i 1,nan,19.974,0.001,-0.11,-0.11,96.20,0.11,0.20,0.05,768,768,768,769,LOITER,1
49.044,inject: failure motor off -i 1,nan,19.975,0.002,-0.11,-0.11,96.20,0.24,0.23,0.05,768,768,768,769,LOITER,1
49.064,inject: failure motor off -i 1,nan,19.975,0.002,-0.11,-0.10,96.20,0.12,0.23,0.04,768,768,768,769,LOITER,1
49.084,inject: failure motor off -i 1,nan,19.975,0.002,-0.10,-0.10,96.21,0.15,0.22,0.02,768,768,768,769,LOITER,1
49.104,inject: failure motor off -i 1,nan,19.976,0.003,-0.10,-0.09,96.21,0.13,0.16,0.01,768,768,769,768,LOITER,1
49.124,inject: failure motor off -i 1,nan,19.976,0.003,-0.10,-0.09,96.21,0.22,0.23,0.00,768,768,769,768,LOITER,1
49.144,inject: failure motor off -i 1,nan,19.976,0.004,-0.09,-0.09,96.21,0.20,0.21,0.04,768,768,769,768,LOITER,1
49.164,inject: failure motor off -i 1,nan,19.976,0.004,-0.09,-0.08,96.21,0.20,0.10,0.01,768,768,769,769,LOITER,1
49.184,inject: failure motor off -i 1,nan,19.976,0.004,-0.08,-0.08,96.21,0.20,0.21,-0.03,768,768,769,769,LOITER,1
49.204,inject: failure motor off -i 1,nan,19.976,0.004,-0.08,-0.08,96.21,0.19,0.13,-0.01,768,768,769,769,LOITER,1
49.224,inject: failure motor off -i 1,nan,19.976,0.004,-0.08,-0.07,96.21,0.20,0.19,0.01,768,768,769,769,LOITER,1
49.244,inject: failure motor off -i 1,nan,19.977,0.005,-0.07,-0.07,96.21,0.17,0.12,0.00,768,768,769,769,LOITER,1
49.264,inject: failure motor off -i 1,nan,19.977,0.005,-0.07,-0.07,96.21,0.11,0.17,-0.02,769,768,769,769,LOITER,1
49.284,inject: failure motor off -i 1,nan,19.977,0.005,-0.07,-0.06,96.21,0.10,0.12,-0.05,769,768,769,769,LOITER,1
49.304,inject: failure motor off -i 1,nan,19.977,0.005,-0.06,-0.06,96.21,0.25,0.07,-0.01,769,769,769,769,LOITER,1
49.324,inject: failure motor off -i 1,nan,19.977,0.005,-0.06,-0.06,96.21,0.19,0.10,-0.08,769,769,769,769,LOITER,1
49.344,inject: failure motor off -i 1,nan,19.977,0.006,-0.06,-0.06,96.20,0.18,0.01,-0.03,769,769,769,769,LOITER,1
49.364,inject: failure motor off -i 1,nan,19.977,0.006,-0.05,-0.06,96.20,0.20,0.01,-0.04,769,768,769,769,LOITER,1
49.384,inject: failure motor off -i 1,nan,19.977,0.006,-0.05,-0.06,96.20,0.13,-0.05,-0.06,769,768,769,769,LOITER,1
49.404,inject: failure motor off -i 1,nan,19.977,0.006,-0.04,-0.06,96.19,0.14,-0.02,-0.07,769,769,769,769,LOITER,1
49.424,inject: failure motor off -i 1,nan,19.977,0.006,-0.04,-0.06,96.19,0.15,-0.03,-0.04,769,769,769,769,LOITER,1
49.444,inject: failure motor off -i 1,nan,19.977,0.006,-0.04,-0.06,96.19,0.14,-0.02,-0.09,769,769,769,769,LOITER,1
49.464,inject: failure motor off -i 1,nan,19.977,0.006,-0.04,-0.06,96.19,0.09,-0.01,-0.04,769,769,769,769,LOITER,1
49.484,inject: failure motor off -i 1,nan,19.977,0.006,-0.03,-0.06,96.19,0.11,-0.04,-0.04,769,769,769,769,LOITER,1
49.504,inject: failure motor off -i 1,nan,19.977,0.006,-0.03,-0.06,96.19,0.17,-0.10,-0.07,769,769,769,769,LOITER,1
49.524,inject: failure motor off -i 1,nan,19.977,0.006,-0.03,-0.06,96.18,0.20,-0.01,-0.01,769,769,769,769,LOITER,1
49.544,inject: failure motor off -i 1,nan,19.977,0.007,-0.02,-0.06,96.18,0.13,-0.04,-0.10,769,769,769,769,LOITER,1
49.564,inject: failure motor off -i 1,nan,19.977,0.007,-0.02,-0.06,96.18,0.08,-0.07,-0.06,769,769,769,769,LOITER,1
49.584,inject: failure motor off -i 1,nan,19.977,0.007,-0.02,-0.06,96.18,0.03,0.06,-0.09,769,769,769,769,LOITER,1
49.604,inject: failure motor off -i 1,nan,19.976,0.007,-0.02,-0.06,96.18,0.03,0.06,-0.07,769,769,769,769,LOITER,1
49.624,inject: failure motor off -i 1,nan,19.976,0.007,-0.02,-0.06,96.18,-0.00,0.03,-0.04,769,769,769,769,LOITER,1
49.644,inject: failure motor off -i 1,nan,19.976,0.007,-0.02,-0.06,96.18,-0.10,0.02,-0.06,769,769,769,769,LOITER,1
49.664,inject: failure motor off -i 1,nan,19.976,0.007,-0.02,-0.06,96.17,0.01,-0.05,-0.05,769,770,769,769,LOITER,1
49.684,inject: failure motor off -i 1,nan,19.976,0.007,-0.02,-0.06,96.17,-0.02,0.01,0.01,769,770,769,769,LOITER,1
49.708,inject: failure motor off -i 1,nan,19.975,0.007,-0.02,-0.06,96.17,-0.11,-0.00,-0.02,770,770,769,769,LOITER,1
49.724,inject: failure motor off -i 1,nan,19.975,0.007,-0.02,-0.06,96.17,-0.09,-0.17,0.02,770,770,769,769,LOITER,1
49.744,inject: failure motor off -i 1,nan,19.975,0.007,-0.03,-0.06,96.17,-0.09,-0.06,0.00,770,770,769,769,LOITER,1
49.764,inject: failure motor off -i 1,nan,19.975,0.007,-0.03,-0.06,96.17,-0.03,-0.04,-0.00,770,770,769,769,LOITER,1
49.784,inject: failure motor off -i 1,nan,19.975,0.007,-0.03,-0.06,96.17,-0.08,-0.07,0.03,770,770,769,769,LOITER,1
49.804,inject: failure motor off -i 1,nan,19.975,0.006,-0.03,-0.07,96.17,-0.07,-0.14,0.03,770,770,769,769,LOITER,1
49.824,inject: failure motor off -i 1,nan,19.975,0.006,-0.03,-0.07,96.17,-0.04,-0.06,0.05,770,770,769,769,LOITER,1
49.844,inject: failure motor off -i 1,nan,19.974,0.006,-0.03,-0.07,96.17,-0.04,-0.15,0.00,770,770,769,769,LOITER,1
49.864,inject: failure motor off -i 1,nan,19.974,0.006,-0.03,-0.07,96.17,-0.05,-0.24,0.02,770,770,770,769,LOITER,1
49.884,inject: failure motor off -i 1,nan,19.974,0.006,-0.03,-0.08,96.17,-0.01,-0.16,0.06,770,770,770,769,LOITER,1
49.904,inject: failure motor off -i 1,nan,19.974,0.006,-0.03,-0.08,96.17,-0.04,-0.10,0.07,770,770,769,770,LOITER,1
49.924,inject: failure motor off -i 1,nan,19.974,0.006,-0.03,-0.08,96.17,-0.01,-0.24,0.05,770,770,769,770,LOITER,1
49.944,inject: failure motor off -i 1,nan,19.973,0.005,-0.03,-0.08,96.17,-0.07,-0.11,0.06,770,770,769,770,LOITER,1
49.964,inject: failure motor off -i 1,nan,19.973,0.005,-0.03,-0.09,96.17,0.04,-0.13,-0.03,769,770,769,770,LOITER,1
49.984,inject: failure motor off -i 1,nan,19.973,0.005,-0.03,-0.09,96.17,-0.07,-0.17,0.04,769,770,769,770,LOITER,1
50.004,inject: failure motor off -i 1,nan,19.973,0.004,-0.03,-0.09,96.17,-0.02,-0.20,0.07,770,769,770,769,LOITER,1
50.024,inject: failure motor off -i 1,nan,19.973,0.004,-0.03,-0.10,96.17,0.03,-0.10,0.07,770,769,770,769,LOITER,1
50.044,inject: failure motor off -i 1,nan,19.972,0.004,-0.03,-0.10,96.17,0.07,-0.13,0.06,770,769,770,769,LOITER,1
50.064,inject: failure motor off -i 1,nan,19.972,0.004,-0.03,-0.10,96.17,-0.06,-0.15,-0.00,770,770,770,770,LOITER,1
50.084,inject: failure motor off -i 1,nan,19.972,0.004,-0.03,-0.10,96.17,0.05,-0.15,0.05,770,770,770,770,LOITER,1
50.104,inject: failure motor off -i 1,nan,19.972,0.003,-0.03,-0.10,96.17,0.07,-0.05,0.08,769,770,769,770,LOITER,1
50.124,inject: failure motor off -i 1,nan,19.972,0.003,-0.03,-0.11,96.17,0.04,-0.12,0.00,769,770,769,770,LOITER,1
50.144,inject: failure motor off -i 1,nan,19.971,0.002,-0.03,-0.11,96.17,0.11,-0.10,0.04,769,770,769,770,LOITER,1
50.164,inject: failure motor off -i 1,nan,19.971,0.002,-0.03,-0.11,96.17,0.15,-0.06,0.01,769,769,769,769,LOITER,1
50.184,inject: failure motor off -i 1,nan,19.971,0.002,-0.02,-0.11,96.17,0.06,0.04,-0.02,769,769,769,769,LOITER,1
50.204,inject: failure motor off -i 1,nan,19.971,0.002,-0.02,-0.11,96.17,0.05,-0.15,-0.02,770,769,769,769,LOITER,1
50.224,inject: failure motor off -i 1,nan,19.971,0.002,-0.02,-0.11,96.17,0.06,-0.14,0.06,770,769,769,769,LOITER,1
50.244,inject: failure motor off -i 1,nan,19.971,0.001,-0.02,-0.12,96.17,0.16,-0.05,0.01,770,769,769,769,LOITER,1
50.264,inject: failure motor off -i 1,nan,19.971,0.001,-0.02,-0.12,96.17,0.17,0.04,0.01,769,769,769,769,LOITER,1
50.284,inject: failure motor off -i 1,nan,19.971,0.001,-0.01,-0.12,96.17,0.20,-0.02,0.04,769,769,769,769,LOITER,1
50.304,inject: failure motor off -i 1,nan,19.971,0.001,-0.01,-0.12,96.17,0.18,-0.11,0.08,769,769,769,769,LOITER,1
50.324,inject: failure motor off -i 1,nan,19.971,0.001,-0.01,-0.12,96.17,0.15,-0.09,0.06,769,769,769,769,LOITER,1
50.344,inject: failure motor off -i 1,nan,19.971,0.001,-0.00,-0.12,96.17,0.17,-0.09,0.02,769,769,769,769,LOITER,1
50.364,inject: failure motor off -i 1,nan,19.971,0.001,0.00,-0.12,96.17,0.19,-0.09,0.05,769,769,769,769,LOITER,1
50.384,inject: failure motor off -i 1,nan,19.971,0.001,0.01,-0.12,96.17,0.15,-0.04,0.01,769,769,769,769,LOITER,1
50.404,inject: failure motor off -i 1,nan,19.971,0.001,0.01,-0.12,96.18,0.09,0.02,0.04,769,769,769,769,LOITER,1
50.424,inject: failure motor off -i 1,nan,19.971,0.001,0.01,-0.12,96.18,0.04,0.03,0.06,769,769,769,769,LOITER,1
50.444,inject: failure motor off -i 1,nan,19.971,0.001,0.01,-0.12,96.18,0.14,0.04,0.06,769,769,769,769,LOITER,1
50.464,inject: failure motor off -i 1,nan,19.971,0.001,0.01,-0.12,96.18,0.15,-0.08,0.02,769,769,769,770,LOITER,1
50.484,inject: failure motor off -i 1,nan,19.971,0.001,0.02,-0.12,96.18,0.13,-0.04,0.06,769,769,769,770,LOITER,1
50.504,inject: failure motor off -i 1,nan,19.971,0.001,0.02,-0.12,96.18,0.16,-0.03,0.03,769,769,769,770,LOITER,1
50.524,inject: failure motor off -i 1,nan,19.971,0.001,0.02,-0.12,96.18,0.10,0.01,0.06,769,769,769,770,LOITER,1
50.544,inject: failure motor off -i 1,nan,19.972,0.001,0.02,-0.12,96.18,0.05,-0.01,0.01,769,769,769,770,LOITER,1
50.564,inject: failure motor off -i 1,nan,19.972,0.001,0.03,-0.12,96.18,0.14,-0.02,0.01,769,769,769,769,LOITER,1
50.584,inject: failure motor off -i 1,nan,19.972,0.001,0.03,-0.12,96.18,0.10,-0.06,0.01,769,769,769,769,LOITER,1
50.604,inject: failure motor off -i 1,nan,19.972,0.001,0.03,-0.12,96.18,0.10,-0.00,0.00,769,769,769,769,LOITER,1
50.624,inject: failure motor off -i 1,nan,19.972,0.001,0.03,-0.12,96.18,0.15,-0.00,0.02,769,769,769,769,LOITER,1
50.644,inject: failure motor off -i 1,nan,19.973,0.001,0.03,-0.12,96.18,0.12,-0.01,0.02,769,769,769,769,LOITER,1
50.664,inject: failure motor off -i 1,nan,19.973,0.001,0.04,-0.12,96.18,0.17,-0.01,0.05,769,769,769,769,LOITER,1
50.684,inject: failure motor off -i 1,nan,19.973,0.001,0.04,-0.12,96.18,0.14,0.06,0.05,769,769,769,769,LOITER,1
50.704,inject: failure motor off -i 1,nan,19.973,0.001,0.04,-0.12,96.18,0.07,0.09,0.05,768,769,769,769,LOITER,1
50.724,inject: failure motor off -i 1,nan,19.973,0.001,0.04,-0.12,96.18,0.16,0.07,0.04,768,769,769,769,LOITER,1
50.744,inject: failure motor off -i 1,nan,19.974,0.001,0.05,-0.12,96.18,0.16,0.07,0.03,768,769,769,769,LOITER,1
50.764,inject: failure motor off -i 1,nan,19.974,0.001,0.05,-0.11,96.17,0.12,0.13,0.05,769,768,769,768,LOITER,1
50.784,inject: failure motor off -i 1,nan,19.974,0.001,0.05,-0.11,96.17,0.14,0.17,0.04,769,768,769,768,LOITER,1
50.804,inject: failure motor off -i 1,nan,19.974,0.001,0.05,-0.11,96.17,0.23,0.12,0.08,769,768,769,768,LOITER,1
50.824,inject: failure motor off -i 1,nan,19.974,0.001,0.06,-0.11,96.17,0.08,0.12,0.08,769,768,769,768,LOITER,1
50.844,inject: failure motor off -i 1,nan,19.974,0.002,0.06,-0.10,96.16,0.20,0.23,0.02,769,768,769,768,LOITER,1
50.864,inject: failure motor off -i 1,nan,19.974,0.002,0.06,-0.10,96.16,0.23,0.13,0.03,768,769,768,769,LOITER,1
50.884,inject: failure motor off -i 1,nan,19.974,0.002,0.07,-0.09,96.16,0.30,0.11,0.03,768,769,768,769,LOITER,1
50.904,inject: failure motor off -i 1,nan,19.975,0.002,0.07,-0.09,96.15,0.30,0.23,0.08,768,769,768,769,LOITER,1
50.924,inject: failure motor off -i 1,nan,19.975,0.002,0.08,-0.09,96.15,0.27,0.21,0.05,768,769,768,769,LOITER,1
50.952,inject: failure motor off -i 1,nan,19.975,0.003,0.08,-0.08,96.15,0.32,0.19,0.02,768,769,768,769,LOITER,1
50.964,inject: failure motor off -i 1,nan,19.975,0.003,0.09,-0.08,96.14,0.45,0.26,0.04,769,769,769,769,LOITER,1
50.984,inject: failure motor off -i 1,nan,19.975,0.003,0.09,-0.07,96.14,0.47,0.26,0.00,769,769,769,769,LOITER,1
51.004,inject: failure motor off -i 1,nan,19.974,0.003,0.10,-0.07,96.14,0.37,0.19,0.08,769,769,769,768,LOITER,1
51.024,inject: failure motor off -i 1,nan,19.974,0.003,0.11,-0.06,96.13,0.39,0.20,0.03,769,769,769,768,LOITER,1
51.044,inject: failure motor off -i 1,nan,19.974,0.004,0.12,-0.06,96.13,0.42,0.22,0.09,769,769,769,768,LOITER,1
51.064,inject: failure motor off -i 1,nan,19.974,0.004,0.12,-0.06,96.13,0.37,0.16,0.03,769,769,769,769,LOITER,1
51.084,inject: failure motor off -i 1,nan,19.974,0.004,0.13,-0.05,96.13,0.32,0.35,0.02,769,769,769,769,LOITER,1
51.104,inject: failure motor off -i 1,nan,19.974,0.004,0.14,-0.04,96.12,0.28,0.32,0.05,769,770,769,769,LOITER,1
51.124,inject: failure motor off -i 1,nan,19.974,0.004,0.14,-0.04,96.12,0.41,0.15,0.05,769,770,769,769,LOITER,1
51.144,inject: failure motor off -i 1,nan,19.973,0.004,0.15,-0.03,96.12,0.36,0.27,0.08,769,770,769,769,LOITER,1
51.164,inject: failure motor off -i 1,nan,19.973,0.004,0.16,-0.03,96.12,0.37,0.20,0.06,769,770,769,769,LOITER,1
51.184,inject: failure motor off -i 1,nan,19.973,0.004,0.16,-0.02,96.12,0.36,0.29,0.09,769,770,769,769,LOITER,1
51.204,inject: failure motor off -i 1,nan,19.973,0.004,0.17,-0.02,96.12,0.29,0.17,0.07,770,769,769,769,LOITER,1
51.224,inject: failure motor off -i 1,nan,19.973,0.004,0.18,-0.02,96.12,0.22,0.15,0.06,770,769,769,769,LOITER,1
51.244,inject: failure motor off -i 1,nan,19.972,0.003,0.18,-0.01,96.12,0.19,0.20,0.13,770,769,769,769,LOITER,1
51.264,inject: failure motor off -i 1,nan,19.972,0.003,0.18,-0.01,96.12,0.25,0.15,0.17,770,770,769,769,LOITER,1
51.284,inject: failure motor off -i 1,nan,19.972,0.003,0.19,-0.00,96.12,0.16,0.24,0.17,770,770,769,769,LOITER,1
51.304,inject: failure motor off -i 1,nan,19.972,0.003,0.19,-0.00,96.12,0.10,0.14,0.15,770,769,769,769,LOITER,1
51.324,inject: failure motor off -i 1,nan,19.972,0.003,0.19,0.00,96.13,0.06,0.13,0.10,770,769,769,769,LOITER,1
51.344,inject: failure motor off -i 1,nan,19.972,0.003,0.19,0.00,96.13,-0.02,0.16,0.16,770,769,769,769,LOITER,1
51.364,inject: failure motor off -i 1,nan,19.972,0.003,0.19,0.01,96.13,0.05,0.07,0.13,769,770,769,769,LOITER,1
51.384,inject: failure motor off -i 1,nan,19.972,0.003,0.19,0.01,96.13,0.10,0.06,0.19,769,770,769,769,LOITER,1
51.404,inject: failure motor off -i 1,nan,19.972,0.003,0.19,0.01,96.14,-0.05,0.14,0.12,769,770,769,770,LOITER,1
51.424,inject: failure motor off -i 1,nan,19.972,0.003,0.19,0.01,96.14,-0.08,0.02,0.22,769,770,769,770,LOITER,1
51.444,inject: failure motor off -i 1,nan,19.971,0.002,0.19,0.01,96.15,-0.13,-0.04,0.11,769,770,769,770,LOITER,1
51.464,inject: failure motor off -i 1,nan,19.971,0.002,0.19,0.01,96.15,-0.22,0.07,0.16,770,769,769,769,LOITER,1
51.484,inject: failure motor off -i 1,nan,19.971,0.002,0.18,0.01,96.15,-0.27,-0.04,0.13,770,769,769,769,LOITER,1
51.504,inject: failure motor off -i 1,nan,19.971,0.002,0.18,0.01,96.16,-0.19,-0.04,0.23,769,769,769,769,LOITER,1
51.524,inject: failure motor off -i 1,nan,19.971,0.002,0.18,0.01,96.16,-0.24,0.03,0.15,769,769,769,769,LOITER,1
51.544,inject: failure motor off -i 1,nan,19.971,0.002,0.17,0.01,96.17,-0.24,-0.06,0.12,769,769,769,769,LOITER,1
51.564,inject: failure motor off -i 1,nan,19.971,0.002,0.17,0.01,96.17,-0.15,-0.03,0.14,769,769,769,769,LOITER,1
51.584,inject: failure motor off -i 1,nan,19.971,0.002,0.16,0.01,96.18,-0.27,-0.03,0.16,769,769,769,769,LOITER,1
51.604,inject: failure motor off -i 1,nan,19.971,0.001,0.16,0.01,96.18,-0.23,-0.08,0.23,769,769,769,769,LOITER,1
51.624,inject: failure motor off -i 1,nan,19.971,0.001,0.15,0.01,96.19,-0.24,-0.08,0.15,769,769,769,769,LOITER,1
51.644,inject: failure motor off -i 1,nan,19.971,0.002,0.15,0.01,96.19,-0.17,0.01,0.15,769,769,769,769,LOITER,1
51.664,inject: failure motor off -i 1,nan,19.971,0.002,0.14,0.01,96.19,-0.26,-0.05,0.07,769,769,769,770,LOITER,1
51.684,inject: failure motor off -i 1,nan,19.971,0.002,0.14,0.01,96.20,-0.23,0.07,0.15,769,769,769,770,LOITER,1
51.704,inject: failure motor off -i 1,nan,19.971,0.002,0.14,0.01,96.20,-0.28,-0.05,0.10,769,769,770,770,LOITER,1
51.724,inject: failure motor off -i 1,nan,19.971,0.002,0.13,0.01,96.21,-0.27,-0.09,0.05,769,769,770,770,LOITER,1
51.744,inject: failure motor off -i 1,nan,19.971,0.001,0.12,0.01,96.21,-0.31,-0.08,0.09,769,769,770,770,LOITER,1
51.764,inject: failure motor off -i 1,nan,19.971,0.001,0.12,0.01,96.22,-0.38,-0.13,0.07,768,769,769,770,LOITER,1
51.784,inject: failure motor off -i 1,nan,19.971,0.001,0.11,0.00,96.22,-0.27,-0.10,0.10,768,769,769,770,LOITER,1
51.804,inject: failure motor off -i 1,nan,19.972,0.001,0.11,0.00,96.22,-0.34,-0.18,0.05,769,768,770,769,LOITER,1
51.824,inject: failure motor off -i 1,nan,19.972,0.001,0.10,-0.00,96.23,-0.25,-0.12,0.02,769,768,770,769,LOITER,1
51.844,inject: failure motor off -i 1,nan,19.972,0.001,0.09,-0.00,96.23,-0.38,-0.09,0.01,769,768,770,769,LOITER,1
51.864,inject: failure motor off -i 1,nan,19.972,0.001,0.09,-0.00,96.23,-0.31,-0.19,-0.03,768,769,769,769,LOITER,1
51.884,inject: failure motor off -i 1,nan,19.972,0.001,0.08,-0.01,96.23,-0.34,-0.14,0.04,768,769,769,769,LOITER,1
51.904,inject: failure motor off -i 1,nan,19.972,0.001,0.08,-0.01,96.24,-0.32,-0.15,0.00,769,768,769,770,LOITER,1
51.924,inject: failure motor off -i 1,nan,19.972,0.001,0.07,-0.01,96.24,-0.41,-0.23,0.02,769,768,769,770,LOITER,1
51.944,inject: failure motor off -i 1,nan,19.972,0.001,0.06,-0.02,96.24,-0.33,-0.15,-0.05,769,768,769,770,LOITER,1
51.964,inject: failure motor off -i 1,nan,19.972,0.001,0.05,-0.02,96.24,-0.27,-0.06,0.01,769,769,769,769,LOITER,1
51.984,inject: failure motor off -i 1,nan,19.972,0.001,0.05,-0.02,96.24,-0.29,-0.13,-0.06,769,769,769,769,LOITER,1
52.004,inject: failure motor off -i 1,nan,19.972,0.001,0.04,-0.02,96.24,-0.35,-0.17,0.01,769,769,770,769,LOITER,1
52.024,inject: failure motor off -i 1,nan,19.972,0.001,0.04,-0.03,96.24,-0.31,-0.06,-0.00,769,769,770,769,LOITER,1
52.044,inject: failure motor off -i 1,nan,19.971,0.002,0.03,-0.03,96.24,-0.21,0.08,-0.02,769,769,770,769,LOITER,1
52.064,inject: failure motor off -i 1,nan,19.971,0.002,0.03,-0.03,96.24,-0.32,0.01,-0.05,769,769,769,770,LOITER,1
52.084,inject: failure motor off -i 1,nan,19.971,0.002,0.02,-0.03,96.24,-0.29,-0.03,-0.07,769,769,769,770,LOITER,1
52.104,inject: failure motor off -i 1,nan,19.971,0.001,0.01,-0.03,96.24,-0.25,-0.03,-0.08,769,769,769,770,LOITER,1
52.124,inject: failure motor off -i 1,nan,19.971,0.001,0.01,-0.03,96.24,-0.23,-0.01,-0.04,769,769,769,770,LOITER,1
52.144,inject: failure motor off -i 1,nan,19.971,0.001,0.00,-0.03,96.24,-0.23,0.00,-0.06,769,769,769,770,LOITER,1
52.164,inject: failure motor off -i 1,nan,19.971,0.001,-0.00,-0.03,96.24,-0.22,0.04,-0.15,769,769,770,770,LOITER,1
52.184,inject: failure motor off -i 1,nan,19.971,0.001,-0.01,-0.03,96.24,-0.30,-0.02,-0.09,769,769,770,770,LOITER,1
52.204,inject: failure motor off -i 1,nan,19.970,0.001,-0.01,-0.03,96.24,-0.22,0.02,-0.11,769,769,770,770,LOITER,1
52.224,inject: failure motor off -i 1,nan,19.970,0.001,-0.02,-0.02,96.24,-0.23,0.12,-0.14,769,769,770,770,LOITER,1
52.244,inject: failure motor off -i 1,nan,19.970,0.001,-0.02,-0.02,96.23,-0.24,-0.01,-0.18,769,769,770,770,LOITER,1
52.264,inject: failure motor off -i 1,nan,19.970,0.001,-0.03,-0.02,96.23,-0.16,0.01,-0.13,769,769,770,769,LOITER,1
52.284,inject: failure motor off -i 1,nan,19.970,0.001,-0.03,-0.02,96.23,-0.08,-0.06,-0.14,769,769,770,769,LOITER,1
52.304,inject: failure motor off -i 1,nan,19.970,0.001,-0.03,-0.02,96.23,0.02,-0.07,-0.16,770,769,770,769,LOITER,1
52.324,inject: failure motor off -i 1,nan,19.970,0.001,-0.03,-0.02,96.23,-0.05,-0.03,-0.11,770,769,770,769,LOITER,1
52.344,inject: failure motor off -i 1,nan,19.969,0.001,-0.03,-0.02,96.22,0.02,0.02,-0.20,770,769,770,769,LOITER,1
52.364,inject: failure motor off -i 1,nan,19.969,0.001,-0.03,-0.02,96.22,0.06,-0.20,-0.21,769,770,769,770,LOITER,1
52.384,inject: failure motor off -i 1,nan,19.969,0.001,-0.03,-0.03,96.22,0.02,-0.14,-0.06,769,770,769,770,LOITER,1
52.404,inject: failure motor off -i 1,nan,19.969,0.000,-0.03,-0.03,96.22,0.09,-0.01,-0.18,770,770,769,770,LOITER,1
52.424,inject: failure motor off -i 1,nan,19.969,0.000,-0.03,-0.03,96.22,0.00,-0.04,-0.15,770,770,769,770,LOITER,1
52.444,inject: failure motor off -i 1,nan,19.968,-0.000,-0.03,-0.03,96.22,0.04,-0.09,-0.06,770,770,769,770,LOITER,1
52.464,inject: failure motor off -i 1,nan,19.968,-0.000,-0.02,-0.03,96.22,0.05,-0.08,-0.19,770,770,770,770,LOITER,1
52.484,inject: failure motor off -i 1,nan,19.968,-0.000,-0.02,-0.03,96.21,0.03,-0.11,-0.14,770,770,770,770,LOITER,1
52.504,inject: failure motor off -i 1,nan,19.968,-0.001,-0.02,-0.03,96.21,0.03,-0.05,-0.17,770,770,769,770,LOITER,1
52.524,inject: failure motor off -i 1,nan,19.968,-0.001,-0.02,-0.04,96.21,0.06,-0.04,-0.12,770,770,769,770,LOITER,1
52.544,inject: failure motor off -i 1,nan,19.967,-0.002,-0.02,-0.04,96.21,0.08,0.01,-0.10,770,770,769,770,LOITER,1
52.564,inject: failure motor off -i 1,nan,19.967,-0.002,-0.02,-0.04,96.21,-0.03,-0.10,-0.15,769,770,769,770,LOITER,1
52.584,inject: failure motor off -i 1,nan,19.967,-0.002,-0.02,-0.04,96.20,0.06,-0.09,-0.15,769,770,769,770,LOITER,1
52.604,inject: failure motor off -i 1,nan,19.967,-0.002,-0.02,-0.04,96.20,0.12,0.00,-0.08,769,770,769,769,LOITER,1
52.624,inject: failure motor off -i 1,nan,19.967,-0.002,-0.02,-0.04,96.20,0.12,-0.02,-0.07,769,770,769,769,LOITER,1
52.644,inject: failure motor off -i 1,nan,19.967,-0.003,-0.01,-0.04,96.20,0.15,-0.16,-0.10,769,770,769,769,LOITER,1
52.664,inject: failure motor off -i 1,nan,19.967,-0.003,-0.01,-0.04,96.20,0.14,-0.05,-0.08,770,769,770,769,LOITER,1
52.684,inject: failure motor off -i 1,nan,19.967,-0.003,-0.01,-0.04,96.20,0.15,0.06,-0.06,770,769,770,769,LOITER,1
52.704,inject: failure motor off -i 1,nan,19.967,-0.003,-0.01,-0.04,96.19,0.17,0.01,-0.08,769,769,769,769,LOITER,1
52.724,inject: failure motor off -i 1,nan,19.967,-0.003,-0.00,-0.04,96.19,0.22,-0.08,-0.11,769,769,769,769,LOITER,1
52.744,inject: failure motor off -i 1,nan,19.967,-0.003,0.00,-0.04,96.19,0.08,-0.02,-0.03,769,769,769,769,LOITER,1
52.764,inject: failure motor off -i 1,nan,19.967,-0.003,0.00,-0.04,96.19,0.00,0.09,-0.03,769,769,769,769,LOITER,1
52.784,inject: failure motor off -i 1,nan,19.967,-0.003,0.00,-0.04,96.19,0.03,0.00,-0.07,769,769,769,769,LOITER,1
52.804,inject: failure motor off -i 1,nan,19.967,-0.003,0.00,-0.04,96.18,0.05,0.14,-0.12,769,769,769,770,LOITER,1
52.824,inject: failure motor off -i 1,nan,19.967,-0.003,0.00,-0.04,96.18,0.05,0.09,-0.08,769,769,769,770,LOITER,1
52.844,inject: failure motor off -i 1,nan,19.967,-0.003,0.00,-0.04,96.18,-0.03,0.10,-0.07,769,769,769,770,LOITER,1
52.864,inject: failure motor off -i 1,nan,19.967,-0.003,0.00,-0.03,96.18,-0.04,0.16,-0.05,770,770,769,769,LOITER,1
52.884,inject: failure motor off -i 1,nan,19.967,-0.003,0.00,-0.03,96.17,-0.03,0.15,-0.02,770,770,769,769,LOITER,1
52.904,inject: failure motor off -i 1,nan,19.966,-0.003,0.00,-0.03,96.17,0.10,0.17,0.01,769,770,769,770,LOITER,1
52.924,inject: failure motor off -i 1,nan,19.966,-0.003,0.00,-0.02,96.17,0.09,0.12,-0.10,769,770,769,770,LOITER,1
52.944,inject: failure motor off -i 1,nan,19.966,-0.003,0.01,-0.02,96.17,0.15,0.18,-0.03,769,770,769,770,LOITER,1
52.964,inject: failure motor off -i 1,nan,19.966,-0.003,0.01,-0.02,96.17,0.20,0.12,0.02,769,770,769,770,LOITER,1
52.984,inject: failure motor off -i 1,nan,19.966,-0.003,0.01,-0.02,96.17,0.20,0.15,0.03,769,770,769,770,LOITER,1
53.004,inject: failure motor off -i 1,nan,19.966,-0.004,0.02,-0.01,96.16,0.18,0.14,0.00,769,770,769,769,LOITER,1
53.024,inject: failure motor off -i 1,nan,19.966,-0.004,0.02,-0.01,96.16,0.28,0.03,-0.03,769,770,769,769,LOITER,1
53.044,inject: failure motor off -i 1,nan,19.966,-0.004,0.02,-0.01,96.16,0.25,0.06,0.02,769,770,769,769,LOITER,1
53.064,inject: failure motor off -i 1,nan,19.966,-0.004,0.03,-0.01,96.16,0.32,-0.01,0.04,769,770,769,769,LOITER,1
53.084,inject: failure motor off -i 1,nan,19.966,-0.004,0.03,-0.01,96.16,0.31,-0.01,0.03,769,770,769,769,LOITER,1
53.104,inject: failure motor off -i 1,nan,19.966,-0.004,0.04,-0.01,96.16,0.35,0.08,0.03,769,770,769,769,LOITER,1
53.124,inject: failure motor off -i 1,nan,19.966,-0.004,0.05,-0.01,96.16,0.33,-0.01,0.01,769,770,769,769,LOITER,1
53.144,inject: failure motor off -i 1,nan,19.966,-0.004,0.05,-0.01,96.16,0.30,-0.01,0.05,769,770,769,769,LOITER,1
53.164,inject: failure motor off -i 1,nan,19.966,-0.004,0.06,-0.01,96.16,0.32,-0.01,0.05,769,770,769,769,LOITER,1
53.184,inject: failure motor off -i 1,nan,19.966,-0.004,0.06,-0.01,96.16,0.33,0.03,0.02,769,770,769,769,LOITER,1
53.204,inject: failure motor off -i 1,nan,19.965,-0.004,0.07,-0.01,96.16,0.35,0.00,0.10,769,770,769,770,LOITER,1
53.224,inject: failure motor off -i 1,nan,19.965,-0.004,0.08,-0.01,96.16,0.35,-0.07,0.07,769,770,769,770,LOITER,1
53.244,inject: failure motor off -i 1,nan,19.965,-0.005,0.08,-0.01,96.16,0.31,0.00,0.03,769,770,769,770,LOITER,1
53.264,inject: failure motor off -i 1,nan,19.965,-0.005,0.09,-0.01,96.16,0.34,0.02,0.05,769,769,769,769,LOITER,1
53.284,inject: failure motor off -i 1,nan,19.965,-0.005,0.09,-0.01,96.17,0.34,-0.02,0.05,769,769,769,769,LOITER,1
53.304,inject: failure motor off -i 1,nan,19.965,-0.005,0.10,-0.01,96.17,0.25,0.09,0.08,770,769,769,769,LOITER,1
53.324,inject: failure motor off -i 1,nan,19.965,-0.005,0.10,-0.00,96.17,0.22,0.06,0.06,770,769,769,769,LOITER,1
53.344,inject: failure motor off -i 1,nan,19.965,-0.005,0.11,-0.00,96.17,0.20,0.06,0.04,770,769,769,769,LOITER,1
53.364,inject: failure motor off -i 1,nan,19.965,-0.005,0.11,-0.00,96.17,0.23,0.08,0.05,769,769,769,769,LOITER,1
53.384,inject: failure motor off -i 1,nan,19.965,-0.005,0.12,-0.00,96.17,0.20,0.09,0.09,769,769,769,769,LOITER,1
53.404,inject: failure motor off -i 1,nan,19.965,-0.005,0.12,0.00,96.17,0.20,0.09,0.10,769,769,769,769,LOITER,1
53.424,inject: failure motor off -i 1,nan,19.965,-0.005,0.12,0.00,96.17,0.16,0.06,0.08,769,769,769,769,LOITER,1
53.444,inject: failure motor off -i 1,nan,19.966,-0.005,0.13,0.00,96.17,0.12,0.07,0.14,769,769,769,769,LOITER,1
53.464,inject: failure motor off -i 1,nan,19.966,-0.005,0.13,0.00,96.18,0.17,0.09,0.04,769,769,769,769,LOITER,1
53.484,inject: failure motor off -i 1,nan,19.966,-0.005,0.13,0.00,96.18,0.22,0.09,0.07,769,769,769,769,LOITER,1
53.504,inject: failure motor off -i 1,nan,19.967,-0.005,0.14,0.01,96.18,0.15,0.12,0.06,769,769,769,769,LOITER,1
53.524,inject: failure motor off -i 1,nan,19.967,-0.005,0.14,0.01,96.18,0.20,0.14,0.08,769,769,769,769,LOITER,1
53.548,inject: failure motor off -i 1,nan,19.967,-0.005,0.15,0.01,96.18,0.17,0.19,0.05,769,769,769,769,LOITER,1
53.564,inject: failure motor off -i 1,nan,19.967,-0.005,0.15,0.02,96.18,0.16,0.18,0.03,769,769,769,769,LOITER,1
53.584,inject: failure motor off -i 1,nan,19.967,-0.005,0.15,0.02,96.18,0.06,0.28,0.06,769,769,769,769,LOITER,1
53.604,inject: failure motor off -i 1,nan,19.968,-0.005,0.15,0.03,96.18,-0.02,0.38,0.08,768,768,768,769,LOITER,1
53.624,inject: failure motor off -i 1,nan,19.968,-0.005,0.15,0.03,96.19,0.03,0.18,0.08,768,768,768,769,LOITER,1
53.644,inject: failure motor off -i 1,nan,19.969,-0.004,0.15,0.04,96.19,0.03,0.21,0.00,768,768,768,769,LOITER,1
53.664,inject: failure motor off -i 1,nan,19.969,-0.004,0.15,0.04,96.19,-0.11,0.31,0.10,769,768,769,769,LOITER,1
53.684,inject: failure motor off -i 1,nan,19.969,-0.004,0.15,0.05,96.19,-0.17,0.34,0.02,769,768,769,769,LOITER,1
53.704,inject: failure motor off -i 1,nan,19.970,-0.004,0.15,0.05,96.19,-0.27,0.36,0.02,768,769,769,768,LOITER,1
53.724,inject: failure motor off -i 1,nan,19.970,-0.004,0.14,0.06,96.19,-0.28,0.25,-0.00,768,769,769,768,LOITER,1
53.744,inject: failure motor off -i 1,nan,19.971,-0.003,0.14,0.06,96.19,-0.28,0.28,0.02,768,769,769,768,LOITER,1
53.764,inject: failure motor off -i 1,nan,19.971,-0.003,0.13,0.07,96.19,-0.25,0.31,0.08,768,768,768,768,LOITER,1
53.784,inject: failure motor off -i 1,nan,19.971,-0.003,0.13,0.07,96.19,-0.37,0.31,-0.02,768,768,768,768,LOITER,1
53.804,inject: failure motor off -i 1,nan,19.972,-0.002,0.12,0.08,96.19,-0.38,0.24,-0.04,768,768,769,768,LOITER,1
53.824,inject: failure motor off -i 1,nan,19.972,-0.002,0.11,0.08,96.19,-0.34,0.34,0.03,768,768,769,768,LOITER,1
53.844,inject: failure motor off -i 1,nan,19.973,-0.001,0.11,0.09,96.19,-0.38,0.36,0.01,768,768,769,768,LOITER,1
53.864,inject: failure motor off -i 1,nan,19.973,-0.001,0.10,0.10,96.19,-0.28,0.40,-0.02,768,768,768,768,LOITER,1
53.884,inject: failure motor off -i 1,nan,19.973,-0.001,0.09,0.10,96.19,-0.30,0.45,0.01,768,768,768,768,LOITER,1
53.904,inject: failure motor off -i 1,nan,19.973,-0.000,0.09,0.11,96.19,-0.39,0.47,0.00,768,768,768,768,LOITER,1
53.924,inject: failure motor off -i 1,nan,19.973,-0.000,0.08,0.12,96.19,-0.32,0.39,-0.03,768,768,768,768,LOITER,1
53.944,inject: failure motor off -i 1,nan,19.974,0.001,0.08,0.13,96.18,-0.33,0.35,-0.05,768,768,768,768,LOITER,1
53.968,inject: failure motor off -i 1,nan,19.974,0.001,0.07,0.14,96.18,-0.21,0.44,-0.01,768,768,769,768,LOITER,1
53.984,inject: failure motor off -i 1,nan,19.974,0.001,0.07,0.14,96.18,-0.28,0.45,-0.02,768,768,769,768,LOITER,1
54.004,inject: failure motor off -i 1,nan,19.974,0.002,0.06,0.15,96.18,-0.32,0.37,0.00,769,769,769,768,LOITER,1
54.024,inject: failure motor off -i 1,nan,19.974,0.002,0.05,0.16,96.18,-0.41,0.41,-0.01,769,769,769,768,LOITER,1
54.044,inject: failure motor off -i 1,nan,19.975,0.002,0.05,0.17,96.17,-0.29,0.44,-0.07,769,769,769,768,LOITER,1
54.064,inject: failure motor off -i 1,nan,19.975,0.002,0.04,0.17,96.17,-0.34,0.39,-0.06,769,769,768,769,LOITER,1
54.084,inject: failure motor off -i 1,nan,19.975,0.002,0.04,0.18,96.17,-0.29,0.45,0.07,769,769,768,769,LOITER,1
54.104,inject: failure motor off -i 1,nan,19.975,0.003,0.03,0.19,96.17,-0.27,0.43,0.00,768,769,768,769,LOITER,1
54.124,inject: failure motor off -i 1,nan,19.975,0.003,0.02,0.20,96.17,-0.21,0.40,-0.02,768,769,768,769,LOITER,1
54.144,inject: failure motor off -i 1,nan,19.975,0.003,0.02,0.20,96.16,-0.24,0.48,0.07,768,769,768,769,LOITER,1
54.164,inject: failure motor off -i 1,nan,19.975,0.003,0.02,0.21,96.16,-0.24,0.45,-0.03,768,769,768,769,LOITER,1
54.184,inject: failure motor off -i 1,nan,19.975,0.003,0.01,0.22,96.16,-0.32,0.29,-0.02,768,769,768,769,LOITER,1
54.204,inject: failure motor off -i 1,nan,19.975,0.003,0.00,0.23,96.16,-0.28,0.36,0.03,769,769,768,769,LOITER,1
54.224,inject: failure motor off -i 1,nan,19.975,0.003,-0.00,0.23,96.16,-0.27,0.42,0.04,769,769,768,769,LOITER,1
54.244,inject: failure motor off -i 1,nan,19.975,0.004,-0.01,0.24,96.15,-0.30,0.38,0.08,769,769,768,769,LOITER,1
54.264,inject: failure motor off -i 1,nan,19.975,0.004,-0.01,0.25,96.15,-0.27,0.39,0.10,769,769,769,768,LOITER,1
54.284,inject: failure motor off -i 1,nan,19.975,0.004,-0.02,0.25,96.15,-0.24,0.35,-0.02,769,769,769,768,LOITER,1
54.304,inject: failure motor off -i 1,nan,19.975,0.004,-0.02,0.26,96.15,-0.25,0.39,0.01,768,770,769,769,LOITER,1
54.324,inject: failure motor off -i 1,nan,19.975,0.004,-0.03,0.27,96.15,-0.30,0.36,0.06,768,770,769,769,LOITER,1
54.344,inject: failure motor off -i 1,nan,19.975,0.004,-0.03,0.27,96.15,-0.21,0.37,0.06,768,770,769,769,LOITER,1
54.364,inject: failure motor off -i 1,nan,19.975,0.004,-0.04,0.28,96.15,-0.25,0.36,0.03,769,769,768,769,LOITER,1
54.384,inject: failure motor off -i 1,nan,19.975,0.004,-0.04,0.29,96.14,-0.15,0.16,0.03,769,769,768,769,LOITER,1
54.404,inject: failure motor off -i 1,nan,19.975,0.004,-0.05,0.29,96.14,-0.10,0.09,0.07,769,769,769,769,LOITER,1
54.424,inject: failure motor off -i 1,nan,19.975,0.004,-0.05,0.29,96.14,-0.15,0.18,-0.01,769,769,769,769,LOITER,1
54.444,inject: failure motor off -i 1,nan,19.974,0.004,-0.05,0.30,96.14,-0.07,0.09,0.00,769,769,769,769,LOITER,1
54.464,inject: failure motor off -i 1,nan,19.974,0.004,-0.05,0.30,96.14,-0.04,0.01,0.02,769,769,769,769,LOITER,1
54.484,inject: failure motor off -i 1,nan,19.974,0.004,-0.05,0.30,96.14,-0.01,-0.03,0.03,769,769,769,769,LOITER,1
54.504,inject: failure motor off -i 1,nan,19.974,0.004,-0.05,0.30,96.14,-0.02,-0.03,0.07,770,769,769,769,LOITER,1
54.524,inject: failure motor off -i 1,nan,19.974,0.004,-0.05,0.30,96.14,-0.01,-0.04,0.01,770,769,769,769,LOITER,1
54.544,inject: failure motor off -i 1,nan,19.973,0.004,-0.05,0.30,96.14,0.04,-0.07,0.06,770,769,769,769,LOITER,1
54.564,inject: failure motor off -i 1,nan,19.973,0.004,-0.05,0.29,96.14,0.03,-0.06,0.04,770,769,769,769,LOITER,1
54.584,inject: failure motor off -i 1,nan,19.973,0.004,-0.05,0.29,96.14,0.03,-0.10,0.13,770,769,769,769,LOITER,1
54.604,inject: failure motor off -i 1,nan,19.973,0.004,-0.05,0.29,96.14,0.09,-0.12,0.06,769,770,769,769,LOITER,1
54.624,inject: failure motor off -i 1,nan,19.973,0.004,-0.05,0.29,96.14,0.03,-0.25,0.10,769,770,769,769,LOITER,1
54.644,inject: failure motor off -i 1,nan,19.973,0.004,-0.05,0.28,96.14,-0.02,-0.16,0.08,769,770,769,769,LOITER,1
54.664,inject: failure motor off -i 1,nan,19.973,0.004,-0.05,0.28,96.14,-0.05,-0.21,0.08,769,770,769,769,LOITER,1
54.684,inject: failure motor off -i 1,nan,19.973,0.004,-0.05,0.28,96.14,0.02,-0.32,0.08,769,770,769,769,LOITER,1
54.704,inject: failure motor off -i 1,nan,19.972,0.003,-0.05,0.27,96.14,-0.03,-0.45,0.12,770,769,769,769,LOITER,1
54.724,inject: failure motor off -i 1,nan,19.972,0.003,-0.05,0.26,96.14,-0.06,-0.37,0.13,770,769,769,769,LOITER,1
54.744,inject: failure motor off -i 1,nan,19.972,0.003,-0.05,0.25,96.14,-0.05,-0.48,0.12,770,769,769,769,LOITER,1
54.764,inject: failure motor off -i 1,nan,19.972,0.003,-0.05,0.24,96.14,-0.05,-0.48,0.16,770,769,769,769,LOITER,1
54.784,inject: failure motor off -i 1,nan,19.972,0.003,-0.05,0.24,96.14,-0.08,-0.44,0.12,770,769,769,769,LOITER,1
54.804,inject: failure motor off -i 1,nan,19.972,0.002,-0.05,0.23,96.14,-0.21,-0.56,0.07,769,769,769,769,LOITER,1
54.824,inject: failure motor off -i 1,nan,19.972,0.002,-0.06,0.22,96.14,-0.16,-0.58,0.12,769,769,769,769,LOITER,1
54.844,inject: failure motor off -i 1,nan,19.972,0.002,-0.06,0.21,96.14,-0.17,-0.60,0.11,769,769,769,769,LOITER,1
54.864,inject: failure motor off -i 1,nan,19.972,0.002,-0.06,0.19,96.14,-0.16,-0.66,0.10,769,769,769,769,LOITER,1
54.884,inject: failure motor off -i 1,nan,19.972,0.002,-0.06,0.18,96.14,-0.09,-0.68,0.10,769,769,769,769,LOITER,1
54.904,inject: failure motor off -i 1,nan,19.972,0.002,-0.07,0.17,96.14,-0.27,-0.67,0.10,769,769,769,769,LOITER,1
54.924,inject: failure motor off -i 1,nan,19.972,0.002,-0.07,0.16,96.13,-0.19,-0.67,0.20,769,769,769,769,LOITER,1
54.944,inject: failure motor off -i 1,nan,19.972,0.002,-0.08,0.14,96.13,-0.27,-0.65,0.08,769,769,769,769,LOITER,1
54.964,inject: failure motor off -i 1,nan,19.972,0.002,-0.08,0.13,96.13,-0.26,-0.70,0.12,769,769,769,769,LOITER,1
54.984,inject: failure motor off -i 1,nan,19.972,0.002,-0.09,0.12,96.13,-0.27,-0.63,0.14,769,769,769,769,LOITER,1
55.004,inject: failure motor off -i 1,nan,19.972,0.002,-0.09,0.10,96.13,-0.31,-0.70,0.08,769,769,769,769,LOITER,1
55.024,inject: failure motor off -i 1,nan,19.972,0.002,-0.10,0.09,96.12,-0.24,-0.77,0.13,769,769,769,769,LOITER,1
55.044,inject: failure motor off -i 1,nan,19.972,0.002,-0.10,0.08,96.12,-0.31,-0.66,0.13,769,769,769,769,LOITER,1
55.064,inject: failure motor off -i 1,nan,19.972,0.002,-0.11,0.06,96.12,-0.33,-0.70,0.10,769,769,769,769,LOITER,1
55.084,inject: failure motor off -i 1,nan,19.972,0.002,-0.11,0.05,96.12,-0.16,-0.66,0.10,769,769,769,769,LOITER,1
55.104,inject: failure motor off -i 1,nan,19.973,0.002,-0.12,0.04,96.12,-0.14,-0.61,0.13,769,769,769,769,LOITER,1
55.124,inject: failure motor off -i 1,nan,19.973,0.002,-0.12,0.03,96.12,-0.09,-0.61,0.05,769,769,769,769,LOITER,1
55.144,inject: failure motor off -i 1,nan,19.973,0.002,-0.12,0.02,96.12,-0.08,-0.58,0.08,769,769,769,769,LOITER,1
55.164,inject: failure motor off -i 1,nan,19.973,0.002,-0.12,0.00,96.12,-0.03,-0.48,0.12,769,769,769,768,LOITER,1
55.184,inject: failure motor off -i 1,nan,19.973,0.002,-0.12,-0.00,96.12,0.00,-0.46,0.14,769,769,769,768,LOITER,1
55.204,inject: failure motor off -i 1,nan,19.973,0.002,-0.12,-0.01,96.12,0.02,-0.52,0.11,769,769,769,768,LOITER,1
55.224,inject: failure motor off -i 1,nan,19.973,0.002,-0.12,-0.02,96.12,0.07,-0.48,0.15,769,769,769,768,LOITER,1
55.244,inject: failure motor off -i 1,nan,19.973,0.003,-0.12,-0.03,96.13,0.12,-0.46,0.17,769,769,769,768,LOITER,1
55.264,inject: failure motor off -i 1,nan,19.973,0.003,-0.12,-0.04,96.13,0.15,-0.45,0.16,769,769,769,769,LOITER,1
55.284,inject: failure motor off -i 1,nan,19.973,0.003,-0.12,-0.05,96.13,0.16,-0.51,0.16,769,769,769,769,LOITER,1
55.304,inject: failure motor off -i 1,nan,19.973,0.003,-0.11,-0.06,96.13,0.14,-0.51,0.09,769,769,769,769,LOITER,1
55.324,inject: failure motor off -i 1,nan,19.973,0.003,-0.11,-0.07,96.13,0.15,-0.56,0.15,769,769,769,769,LOITER,1
55.344,inject: failure motor off -i 1,nan,19.973,0.003,-0.11,-0.08,96.13,0.16,-0.51,0.11,769,769,769,769,LOITER,1
55.364,inject: failure motor off -i 1,nan,19.973,0.003,-0.10,-0.09,96.14,0.21,-0.51,0.14,769,769,769,769,LOITER,1
55.384,inject: failure motor off -i 1,nan,19.973,0.003,-0.10,-0.10,96.14,0.21,-0.58,0.13,769,769,769,769,LOITER,1
55.404,inject: failure motor off -i 1,nan,19.973,0.003,-0.10,-0.11,96.14,0.16,-0.57,0.14,769,769,769,769,LOITER,1
55.424,inject: failure motor off -i 1,nan,19.973,0.003,-0.09,-0.12,96.14,0.12,-0.57,0.16,769,769,769,769,LOITER,1
55.444,inject: failure motor off -i 1,nan,19.973,0.004,-0.09,-0.13,96.15,0.14,-0.49,0.13,769,769,769,769,LOITER,1
55.464,inject: failure motor off -i 1,nan,19.973,0.004,-0.09,-0.14,96.15,0.18,-0.41,0.13,769,769,769,769,LOITER,1
55.484,inject: failure motor off -i 1,nan,19.973,0.004,-0.08,-0.15,96.16,0.28,-0.38,0.08,769,769,769,769,LOITER,1
55.504,inject: failure motor off -i 1,nan,19.973,0.004,-0.08,-0.16,96.16,0.23,-0.31,0.17,769,770,769,770,LOITER,1
55.524,inject: failure motor off -i 1,nan,19.973,0.004,-0.07,-0.16,96.17,0.23,-0.38,0.13,769,770,769,770,LOITER,1
55.544,inject: failure motor off -i 1,nan,19.972,0.004,-0.07,-0.17,96.17,0.31,-0.29,0.12,769,770,769,770,LOITER,1
55.564,inject: failure motor off -i 1,nan,19.972,0.004,-0.06,-0.17,96.18,0.31,-0.16,0.11,770,769,770,770,LOITER,1
55.584,inject: failure motor off -i 1,nan,19.972,0.004,-0.06,-0.18,96.19,0.27,-0.23,0.13,770,769,770,770,LOITER,1
55.604,inject: failure motor off -i 1,nan,19.972,0.003,-0.05,-0.18,96.20,0.36,-0.17,0.14,770,769,770,769,LOITER,1
55.624,inject: failure motor off -i 1,nan,19.972,0.003,-0.05,-0.19,96.20,0.36,-0.11,0.18,770,769,770,769,LOITER,1
55.644,inject: failure motor off -i 1,nan,19.971,0.003,-0.04,-0.19,96.21,0.35,-0.09,0.14,770,769,770,769,LOITER,1
55.664,inject: failure motor off -i 1,nan,19.971,0.003,-0.03,-0.19,96.22,0.34,-0.07,0.12,769,769,770,770,LOITER,1
55.684,inject: failure motor off -i 1,nan,19.971,0.003,-0.03,-0.19,96.22,0.38,-0.10,0.10,769,769,770,770,LOITER,1
55.704,inject: failure motor off -i 1,nan,19.971,0.003,-0.02,-0.19,96.23,0.37,-0.09,0.04,769,769,770,770,LOITER,1
55.724,inject: failure motor off -i 1,nan,19.971,0.003,-0.01,-0.20,96.24,0.37,-0.11,0.02,769,769,770,770,LOITER,1
55.744,inject: failure motor off -i 1,nan,19.971,0.003,-0.01,-0.20,96.24,0.39,-0.11,0.08,769,769,770,770,LOITER,1
55.764,inject: failure motor off -i 1,nan,19.971,0.003,0.00,-0.20,96.24,0.40,-0.07,0.01,770,769,771,770,LOITER,1
55.784,inject: failure motor off -i 1,nan,19.971,0.003,0.01,-0.20,96.25,0.37,-0.00,0.05,770,769,771,770,LOITER,1
55.804,inject: failure motor off -i 1,nan,19.970,0.003,0.02,-0.20,96.25,0.44,-0.01,0.01,769,769,770,770,LOITER,1
55.824,inject: failure motor off -i 1,nan,19.970,0.003,0.03,-0.20,96.26,0.41,0.05,0.02,769,769,770,770,LOITER,1
55.844,inject: failure motor off -i 1,nan,19.969,0.002,0.03,-0.20,96.26,0.39,0.05,-0.04,769,769,770,770,LOITER,1
55.864,inject: failure motor off -i 1,nan,19.969,0.002,0.04,-0.20,96.26,0.32,0.11,-0.01,770,769,771,770,LOITER,1
55.884,inject: failure motor off -i 1,nan,19.969,0.002,0.05,-0.20,96.26,0.31,0.10,-0.06,770,769,771,770,LOITER,1
55.904,inject: failure motor off -i 1,nan,19.968,0.002,0.05,-0.19,96.27,0.30,0.15,-0.06,770,770,770,771,LOITER,1
55.924,inject: failure motor off -i 1,nan,19.968,0.002,0.06,-0.19,96.27,0.33,0.07,-0.10,770,770,770,771,LOITER,1
55.944,inject: failure motor off -i 1,nan,19.968,0.001,0.06,-0.19,96.27,0.23,0.12,-0.04,770,770,770,771,LOITER,1
55.964,inject: failure motor off -i 1,nan,19.968,0.001,0.07,-0.19,96.27,0.23,0.16,-0.03,769,770,771,771,LOITER,1
55.984,inject: failure motor off -i 1,nan,19.968,0.001,0.07,-0.18,96.27,0.24,0.11,-0.08,769,770,771,771,LOITER,1
56.004,inject: failure motor off -i 1,nan,19.967,-0.000,0.08,-0.18,96.27,0.11,0.13,-0.14,769,769,770,770,LOITER,1
56.024,inject: failure motor off -i 1,nan,19.967,-0.000,0.08,-0.18,96.26,0.08,0.21,-0.14,769,769,770,770,LOITER,1
56.044,inject: failure motor off -i 1,nan,19.967,-0.001,0.08,-0.17,96.26,0.08,0.20,-0.13,769,769,770,770,LOITER,1
56.064,inject: failure motor off -i 1,nan,19.967,-0.001,0.08,-0.17,96.26,0.12,0.16,-0.14,769,769,770,770,LOITER,1
56.084,inject: failure motor off -i 1,nan,19.967,-0.001,0.09,-0.17,96.26,0.06,0.09,-0.10,769,769,770,770,LOITER,1
56.104,inject: failure motor off -i 1,nan,19.967,-0.002,0.09,-0.16,96.26,0.03,0.17,-0.08,769,770,770,770,LOITER,1
56.124,inject: failure motor off -i 1,nan,19.967,-0.002,0.09,-0.16,96.25,0.01,0.18,-0.12,769,770,770,770,LOITER,1
56.144,inject: failure motor off -i 1,nan,19.966,-0.002,0.09,-0.16,96.25,0.04,0.11,-0.14,769,770,770,770,LOITER,1
56.164,inject: failure motor off -i 1,nan,19.966,-0.002,0.09,-0.15,96.25,0.09,0.11,-0.13,769,769,770,770,LOITER,1
56.184,inject: failure motor off -i 1,nan,19.966,-0.002,0.09,-0.15,96.25,0.02,0.15,-0.14,769,769,770,770,LOITER,1
56.204,inject: failure motor off -i 1,nan,19.967,-0.003,0.09,-0.15,96.24,0.04,0.15,-0.15,769,769,769,770,LOITER,1
56.224,inject: failure motor off -i 1,nan,19.967,-0.003,0.09,-0.15,96.24,0.05,0.06,-0.14,769,769,769,770,LOITER,1
56.244,inject: failure motor off -i 1,nan,19.967,-0.003,0.09,-0.14,96.23,-0.02,0.14,-0.16,769,769,769,770,LOITER,1
56.264,inject: failure motor off -i 1,nan,19.967,-0.003,0.09,-0.14,96.23,-0.12,0.02,-0.22,769,770,769,770,LOITER,1
56.284,inject: failure motor off -i 1,nan,19.967,-0.003,0.09,-0.14,96.23,-0.15,-0.04,-0.22,769,770,769,770,LOITER,1
56.304,inject: failure motor off -i 1,nan,19.967,-0.003,0.09,-0.14,96.22,-0.18,0.05,-0.19,769,770,769,770,LOITER,1
56.324,inject: failure motor off -i 1,nan,19.967,-0.003,0.08,-0.14,96.22,-0.18,0.02,-0.20,769,770,769,770,LOITER,1
56.344,inject: failure motor off -i 1,nan,19.967,-0.004,0.08,-0.14,96.21,-0.21,-0.01,-0.21,769,770,769,770,LOITER,1
56.364,inject: failure motor off -i 1,nan,19.967,-0.004,0.07,-0.14,96.21,-0.23,-0.02,-0.13,769,769,769,769,LOITER,1
56.384,inject: failure motor off -i 1,nan,19.967,-0.004,0.07,-0.14,96.21,-0.25,0.03,-0.19,769,769,769,769,LOITER,1
56.404,inject: failure motor off -i 1,nan,19.967,-0.004,0.07,-0.14,96.21,-0.24,0.07,-0.17,769,769,769,769,LOITER,1
56.424,inject: failure motor off -i 1,nan,19.967,-0.004,0.06,-0.14,96.21,-0.26,0.10,-0.20,769,769,769,769,LOITER,1
56.444,inject: failure motor off -i 1,nan,19.968,-0.004,0.06,-0.14,96.21,-0.28,0.11,-0.11,769,769,769,769,LOITER,1
56.464,inject: failure motor off -i 1,nan,19.968,-0.004,0.05,-0.14,96.21,-0.31,0.08,-0.16,769,769,769,769,LOITER,1
56.484,inject: failure motor off -i 1,nan,19.968,-0.004,0.05,-0.13,96.21,-0.33,0.12,-0.17,769,769,769,769,LOITER,1
56.504,inject: failure motor off -i 1,nan,19.968,-0.003,0.04,-0.13,96.21,-0.37,0.16,-0.16,769,769,769,769,LOITER,1
56.524,inject: failure motor off -i 1,nan,19.968,-0.003,0.03,-0.13,96.21,-0.40,0.19,-0.15,769,769,769,769,LOITER,1
56.544,inject: failure motor off -i 1,nan,19.968,-0.003,0.03,-0.12,96.21,-0.33,0.20,-0.21,769,769,769,769,LOITER,1
56.564,inject: failure motor off -i 1,nan,19.968,-0.003,0.02,-0.12,96.21,-0.36,0.14,-0.18,769,769,769,769,LOITER,1
56.584,inject: failure motor off -i 1,nan,19.968,-0.003,0.01,-0.12,96.21,-0.37,0.16,-0.13,769,769,769,769,LOITER,1
56.604,inject: failure motor off -i 1,nan,19.969,-0.003,0.01,-0.11,96.21,-0.36,0.22,-0.12,769,769,768,769,LOITER,1
56.624,inject: failure motor off -i 1,nan,19.969,-0.003,0.00,-0.11,96.21,-0.48,0.17,-0.12,769,769,768,769,LOITER,1
56.644,inject: failure motor off -i 1,nan,19.969,-0.003,-0.01,-0.10,96.21,-0.52,0.22,-0.16,769,769,768,769,LOITER,1
56.664,inject: failure motor off -i 1,nan,19.969,-0.003,-0.02,-0.10,96.21,-0.54,0.16,-0.07,769,769,768,769,LOITER,1
56.684,inject: failure motor off -i 1,nan,19.969,-0.003,-0.03,-0.10,96.22,-0.49,0.18,-0.19,769,769,768,769,LOITER,1
56.704,inject: failure motor off -i 1,nan,19.970,-0.003,-0.04,-0.09,96.22,-0.53,0.19,-0.14,769,769,768,769,LOITER,1
56.724,inject: failure motor off -i 1,nan,19.970,-0.003,-0.05,-0.09,96.22,-0.54,0.15,-0.15,769,769,768,769,LOITER,1
56.744,inject: failure motor off -i 1,nan,19.970,-0.003,-0.06,-0.09,96.22,-0.55,0.16,-0.14,769,769,768,769,LOITER,1
56.764,inject: failure motor off -i 1,nan,19.970,-0.003,-0.07,-0.08,96.22,-0.53,0.26,-0.10,769,769,769,768,LOITER,1
56.784,inject: failure motor off -i 1,nan,19.970,-0.003,-0.07,-0.08,96.22,-0.52,0.23,-0.09,769,769,769,768,LOITER,1
56.804,inject: failure motor off -i 1,nan,19.971,-0.002,-0.08,-0.07,96.22,-0.52,0.08,-0.16,769,768,769,768,LOITER,1
56.824,inject: failure motor off -i 1,nan,19.971,-0.002,-0.09,-0.07,96.22,-0.51,0.21,-0.11,769,768,769,768,LOITER,1
56.844,inject: failure motor off -i 1,nan,19.971,-0.002,-0.10,-0.07,96.22,-0.51,0.25,-0.12,769,768,769,768,LOITER,1
56.864,inject: failure motor off -i 1,nan,19.971,-0.002,-0.11,-0.06,96.22,-0.54,0.11,-0.07,768,769,768,769,LOITER,1
56.884,inject: failure motor off -i 1,nan,19.971,-0.002,-0.12,-0.06,96.22,-0.47,0.07,-0.09,768,769,768,769,LOITER,1
56.904,inject: failure motor off -i 1,nan,19.972,-0.001,-0.13,-0.06,96.22,-0.41,0.24,-0.10,768,769,768,769,LOITER,1
56.924,inject: failure motor off -i 1,nan,19.972,-0.001,-0.14,-0.05,96.22,-0.39,0.14,-0.08,768,769,768,769,LOITER,1
56.944,inject: failure motor off -i 1,nan,19.972,-0.001,-0.15,-0.05,96.22,-0.35,0.14,-0.10,768,769,768,769,LOITER,1
56.964,inject: failure motor off -i 1,nan,19.972,-0.001,-0.15,-0.05,96.22,-0.28,0.21,-0.09,768,768,769,768,LOITER,1
56.984,inject: failure motor off -i 1,nan,19.972,-0.001,-0.16,-0.04,96.22,-0.21,0.16,-0.09,768,768,769,768,LOITER,1
57.004,inject: failure motor off -i 1,nan,19.973,0.000,-0.16,-0.04,96.22,-0.24,0.05,-0.06,769,768,769,768,LOITER,1
57.024,inject: failure motor off -i 1,nan,19.973,0.000,-0.17,-0.04,96.22,-0.17,0.23,-0.06,769,768,769,768,LOITER,1
57.044,inject: failure motor off -i 1,nan,19.974,0.001,-0.17,-0.03,96.22,-0.21,0.30,-0.07,769,768,769,768,LOITER,1
57.064,inject: failure motor off -i 1,nan,19.974,0.001,-0.17,-0.03,96.22,-0.19,0.17,-0.07,768,769,768,768,LOITER,1
57.084,inject: failure motor off -i 1,nan,19.974,0.001,-0.18,-0.02,96.22,-0.07,0.20,-0.12,768,769,768,768,LOITER,1
57.104,inject: failure motor off -i 1,nan,19.974,0.001,-0.18,-0.02,96.21,-0.03,0.26,-0.07,768,769,768,769,LOITER,1
57.124,inject: failure motor off -i 1,nan,19.974,0.001,-0.18,-0.01,96.21,0.06,0.24,-0.08,768,769,768,769,LOITER,1
57.144,inject: failure motor off -i 1,nan,19.975,0.002,-0.18,-0.01,96.21,0.13,0.32,-0.08,768,769,768,769,LOITER,1
57.164,inject: failure motor off -i 1,nan,19.975,0.002,-0.17,-0.00,96.21,0.07,0.32,-0.08,768,769,768,769,LOITER,1
57.184,inject: failure motor off -i 1,nan,19.975,0.002,-0.17,0.00,96.21,0.15,0.21,-0.00,768,769,768,769,LOITER,1
57.204,inject: failure motor off -i 1,nan,19.975,0.003,-0.17,0.01,96.20,0.17,0.31,-0.05,769,769,769,768,LOITER,1
57.224,inject: failure motor off -i 1,nan,19.975,0.003,-0.17,0.01,96.20,0.30,0.29,-0.11,769,769,769,768,LOITER,1
57.244,inject: failure motor off -i 1,nan,19.976,0.004,-0.16,0.02,96.20,0.17,0.32,-0.02,769,769,769,768,LOITER,1
57.264,inject: failure motor off -i 1,nan,19.976,0.004,-0.16,0.02,96.20,0.23,0.27,-0.06,768,769,769,769,LOITER,1
57.284,inject: failure motor off -i 1,nan,19.976,0.004,-0.15,0.03,96.19,0.25,0.32,-0.12,768,769,769,769,LOITER,1
57.304,inject: failure motor off -i 1,nan,19.976,0.004,-0.15,0.03,96.19,0.41,0.30,-0.08,769,769,768,769,LOITER,1
57.324,inject: failure motor off -i 1,nan,19.976,0.004,-0.14,0.04,96.18,0.31,0.28,-0.04,769,769,768,769,LOITER,1
57.344,inject: failure motor off -i 1,nan,19.976,0.004,-0.14,0.05,96.18,0.23,0.27,-0.11,769,769,768,769,LOITER,1
57.364,inject: failure motor off -i 1,nan,19.976,0.004,-0.13,0.05,96.17,0.37,0.33,-0.08,768,769,768,768,LOITER,1
57.384,inject: failure motor off -i 1,nan,19.976,0.004,-0.13,0.06,96.17,0.35,0.27,-0.07,768,769,768,768,LOITER,1
57.404,inject: failure motor off -i 1,nan,19.977,0.005,-0.12,0.06,96.17,0.36,0.17,-0.05,769,769,769,768,LOITER,1
57.424,inject: failure motor off -i 1,nan,19.977,0.005,-0.11,0.07,96.16,0.30,0.07,-0.05,769,769,769,768,LOITER,1
57.444,inject: failure motor off -i 1,nan,19.977,0.006,-0.11,0.07,96.16,0.35,0.22,-0.01,769,769,769,768,LOITER,1
57.464,inject: failure motor off -i 1,nan,19.977,0.006,-0.10,0.07,96.15,0.38,0.20,-0.02,769,770,768,769,LOITER,1
57.484,inject: failure motor off -i 1,nan,19.977,0.006,-0.09,0.08,96.15,0.34,0.14,-0.02,769,770,768,769,LOITER,1
57.504,inject: failure motor off -i 1,nan,19.977,0.006,-0.09,0.08,96.15,0.35,0.08,-0.01,769,769,769,768,LOITER,1
57.524,inject: failure motor off -i 1,nan,19.977,0.006,-0.08,0.08,96.14,0.43,0.13,-0.02,769,769,769,768,LOITER,1
57.544,inject: failure motor off -i 1,nan,19.977,0.006,-0.07,0.08,96.14,0.45,0.06,-0.02,769,769,769,768,LOITER,1
57.564,inject: failure motor off -i 1,nan,19.977,0.006,-0.06,0.08,96.14,0.38,-0.05,0.03,769,769,768,769,LOITER,1
57.584,inject: failure motor off -i 1,nan,19.977,0.006,-0.06,0.08,96.13,0.44,0.02,-0.02,769,769,768,769,LOITER,1
57.604,inject: failure motor off -i 1,nan,19.977,0.007,-0.05,0.09,96.13,0.50,0.02,0.02,769,770,769,769,LOITER,1
57.624,inject: failure motor off -i 1,nan,19.977,0.007,-0.04,0.09,96.13,0.52,-0.06,0.00,769,770,769,769,LOITER,1
57.644,inject: failure motor off -i 1,nan,19.977,0.007,-0.03,0.08,96.13,0.57,-0.02,0.05,769,770,769,769,LOITER,1
57.664,inject: failure motor off -i 1,nan,19.977,0.007,-0.02,0.09,96.12,0.57,-0.02,0.03,770,769,768,769,LOITER,1
57.684,inject: failure motor off -i 1,nan,19.977,0.007,-0.01,0.09,96.12,0.51,-0.00,-0.01,770,769,768,769,LOITER,1
57.704,inject: failure motor off -i 1,nan,19.977,0.007,0.00,0.08,96.12,0.64,-0.07,-0.01,770,769,769,768,LOITER,1
57.724,inject: failure motor off -i 1,nan,19.977,0.007,0.02,0.08,96.12,0.58,0.06,0.05,770,769,769,768,LOITER,1
57.744,inject: failure motor off -i 1,nan,19.977,0.007,0.03,0.09,96.12,0.53,-0.03,0.06,770,769,769,768,LOITER,1
57.764,inject: failure motor off -i 1,nan,19.977,0.007,0.04,0.08,96.12,0.57,-0.05,0.06,770,769,769,768,LOITER,1
57.784,inject: failure motor off -i 1,nan,19.977,0.007,0.05,0.08,96.11,0.56,0.07,0.07,770,769,769,768,LOITER,1
57.804,inject: failure motor off -i 1,nan,19.977,0.007,0.06,0.09,96.11,0.57,0.01,0.08,769,770,769,769,LOITER,1
57.824,inject: failure motor off -i 1,nan,19.977,0.007,0.07,0.08,96.11,0.60,-0.10,0.09,769,770,769,769,LOITER,1
57.844,inject: failure motor off -i 1,nan,19.977,0.007,0.08,0.08,96.11,0.59,-0.00,0.11,769,770,769,769,LOITER,1
57.864,inject: failure motor off -i 1,nan,19.977,0.007,0.09,0.08,96.11,0.55,0.02,0.11,770,770,768,769,LOITER,1
57.884,inject: failure motor off -i 1,nan,19.977,0.007,0.10,0.08,96.11,0.56,-0.01,0.08,770,770,768,769,LOITER,1
57.904,inject: failure motor off -i 1,nan,19.976,0.007,0.11,0.08,96.12,0.51,-0.02,0.13,769,770,769,769,LOITER,1
57.924,inject: failure motor off -i 1,nan,19.976,0.007,0.12,0.08,96.12,0.54,-0.03,0.16,769,770,769,769,LOITER,1
57.944,inject: failure motor off -i 1,nan,19.976,0.007,0.13,0.08,96.12,0.55,0.01,0.14,769,770,769,769,LOITER,1
57.964,inject: failure motor off -i 1,nan,19.976,0.007,0.15,0.09,96.12,0.58,0.01,0.16,769,770,769,769,LOITER,1
57.984,inject: failure motor off -i 1,nan,19.976,0.007,0.16,0.09,96.12,0.56,0.07,0.18,769,770,769,769,LOITER,1
58.004,inject: failure motor off -i 1,nan,19.976,0.006,0.17,0.09,96.13,0.53,0.03,0.25,769,769,769,769,LOITER,1
58.024,inject: failure motor off -i 1,nan,19.976,0.006,0.18,0.09,96.13,0.60,0.02,0.15,769,769,769,769,LOITER,1
58.044,inject: failure motor off -i 1,nan,19.976,0.006,0.19,0.09,96.13,0.52,0.09,0.19,769,769,769,769,LOITER,1
58.064,inject: failure motor off -i 1,nan,19.976,0.006,0.20,0.09,96.14,0.49,0.09,0.15,769,769,769,769,LOITER,1
58.084,inject: failure motor off -i 1,nan,19.976,0.006,0.21,0.09,96.14,0.42,0.15,0.19,769,769,769,769,LOITER,1
58.104,inject: failure motor off -i 1,nan,19.975,0.006,0.21,0.09,96.15,0.44,-0.01,0.16,769,769,769,769,LOITER,1
58.124,inject: failure motor off -i 1,nan,19.975,0.006,0.22,0.09,96.15,0.37,-0.03,0.18,769,769,769,769,LOITER,1
58.144,inject: failure motor off -i 1,nan,19.975,0.006,0.23,0.09,96.15,0.32,0.07,0.16,769,769,769,769,LOITER,1
58.164,inject: failure motor off -i 1,nan,19.975,0.006,0.23,0.09,96.16,0.24,0.04,0.20,769,769,769,770,LOITER,1
58.184,inject: failure motor off -i 1,nan,19.975,0.006,0.24,0.09,96.16,0.20,-0.01,0.25,769,769,769,770,LOITER,1
58.204,inject: failure motor off -i 1,nan,19.975,0.005,0.24,0.09,96.17,0.17,-0.02,0.18,769,769,769,769,LOITER,1
58.224,inject: failure motor off -i 1,nan,19.975,0.005,0.25,0.09,96.17,0.22,0.03,0.19,769,769,769,769,LOITER,1
58.244,inject: failure motor off -i 1,nan,19.974,0.005,0.25,0.09,96.18,0.15,-0.02,0.15,769,769,769,769,LOITER,1
58.264,inject: failure motor off -i 1,nan,19.974,0.005,0.25,0.09,96.18,0.17,-0.01,0.18,769,769,770,769,LOITER,1
58.284,inject: failure motor off -i 1,nan,19.974,0.005,0.25,0.09,96.19,0.18,0.00,0.16,769,769,770,769,LOITER,1
58.304,inject: failure motor off -i 1,nan,19.974,0.005,0.26,0.09,96.19,0.17,-0.00,0.12,769,769,770,770,LOITER,1
58.324,inject: failure motor off -i 1,nan,19.974,0.005,0.26,0.09,96.19,0.19,0.05,0.13,769,769,770,770,LOITER,1
58.344,inject: failure motor off -i 1,nan,19.974,0.004,0.26,0.09,96.20,0.24,0.01,0.15,769,769,770,770,LOITER,1
58.364,inject: failure motor off -i 1,nan,19.974,0.004,0.27,0.09,96.20,0.14,-0.04,0.07,769,769,769,770,LOITER,1
58.384,inject: failure motor off -i 1,nan,19.974,0.004,0.27,0.09,96.20,0.18,-0.01,0.12,769,769,769,770,LOITER,1
58.404,inject: failure motor off -i 1,nan,19.973,0.004,0.28,0.09,96.21,0.19,0.00,0.12,769,768,770,770,LOITER,1
58.424,inject: failure motor off -i 1,nan,19.973,0.004,0.28,0.09,96.21,0.08,0.01,0.10,769,768,770,770,LOITER,1
58.444,inject: failure motor off -i 1,nan,19.973,0.003,0.28,0.09,96.21,0.08,-0.03,0.04,769,768,770,770,LOITER,1
58.464,inject: failure motor off -i 1,nan,19.973,0.003,0.28,0.09,96.21,0.04,0.02,0.02,769,768,770,770,LOITER,1
58.484,inject: failure motor off -i 1,nan,19.973,0.003,0.28,0.09,96.22,0.01,-0.00,0.06,769,768,770,770,LOITER,1
58.504,inject: failure motor off -i 1,nan,19.973,0.003,0.28,0.09,96.22,0.00,-0.02,-0.00,769,769,769,770,LOITER,1
58.524,inject: failure motor off -i 1,nan,19.973,0.003,0.28,0.09,96.22,-0.03,-0.02,-0.03,769,769,769,770,LOITER,1
58.544,inject: failure motor off -i 1,nan,19.972,0.002,0.28,0.09,96.22,-0.06,-0.02,-0.01,769,769,769,770,LOITER,1
58.564,inject: failure motor off -i 1,nan,19.972,0.002,0.28,0.09,96.22,-0.07,-0.01,0.06,769,769,770,769,LOITER,1
58.584,inject: failure motor off -i 1,nan,19.972,0.002,0.28,0.09,96.22,-0.03,-0.02,-0.01,769,769,770,769,LOITER,1
58.604,inject: failure motor off -i 1,nan,19.972,0.002,0.28,0.09,96.22,-0.10,0.02,0.02,769,769,769,770,LOITER,1
58.624,inject: failure motor off -i 1,nan,19.972,0.002,0.27,0.09,96.22,-0.16,-0.11,-0.09,769,769,769,770,LOITER,1
58.644,inject: failure motor off -i 1,nan,19.971,0.002,0.27,0.09,96.22,-0.18,0.05,-0.07,769,769,769,770,LOITER,1
58.664,inject: failure motor off -i 1,nan,19.971,0.002,0.27,0.09,96.22,-0.20,0.02,-0.04,769,769,769,770,LOITER,1
58.684,inject: failure motor off -i 1,nan,19.971,0.002,0.26,0.09,96.22,-0.28,0.09,-0.04,769,769,769,770,LOITER,1
58.704,inject: failure motor off -i 1,nan,19.971,0.002,0.25,0.09,96.22,-0.34,0.00,-0.04,769,769,770,769,LOITER,1
58.724,inject: failure motor off -i 1,nan,19.971,0.002,0.25,0.09,96.22,-0.36,0.05,-0.07,769,769,770,769,LOITER,1
58.744,inject: failure motor off -i 1,nan,19.971,0.001,0.24,0.09,96.22,-0.33,0.06,-0.02,769,769,770,769,LOITER,1
58.764,inject: failure motor off -i 1,nan,19.971,0.001,0.23,0.09,96.22,-0.51,-0.01,-0.03,769,769,769,769,LOITER,1
58.784,inject: failure motor off -i 1,nan,19.971,0.001,0.22,0.09,96.22,-0.40,-0.02,-0.05,769,769,769,769,LOITER,1
58.804,inject: failure motor off -i 1,nan,19.972,0.001,0.22,0.09,96.21,-0.46,0.04,-0.10,769,769,769,769,LOITER,1
58.824,inject: failure motor off -i 1,nan,19.972,0.001,0.21,0.09,96.21,-0.45,-0.00,-0.07,769,769,769,769,LOITER,1
58.844,inject: failure motor off -i 1,nan,19.972,0.001,0.20,0.09,96.21,-0.45,0.09,-0.12,769,769,769,769,LOITER,1
58.864,inject: failure motor off -i 1,nan,19.972,0.001,0.19,0.09,96.21,-0.43,0.01,-0.09,769,769,769,769,LOITER,1
58.884,inject: failure motor off -i 1,nan,19.972,0.001,0.18,0.09,96.21,-0.50,-0.01,-0.09,769,769,769,769,LOITER,1
58.904,inject: failure motor off -i 1,nan,19.972,0.001,0.17,0.09,96.21,-0.46,0.01,-0.09,769,769,769,769,LOITER,1
58.924,inject: failure motor off -i 1,nan,19.972,0.001,0.16,0.09,96.20,-0.55,0.04,-0.09,769,769,769,769,LOITER,1
58.944,inject: failure motor off -i 1,nan,19.972,0.001,0.15,0.09,96.20,-0.44,-0.11,-0.07,769,769,769,769,LOITER,1
58.964,inject: failure motor off -i 1,nan,19.972,0.001,0.14,0.09,96.20,-0.41,-0.12,-0.06,769,769,769,769,LOITER,1
58.984,inject: failure motor off -i 1,nan,19.972,0.001,0.13,0.09,96.20,-0.35,-0.14,-0.07,769,769,769,769,LOITER,1
59.004,inject: failure motor off -i 1,nan,19.972,0.001,0.13,0.09,96.20,-0.39,-0.17,-0.08,769,769,769,769,LOITER,1
59.024,inject: failure motor off -i 1,nan,19.972,0.001,0.12,0.08,96.20,-0.37,-0.17,-0.05,769,769,769,769,LOITER,1
59.044,inject: failure motor off -i 1,nan,19.972,0.002,0.11,0.08,96.20,-0.41,-0.17,-0.04,769,769,769,769,LOITER,1
59.064,inject: failure motor off -i 1,nan,19.972,0.002,0.10,0.08,96.20,-0.39,-0.11,-0.08,769,769,769,769,LOITER,1
59.084,inject: failure motor off -i 1,nan,19.972,0.002,0.09,0.07,96.19,-0.38,-0.11,-0.05,769,769,769,769,LOITER,1
59.104,inject: failure motor off -i 1,nan,19.972,0.002,0.09,0.07,96.19,-0.34,-0.08,-0.05,769,770,769,769,LOITER,1
59.124,inject: failure motor off -i 1,nan,19.972,0.002,0.08,0.07,96.19,-0.34,-0.10,-0.06,769,770,769,769,LOITER,1
59.144,inject: failure motor off -i 1,nan,19.972,0.002,0.07,0.07,96.19,-0.26,-0.00,-0.03,769,770,769,769,LOITER,1
59.164,inject: failure motor off -i 1,nan,19.972,0.002,0.07,0.07,96.19,-0.13,-0.10,-0.07,769,770,769,769,LOITER,1
59.184,inject: failure motor off -i 1,nan,19.972,0.002,0.07,0.07,96.19,-0.16,-0.14,-0.05,769,770,769,769,LOITER,1
59.204,inject: failure motor off -i 1,nan,19.971,0.002,0.06,0.06,96.19,-0.14,0.06,-0.09,769,770,769,769,LOITER,1
59.224,inject: failure motor off -i 1,nan,19.971,0.002,0.06,0.06,96.19,-0.13,-0.08,-0.04,769,770,769,769,LOITER,1
59.244,inject: failure motor off -i 1,nan,19.971,0.002,0.06,0.06,96.19,-0.12,-0.09,-0.02,769,770,769,769,LOITER,1
59.264,inject: failure motor off -i 1,nan,19.971,0.002,0.05,0.06,96.19,-0.07,-0.17,-0.01,769,770,769,769,LOITER,1
59.284,inject: failure motor off -i 1,nan,19.971,0.002,0.05,0.06,96.20,-0.03,-0.09,-0.02,769,770,769,769,LOITER,1
59.304,inject: failure motor off -i 1,nan,19.970,0.002,0.05,0.06,96.20,-0.07,-0.15,-0.02,769,770,769,770,LOITER,1
59.324,inject: failure motor off -i 1,nan,19.970,0.002,0.05,0.05,96.20,-0.10,-0.25,-0.06,769,770,769,770,LOITER,1
59.344,inject: failure motor off -i 1,nan,19.970,0.001,0.05,0.05,96.20,-0.04,-0.21,0.02,769,770,769,770,LOITER,1
59.364,inject: failure motor off -i 1,nan,19.970,0.001,0.05,0.05,96.20,-0.15,-0.11,-0.07,770,770,769,770,LOITER,1
59.384,inject: failure motor off -i 1,nan,19.970,0.001,0.04,0.04,96.21,-0.18,-0.29,-0.01,770,770,769,770,LOITER,1
59.404,inject: failure motor off -i 1,nan,19.970,0.001,0.04,0.04,96.21,-0.07,-0.29,-0.09,769,769,769,770,LOITER,1
59.424,inject: failure motor off -i 1,nan,19.970,0.001,0.04,0.03,96.21,-0.18,-0.25,0.00,769,769,769,770,LOITER,1
59.444,inject: failure motor off -i 1,nan,19.969,0.000,0.04,0.03,96.21,-0.23,-0.25,0.00,769,769,769,770,LOITER,1
59.464,inject: failure motor off -i 1,nan,19.969,0.000,0.03,0.02,96.21,-0.26,-0.36,-0.02,769,770,770,769,LOITER,1
59.484,inject: failure motor off -i 1,nan,19.969,0.000,0.03,0.02,96.22,-0.17,-0.39,-0.01,769,770,770,769,LOITER,1
59.504,inject: failure motor off -i 1,nan,19.969,0.000,0.02,0.01,96.22,-0.07,-0.31,-0.12,769,769,769,770,LOITER,1
59.524,inject: failure motor off -i 1,nan,19.969,0.000,0.02,0.01,96.22,-0.20,-0.28,-0.02,769,769,769,770,LOITER,1
59.544,inject: failure motor off -i 1,nan,19.969,-0.000,0.02,-0.00,96.22,-0.20,-0.41,-0.09,769,769,769,770,LOITER,1
59.564,inject: failure motor off -i 1,nan,19.969,-0.000,0.01,-0.01,96.22,-0.20,-0.33,-0.04,770,769,770,769,LOITER,1
59.584,inject: failure motor off -i 1,nan,19.969,-0.000,0.01,-0.01,96.22,-0.12,-0.35,-0.07,770,769,770,769,LOITER,1
59.604,inject: failure motor off -i 1,nan,19.969,-0.001,0.01,-0.02,96.22,-0.26,-0.50,-0.07,770,769,770,769,LOITER,1
59.624,inject: failure motor off -i 1,nan,19.969,-0.001,0.00,-0.03,96.23,-0.25,-0.38,-0.02,770,769,770,769,LOITER,1
59.644,inject: failure motor off -i 1,nan,19.969,-0.001,-0.00,-0.04,96.23,-0.25,-0.39,-0.04,770,769,770,769,LOITER,1
59.664,inject: failure motor off -i 1,nan,19.969,-0.001,-0.01,-0.05,96.23,-0.26,-0.47,-0.04,769,769,770,770,LOITER,1
59.684,inject: failure motor off -i 1,nan,19.969,-0.001,-0.01,-0.05,96.23,-0.26,-0.39,-0.01,769,769,770,770,LOITER,1
59.704,inject: failure motor off -i 1,nan,19.969,-0.001,-0.02,-0.06,96.23,-0.24,-0.30,-0.06,769,769,769,770,LOITER,1
59.724,inject: failure motor off -i 1,nan,19.969,-0.001,-0.02,-0.07,96.22,-0.31,-0.36,-0.12,769,769,769,770,LOITER,1
59.744,inject: failure motor off -i 1,nan,19.969,-0.002,-0.03,-0.07,96.22,-0.40,-0.37,-0.08,769,769,769,770,LOITER,1
59.764,inject: failure motor off -i 1,nan,19.969,-0.002,-0.03,-0.08,96.22,-0.33,-0.36,-0.12,769,769,770,769,LOITER,1
59.784,inject: failure motor off -i 1,nan,19.969,-0.002,-0.04,-0.09,96.22,-0.28,-0.23,-0.09,769,769,770,769,LOITER,1
59.804,inject: failure motor off -i 1,nan,19.969,-0.002,-0.04,-0.09,96.21,-0.35,-0.23,-0.10,769,769,769,769,LOITER,1
59.824,inject: failure motor off -i 1,nan,19.969,-0.002,-0.05,-0.10,96.21,-0.35,-0.33,-0.09,769,769,769,769,LOITER,1
59.844,inject: failure motor off -i 1,nan,19.969,-0.002,-0.06,-0.10,96.21,-0.47,-0.18,-0.07,769,769,769,769,LOITER,1
59.864,inject: failure motor off -i 1,nan,19.969,-0.002,-0.07,-0.11,96.20,-0.48,-0.19,-0.11,769,769,769,769,LOITER,1
59.884,inject: failure motor off -i 1,nan,19.969,-0.002,-0.08,-0.11,96.20,-0.49,-0.10,-0.09,769,769,769,769,LOITER,1
59.904,inject: failure motor off -i 1,nan,19.969,-0.002,-0.09,-0.11,96.19,-0.51,-0.06,-0.12,769,769,769,769,LOITER,1
59.924,inject: failure motor off -i 1,nan,19.969,-0.002,-0.09,-0.11,96.19,-0.52,-0.11,-0.09,769,769,769,769,LOITER,1
59.944,inject: failure motor off -i 1,nan,19.969,-0.001,-0.10,-0.12,96.19,-0.57,-0.05,-0.10,769,769,769,769,LOITER,1
59.964,inject: failure motor off -i 1,nan,19.969,-0.001,-0.12,-0.12,96.18,-0.63,-0.06,-0.09,769,770,769,769,LOITER,1
59.984,inject: failure motor off -i 1,nan,19.969,-0.001,-0.13,-0.12,96.18,-0.55,-0.04,-0.08,769,770,769,769,LOITER,1
60.004,inject: failure motor off -i 1,nan,19.969,-0.001,-0.14,-0.12,96.17,-0.54,-0.04,-0.12,770,769,769,769,LOITER,1
60.024,inject: failure motor off -i 1,nan,19.969,-0.001,-0.15,-0.12,96.17,-0.55,0.02,-0.13,770,769,769,769,LOITER,1
60.044,inject: failure motor off -i 1,nan,19.969,-0.001,-0.16,-0.12,96.16,-0.56,-0.00,-0.07,770,769,769,769,LOITER,1
60.064,inject: failure motor off -i 1,nan,19.969,-0.001,-0.17,-0.12,96.16,-0.56,0.16,-0.06,770,769,769,768,LOITER,1
60.084,inject: failure motor off -i 1,nan,19.969,-0.001,-0.18,-0.12,96.16,-0.55,0.17,-0.04,770,769,769,768,LOITER,1
60.104,inject: failure motor off -i 1,nan,19.969,-0.002,-0.19,-0.12,96.15,-0.40,0.16,-0.06,770,769,769,768,LOITER,1
60.124,inject: failure motor off -i 1,nan,19.969,-0.002,-0.20,-0.11,96.15,-0.39,0.29,-0.03,770,769,769,768,LOITER,1
60.144,inject: failure motor off -i 1,nan,19.970,-0.002,-0.20,-0.11,96.15,-0.30,0.33,-0.03,770,769,769,768,LOITER,1
60.164,inject: failure motor off -i 1,nan,19.970,-0.002,-0.21,-0.10,96.14,-0.33,0.26,0.00,769,769,769,768,LOITER,1
60.184,inject: failure motor off -i 1,nan,19.970,-0.002,-0.21,-0.10,96.14,-0.23,0.31,-0.04,769,769,769,768,LOITER,1
60.204,inject: failure motor off -i 1,nan,19.970,-0.002,-0.22,-0.09,96.14,-0.16,0.53,-0.01,769,770,768,769,LOITER,1
60.224,inject: failure motor off -i 1,nan,19.970,-0.002,-0.22,-0.08,96.14,-0.05,0.40,-0.02,769,770,768,769,LOITER,1
60.244,inject: failure motor off -i 1,nan,19.970,-0.001,-0.22,-0.07,96.13,-0.15,0.41,-0.00,769,770,768,769,LOITER,1
60.264,inject: failure motor off -i 1,nan,19.970,-0.001,-0.23,-0.07,96.13,-0.13,0.52,0.03,769,769,769,768,LOITER,1
60.284,inject: failure motor off -i 1,nan,19.970,-0.001,-0.23,-0.06,96.13,-0.13,0.47,0.00,769,769,769,768,LOITER,1
60.304,inject: failure motor off -i 1,nan,19.971,-0.001,-0.23,-0.05,96.13,-0.10,0.52,0.04,769,769,769,768,LOITER,1
60.324,inject: failure motor off -i 1,nan,19.971,-0.001,-0.23,-0.04,96.13,-0.05,0.58,0.10,769,769,769,768,LOITER,1
60.344,inject: failure motor off -i 1,nan,19.971,-0.001,-0.24,-0.03,96.13,-0.08,0.44,0.03,769,769,769,768,LOITER,1
60.364,inject: failure motor off -i 1,nan,19.971,-0.001,-0.24,-0.02,96.13,-0.00,0.43,0.08,769,769,769,768,LOITER,1
60.384,inject: failure motor off -i 1,nan,19.971,-0.001,-0.24,-0.01,96.13,0.10,0.43,0.08,769,769,769,768,LOITER,1
60.404,inject: failure motor off -i 1,nan,19.971,-0.000,-0.24,-0.00,96.13,0.16,0.46,0.05,769,769,769,769,LOITER,1
60.424,inject: failure motor off -i 1,nan,19.971,-0.000,-0.23,0.01,96.13,0.15,0.44,0.03,769,769,769,769,LOITER,1
60.444,inject: failure motor off -i 1,nan,19.971,0.000,-0.23,0.01,96.13,0.18,0.37,0.04,769,769,769,769,LOITER,1
60.464,inject: failure motor off -i 1,nan,19.971,0.000,-0.23,0.02,96.13,0.26,0.38,0.06,769,769,769,768,LOITER,1
60.484,inject: failure motor off -i 1,nan,19.971,0.000,-0.22,0.03,96.13,0.28,0.48,0.07,769,769,769,768,LOITER,1
60.504,inject: failure motor off -i 1,nan,19.971,0.000,-0.22,0.04,96.14,0.35,0.48,0.03,769,769,768,769,LOITER,1
60.524,inject: failure motor off -i 1,nan,19.971,0.000,-0.21,0.05,96.14,0.32,0.34,0.10,769,769,768,769,LOITER,1
60.544,inject: failure motor off -i 1,nan,19.971,0.000,-0.20,0.05,96.14,0.32,0.38,0.08,769,769,768,769,LOITER,1
60.564,inject: failure motor off -i 1,nan,19.971,0.000,-0.20,0.06,96.14,0.29,0.47,0.17,769,769,769,769,LOITER,1
60.584,inject: failure motor off -i 1,nan,19.971,0.000,-0.19,0.07,96.14,0.34,0.40,0.12,769,769,769,769,LOITER,1
60.604,inject: failure motor off -i 1,nan,19.972,0.000,-0.19,0.08,96.14,0.37,0.40,0.10,769,769,769,768,LOITER,1
60.624,inject: failure motor off -i 1,nan,19.972,0.000,-0.18,0.08,96.15,0.37,0.41,0.11,769,769,769,768,LOITER,1
60.644,inject: failure motor off -i 1,nan,19.972,0.000,-0.17,0.09,96.15,0.31,0.37,0.06,769,769,769,768,LOITER,1
60.664,inject: failure motor off -i 1,nan,19.972,0.000,-0.17,0.10,96.15,0.37,0.39,0.07,769,769,769,768,LOITER,1
60.684,inject: failure motor off -i 1,nan,19.972,0.000,-0.16,0.11,96.15,0.44,0.45,0.11,769,769,769,768,LOITER,1
60.704,inject: failure motor off -i 1,nan,19.973,0.000,-0.15,0.11,96.16,0.39,0.43,0.17,769,769,768,768,LOITER,1
60.724,inject: failure motor off -i 1,nan,19.973,0.000,-0.14,0.12,96.16,0.37,0.34,0.12,769,769,768,768,LOITER,1
60.744,inject: failure motor off -i 1,nan,19.974,0.001,-0.14,0.13,96.16,0.45,0.42,0.14,769,769,768,768,LOITER,1
60.764,inject: failure motor off -i 1,nan,19.974,0.001,-0.13,0.14,96.17,0.41,0.49,0.17,769,768,768,769,LOITER,1
60.784,inject: failure motor off -i 1,nan,19.974,0.001,-0.12,0.15,96.17,0.39,0.41,0.14,769,768,768,769,LOITER,1
60.804,inject: failure motor off -i 1,nan,19.974,0.001,-0.11,0.15,96.18,0.37,0.35,0.16,769,768,769,768,LOITER,1
60.824,inject: failure motor off -i 1,nan,19.974,0.001,-0.10,0.16,96.18,0.42,0.37,0.07,769,768,769,768,LOITER,1
60.844,inject: failure motor off -i 1,nan,19.975,0.002,-0.10,0.17,96.18,0.44,0.49,0.07,769,768,769,768,LOITER,1
60.864,inject: failure motor off -i 1,nan,19.975,0.002,-0.09,0.18,96.19,0.48,0.41,0.18,768,769,768,769,LOITER,1
60.884,inject: failure motor off -i 1,nan,19.975,0.002,-0.08,0.18,96.19,0.31,0.32,0.13,768,769,768,769,LOITER,1
60.904,inject: failure motor off -i 1,nan,19.975,0.003,-0.07,0.19,96.19,0.42,0.34,0.03,768,768,769,769,LOITER,1
60.924,inject: failure motor off -i 1,nan,19.975,0.003,-0.06,0.20,96.19,0.43,0.32,0.14,768,768,769,769,LOITER,1
60.944,inject: failure motor off -i 1,nan,19.975,0.003,-0.06,0.20,96.20,0.29,0.22,0.04,768,768,769,769,LOITER,1
60.964,inject: failure motor off -i 1,nan,19.975,0.003,-0.05,0.21,96.20,0.43,0.27,0.03,768,768,769,769,LOITER,1
60.984,inject: failure motor off -i 1,nan,19.975,0.003,-0.04,0.21,96.20,0.30,0.37,0.07,768,768,769,769,LOITER,1
61.004,inject: failure motor off -i 1,nan,19.975,0.004,-0.03,0.22,96.20,0.34,0.26,0.12,769,768,769,769,LOITER,1
61.024,inject: failure motor off -i 1,nan,19.975,0.004,-0.03,0.22,96.20,0.40,0.26,0.01,769,768,769,769,LOITER,1
61.044,inject: failure motor off -i 1,nan,19.976,0.004,-0.02,0.23,96.20,0.41,0.02,0.06,769,768,769,769,LOITER,1
61.064,inject: failure motor off -i 1,nan,19.976,0.004,-0.01,0.23,96.19,0.36,0.11,0.01,769,768,769,769,LOITER,1
61.084,inject: failure motor off -i 1,nan,19.976,0.004,-0.00,0.23,96.19,0.36,0.06,-0.01,769,768,769,769,LOITER,1
61.104,inject: failure motor off -i 1,nan,19.976,0.004,0.00,0.23,96.19,0.43,-0.02,0.05,769,768,769,769,LOITER,1
61.124,inject: failure motor off -i 1,nan,19.976,0.004,0.01,0.23,96.19,0.34,-0.03,0.10,769,768,769,769,LOITER,1
61.144,inject: failure motor off -i 1,nan,19.975,0.005,0.02,0.23,96.19,0.42,-0.02,-0.00,769,768,769,769,LOITER,1
61.164,inject: failure motor off -i 1,nan,19.975,0.005,0.03,0.23,96.18,0.37,-0.09,0.01,769,769,768,770,LOITER,1
61.184,inject: failure motor off -i 1,nan,19.975,0.005,0.03,0.23,96.18,0.38,-0.19,0.00,769,769,768,770,LOITER,1
61.204,inject: failure motor off -i 1,nan,19.975,0.005,0.04,0.22,96.18,0.32,-0.16,0.02,769,769,769,769,LOITER,1
61.224,inject: failure motor off -i 1,nan,19.975,0.005,0.05,0.22,96.18,0.30,-0.09,0.08,769,769,769,769,LOITER,1
61.244,inject: failure motor off -i 1,nan,19.975,0.005,0.05,0.22,96.17,0.34,-0.32,0.06,769,769,769,769,LOITER,1
61.264,inject: failure motor off -i 1,nan,19.975,0.005,0.06,0.21,96.17,0.31,-0.27,0.08,770,769,769,769,LOITER,1
61.284,inject: failure motor off -i 1,nan,19.975,0.005,0.06,0.21,96.17,0.21,-0.33,0.06,770,769,769,769,LOITER,1
61.304,inject: failure motor off -i 1,nan,19.974,0.005,0.07,0.20,96.17,0.25,-0.41,0.05,769,769,770,769,LOITER,1
61.324,inject: failure motor off -i 1,nan,19.974,0.005,0.07,0.19,96.17,0.33,-0.44,0.03,769,769,770,769,LOITER,1
61.344,inject: failure motor off -i 1,nan,19.973,0.005,0.08,0.18,96.17,0.19,-0.36,0.02,769,769,770,769,LOITER,1
61.364,inject: failure motor off -i 1,nan,19.973,0.005,0.08,0.18,96.16,0.13,-0.36,0.05,770,770,770,770,LOITER,1
61.384,inject: failure motor off -i 1,nan,19.973,0.005,0.08,0.17,96.16,0.23,-0.34,0.04,770,770,770,770,LOITER,1
61.404,inject: failure motor off -i 1,nan,19.972,0.005,0.09,0.16,96.16,0.17,-0.34,0.05,770,770,770,770,LOITER,1
61.424,inject: failure motor off -i 1,nan,19.972,0.005,0.09,0.16,96.16,0.20,-0.33,0.02,770,770,770,770,LOITER,1
61.444,inject: failure motor off -i 1,nan,19.971,0.004,0.10,0.15,96.16,0.24,-0.35,-0.02,770,770,770,770,LOITER,1
61.464,inject: failure motor off -i 1,nan,19.971,0.004,0.10,0.14,96.16,0.19,-0.38,0.05,770,770,770,770,LOITER,1
61.484,inject: failure motor off -i 1,nan,19.971,0.004,0.11,0.13,96.16,0.20,-0.39,0.03,770,770,770,770,LOITER,1
61.504,inject: failure motor off -i 1,nan,19.970,0.003,0.11,0.13,96.16,0.17,-0.29,0.01,770,770,769,770,LOITER,1
61.524,inject: failure motor off -i 1,nan,19.970,0.003,0.11,0.12,96.16,0.16,-0.34,0.07,770,770,769,770,LOITER,1
61.544,inject: failure motor off -i 1,nan,19.970,0.002,0.12,0.11,96.17,0.17,-0.29,-0.01,770,770,769,770,LOITER,1
61.564,inject: failure motor off -i 1,nan,19.970,0.002,0.12,0.11,96.17,0.13,-0.38,0.04,770,770,770,770,LOITER,1
61.584,inject: failure motor off -i 1,nan,19.970,0.002,0.12,0.10,96.17,0.17,-0.23,0.05,770,770,770,770,LOITER,1
61.604,inject: failure motor off -i 1,nan,19.969,0.001,0.12,0.10,96.18,0.03,-0.11,0.03,770,770,770,770,LOITER,1
61.624,inject: failure motor off -i 1,nan,19.969,0.001,0.12,0.09,96.18,-0.06,-0.10,0.01,770,770,770,770,LOITER,1
61.644,inject: failure motor off -i 1,nan,19.968,0.001,0.12,0.09,96.18,-0.02,-0.05,0.01,770,770,770,770,LOITER,1
61.664,inject: failure motor off -i 1,nan,19.968,0.001,0.12,0.09,96.19,-0.04,-0.12,0.06,770,770,770,770,LOITER,1
61.684,inject: failure motor off -i 1,nan,19.968,0.001,0.12,0.09,96.19,-0.01,-0.11,0.11,770,770,770,770,LOITER,1
61.704,inject: failure motor off -i 1,nan,19.968,-0.000,0.12,0.08,96.20,0.04,-0.11,0.07,770,769,770,769,LOITER,1
61.724,inject: failure motor off -i 1,nan,19.968,-0.000,0.12,0.08,96.20,0.07,0.02,0.06,770,769,770,769,LOITER,1
61.744,inject: failure motor off -i 1,nan,19.968,-0.001,0.12,0.08,96.21,0.01,0.07,0.06,770,769,770,769,LOITER,1
61.764,inject: failure motor off -i 1,nan,19.968,-0.001,0.12,0.08,96.21,-0.03,0.12,0.04,769,770,770,770,LOITER,1
61.784,inject: failure motor off -i 1,nan,19.968,-0.001,0.12,0.08,96.22,0.08,0.11,0.02,769,770,770,770,LOITER,1
61.804,inject: failure motor off -i 1,nan,19.968,-0.002,0.12,0.08,96.22,0.07,0.07,0.01,770,769,770,769,LOITER,1
61.824,inject: failure motor off -i 1,nan,19.968,-0.002,0.12,0.08,96.22,0.06,0.11,0.01,770,769,770,769,LOITER,1
61.844,inject: failure motor off -i 1,nan,19.968,-0.002,0.13,0.09,96.23,0.10,0.19,0.00,770,769,770,769,LOITER,1
61.864,inject: failure motor off -i 1,nan,19.968,-0.002,0.13,0.09,96.23,0.09,0.18,0.01,769,769,769,770,LOITER,1
61.884,inject: failure motor off -i 1,nan,19.968,-0.002,0.13,0.09,96.23,0.02,0.06,0.01,769,769,769,770,LOITER,1
61.904,inject: failure motor off -i 1,nan,19.968,-0.003,0.13,0.09,96.23,0.07,0.10,0.08,769,769,769,769,LOITER,1
61.924,inject: failure motor off -i 1,nan,19.968,-0.003,0.13,0.10,96.24,0.03,0.13,0.01,769,769,769,769,LOITER,1
61.944,inject: failure motor off -i 1,nan,19.969,-0.003,0.13,0.10,96.24,-0.00,-0.02,-0.01,769,769,769,769,LOITER,1
61.964,inject: failure motor off -i 1,nan,19.969,-0.003,0.13,0.10,96.24,-0.05,-0.03,-0.04,769,768,769,769,LOITER,1
61.984,inject: failure motor off -i 1,nan,19.969,-0.003,0.13,0.10,96.24,-0.08,-0.05,-0.07,769,768,769,769,LOITER,1
62.004,inject: failure motor off -i 1,nan,19.969,-0.003,0.13,0.10,96.24,-0.05,-0.00,0.01,768,769,769,769,LOITER,1
62.024,inject: failure motor off -i 1,nan,19.969,-0.003,0.13,0.10,96.23,-0.07,-0.04,-0.06,768,769,769,769,LOITER,1
62.044,inject: failure motor off -i 1,nan,19.969,-0.002,0.13,0.10,96.23,-0.09,0.05,-0.07,768,769,769,769,LOITER,1
62.064,inject: failure motor off -i 1,nan,19.969,-0.002,0.12,0.10,96.23,-0.12,-0.03,-0.06,768,769,769,769,LOITER,1
62.084,inject: failure motor off -i 1,nan,19.969,-0.002,0.12,0.10,96.23,-0.08,-0.02,-0.06,768,769,769,769,LOITER,1
62.104,inject: failure motor off -i 1,nan,19.969,-0.002,0.12,0.10,96.23,-0.03,-0.07,-0.04,769,769,769,769,LOITER,1
62.124,inject: failure motor off -i 1,nan,19.969,-0.002,0.12,0.10,96.22,-0.07,-0.12,0.00,769,769,769,769,LOITER,1
62.144,inject: failure motor off -i 1,nan,19.969,-0.001,0.12,0.09,96.22,-0.10,-0.02,-0.05,769,769,769,769,LOITER,1
62.164,inject: failure motor off -i 1,nan,19.969,-0.001,0.12,0.09,96.22,-0.14,-0.12,-0.07,769,769,769,770,LOITER,1
62.184,inject: failure motor off -i 1,nan,19.969,-0.001,0.11,0.09,96.21,-0.21,-0.21,-0.01,769,769,769,770,LOITER,1
62.204,inject: failure motor off -i 1,nan,19.969,-0.001,0.11,0.09,96.21,-0.20,-0.19,-0.14,769,769,769,770,LOITER,1
62.224,inject: failure motor off -i 1,nan,19.969,-0.001,0.11,0.08,96.21,-0.16,-0.17,0.00,769,769,769,770,LOITER,1
62.244,inject: failure motor off -i 1,nan,19.969,-0.001,0.10,0.08,96.20,-0.15,-0.24,-0.03,769,769,769,770,LOITER,1
62.264,inject: failure motor off -i 1,nan,19.969,-0.001,0.10,0.08,96.20,-0.30,-0.17,-0.09,770,769,769,769,LOITER,1
62.284,inject: failure motor off -i 1,nan,19.969,-0.001,0.10,0.07,96.20,-0.27,-0.24,-0.02,770,769,769,769,LOITER,1
62.304,inject: failure motor off -i 1,nan,19.969,-0.000,0.09,0.07,96.19,-0.37,-0.22,-0.03,769,769,770,769,LOITER,1
62.324,inject: failure motor off -i 1,nan,19.969,-0.000,0.08,0.07,96.19,-0.30,-0.16,-0.06,769,769,770,769,LOITER,1
62.344,inject: failure motor off -i 1,nan,19.969,-0.000,0.08,0.06,96.18,-0.32,-0.05,-0.05,769,769,770,769,LOITER,1
62.364,inject: failure motor off -i 1,nan,19.969,-0.000,0.07,0.06,96.18,-0.46,-0.10,-0.08,769,770,769,770,LOITER,1
62.384,inject: failure motor off -i 1,nan,19.969,-0.000,0.06,0.06,96.17,-0.52,-0.23,-0.10,769,770,769,770,LOITER,1
62.404,inject: failure motor off -i 1,nan,19.969,-0.000,0.05,0.05,96.17,-0.48,-0.14,-0.13,770,769,769,769,LOITER,1
62.424,inject: failure motor off -i 1,nan,19.969,-0.000,0.04,0.05,96.17,-0.47,-0.04,-0.02,770,769,769,769,LOITER,1
62.444,inject: failure motor off -i 1,nan,19.970,-0.001,0.04,0.05,96.16,-0.40,-0.08,-0.04,770,769,769,769,LOITER,1
62.464,inject: failure motor off -i 1,nan,19.970,-0.001,0.03,0.05,96.16,-0.46,-0.11,0.01,769,769,769,769,LOITER,1
62.484,inject: failure motor off -i 1,nan,19.970,-0.001,0.02,0.05,96.16,-0.42,-0.13,-0.02,769,769,769,769,LOITER,1
62.504,inject: failure motor off -i 1,nan,19.970,-0.001,0.01,0.04,96.16,-0.43,-0.11,-0.04,769,769,769,769,LOITER,1
62.524,inject: failure motor off -i 1,nan,19.970,-0.001,0.00,0.04,96.16,-0.42,-0.18,-0.02,769,769,769,769,LOITER,1
62.544,inject: failure motor off -i 1,nan,19.970,-0.001,-0.01,0.04,96.15,-0.45,-0.13,-0.04,769,769,769,769,LOITER,1
62.564,inject: failure motor off -i 1,nan,19.970,-0.001,-0.01,0.03,96.15,-0.46,-0.09,-0.02,769,769,769,769,LOITER,1
62.584,inject: failure motor off -i 1,nan,19.970,-0.001,-0.02,0.03,96.15,-0.49,-0.10,-0.05,769,769,769,769,LOITER,1
62.604,inject: failure motor off -i 1,nan,19.971,-0.001,-0.03,0.03,96.15,-0.43,-0.08,0.02,769,769,769,768,LOITER,1
62.624,inject: failure motor off -i 1,nan,19.971,-0.001,-0.04,0.03,96.15,-0.38,-0.08,-0.02,769,769,769,768,LOITER,1
62.644,inject: failure motor off -i 1,nan,19.971,-0.000,-0.05,0.03,96.15,-0.33,-0.02,-0.01,769,769,769,768,LOITER,1
62.664,inject: failure motor off -i 1,nan,19.971,-0.000,-0.05,0.03,96.15,-0.31,-0.02,-0.02,769,769,769,769,LOITER,1
62.684,inject: failure motor off -i 1,nan,19.971,-0.000,-0.06,0.03,96.15,-0.30,-0.02,0.01,769,769,769,769,LOITER,1
62.704,inject: failure motor off -i 1,nan,19.971,-0.000,-0.07,0.03,96.15,-0.21,0.04,-0.03,769,769,768,769,LOITER,1
62.724,inject: failure motor off -i 1,nan,19.971,-0.000,-0.07,0.03,96.15,-0.23,-0.06,0.00,769,769,768,769,LOITER,1
62.744,inject: failure motor off -i 1,nan,19.972,-0.000,-0.07,0.03,96.15,-0.22,-0.06,0.03,769,769,768,769,LOITER,1
62.764,inject: failure motor off -i 1,nan,19.972,-0.000,-0.08,0.03,96.15,-0.17,0.01,-0.08,769,769,769,768,LOITER,1
62.784,inject: failure motor off -i 1,nan,19.972,-0.000,-0.08,0.03,96.15,-0.22,-0.12,0.05,769,769,769,768,LOITER,1
62.804,inject: failure motor off -i 1,nan,19.972,0.000,-0.09,0.02,96.15,-0.14,-0.16,0.00,769,769,769,768,LOITER,1
62.824,inject: failure motor off -i 1,nan,19.972,0.000,-0.09,0.02,96.15,-0.10,-0.15,0.03,769,769,769,768,LOITER,1
62.844,inject: failure motor off -i 1,nan,19.973,0.000,-0.09,0.02,96.15,-0.07,-0.14,0.03,769,769,769,768,LOITER,1
62.864,inject: failure motor off -i 1,nan,19.973,0.000,-0.09,0.02,96.15,-0.11,-0.20,0.05,769,769,768,768,LOITER,1
62.884,inject: failure motor off -i 1,nan,19.973,0.000,-0.09,0.01,96.15,-0.09,-0.23,0.05,769,769,768,768,LOITER,1
62.904,inject: failure motor off -i 1,nan,19.973,0.001,-0.10,0.01,96.15,-0.10,-0.21,0.05,769,769,768,769,LOITER,1
62.924,inject: failure motor off -i 1,nan,19.973,0.001,-0.10,0.00,96.15,-0.08,-0.23,0.02,769,769,768,769,LOITER,1
62.944,inject: failure motor off -i 1,nan,19.973,0.001,-0.10,0.00,96.16,-0.10,-0.27,0.11,769,769,768,769,LOITER,1
62.964,inject: failure motor off -i 1,nan,19.973,0.001,-0.10,-0.00,96.16,-0.09,-0.27,0.05,769,769,769,768,LOITER,1
62.984,inject: failure motor off -i 1,nan,19.973,0.001,-0.10,-0.01,96.16,-0.09,-0.36,0.07,769,769,769,768,LOITER,1
62.984,inject: failure motor ok -i 1,nan,19.973,0.001,-0.10,-0.01,96.16,-0.09,-0.36,0.07,769,769,768,769,LOITER,1
63.004,inject: failure motor ok -i 1,nan,19.973,0.001,-0.10,-0.01,96.16,-0.06,-0.31,0.12,769,769,768,769,LOITER,1
63.024,inject: failure motor ok -i 1,nan,19.973,0.001,-0.11,-0.02,96.16,-0.05,-0.28,0.07,769,769,768,769,LOITER,1
63.044,inject: failure motor ok -i 1,nan,19.973,0.002,-0.11,-0.03,96.16,-0.02,-0.32,0.07,769,769,768,769,LOITER,1
63.064,inject: failure motor ok -i 1,nan,19.973,0.002,-0.11,-0.03,96.17,-0.01,-0.38,0.06,769,769,769,769,LOITER,1
63.084,inject: failure motor ok -i 1,nan,19.973,0.002,-0.11,-0.04,96.17,-0.02,-0.40,0.12,769,769,769,769,LOITER,1
63.104,inject: failure motor ok -i 1,nan,19.972,0.002,-0.11,-0.05,96.17,0.03,-0.38,0.08,769,769,769,769,LOITER,1
63.124,inject: failure motor ok -i 1,nan,19.972,0.002,-0.11,-0.05,96.17,0.01,-0.37,0.09,769,769,769,769,LOITER,1
63.144,inject: failure motor ok -i 1,nan,19.972,0.003,-0.11,-0.06,96.17,0.07,-0.48,0.06,769,769,769,769,LOITER,1
63.164,inject: failure motor ok -i 1,nan,19.972,0.003,-0.11,-0.07,96.18,0.22,-0.48,0.09,769,769,770,769,LOITER,1
63.184,inject: failure motor ok -i 1,nan,19.972,0.003,-0.10,-0.08,96.18,0.22,-0.34,0.09,769,769,770,769,LOITER,1
63.204,inject: failure motor ok -i 1,nan,19.971,0.003,-0.10,-0.08,96.18,0.24,-0.38,0.04,769,770,769,770,LOITER,1
63.224,inject: failure motor ok -i 1,nan,19.971,0.003,-0.09,-0.09,96.18,0.30,-0.35,0.02,769,770,769,770,LOITER,1
63.244,inject: failure motor ok -i 1,nan,19.970,0.002,-0.09,-0.10,96.18,0.40,-0.42,0.06,769,770,769,770,LOITER,1
63.264,inject: failure motor ok -i 1,nan,19.970,0.002,-0.08,-0.11,96.18,0.37,-0.40,0.03,770,769,770,770,LOITER,1
63.284,inject: failure motor ok -i 1,nan,19.970,0.002,-0.07,-0.11,96.18,0.38,-0.40,0.10,770,769,770,770,LOITER,1
63.304,inject: failure motor ok -i 1,nan,19.970,0.002,-0.07,-0.12,96.19,0.47,-0.38,0.04,770,769,770,770,LOITER,1
63.324,inject: failure motor ok -i 1,nan,19.970,0.002,-0.06,-0.13,96.19,0.43,-0.36,0.05,770,769,770,770,LOITER,1
63.344,inject: failure motor ok -i 1,nan,19.969,0.001,-0.05,-0.14,96.19,0.36,-0.35,0.05,770,769,770,770,LOITER,1
63.364,inject: failure motor ok -i 1,nan,19.969,0.001,-0.04,-0.14,96.19,0.39,-0.37,0.05,770,770,770,770,LOITER,1
63.384,inject: failure motor ok -i 1,nan,19.969,0.001,-0.03,-0.15,96.19,0.41,-0.31,0.04,770,770,770,770,LOITER,1
63.404,inject: failure motor ok -i 1,nan,19.968,0.000,-0.03,-0.16,96.19,0.35,-0.33,0.02,770,770,770,770,LOITER,1
63.424,inject: failure motor ok -i 1,nan,19.968,0.000,-0.02,-0.16,96.19,0.38,-0.30,0.10,770,770,770,770,LOITER,1
63.444,inject: failure motor ok -i 1,nan,19.968,-0.000,-0.01,-0.17,96.20,0.29,-0.32,0.01,770,770,770,770,LOITER,1
63.464,inject: failure motor ok -i 1,nan,19.968,-0.000,-0.01,-0.18,96.20,0.26,-0.20,0.05,770,769,770,769,LOITER,1
63.484,inject: failure motor ok -i 1,nan,19.968,-0.000,-0.00,-0.18,96.20,0.20,-0.18,-0.00,770,769,770,769,LOITER,1
63.504,inject: failure motor ok -i 1,nan,19.967,-0.001,0.00,-0.18,96.20,0.24,-0.16,0.03,770,770,770,770,LOITER,1
63.524,inject: failure motor ok -i 1,nan,19.967,-0.001,0.01,-0.19,96.20,0.26,-0.12,0.01,770,770,770,770,LOITER,1
63.544,inject: failure motor ok -i 1,nan,19.967,-0.001,0.01,-0.19,96.20,0.16,-0.04,0.03,770,770,770,770,LOITER,1
63.564,inject: failure motor ok -i 1,nan,19.967,-0.001,0.01,-0.19,96.21,0.16,-0.15,0.09,770,770,770,770,LOITER,1
63.584,inject: failure motor ok -i 1,nan,19.967,-0.001,0.02,-0.19,96.21,0.16,-0.03,0.03,770,770,770,770,LOITER,1
63.604,inject: failure motor ok -i 1,nan,19.966,-0.002,0.02,-0.19,96.21,0.19,0.13,0.03,769,770,770,770,LOITER,1
63.624,inject: failure motor ok -i 1,nan,19.966,-0.002,0.03,-0.19,96.21,0.18,0.03,0.04,769,770,770,770,LOITER,1
63.644,inject: failure motor ok -i 1,nan,19.966,-0.003,0.03,-0.19,96.21,0.21,0.11,0.03,769,770,770,770,LOITER,1
63.664,inject: failure motor ok -i 1,nan,19.966,-0.003,0.03,-0.19,96.22,0.22,0.16,0.01,769,769,770,770,LOITER,1
63.684,inject: failure motor ok -i 1,nan,19.966,-0.003,0.04,-0.18,96.22,0.23,0.21,-0.00,769,769,770,770,LOITER,1
63.704,inject: failure motor ok -i 1,nan,19.966,-0.003,0.04,-0.18,96.22,0.21,0.17,-0.04,769,769,770,770,LOITER,1
63.724,inject: failure motor ok -i 1,nan,19.966,-0.003,0.05,-0.18,96.22,0.22,0.17,-0.02,769,769,770,770,LOITER,1
63.744,inject: failure motor ok -i 1,nan,19.967,-0.004,0.05,-0.17,96.22,0.24,0.17,-0.03,769,769,770,770,LOITER,1
63.764,inject: failure motor ok -i 1,nan,19.967,-0.004,0.06,-0.17,96.22,0.28,0.23,-0.03,769,769,769,770,LOITER,1
63.784,inject: failure motor ok -i 1,nan,19.967,-0.004,0.06,-0.17,96.22,0.27,0.19,-0.03,769,769,769,770,LOITER,1
63.804,inject: failure motor ok -i 1,nan,19.967,-0.004,0.07,-0.16,96.22,0.25,0.19,-0.05,769,768,769,769,LOITER,1
63.824,inject: failure motor ok -i 1,nan,19.967,-0.004,0.07,-0.16,96.22,0.16,0.25,-0.09,769,768,769,769,LOITER,1
63.844,inject: failure motor ok -i 1,nan,19.968,-0.004,0.08,-0.15,96.22,0.15,0.24,-0.04,769,768,769,769,LOITER,1
63.864,inject: failure motor ok -i 1,nan,19.968,-0.004,0.08,-0.15,96.22,0.15,0.32,-0.07,769,768,769,769,LOITER,1
63.884,inject: failure motor ok -i 1,nan,19.968,-0.004,0.08,-0.14,96.22,0.18,0.27,-0.04,769,768,769,769,LOITER,1
63.904,inject: failure motor ok -i 1,nan,19.968,-0.004,0.08,-0.14,96.22,0.08,0.31,-0.07,769,769,769,769,LOITER,1
63.924,inject: failure motor ok -i 1,nan,19.968,-0.004,0.09,-0.13,96.22,0.14,0.32,-0.05,769,769,769,769,LOITER,1
63.944,inject: failure motor ok -i 1,nan,19.969,-0.003,0.09,-0.12,96.22,0.12,0.35,-0.03,769,769,769,769,LOITER,1
63.964,inject: failure motor ok -i 1,nan,19.969,-0.003,0.09,-0.12,96.22,0.16,0.31,-0.08,769,769,769,769,LOITER,1
63.984,inject: failure motor ok -i 1,nan,19.969,-0.003,0.09,-0.11,96.22,0.03,0.35,-0.02,769,769,769,769,LOITER,1
64.004,inject: failure motor ok -i 1,nan,19.969,-0.003,0.09,-0.10,96.22,0.04,0.31,-0.03,768,769,768,769,LOITER,1
64.052,inject: failure motor ok -i 1,nan,19.969,-0.003,0.09,-0.10,96.22,0.19,0.19,-0.04,768,769,768,769,LOITER,1
64.088,inject: failure motor ok -i 1,nan,19.969,-0.003,0.10,-0.10,96.21,0.41,-0.04,-0.05,769,768,769,769,LOITER,1
64.104,inject: failure motor ok -i 1,nan,19.969,-0.003,0.10,-0.10,96.21,0.51,-0.17,-0.05,770,767,769,769,LOITER,1
64.132,inject: failure motor ok -i 1,nan,19.969,-0.003,0.10,-0.10,96.21,0.64,-0.36,-0.13,770,767,769,769,LOITER,1
64.144,inject: failure motor ok -i 1,nan,19.970,-0.003,0.11,-0.10,96.21,0.65,-0.33,-0.16,770,767,769,769,LOITER,1
64.164,inject: failure motor ok -i 1,nan,19.970,-0.003,0.14,-0.12,96.20,0.77,-0.45,-0.05,770,767,769,769,LOITER,1
64.184,inject: failure motor ok -i 1,nan,19.970,-0.003,0.15,-0.12,96.20,0.58,-0.18,-0.11,770,767,769,769,LOITER,1
64.204,inject: failure motor ok -i 1,nan,19.970,-0.002,0.15,-0.12,96.19,0.22,0.15,-0.14,769,768,768,769,LOITER,1
64.224,inject: failure motor ok -i 1,nan,19.970,-0.002,0.16,-0.11,96.19,0.08,0.27,-0.06,769,768,768,769,LOITER,1
64.244,inject: failure motor ok -i 1,nan,19.970,-0.002,0.15,-0.11,96.18,-0.11,0.36,-0.08,769,768,768,769,LOITER,1
64.264,inject: failure motor ok -i 1,nan,19.970,-0.002,0.15,-0.10,96.18,-0.22,0.34,-0.09,769,769,769,769,LOITER,1
64.284,inject: failure motor ok -i 1,nan,19.970,-0.002,0.14,-0.09,96.18,-0.19,0.40,-0.07,769,769,769,769,LOITER,1
64.304,inject: failure motor ok -i 1,nan,19.971,-0.001,0.14,-0.08,96.17,-0.19,0.42,-0.07,769,769,768,768,LOITER,1
64.324,inject: failure motor ok -i 1,nan,19.971,-0.001,0.14,-0.07,96.17,-0.18,0.44,-0.04,769,769,768,768,LOITER,1
64.344,inject: failure motor ok -i 1,nan,19.972,-0.020,0.13,-0.06,96.16,-0.14,0.46,-0.06,769,769,768,768,LOITER,1
64.364,inject: failure motor ok -i 1,nan,19.972,-0.020,0.13,-0.06,96.16,0.03,0.36,-0.04,764,765,764,764,LOITER,1
64.384,inject: failure motor ok -i 1,nan,19.972,-0.020,0.13,-0.05,96.15,0.05,0.34,-0.06,764,765,764,764,LOITER,1
64.404,inject: failure motor ok -i 1,nan,19.975,-0.028,0.13,-0.04,96.15,0.03,0.30,-0.06,761,761,761,761,LOITER,1
64.424,inject: failure motor ok -i 1,nan,19.975,-0.028,0.13,-0.04,96.14,0.06,0.28,-0.04,761,761,761,761,LOITER,1
64.444,inject: failure motor ok -i 1,nan,19.977,-0.027,0.13,-0.03,96.14,0.09,0.30,-0.03,761,761,761,761,LOITER,1
64.464,inject: failure motor ok -i 1,nan,19.977,-0.027,0.13,-0.03,96.14,0.06,0.24,0.01,761,761,759,760,LOITER,1
64.484,inject: failure motor ok -i 1,nan,19.977,-0.027,0.13,-0.02,96.14,0.07,0.23,-0.01,761,761,759,760,LOITER,1
64.504,inject: failure motor ok -i 1,nan,19.980,-0.023,0.13,-0.02,96.14,0.03,0.16,0.01,761,761,760,760,LOITER,1
64.524,inject: failure motor ok -i 1,nan,19.980,-0.023,0.13,-0.01,96.14,0.04,0.13,0.06,761,761,760,760,LOITER,1
64.544,inject: failure motor ok -i 1,nan,19.982,-0.018,0.14,-0.01,96.13,0.05,0.17,-0.01,761,761,760,760,LOITER,1
64.564,inject: failure motor ok -i 1,nan,19.982,-0.018,0.13,-0.01,96.13,-0.04,0.08,0.02,761,761,760,761,LOITER,1
64.584,inject: failure motor ok -i 1,nan,19.982,-0.018,0.13,-0.01,96.13,-0.10,0.15,0.04,761,761,760,761,LOITER,1
64.604,inject: failure motor ok -i 1,nan,19.984,-0.011,0.13,-0.00,96.13,-0.11,0.15,0.07,762,762,761,761,LOITER,1
64.624,inject: failure motor ok -i 1,nan,19.984,-0.011,0.13,-0.00,96.14,-0.11,0.10,0.05,762,762,761,761,LOITER,1
64.644,inject: failure motor ok -i 1,nan,19.985,-0.005,0.13,0.00,96.14,-0.14,0.04,0.09,762,762,761,761,LOITER,1
64.664,inject: failure motor ok -i 1,nan,19.985,-0.005,0.12,0.00,96.14,-0.10,-0.02,0.06,763,763,763,762,LOITER,1
64.684,inject: failure motor ok -i 1,nan,19.985,-0.005,0.12,0.00,96.14,-0.10,0.10,0.11,763,763,763,762,LOITER,1
64.704,inject: failure motor ok -i 1,nan,19.986,0.000,0.12,0.00,96.15,-0.20,0.15,0.08,764,764,763,764,LOITER,1
64.724,inject: failure motor ok -i 1,nan,19.986,0.000,0.11,0.01,96.15,-0.20,0.05,0.14,764,764,763,764,LOITER,1
64.744,inject: failure motor ok -i 1,nan,19.986,0.004,0.11,0.01,96.15,-0.22,0.06,0.06,764,764,763,764,LOITER,1
64.764,inject: failure motor ok -i 1,nan,19.986,0.004,0.11,0.01,96.16,-0.21,0.15,0.12,765,765,765,765,LOITER,1
64.784,inject: failure motor ok -i 1,nan,19.986,0.004,0.10,0.01,96.16,-0.23,0.14,0.07,765,765,765,765,LOITER,1
64.804,inject: failure motor ok -i 1,nan,19.986,0.009,0.10,0.02,96.17,-0.20,0.17,0.12,766,766,765,766,LOITER,1
64.824,inject: failure motor ok -i 1,nan,19.986,0.009,0.10,0.02,96.17,-0.18,0.03,0.04,766,766,765,766,LOITER,1
64.844,inject: failure motor ok -i 1,nan,19.986,0.012,0.09,0.02,96.18,-0.32,0.06,0.12,766,766,765,766,LOITER,1
64.864,inject: failure motor ok -i 1,nan,19.986,0.012,0.09,0.02,96.19,-0.26,0.18,0.08,767,766,767,766,LOITER,1
64.884,inject: failure motor ok -i 1,nan,19.986,0.012,0.08,0.02,96.19,-0.23,0.27,0.09,767,766,767,766,LOITER,1
64.904,inject: failure motor ok -i 1,nan,19.985,0.014,0.08,0.03,96.20,-0.30,0.20,0.10,767,767,767,768,LOITER,1
64.924,inject: failure motor ok -i 1,nan,19.985,0.014,0.07,0.03,96.21,-0.32,0.10,0.13,767,767,767,768,LOITER,1
64.944,inject: failure motor ok -i 1,nan,19.984,0.016,0.06,0.03,96.22,-0.44,0.10,0.11,767,767,767,768,LOITER,1
64.964,inject: failure motor ok -i 1,nan,19.984,0.016,0.06,0.04,96.22,-0.39,0.14,0.04,768,768,769,768,LOITER,1
64.984,inject: failure motor ok -i 1,nan,19.984,0.016,0.05,0.04,96.23,-0.42,0.16,0.13,768,768,769,768,LOITER,1
65.004,inject: failure motor ok -i 1,nan,19.982,0.017,0.04,0.04,96.24,-0.43,0.19,0.10,768,769,769,769,LOITER,1
65.024,inject: failure motor ok -i 1,nan,19.982,0.017,0.03,0.05,96.24,-0.41,0.12,0.07,768,769,769,769,LOITER,1
65.044,inject: failure motor ok -i 1,nan,19.980,0.017,0.02,0.05,96.25,-0.53,-0.01,0.06,768,769,769,769,LOITER,1
65.064,inject: failure motor ok -i 1,nan,19.980,0.017,0.02,0.05,96.25,-0.50,-0.04,0.06,769,769,770,770,LOITER,1
65.084,inject: failure motor ok -i 1,nan,19.980,0.017,0.01,0.05,96.26,-0.53,-0.01,0.05,769,769,770,770,LOITER,1
65.104,inject: failure motor ok -i 1,nan,19.979,0.017,-0.00,0.05,96.26,-0.59,0.05,0.01,769,769,770,770,LOITER,1
65.124,inject: failure motor ok -i 1,nan,19.979,0.017,-0.01,0.05,96.26,-0.52,-0.03,0.01,769,769,770,770,LOITER,1
65.144,inject: failure motor ok -i 1,nan,19.977,0.016,-0.03,0.05,96.27,-0.56,0.12,-0.02,769,769,770,770,LOITER,1
65.164,inject: failure motor ok -i 1,nan,19.977,0.016,-0.03,0.05,96.27,-0.48,0.09,-0.01,769,770,770,771,LOITER,1
65.184,inject: failure motor ok -i 1,nan,19.977,0.016,-0.04,0.05,96.27,-0.56,-0.01,-0.03,769,770,770,771,LOITER,1
65.204,inject: failure motor ok -i 1,nan,19.975,0.015,-0.05,0.05,96.27,-0.48,-0.02,-0.02,770,770,771,771,LOITER,1
65.224,inject: failure motor ok -i 1,nan,19.975,0.015,-0.06,0.05,96.27,-0.50,-0.04,-0.06,770,770,771,771,LOITER,1
65.244,inject: failure motor ok -i 1,nan,19.972,0.014,-0.07,0.05,96.28,-0.49,-0.08,-0.08,770,770,771,771,LOITER,1
65.264,inject: failure motor ok -i 1,nan,19.972,0.014,-0.08,0.05,96.28,-0.41,-0.03,-0.09,770,770,772,771,LOITER,1
65.284,inject: failure motor ok -i 1,nan,19.972,0.014,-0.09,0.05,96.27,-0.38,-0.17,-0.12,770,770,772,771,LOITER,1
65.304,inject: failure motor ok -i 1,nan,19.970,0.012,-0.10,0.04,96.27,-0.34,-0.11,-0.05,770,771,772,772,LOITER,1
65.324,inject: failure motor ok -i 1,nan,19.970,0.012,-0.10,0.04,96.27,-0.27,-0.15,-0.06,770,771,772,772,LOITER,1
65.344,inject: failure motor ok -i 1,nan,19.968,0.010,-0.11,0.04,96.27,-0.22,-0.15,-0.11,770,771,772,772,LOITER,1
65.364,inject: failure motor ok -i 1,nan,19.968,0.010,-0.11,0.04,96.27,-0.25,-0.16,-0.12,771,771,772,772,LOITER,1
65.384,inject: failure motor ok -i 1,nan,19.968,0.010,-0.12,0.03,96.27,-0.21,-0.22,-0.12,771,771,772,772,LOITER,1
65.404,inject: failure motor ok -i 1,nan,19.965,0.008,-0.12,0.03,96.26,-0.23,-0.20,-0.18,771,771,772,772,LOITER,1
65.424,inject: failure motor ok -i 1,nan,19.965,0.008,-0.13,0.02,96.26,-0.20,-0.22,-0.17,771,771,772,772,LOITER,1
65.444,inject: failure motor ok -i 1,nan,19.963,0.006,-0.13,0.02,96.26,-0.22,-0.20,-0.19,771,771,772,772,LOITER,1
65.464,inject: failure motor ok -i 1,nan,19.963,0.006,-0.13,0.02,96.25,-0.20,-0.17,-0.16,771,771,772,771,LOITER,1
65.484,inject: failure motor ok -i 1,nan,19.963,0.006,-0.14,0.01,96.25,-0.05,-0.23,-0.22,771,771,772,771,LOITER,1
65.504,inject: failure motor ok -i 1,nan,19.961,0.004,-0.14,0.01,96.25,-0.06,-0.16,-0.17,772,771,772,771,LOITER,1
65.524,inject: failure motor ok -i 1,nan,19.961,0.004,-0.14,0.01,96.24,0.01,-0.13,-0.15,772,771,772,771,LOITER,1
65.544,inject: failure motor ok -i 1,nan,19.959,0.002,-0.14,0.00,96.24,0.01,-0.17,-0.23,772,771,772,771,LOITER,1
65.564,inject: failure motor ok -i 1,nan,19.959,0.002,-0.14,0.00,96.23,0.04,-0.11,-0.19,772,771,772,771,LOITER,1
65.584,inject: failure motor ok -i 1,nan,19.959,0.002,-0.14,-0.00,96.23,0.01,-0.12,-0.20,772,771,772,771,LOITER,1
65.604,inject: failure motor ok -i 1,nan,19.956,-0.001,-0.13,-0.00,96.22,0.12,-0.05,-0.21,772,771,772,771,LOITER,1
65.624,inject: failure motor ok -i 1,nan,19.956,-0.001,-0.13,-0.00,96.22,0.12,0.07,-0.16,772,771,772,771,LOITER,1
65.644,inject: failure motor ok -i 1,nan,19.955,-0.004,-0.13,-0.00,96.21,0.10,-0.02,-0.18,772,771,772,771,LOITER,1
65.664,inject: failure motor ok -i 1,nan,19.955,-0.004,-0.13,-0.00,96.21,0.18,0.09,-0.15,772,772,772,771,LOITER,1
65.684,inject: failure motor ok -i 1,nan,19.955,-0.004,-0.12,-0.00,96.21,0.13,0.01,-0.17,772,772,772,771,LOITER,1
65.704,inject: failure motor ok -i 1,nan,19.953,-0.006,-0.12,-0.00,96.20,0.08,0.08,-0.18,771,772,772,771,LOITER,1
65.724,inject: failure motor ok -i 1,nan,19.953,-0.006,-0.12,0.00,96.20,0.26,0.10,-0.09,771,772,772,771,LOITER,1
65.744,inject: failure motor ok -i 1,nan,19.951,-0.008,-0.11,0.00,96.20,0.23,0.09,-0.17,771,772,772,771,LOITER,1
65.764,inject: failure motor ok -i 1,nan,19.951,-0.008,-0.11,0.00,96.19,0.20,0.09,-0.13,772,772,771,771,LOITER,1
65.784,inject: failure motor ok -i 1,nan,19.951,-0.008,-0.10,0.01,96.19,0.22,0.10,-0.08,772,772,771,771,LOITER,1
65.804,inject: failure motor ok -i 1,nan,19.950,-0.011,-0.10,0.01,96.19,0.19,0.06,-0.13,772,771,771,771,LOITER,1
65.824,inject: failure motor ok -i 1,nan,19.950,-0.011,-0.10,0.01,96.18,0.12,0.16,-0.12,772,771,771,771,LOITER,1
65.844,inject: failure motor ok -i 1,nan,19.948,-0.013,-0.10,0.01,96.18,0.05,0.21,-0.11,772,771,771,771,LOITER,1
65.864,inject: failure motor ok -i 1,nan,19.948,-0.013,-0.09,0.01,96.18,0.15,0.15,-0.10,771,772,771,771,LOITER,1
65.884,inject: failure motor ok -i 1,nan,19.948,-0.013,-0.09,0.02,96.18,0.17,0.16,-0.10,771,772,771,771,LOITER,1
65.904,inject: failure motor ok -i 1,nan,19.947,-0.015,-0.09,0.02,96.18,0.09,0.20,-0.10,771,771,771,771,LOITER,1
65.924,inject: failure motor ok -i 1,nan,19.947,-0.015,-0.09,0.02,96.18,0.07,0.19,-0.08,771,771,771,771,LOITER,1
65.944,inject: failure motor ok -i 1,nan,19.946,-0.016,-0.08,0.03,96.18,0.11,0.12,-0.07,771,771,771,771,LOITER,1
65.964,inject: failure motor ok -i 1,nan,19.946,-0.016,-0.08,0.03,96.17,0.10,0.18,-0.09,771,771,771,771,LOITER,1
65.984,inject: failure motor ok -i 1,nan,19.946,-0.016,-0.08,0.03,96.17,0.10,0.16,-0.09,771,771,771,771,LOITER,1
66.004,inject: failure motor ok -i 1,nan,19.945,-0.018,-0.08,0.04,96.17,0.15,0.18,-0.10,771,771,770,771,LOITER,1
66.024,inject: failure motor ok -i 1,nan,19.945,-0.018,-0.07,0.04,96.17,0.03,0.09,-0.06,771,771,770,771,LOITER,1
66.044,inject: failure motor ok -i 1,nan,19.944,-0.020,-0.07,0.04,96.17,0.00,0.11,-0.04,771,771,770,771,LOITER,1
66.064,inject: failure motor ok -i 1,nan,19.944,-0.020,-0.07,0.04,96.17,0.04,0.11,-0.02,771,771,770,770,LOITER,1
66.084,inject: failure motor ok -i 1,nan,19.944,-0.020,-0.07,0.04,96.17,0.05,0.10,-0.05,771,771,770,770,LOITER,1
66.104,inject: failure motor ok -i 1,nan,19.943,-0.021,-0.07,0.05,96.17,0.04,0.17,-0.02,771,771,770,770,LOITER,1
66.124,inject: failure motor ok -i 1,nan,19.943,-0.021,-0.07,0.05,96.17,0.02,0.05,-0.04,771,771,770,770,LOITER,1
66.144,inject: failure motor ok -i 1,nan,19.943,-0.022,-0.07,0.05,96.17,0.05,0.03,-0.03,771,771,770,770,LOITER,1
66.164,inject: failure motor ok -i 1,nan,19.943,-0.022,-0.07,0.05,96.17,-0.07,-0.03,-0.00,771,770,770,770,LOITER,1
66.184,inject: failure motor ok -i 1,nan,19.943,-0.022,-0.07,0.05,96.17,-0.03,0.05,0.03,771,770,770,770,LOITER,1
66.204,inject: failure motor ok -i 1,nan,19.942,-0.023,-0.07,0.05,96.18,-0.07,-0.00,-0.01,771,771,770,770,LOITER,1
66.224,inject: failure motor ok -i 1,nan,19.942,-0.023,-0.07,0.05,96.18,-0.12,0.00,0.01,771,771,770,770,LOITER,1
66.244,inject: failure motor ok -i 1,nan,19.941,-0.024,-0.07,0.05,96.18,-0.21,-0.04,0.03,771,771,770,770,LOITER,1
66.264,inject: failure motor ok -i 1,nan,19.941,-0.024,-0.08,0.05,96.18,-0.22,0.14,0.04,771,770,771,770,LOITER,1
66.284,inject: failure motor ok -i 1,nan,19.941,-0.024,-0.08,0.05,96.18,-0.26,-0.02,-0.02,771,770,771,770,LOITER,1
66.304,inject: failure motor ok -i 1,nan,19.940,-0.025,-0.08,0.05,96.18,-0.28,0.06,-0.01,771,771,770,771,LOITER,1
66.324,inject: failure motor ok -i 1,nan,19.940,-0.025,-0.09,0.05,96.18,-0.29,0.03,-0.03,771,771,770,771,LOITER,1
66.344,inject: failure motor ok -i 1,nan,19.939,-0.026,-0.10,0.05,96.18,-0.34,-0.08,0.01,771,771,770,771,LOITER,1
66.364,inject: failure motor ok -i 1,nan,19.939,-0.026,-0.10,0.05,96.18,-0.38,0.03,0.01,771,770,771,770,LOITER,1
66.388,inject: failure motor ok -i 1,nan,19.939,-0.026,-0.11,0.05,96.18,-0.42,-0.00,0.03,771,770,771,770,LOITER,1
66.404,inject: failure motor ok -i 1,nan,19.939,-0.027,-0.12,0.05,96.19,-0.40,-0.05,0.07,770,770,771,770,LOITER,1
66.424,inject: failure motor ok -i 1,nan,19.939,-0.027,-0.12,0.05,96.19,-0.30,-0.12,0.03,770,770,771,770,LOITER,1
66.444,inject: failure motor ok -i 1,nan,19.938,-0.028,-0.13,0.05,96.18,-0.30,-0.13,0.01,770,770,771,770,LOITER,1
66.464,inject: failure motor ok -i 1,nan,19.938,-0.028,-0.13,0.05,96.19,-0.47,-0.14,0.06,770,770,770,770,LOITER,1
66.484,inject: failure motor ok -i 1,nan,19.938,-0.028,-0.14,0.04,96.19,-0.36,-0.06,0.11,770,770,770,770,LOITER,1
66.504,inject: failure motor ok -i 1,nan,19.937,-0.029,-0.15,0.04,96.19,-0.32,-0.19,0.00,770,770,770,771,LOITER,1
66.524,inject: failure motor ok -i 1,nan,19.937,-0.029,-0.15,0.04,96.18,-0.28,-0.19,-0.01,770,770,770,771,LOITER,1
66.544,inject: failure motor ok -i 1,nan,19.937,-0.030,-0.16,0.04,96.18,-0.29,-0.18,0.04,770,770,770,771,LOITER,1
66.564,inject: failure motor ok -i 1,nan,19.937,-0.030,-0.16,0.03,96.18,-0.26,-0.30,0.02,770,770,770,770,LOITER,1
66.584,inject: failure motor ok -i 1,nan,19.937,-0.030,-0.17,0.03,96.18,-0.31,-0.26,-0.00,770,770,770,770,LOITER,1
66.604,inject: failure motor ok -i 1,nan,19.936,-0.031,-0.17,0.02,96.18,-0.20,-0.25,0.02,770,770,770,770,LOITER,1
66.624,inject: failure motor ok -i 1,nan,19.936,-0.031,-0.18,0.02,96.18,-0.19,-0.32,-0.04,770,770,770,770,LOITER,1
66.644,inject: failure motor ok -i 1,nan,19.935,-0.031,-0.18,0.01,96.18,-0.12,-0.28,-0.04,770,770,770,770,LOITER,1
66.664,inject: failure motor ok -i 1,nan,19.935,-0.031,-0.18,0.00,96.17,-0.12,-0.32,0.01,771,770,770,771,LOITER,1
66.684,inject: failure motor ok -i 1,nan,19.935,-0.031,-0.19,-0.00,96.17,-0.13,-0.34,0.06,771,770,770,771,LOITER,1
66.704,inject: failure motor ok -i 1,nan,19.934,-0.032,-0.19,-0.01,96.17,-0.09,-0.38,-0.03,770,771,771,770,LOITER,1
66.724,inject: failure motor ok -i 1,nan,19.934,-0.032,-0.19,-0.01,96.17,-0.09,-0.30,0.03,770,771,771,770,LOITER,1
66.744,inject: failure motor ok -i 1,nan,19.933,-0.033,-0.19,-0.02,96.16,-0.10,-0.45,-0.04,770,771,771,770,LOITER,1
66.764,inject: failure motor ok -i 1,nan,19.933,-0.033,-0.19,-0.03,96.16,-0.01,-0.44,0.03,771,770,771,770,LOITER,1
66.784,inject: failure motor ok -i 1,nan,19.933,-0.033,-0.19,-0.03,96.16,-0.08,-0.33,0.03,771,770,771,770,LOITER,1
66.804,inject: failure motor ok -i 1,nan,19.932,-0.034,-0.19,-0.04,96.15,-0.09,-0.39,0.03,770,771,770,770,LOITER,1
66.824,inject: failure motor ok -i 1,nan,19.932,-0.034,-0.19,-0.05,96.15,0.02,-0.47,0.07,770,771,770,770,LOITER,1
66.844,inject: failure motor ok -i 1,nan,19.932,-0.035,-0.19,-0.06,96.15,0.10,-0.34,0.00,770,771,770,770,LOITER,1
66.864,inject: failure motor ok -i 1,nan,19.932,-0.035,-0.19,-0.06,96.15,0.10,-0.39,-0.02,771,771,770,771,LOITER,1
66.884,inject: failure motor ok -i 1,nan,19.932,-0.035,-0.19,-0.07,96.14,0.11,-0.45,0.02,771,771,770,771,LOITER,1
66.904,inject: failure motor ok -i 1,nan,19.931,-0.036,-0.19,-0.08,96.14,0.06,-0.42,0.05,771,771,770,770,LOITER,1
66.924,inject: failure motor ok -i 1,nan,19.931,-0.036,-0.18,-0.09,96.14,0.13,-0.34,0.07,771,771,770,770,LOITER,1
66.944,inject: failure motor ok -i 1,nan,19.930,-0.037,-0.18,-0.09,96.14,0.19,-0.38,0.08,771,771,770,770,LOITER,1
66.964,inject: failure motor ok -i 1,nan,19.930,-0.037,-0.18,-0.10,96.13,0.19,-0.41,0.08,771,771,770,770,LOITER,1
66.984,inject: failure motor ok -i 1,nan,19.930,-0.037,-0.17,-0.11,96.13,0.13,-0.42,0.10,771,771,770,770,LOITER,1
67.004,inject: failure motor ok -i 1,nan,19.929,-0.037,-0.17,-0.11,96.13,0.24,-0.39,0.11,771,771,770,771,LOITER,1
67.024,inject: failure motor ok -i 1,nan,19.929,-0.037,-0.17,-0.12,96.13,0.16,-0.43,0.06,771,771,770,771,LOITER,1
67.044,inject: failure motor ok -i 1,nan,19.929,-0.038,-0.16,-0.13,96.13,0.21,-0.36,0.10,771,771,770,771,LOITER,1
67.064,inject: failure motor ok -i 1,nan,19.929,-0.038,-0.16,-0.14,96.13,0.25,-0.41,0.11,771,771,770,770,LOITER,1
67.084,inject: failure motor ok -i 1,nan,19.929,-0.038,-0.15,-0.14,96.13,0.24,-0.34,0.16,771,771,770,770,LOITER,1
67.104,inject: failure motor ok -i 1,nan,19.928,-0.039,-0.15,-0.15,96.13,0.28,-0.28,0.16,771,771,770,771,LOITER,1
67.124,inject: failure motor ok -i 1,nan,19.928,-0.039,-0.14,-0.15,96.13,0.27,-0.35,0.11,771,771,770,771,LOITER,1
67.144,inject: failure motor ok -i 1,nan,19.927,-0.040,-0.14,-0.16,96.13,0.26,-0.34,0.10,771,771,770,771,LOITER,1
67.164,inject: failure motor ok -i 1,nan,19.927,-0.040,-0.13,-0.17,96.13,0.33,-0.20,0.12,771,771,771,770,LOITER,1
67.184,inject: failure motor ok -i 1,nan,19.927,-0.040,-0.12,-0.17,96.13,0.37,-0.26,0.13,771,771,771,770,LOITER,1
67.204,inject: failure motor ok -i 1,nan,19.926,-0.041,-0.12,-0.18,96.13,0.36,-0.26,0.19,771,771,770,770,LOITER,1
67.224,inject: failure motor ok -i 1,nan,19.926,-0.041,-0.11,-0.18,96.13,0.33,-0.24,0.19,771,771,770,770,LOITER,1
67.244,inject: failure motor ok -i 1,nan,19.926,-0.042,-0.10,-0.18,96.14,0.30,-0.15,0.19,771,771,770,770,LOITER,1
67.264,inject: failure motor ok -i 1,nan,19.926,-0.042,-0.10,-0.19,96.14,0.32,-0.22,0.17,770,771,770,771,LOITER,1
67.284,inject: failure motor ok -i 1,nan,19.926,-0.042,-0.09,-0.19,96.14,0.26,-0.21,0.18,770,771,770,771,LOITER,1
67.304,inject: failure motor ok -i 1,nan,19.926,-0.042,-0.08,-0.19,96.14,0.34,-0.12,0.19,770,771,770,771,LOITER,1
67.324,inject: failure motor ok -i 1,nan,19.926,-0.042,-0.08,-0.20,96.14,0.31,-0.15,0.17,770,771,770,771,LOITER,1
67.344,inject: failure motor ok -i 1,nan,19.926,-0.043,-0.07,-0.20,96.14,0.25,-0.10,0.16,770,771,770,771,LOITER,1
67.364,inject: failure motor ok -i 1,nan,19.926,-0.043,-0.07,-0.20,96.14,0.26,-0.12,0.14,770,770,770,770,LOITER,1
67.384,inject: failure motor ok -i 1,nan,19.926,-0.043,-0.06,-0.21,96.15,0.37,-0.17,0.23,770,770,770,770,LOITER,1
67.404,inject: failure motor ok -i 1,nan,19.926,-0.043,-0.05,-0.21,96.15,0.32,-0.07,0.25,770,770,770,770,LOITER,1
67.424,inject: failure motor ok -i 1,nan,19.926,-0.043,-0.05,-0.21,96.15,0.34,-0.07,0.08,770,770,770,770,LOITER,1
67.444,inject: failure motor ok -i 1,nan,19.926,-0.043,-0.04,-0.21,96.15,0.30,-0.05,0.22,770,770,770,770,LOITER,1
67.464,inject: failure motor ok -i 1,nan,19.926,-0.043,-0.04,-0.21,96.15,0.32,0.01,0.11,770,770,770,770,LOITER,1
67.484,inject: failure motor ok -i 1,nan,19.926,-0.043,-0.03,-0.21,96.15,0.32,-0.03,0.17,770,770,770,770,LOITER,1
67.504,inject: failure motor ok -i 1,nan,19.925,-0.044,-0.02,-0.21,96.15,0.32,0.01,0.13,770,770,770,770,LOITER,1
67.524,inject: failure motor ok -i 1,nan,19.925,-0.044,-0.02,-0.21,96.15,0.34,-0.01,0.16,770,770,770,770,LOITER,1
67.544,inject: failure motor ok -i 1,nan,19.925,-0.044,-0.01,-0.21,96.15,0.37,-0.00,0.09,770,770,770,770,LOITER,1
67.564,inject: failure motor ok -i 1,nan,19.925,-0.044,-0.00,-0.21,96.16,0.36,0.02,0.16,770,770,770,770,LOITER,1
67.584,inject: failure motor ok -i 1,nan,19.925,-0.044,0.00,-0.21,96.16,0.40,0.05,0.13,770,770,770,770,LOITER,1
67.604,inject: failure motor ok -i 1,nan,19.925,-0.044,0.01,-0.20,96.16,0.45,0.08,0.15,770,770,770,770,LOITER,1
67.624,inject: failure motor ok -i 1,nan,19.925,-0.044,0.02,-0.20,96.16,0.45,0.03,0.19,770,770,770,770,LOITER,1
67.644,inject: failure motor ok -i 1,nan,19.926,-0.045,0.03,-0.20,96.17,0.36,0.04,0.15,770,770,770,770,LOITER,1
67.664,inject: failure motor ok -i 1,nan,19.926,-0.045,0.04,-0.20,96.17,0.37,-0.00,0.08,770,770,770,770,LOITER,1
67.684,inject: failure motor ok -i 1,nan,19.926,-0.045,0.04,-0.20,96.18,0.23,0.04,0.20,770,770,770,770,LOITER,1
67.704,inject: failure motor ok -i 1,nan,19.926,-0.045,0.05,-0.20,96.18,0.27,0.16,0.12,769,770,770,770,LOITER,1
67.724,inject: failure motor ok -i 1,nan,19.926,-0.045,0.05,-0.20,96.18,0.26,0.15,0.10,769,770,770,770,LOITER,1
67.744,inject: failure motor ok -i 1,nan,19.927,-0.045,0.06,-0.19,96.19,0.23,0.17,0.05,769,770,770,770,LOITER,1
67.764,inject: failure motor ok -i 1,nan,19.927,-0.045,0.06,-0.19,96.19,0.35,0.21,0.13,769,769,770,770,LOITER,1
67.784,inject: failure motor ok -i 1,nan,19.927,-0.045,0.07,-0.19,96.20,0.27,0.22,0.12,769,769,770,770,LOITER,1
67.804,inject: failure motor ok -i 1,nan,19.928,-0.045,0.07,-0.18,96.20,0.28,0.16,0.02,769,768,770,769,LOITER,1
67.824,inject: failure motor ok -i 1,nan,19.928,-0.045,0.08,-0.18,96.21,0.29,0.39,0.10,769,768,770,769,LOITER,1
67.844,inject: failure motor ok -i 1,nan,19.928,-0.045,0.09,-0.17,96.22,0.28,0.32,0.08,769,768,770,769,LOITER,1
67.864,inject: failure motor ok -i 1,nan,19.928,-0.045,0.09,-0.16,96.22,0.35,0.35,0.04,769,769,770,769,LOITER,1
67.884,inject: failure motor ok -i 1,nan,19.928,-0.045,0.10,-0.16,96.23,0.22,0.34,0.06,769,769,770,769,LOITER,1
67.904,inject: failure motor ok -i 1,nan,19.929,-0.044,0.10,-0.15,96.23,0.18,0.49,-0.00,769,768,769,770,LOITER,1
67.924,inject: failure motor ok -i 1,nan,19.929,-0.044,0.10,-0.14,96.24,0.11,0.48,0.02,769,768,769,770,LOITER,1
67.944,inject: failure motor ok -i 1,nan,19.930,-0.044,0.11,-0.13,96.24,0.11,0.36,0.06,769,768,769,770,LOITER,1
67.964,inject: failure motor ok -i 1,nan,19.930,-0.044,0.11,-0.13,96.25,0.14,0.46,0.01,769,768,770,769,LOITER,1
67.984,inject: failure motor ok -i 1,nan,19.930,-0.044,0.11,-0.11,96.25,0.17,0.62,0.02,769,768,770,769,LOITER,1
68.004,inject: failure motor ok -i 1,nan,19.931,-0.043,0.12,-0.10,96.26,0.15,0.52,0.02,768,768,769,770,LOITER,1
68.024,inject: failure motor ok -i 1,nan,19.931,-0.043,0.12,-0.09,96.26,0.15,0.49,-0.05,768,768,769,770,LOITER,1
68.044,inject: failure motor ok -i 1,nan,19.931,-0.042,0.12,-0.08,96.27,0.17,0.65,0.02,768,768,769,770,LOITER,1
68.044,land,nan,19.931,-0.042,0.12,-0.08,96.27,0.17,0.65,0.02,768,768,769,770,LOITER,1
68.064,land,nan,19.931,-0.042,0.12,-0.07,96.27,0.10,0.67,-0.13,768,768,769,770,LOITER,1
68.084,land,nan,19.931,-0.042,0.12,-0.06,96.27,-0.02,0.59,-0.08,768,768,769,770,LOITER,1
68.104,land,nan,19.932,-0.042,0.13,-0.05,96.27,0.08,0.64,-0.10,768,768,769,770,LOITER,1
68.124,land,nan,19.932,-0.042,0.13,-0.03,96.27,0.02,0.67,-0.06,768,768,769,770,LOITER,1
68.144,land,nan,19.933,-0.039,0.13,-0.02,96.28,0.07,0.65,-0.16,768,768,769,770,LOITER,1
68.164,land,nan,19.933,-0.039,0.13,-0.01,96.28,0.07,0.65,-0.15,758,757,758,759,LOITER,1
68.184,land,nan,19.933,-0.039,0.13,0.00,96.28,-0.01,0.62,-0.13,758,757,758,759,LOITER,1
68.204,land,nan,19.934,-0.023,0.13,0.02,96.28,-0.01,0.65,-0.13,743,743,744,743,LOITER,1
68.224,land,nan,19.934,-0.023,0.13,0.03,96.28,-0.05,0.52,-0.13,743,743,744,743,LOITER,1
68.244,land,nan,19.933,0.006,0.13,0.04,96.28,-0.02,0.65,-0.18,743,743,744,743,LOITER,1
68.264,land,nan,19.933,0.006,0.13,0.05,96.28,-0.02,0.61,-0.17,734,735,735,736,LOITER,1
68.284,land,nan,19.933,0.006,0.13,0.06,96.28,-0.03,0.55,-0.12,734,735,735,736,LOITER,1
68.304,land,nan,19.931,0.050,0.13,0.07,96.27,-0.02,0.58,-0.20,719,720,720,720,LOITER,1
68.324,land,nan,19.931,0.050,0.13,0.08,96.27,-0.01,0.62,-0.15,719,720,720,720,LOITER,1
68.344,land,nan,19.926,0.106,0.12,0.09,96.27,-0.01,0.59,-0.22,719,720,720,720,LOITER,1
68.364,land,nan,19.926,0.106,0.12,0.11,96.27,0.00,0.56,-0.24,712,712,713,713,LOITER,1
68.384,land,nan,19.926,0.106,0.13,0.12,96.27,0.05,0.52,-0.21,712,712,713,713,LOITER,1
68.404,land,nan,19.916,0.184,0.13,0.13,96.27,0.05,0.55,-0.24,703,703,703,704,LOITER,1
68.424,land,nan,19.916,0.184,0.13,0.14,96.26,-0.00,0.54,-0.17,703,703,703,704,LOITER,1
68.444,land,nan,19.903,0.262,0.13,0.15,96.26,0.01,0.47,-0.20,703,703,703,704,LOITER,1
68.464,land,nan,19.903,0.262,0.13,0.16,96.26,0.01,0.44,-0.18,701,701,701,701,LOITER,1
68.484,land,nan,19.903,0.262,0.13,0.17,96.26,0.01,0.43,-0.21,701,701,701,701,LOITER,1
68.504,land,nan,19.886,0.349,0.13,0.17,96.26,-0.08,0.34,-0.22,682,683,683,683,LOITER,1
68.524,land,nan,19.886,0.349,0.13,0.18,96.25,-0.05,0.28,-0.25,682,683,683,683,LOITER,1
68.544,land,nan,19.863,0.444,0.13,0.19,96.25,-0.05,0.31,-0.13,682,683,683,683,LOITER,1
68.564,land,nan,19.863,0.444,0.12,0.19,96.25,-0.13,0.26,-0.19,681,682,681,682,LOITER,1
68.584,land,nan,19.863,0.444,0.12,0.20,96.25,-0.15,0.19,-0.21,681,682,681,682,LOITER,1
68.604,land,nan,19.831,0.564,0.12,0.20,96.25,-0.19,0.20,-0.22,673,673,673,673,LOITER,1
68.624,land,nan,19.831,0.564,0.12,0.20,96.25,-0.20,0.13,-0.20,673,673,673,673,LOITER,1
68.644,land,nan,19.797,0.676,0.11,0.21,96.25,-0.27,0.05,-0.16,673,673,673,673,LOITER,1
68.664,land,nan,19.797,0.676,0.11,0.21,96.24,-0.28,0.06,-0.25,674,674,674,674,LOITER,1
68.684,land,nan,19.797,0.676,0.10,0.21,96.24,-0.30,-0.04,-0.22,674,674,674,674,LOITER,1
68.704,land,nan,19.756,0.795,0.09,0.21,96.24,-0.36,0.04,-0.23,651,651,651,651,LOITER,1
68.724,land,nan,19.756,0.795,0.09,0.21,96.24,-0.33,0.09,-0.23,651,651,651,651,LOITER,1
68.744,land,nan,19.710,0.921,0.08,0.21,96.23,-0.34,-0.01,-0.21,651,651,651,651,LOITER,1
68.764,land,nan,19.710,0.921,0.08,0.21,96.23,-0.35,-0.13,-0.22,667,667,667,667,LOITER,1
68.784,land,nan,19.710,0.921,0.07,0.21,96.23,-0.36,-0.13,-0.23,667,667,667,667,LOITER,1
68.804,land,nan,19.647,1.058,0.06,0.21,96.23,-0.32,-0.10,-0.20,689,689,689,689,LOITER,1
68.824,land,nan,19.647,1.058,0.06,0.21,96.22,-0.41,-0.05,-0.22,689,689,689,689,LOITER,1
68.844,land,nan,19.588,1.154,0.05,0.20,96.22,-0.30,-0.15,-0.25,689,689,689,689,LOITER,1
68.864,land,nan,19.588,1.154,0.04,0.20,96.21,-0.33,-0.18,-0.20,710,709,709,709,LOITER,1
68.884,land,nan,19.588,1.154,0.04,0.20,96.21,-0.33,-0.07,-0.18,710,709,709,709,LOITER,1
68.904,land,nan,19.524,1.231,0.03,0.20,96.21,-0.32,-0.08,-0.16,716,717,716,716,LOITER,1
68.924,land,nan,19.524,1.231,0.03,0.19,96.21,-0.27,-0.21,-0.22,716,717,716,716,LOITER,1
68.944,land,nan,19.457,1.292,0.02,0.19,96.20,-0.32,-0.16,-0.16,716,717,716,716,LOITER,1
68.964,land,nan,19.457,1.292,0.01,0.19,96.20,-0.31,-0.20,-0.15,732,733,732,732,LOITER,1
68.984,land,nan,19.457,1.292,0.01,0.18,96.20,-0.37,-0.14,-0.15,732,733,732,732,LOITER,1
69.004,land,nan,19.375,1.346,0.00,0.18,96.20,-0.35,-0.24,-0.16,745,745,745,745,LOITER,1
69.024,land,nan,19.375,1.346,-0.01,0.18,96.19,-0.32,-0.23,-0.15,745,745,745,745,LOITER,1
69.044,land,nan,19.303,1.378,-0.01,0.17,96.19,-0.30,-0.23,-0.16,745,745,745,745,LOITER,1
69.064,land,nan,19.303,1.378,-0.02,0.16,96.19,-0.39,-0.37,-0.16,757,757,757,757,LAND,1
69.084,land,nan,19.303,1.378,-0.03,0.16,96.19,-0.29,-0.29,-0.21,757,757,757,757,LAND,1
69.104,land,nan,19.230,1.399,-0.03,0.15,96.18,-0.28,-0.37,-0.12,764,764,763,763,LAND,1
69.124,land,nan,19.230,1.399,-0.04,0.15,96.18,-0.30,-0.39,-0.12,764,764,763,763,LAND,1
69.144,land,nan,19.157,1.409,-0.04,0.14,96.18,-0.14,-0.36,-0.12,764,764,763,763,LAND,1
69.164,land,nan,19.157,1.409,-0.04,0.13,96.17,-0.14,-0.35,-0.11,770,770,769,769,LAND,1
69.184,land,nan,19.157,1.409,-0.05,0.13,96.17,-0.23,-0.42,-0.11,770,770,769,769,LAND,1
69.204,land,nan,19.073,1.410,-0.05,0.12,96.17,-0.21,-0.43,-0.09,777,777,777,777,LAND,1
69.224,land,nan,19.073,1.410,-0.05,0.11,96.17,-0.15,-0.47,-0.13,777,777,777,777,LAND,1
69.244,land,nan,19.001,1.402,-0.06,0.10,96.16,-0.19,-0.44,-0.10,777,777,777,777,LAND,1
69.264,land,nan,19.001,1.402,-0.06,0.09,96.16,-0.06,-0.42,-0.08,785,785,785,784,LAND,1
69.284,land,nan,19.001,1.402,-0.06,0.09,96.16,-0.12,-0.34,-0.09,785,785,785,784,LAND,1
69.304,land,nan,18.931,1.386,-0.06,0.08,96.16,-0.06,-0.43,-0.04,788,788,787,787,LAND,1
69.324,land,nan,18.931,1.386,-0.06,0.07,96.16,-0.01,-0.44,-0.08,788,788,787,787,LAND,1
69.344,land,nan,18.862,1.362,-0.06,0.06,96.16,-0.03,-0.45,-0.07,788,788,787,787,LAND,1
69.364,land,nan,18.862,1.362,-0.06,0.05,96.15,-0.09,-0.42,-0.03,787,786,786,786,LAND,1
69.384,land,nan,18.862,1.362,-0.06,0.04,96.15,-0.15,-0.34,0.05,787,786,786,786,LAND,1
69.404,land,nan,18.784,1.334,-0.07,0.04,96.15,-0.21,-0.28,0.01,783,782,782,782,LAND,1
69.424,land,nan,18.784,1.334,-0.07,0.03,96.15,-0.22,-0.39,-0.07,783,782,782,782,LAND,1
69.444,land,nan,18.718,1.318,-0.08,0.03,96.15,-0.18,-0.36,-0.02,783,782,782,782,LAND,1
69.464,land,nan,18.718,1.318,-0.08,0.02,96.15,-0.23,-0.27,0.01,780,779,779,778,LAND,1
69.484,land,nan,18.718,1.318,-0.08,0.01,96.15,-0.16,-0.28,0.06,780,779,779,778,LAND,1
69.504,land,nan,18.654,1.309,-0.09,0.01,96.15,-0.18,-0.21,0.01,768,769,768,768,LAND,1
69.524,land,nan,18.654,1.309,-0.09,0.00,96.15,-0.12,-0.27,-0.01,768,769,768,768,LAND,1
69.544,land,nan,18.590,1.306,-0.09,0.00,96.15,-0.08,-0.17,0.03,768,769,768,768,LAND,1
69.564,land,nan,18.590,1.306,-0.09,-0.00,96.15,-0.05,-0.19,0.05,768,768,768,768,LAND,1
69.584,land,nan,18.590,1.306,-0.09,-0.01,96.15,-0.01,-0.18,0.04,768,768,768,768,LAND,1
69.604,land,nan,18.516,1.307,-0.09,-0.01,96.15,0.01,-0.11,0.10,765,765,765,765,LAND,1
69.624,land,nan,18.516,1.307,-0.09,-0.01,96.16,0.03,-0.09,0.04,765,765,765,765,LAND,1
69.644,land,nan,18.452,1.312,-0.09,-0.02,96.16,0.14,-0.14,0.04,765,765,765,765,LAND,1
69.664,land,nan,18.452,1.312,-0.09,-0.02,96.16,0.11,-0.01,0.07,767,767,767,766,LAND,1
69.684,land,nan,18.452,1.312,-0.09,-0.02,96.16,0.25,-0.13,0.00,767,767,767,766,LAND,1
69.704,land,nan,18.389,1.318,-0.08,-0.02,96.16,0.23,-0.11,0.10,760,759,760,759,LAND,1
69.724,land,nan,18.389,1.318,-0.08,-0.02,96.17,0.31,0.03,0.08,760,759,760,759,LAND,1
69.744,land,nan,18.325,1.325,-0.07,-0.02,96.17,0.31,0.16,0.06,760,759,760,759,LAND,1
69.764,land,nan,18.325,1.325,-0.06,-0.02,96.17,0.43,0.10,0.06,761,762,761,762,LAND,1
69.784,land,nan,18.325,1.325,-0.06,-0.02,96.17,0.30,-0.05,0.02,761,762,761,762,LAND,1
69.804,land,nan,18.250,1.336,-0.05,-0.02,96.17,0.36,-0.05,0.04,761,761,761,761,LAND,1
69.824,land,nan,18.250,1.336,-0.04,-0.02,96.18,0.40,0.09,0.07,761,761,761,761,LAND,1
69.844,land,nan,18.185,1.345,-0.04,-0.02,96.18,0.35,-0.02,0.06,761,761,761,761,LAND,1
69.864,land,nan,18.185,1.345,-0.03,-0.02,96.18,0.50,0.07,0.11,764,765,765,764,LAND,1
69.884,land,nan,18.185,1.345,-0.02,-0.01,96.18,0.52,0.08,0.02,764,765,765,764,LAND,1
69.904,land,nan,18.120,1.355,-0.01,-0.01,96.18,0.50,0.06,0.06,759,759,759,759,LAND,1
69.924,land,nan,18.120,1.355,0.00,-0.01,96.19,0.47,0.04,0.06,759,759,759,759,LAND,1
69.944,land,nan,18.055,1.364,0.01,-0.01,96.19,0.43,-0.01,0.06,759,759,759,759,LAND,1
69.964,land,nan,18.055,1.364,0.02,-0.01,96.19,0.43,0.06,0.06,762,762,762,762,LAND,1
69.984,land,nan,18.055,1.364,0.03,-0.01,96.19,0.46,0.11,0.06,762,762,762,762,LAND,1
70.004,land,nan,17.978,1.374,0.04,-0.01,96.19,0.50,0.03,0.08,762,762,762,762,LAND,1
70.024,land,nan,17.978,1.374,0.05,-0.01,96.20,0.49,0.06,0.04,762,762,762,762,LAND,1
70.044,land,nan,17.912,1.383,0.06,-0.01,96.20,0.53,0.11,0.06,762,762,762,762,LAND,1
70.064,land,nan,17.912,1.383,0.07,-0.01,96.20,0.54,0.07,0.03,765,765,766,765,LAND,1
70.084,land,nan,17.912,1.383,0.08,-0.00,96.20,0.60,0.18,0.04,765,765,766,765,LAND,1
70.104,land,nan,17.846,1.390,0.09,0.00,96.20,0.41,0.30,0.03,762,762,763,763,LAND,1
70.124,land,nan,17.846,1.390,0.09,0.01,96.20,0.38,0.27,0.01,762,762,763,763,LAND,1
70.144,land,nan,17.779,1.398,0.10,0.01,96.20,0.38,0.33,0.02,762,762,763,763,LAND,1
70.168,land,nan,17.779,1.398,0.11,0.02,96.20,0.32,0.39,0.03,759,760,760,760,LAND,1
70.184,land,nan,17.779,1.398,0.11,0.03,96.21,0.28,0.35,0.04,759,760,760,760,LAND,1
70.204,land,nan,17.700,1.407,0.12,0.03,96.21,0.30,0.42,0.03,763,763,763,764,LAND,1
70.224,land,nan,17.700,1.407,0.12,0.04,96.21,0.20,0.26,-0.01,763,763,763,764,LAND,1
70.244,land,nan,17.633,1.414,0.13,0.04,96.21,0.23,0.32,0.02,763,763,763,764,LAND,1
70.264,land,nan,17.633,1.414,0.13,0.05,96.21,0.19,0.33,-0.02,766,766,766,767,LAND,1
70.284,land,nan,17.633,1.414,0.14,0.06,96.21,0.24,0.27,-0.03,766,766,766,767,LAND,1
70.304,land,nan,17.565,1.421,0.14,0.06,96.21,0.11,0.33,-0.04,760,761,761,761,LAND,1
70.324,land,nan,17.565,1.421,0.14,0.07,96.21,0.22,0.24,-0.03,760,761,761,761,LAND,1
70.344,land,nan,17.497,1.428,0.15,0.07,96.21,0.16,0.20,-0.03,760,761,761,761,LAND,1
70.364,land,nan,17.497,1.428,0.15,0.07,96.21,0.15,0.19,0.02,764,764,764,764,LAND,1
70.384,land,nan,17.497,1.428,0.15,0.08,96.21,0.24,0.21,0.02,764,764,764,764,LAND,1
70.404,land,nan,17.417,1.435,0.16,0.08,96.21,0.21,0.27,-0.06,764,764,765,765,LAND,1
70.424,land,nan,17.417,1.435,0.16,0.09,96.21,0.17,0.26,-0.00,764,764,765,765,LAND,1
70.444,land,nan,17.348,1.441,0.16,0.09,96.21,0.07,0.34,-0.04,764,764,765,765,LAND,1
70.464,land,nan,17.348,1.441,0.16,0.10,96.21,0.07,0.38,-0.03,767,768,768,768,LAND,1
70.484,land,nan,17.348,1.441,0.16,0.11,96.21,0.07,0.22,-0.04,767,768,768,768,LAND,1
70.504,land,nan,17.279,1.446,0.17,0.11,96.21,0.11,0.22,-0.01,762,762,762,762,LAND,1
70.528,land,nan,17.279,1.446,0.17,0.11,96.21,0.15,0.20,-0.04,762,762,762,762,LAND,1
70.544,land,nan,17.210,1.450,0.17,0.12,96.21,0.13,0.15,-0.05,762,762,762,762,LAND,1
70.564,land,nan,17.210,1.450,0.17,0.12,96.21,0.11,0.18,-0.04,759,759,759,759,LAND,1
70.584,land,nan,17.210,1.450,0.17,0.12,96.21,0.10,0.17,-0.05,759,759,759,759,LAND,1
70.604,land,nan,17.141,1.456,0.17,0.13,96.21,0.03,0.07,-0.06,764,764,764,764,LAND,1
70.624,land,nan,17.141,1.456,0.17,0.13,96.21,0.04,0.09,-0.02,764,764,764,764,LAND,1
70.644,land,nan,17.072,1.462,0.17,0.13,96.21,0.02,-0.05,-0.02,764,764,764,764,LAND,1
70.664,land,nan,17.072,1.462,0.17,0.13,96.21,-0.02,-0.14,-0.04,765,764,765,765,LAND,1
70.684,land,nan,17.072,1.462,0.17,0.13,96.21,-0.07,-0.09,-0.07,765,764,765,765,LAND,1
70.704,land,nan,16.991,1.467,0.17,0.12,96.21,-0.12,-0.14,-0.06,765,765,765,765,LAND,1
70.724,land,nan,16.991,1.467,0.17,0.12,96.21,-0.12,-0.08,-0.09,765,765,765,765,LAND,1
70.744,land,nan,16.921,1.472,0.17,0.12,96.21,-0.05,-0.23,-0.06,765,765,765,765,LAND,1
70.764,land,nan,16.921,1.472,0.17,0.12,96.21,-0.07,-0.23,0.03,769,768,768,768,LAND,1
70.784,land,nan,16.921,1.472,0.16,0.11,96.21,-0.17,-0.26,-0.03,769,768,768,768,LAND,1
70.804,land,nan,16.851,1.476,0.16,0.10,96.21,-0.12,-0.38,-0.09,763,762,763,762,LAND,1
70.824,land,nan,16.851,1.476,0.16,0.10,96.21,-0.14,-0.32,-0.09,763,762,763,762,LAND,1
70.844,land,nan,16.780,1.480,0.15,0.09,96.21,-0.18,-0.31,-0.09,763,762,763,762,LAND,1
70.864,land,nan,16.780,1.480,0.15,0.09,96.21,-0.17,-0.34,-0.10,766,766,766,766,LAND,1
70.884,land,nan,16.780,1.480,0.15,0.08,96.21,-0.16,-0.32,-0.06,766,766,766,766,LAND,1
70.904,land,nan,16.697,1.484,0.14,0.08,96.21,-0.17,-0.34,-0.10,766,767,766,767,LAND,1
70.920,land,nan,16.697,1.484,0.14,0.07,96.20,-0.15,-0.44,-0.02,766,767,766,767,LAND,1
70.944,land,nan,16.638,1.486,0.14,0.06,96.20,-0.15,-0.44,-0.09,766,767,766,767,LAND,1
70.964,land,nan,16.638,1.486,0.14,0.05,96.20,-0.16,-0.47,-0.05,767,766,767,767,LAND,1
70.984,land,nan,16.638,1.486,0.13,0.04,96.20,-0.20,-0.41,-0.07,767,766,767,767,LAND,1
71.004,land,nan,16.555,1.489,0.13,0.04,96.20,-0.23,-0.33,-0.10,765,765,765,765,LAND,1
71.024,land,nan,16.555,1.489,0.12,0.03,96.19,-0.17,-0.28,-0.07,765,765,765,765,LAND,1
71.044,land,nan,16.483,1.493,0.12,0.03,96.19,-0.19,-0.24,-0.07,765,765,765,765,LAND,1
71.064,land,nan,16.483,1.493,0.12,0.02,96.19,-0.21,-0.25,0.01,769,769,769,769,LAND,1
71.084,land,nan,16.483,1.493,0.11,0.02,96.19,-0.19,-0.19,-0.12,769,769,769,769,LAND,1
71.104,land,nan,16.411,1.497,0.11,0.01,96.19,-0.17,-0.24,-0.03,764,764,764,764,LAND,1
71.124,land,nan,16.411,1.497,0.11,0.01,96.19,-0.19,-0.23,-0.08,764,764,764,764,LAND,1
71.144,land,nan,16.339,1.499,0.10,0.01,96.19,-0.22,-0.19,-0.10,764,764,764,764,LAND,1
71.164,land,nan,16.339,1.499,0.10,0.00,96.18,-0.17,-0.09,-0.07,767,768,767,767,LAND,1
71.184,land,nan,16.339,1.499,0.09,-0.00,96.18,-0.12,-0.18,-0.05,767,768,767,767,LAND,1
71.204,land,nan,16.255,1.501,0.09,-0.00,96.18,-0.14,-0.24,-0.06,768,768,768,767,LAND,1
71.224,land,nan,16.255,1.501,0.09,-0.01,96.18,-0.05,-0.14,-0.04,768,768,768,767,LAND,1
71.244,land,nan,16.183,1.503,0.09,-0.01,96.18,0.01,-0.16,0.00,768,768,768,767,LAND,1
71.264,land,nan,16.183,1.503,0.09,-0.01,96.18,-0.01,-0.13,-0.01,771,771,771,771,LAND,1
71.284,land,nan,16.183,1.503,0.09,-0.02,96.18,-0.02,-0.19,-0.04,771,771,771,771,LAND,1
71.304,land,nan,16.111,1.504,0.09,-0.02,96.18,-0.07,-0.06,0.02,765,765,765,765,LAND,1
71.324,land,nan,16.111,1.504,0.08,-0.02,96.18,-0.13,-0.04,-0.00,765,765,765,765,LAND,1
71.344,land,nan,16.039,1.505,0.08,-0.02,96.18,-0.08,-0.20,-0.01,765,765,765,765,LAND,1
71.364,land,nan,16.039,1.505,0.08,-0.03,96.18,-0.10,-0.10,-0.06,769,768,769,768,LAND,1
71.384,land,nan,16.039,1.505,0.08,-0.03,96.17,-0.06,0.03,-0.01,769,768,769,768,LAND,1
71.404,land,nan,15.956,1.505,0.08,-0.03,96.17,-0.00,-0.02,-0.05,769,768,768,768,LAND,1
71.424,land,nan,15.956,1.505,0.08,-0.03,96.17,-0.12,-0.05,-0.02,769,768,768,768,LAND,1
71.444,land,nan,15.884,1.506,0.07,-0.03,96.17,-0.14,0.15,0.03,769,768,768,768,LAND,1
71.464,land,nan,15.884,1.506,0.07,-0.03,96.16,-0.10,0.11,0.01,771,772,771,771,LAND,1
71.484,land,nan,15.884,1.506,0.07,-0.02,96.16,-0.01,0.05,-0.01,771,772,771,771,LAND,1
71.504,land,nan,15.813,1.507,0.07,-0.02,96.16,-0.09,0.17,0.05,765,765,765,765,LAND,1
71.524,land,nan,15.813,1.507,0.07,-0.02,96.16,-0.15,0.20,-0.03,765,765,765,765,LAND,1
71.544,land,nan,15.742,1.507,0.07,-0.02,96.15,-0.10,0.21,0.07,765,765,765,765,LAND,1
71.564,land,nan,15.742,1.507,0.06,-0.01,96.15,-0.15,0.15,0.04,768,768,768,768,LAND,1
71.584,land,nan,15.742,1.507,0.06,-0.01,96.14,-0.06,0.22,0.01,768,768,768,768,LAND,1
71.604,land,nan,15.658,1.508,0.06,-0.01,96.14,-0.07,0.26,0.01,769,768,768,767,LAND,1
71.624,land,nan,15.658,1.508,0.06,-0.00,96.14,-0.06,0.34,0.02,769,768,768,767,LAND,1
71.644,land,nan,15.587,1.509,0.06,0.00,96.13,-0.01,0.33,0.05,769,768,768,767,LAND,1
71.664,land,nan,15.587,1.509,0.06,0.01,96.13,0.04,0.34,0.02,771,771,771,771,LAND,1
71.684,land,nan,15.587,1.509,0.06,0.02,96.12,0.02,0.32,-0.00,771,771,771,771,LAND,1
71.704,land,nan,15.516,1.511,0.06,0.02,96.12,-0.01,0.31,0.03,766,765,765,764,LAND,1
71.724,land,nan,15.516,1.511,0.06,0.03,96.12,-0.01,0.54,0.06,766,765,765,764,LAND,1
71.744,land,nan,15.445,1.511,0.05,0.04,96.11,-0.10,0.37,0.05,766,765,765,764,LAND,1
71.764,land,nan,15.445,1.511,0.05,0.04,96.11,0.00,0.37,0.06,769,768,768,767,LAND,1
71.784,land,nan,15.445,1.511,0.05,0.05,96.11,0.01,0.40,0.08,769,768,768,767,LAND,1
71.804,land,nan,15.361,1.512,0.05,0.06,96.10,-0.13,0.40,0.06,768,768,768,767,LAND,1
71.824,land,nan,15.361,1.512,0.05,0.07,96.10,-0.17,0.40,0.06,768,768,768,767,LAND,1
71.844,land,nan,15.289,1.514,0.05,0.07,96.10,-0.05,0.37,0.04,768,768,768,767,LAND,1
71.864,land,nan,15.289,1.514,0.05,0.08,96.10,-0.13,0.34,0.12,772,772,770,771,LAND,1
71.884,land,nan,15.289,1.514,0.05,0.08,96.10,-0.10,0.31,0.18,772,772,770,771,LAND,1
71.904,land,nan,15.217,1.514,0.04,0.09,96.10,-0.08,0.35,0.19,766,766,765,765,LAND,1
71.924,land,nan,15.217,1.514,0.04,0.10,96.10,-0.11,0.34,0.17,766,766,765,765,LAND,1
71.944,land,nan,15.144,1.515,0.04,0.11,96.10,-0.09,0.37,0.09,766,766,765,765,LAND,1
71.964,land,nan,15.144,1.515,0.04,0.11,96.11,-0.09,0.32,0.20,769,769,768,768,LAND,1
71.984,land,nan,15.144,1.515,0.04,0.12,96.11,-0.05,0.29,0.19,769,769,768,768,LAND,1
72.004,land,nan,15.059,1.516,0.03,0.12,96.11,-0.15,0.23,0.16,769,770,769,768,LAND,1
72.024,land,nan,15.059,1.516,0.03,0.13,96.12,-0.10,0.18,0.22,769,770,769,768,LAND,1
72.044,land,nan,14.986,1.516,0.03,0.13,96.12,0.01,0.03,0.20,769,770,769,768,LAND,1
72.064,land,nan,14.986,1.516,0.03,0.13,96.12,-0.02,0.05,0.14,773,772,772,772,LAND,1
72.084,land,nan,14.986,1.516,0.03,0.13,96.13,0.01,0.04,0.19,773,772,772,772,LAND,1
72.104,land,nan,14.913,1.516,0.03,0.13,96.13,-0.01,-0.03,0.22,767,766,766,766,LAND,1
72.124,land,nan,14.913,1.516,0.03,0.13,96.14,0.08,0.00,0.26,767,766,766,766,LAND,1
72.144,land,nan,14.840,1.515,0.03,0.13,96.14,0.13,0.00,0.23,767,766,766,766,LAND,1
72.164,land,nan,14.840,1.515,0.03,0.13,96.15,0.19,-0.03,0.18,770,770,769,770,LAND,1
72.184,land,nan,14.840,1.515,0.04,0.13,96.15,0.12,-0.10,0.22,770,770,769,770,LAND,1
72.204,land,nan,14.755,1.515,0.04,0.12,96.16,0.10,-0.04,0.18,769,770,770,770,LAND,1
72.224,land,nan,14.755,1.515,0.04,0.12,96.16,0.20,-0.01,0.27,769,770,770,770,LAND,1
72.244,land,nan,14.682,1.514,0.04,0.12,96.17,0.25,-0.13,0.18,769,770,770,770,LAND,1
72.264,land,nan,14.682,1.514,0.05,0.12,96.17,0.26,-0.20,0.24,773,772,773,773,LAND,1
72.284,land,nan,14.682,1.514,0.05,0.12,96.18,0.19,-0.16,0.18,773,772,773,773,LAND,1
72.304,land,nan,14.609,1.514,0.06,0.11,96.19,0.19,-0.19,0.19,766,766,767,767,LAND,1
72.324,land,nan,14.609,1.514,0.06,0.11,96.19,0.26,-0.28,0.18,766,766,767,767,LAND,1
72.344,land,nan,14.535,1.513,0.06,0.10,96.20,0.18,-0.23,0.16,766,766,767,767,LAND,1
72.364,land,nan,14.535,1.513,0.07,0.10,96.20,0.15,-0.20,0.17,769,770,770,770,LAND,1
72.384,land,nan,14.535,1.513,0.07,0.09,96.21,0.23,-0.28,0.13,769,770,770,770,LAND,1
72.404,land,nan,14.450,1.512,0.07,0.09,96.21,0.27,-0.22,0.11,770,769,770,771,LAND,1
72.424,land,nan,14.450,1.512,0.08,0.08,96.22,0.19,-0.29,0.15,770,769,770,771,LAND,1
72.444,land,nan,14.377,1.511,0.08,0.08,96.22,0.29,-0.31,0.11,770,769,770,771,LAND,1
72.464,land,nan,14.377,1.511,0.09,0.07,96.23,0.30,-0.24,0.10,773,772,774,773,LAND,1
72.484,land,nan,14.377,1.511,0.09,0.07,96.23,0.39,-0.21,0.07,773,772,774,773,LAND,1
72.504,land,nan,14.304,1.510,0.10,0.07,96.23,0.33,-0.26,0.07,766,766,768,767,LAND,1
72.524,land,nan,14.304,1.510,0.10,0.06,96.24,0.20,-0.29,0.06,766,766,768,767,LAND,1
72.544,land,nan,14.231,1.509,0.11,0.05,96.24,0.21,-0.26,0.04,766,766,768,767,LAND,1
72.564,land,nan,14.231,1.509,0.11,0.05,96.24,0.30,-0.18,0.02,769,769,770,770,LAND,1
72.584,land,nan,14.231,1.509,0.12,0.05,96.24,0.23,-0.33,0.03,769,769,770,770,LAND,1
72.604,land,nan,14.146,1.508,0.12,0.04,96.24,0.24,-0.24,-0.01,769,769,770,770,LAND,1
72.624,land,nan,14.146,1.508,0.12,0.04,96.24,0.16,-0.21,0.03,769,769,770,770,LAND,1
72.644,land,nan,14.074,1.508,0.13,0.03,96.24,0.13,-0.25,-0.04,769,769,770,770,LAND,1
72.664,land,nan,14.074,1.508,0.13,0.03,96.24,0.17,-0.26,-0.07,772,772,773,773,LAND,1
72.684,land,nan,14.074,1.508,0.13,0.02,96.24,0.14,-0.36,-0.04,772,772,773,773,LAND,1
72.704,land,nan,14.001,1.507,0.13,0.01,96.24,0.17,-0.33,-0.07,766,766,767,767,LAND,1
72.724,land,nan,14.001,1.507,0.14,0.01,96.24,0.15,-0.34,-0.09,766,766,767,767,LAND,1
72.744,land,nan,13.929,1.506,0.14,0.00,96.24,0.20,-0.31,-0.07,766,766,767,767,LAND,1
72.764,land,nan,13.929,1.506,0.14,-0.01,96.24,0.14,-0.41,-0.09,769,769,770,770,LAND,1
72.784,land,nan,13.929,1.506,0.15,-0.01,96.24,0.13,-0.36,-0.13,769,769,770,770,LAND,1
72.804,land,nan,13.845,1.505,0.15,-0.02,96.24,0.16,-0.45,-0.11,769,769,770,769,LAND,1
72.824,land,nan,13.845,1.505,0.15,-0.03,96.24,0.08,-0.48,-0.09,769,769,770,769,LAND,1
72.844,land,nan,13.772,1.505,0.15,-0.04,96.24,0.08,-0.47,-0.18,769,769,770,769,LAND,1
72.864,land,nan,13.772,1.505,0.15,-0.05,96.24,-0.05,-0.55,-0.17,772,772,772,773,LAND,1
72.884,land,nan,13.772,1.505,0.15,-0.06,96.23,0.08,-0.58,-0.18,772,772,772,773,LAND,1
72.904,land,nan,13.699,1.504,0.16,-0.07,96.23,-0.02,-0.55,-0.16,766,766,766,766,LAND,1
72.924,land,nan,13.699,1.504,0.15,-0.08,96.23,-0.03,-0.53,-0.14,766,766,766,766,LAND,1
72.944,land,nan,13.627,1.504,0.16,-0.09,96.23,-0.02,-0.60,-0.09,766,766,766,766,LAND,1
72.964,land,nan,13.627,1.504,0.15,-0.10,96.23,-0.16,-0.47,-0.12,770,769,770,769,LAND,1
72.984,land,nan,13.627,1.504,0.15,-0.11,96.23,-0.14,-0.58,-0.13,770,769,770,769,LAND,1
73.004,land,nan,13.542,1.504,0.15,-0.12,96.23,-0.17,-0.62,-0.16,769,769,770,769,LAND,1
73.024,land,nan,13.542,1.504,0.14,-0.13,96.22,-0.21,-0.54,-0.16,769,769,770,769,LAND,1
73.044,land,nan,13.470,1.504,0.14,-0.14,96.22,-0.25,-0.41,-0.10,769,769,770,769,LAND,1
73.064,land,nan,13.470,1.504,0.13,-0.14,96.22,-0.24,-0.54,-0.12,772,773,772,773,LAND,1
73.084,land,nan,13.470,1.504,0.13,-0.15,96.22,-0.23,-0.56,-0.19,772,773,772,773,LAND,1
73.104,land,nan,13.397,1.503,0.12,-0.16,96.22,-0.26,-0.42,-0.13,769,770,769,770,LAND,1
73.124,land,nan,13.397,1.503,0.12,-0.17,96.22,-0.21,-0.44,-0.16,769,770,769,770,LAND,1
73.144,land,nan,13.324,1.502,0.12,-0.18,96.21,-0.25,-0.41,-0.10,769,770,769,770,LAND,1
73.164,land,nan,13.324,1.502,0.11,-0.19,96.21,-0.21,-0.46,-0.18,766,767,766,766,LAND,1
73.184,land,nan,13.324,1.502,0.11,-0.20,96.21,-0.24,-0.44,-0.08,766,767,766,766,LAND,1
73.204,land,nan,13.240,1.502,0.10,-0.20,96.21,-0.25,-0.41,-0.15,769,770,769,769,LAND,1
73.224,land,nan,13.240,1.502,0.10,-0.21,96.21,-0.25,-0.47,-0.14,769,770,769,769,LAND,1
73.244,land,nan,13.167,1.502,0.09,-0.22,96.21,-0.18,-0.37,-0.05,769,770,769,769,LAND,1
73.264,land,nan,13.167,1.502,0.09,-0.23,96.21,-0.27,-0.35,-0.11,773,773,772,773,LAND,1
73.284,land,nan,13.167,1.502,0.08,-0.23,96.21,-0.24,-0.39,-0.07,773,773,772,773,LAND,1
73.304,land,nan,13.094,1.502,0.08,-0.24,96.21,-0.21,-0.26,-0.10,767,767,766,767,LAND,1
73.324,land,nan,13.094,1.502,0.08,-0.24,96.21,-0.21,-0.30,-0.06,767,767,766,767,LAND,1
73.344,land,nan,13.022,1.501,0.07,-0.25,96.21,-0.24,-0.31,-0.10,767,767,766,767,LAND,1
73.364,land,nan,13.022,1.501,0.06,-0.25,96.21,-0.29,-0.27,-0.09,770,770,770,769,LAND,1
73.384,land,nan,13.022,1.501,0.06,-0.26,96.21,-0.26,-0.20,-0.06,770,770,770,769,LAND,1
73.404,land,nan,12.937,1.501,0.06,-0.26,96.21,-0.21,-0.18,-0.06,770,770,770,770,LAND,1
73.424,land,nan,12.937,1.501,0.05,-0.26,96.21,-0.22,-0.19,-0.06,770,770,770,770,LAND,1
73.444,land,nan,12.864,1.500,0.05,-0.27,96.21,-0.23,-0.20,-0.06,770,770,770,770,LAND,1
73.464,land,nan,12.864,1.500,0.04,-0.27,96.21,-0.33,-0.18,-0.08,773,773,773,773,LAND,1
73.484,land,nan,12.864,1.500,0.04,-0.28,96.21,-0.26,-0.19,-0.02,773,773,773,773,LAND,1
73.504,land,nan,12.791,1.500,0.03,-0.28,96.21,-0.27,-0.10,-0.02,767,767,767,767,LAND,1
73.524,land,nan,12.791,1.500,0.03,-0.28,96.21,-0.27,-0.04,-0.09,767,767,767,767,LAND,1
73.544,land,nan,12.718,1.499,0.02,-0.28,96.21,-0.29,-0.00,-0.05,767,767,767,767,LAND,1
73.564,land,nan,12.718,1.499,0.01,-0.28,96.21,-0.30,-0.10,-0.03,766,767,767,767,LAND,1
73.584,land,nan,12.718,1.499,0.01,-0.28,96.21,-0.28,0.02,-0.07,766,767,767,767,LAND,1
73.604,land,nan,12.634,1.498,0.00,-0.28,96.21,-0.24,0.05,-0.02,769,770,770,770,LAND,1
73.624,land,nan,12.634,1.498,-0.00,-0.28,96.21,-0.21,0.01,-0.06,769,770,770,770,LAND,1
73.644,land,nan,12.562,1.498,-0.01,-0.28,96.21,-0.20,0.02,-0.08,769,770,770,770,LAND,1
73.664,land,nan,12.562,1.498,-0.01,-0.28,96.21,-0.20,0.07,-0.04,772,773,773,772,LAND,1
73.684,land,nan,12.562,1.498,-0.01,-0.27,96.21,-0.16,-0.01,-0.07,772,773,773,772,LAND,1
73.704,land,nan,12.489,1.497,-0.01,-0.27,96.21,-0.09,0.01,-0.12,767,766,767,766,LAND,1
73.724,land,nan,12.489,1.497,-0.02,-0.27,96.21,-0.03,0.07,-0.08,767,766,767,766,LAND,1
73.744,land,nan,12.418,1.496,-0.02,-0.27,96.20,0.02,0.15,-0.11,767,766,767,766,LAND,1
73.764,land,nan,12.418,1.496,-0.02,-0.27,96.20,-0.04,0.11,-0.06,769,769,769,769,LAND,1
73.784,land,nan,12.418,1.496,-0.02,-0.26,96.20,-0.03,0.13,-0.07,769,769,769,769,LAND,1
73.804,land,nan,12.334,1.496,-0.02,-0.26,96.20,0.04,0.14,-0.09,769,769,769,769,LAND,1
73.824,land,nan,12.334,1.496,-0.02,-0.26,96.20,0.00,0.16,-0.11,769,769,769,769,LAND,1
73.844,land,nan,12.262,1.496,-0.02,-0.26,96.20,-0.03,0.18,-0.10,769,769,769,769,LAND,1
73.864,land,nan,12.262,1.496,-0.02,-0.25,96.20,-0.07,0.15,-0.08,772,772,772,772,LAND,1
73.884,land,nan,12.262,1.496,-0.02,-0.25,96.20,0.01,0.22,-0.12,772,772,772,772,LAND,1
73.904,land,nan,12.191,1.496,-0.02,-0.25,96.20,-0.03,0.17,-0.06,766,765,766,765,LAND,1
73.924,land,nan,12.191,1.496,-0.02,-0.24,96.20,-0.03,0.30,-0.06,766,765,766,765,LAND,1
73.944,land,nan,12.120,1.497,-0.02,-0.23,96.20,-0.04,0.31,-0.04,766,765,766,765,LAND,1
73.964,land,nan,12.120,1.497,-0.02,-0.23,96.20,-0.08,0.33,-0.07,769,769,769,769,LAND,1
73.984,land,nan,12.120,1.497,-0.02,-0.22,96.20,-0.14,0.32,-0.03,769,769,769,769,LAND,1
74.004,land,nan,12.037,1.498,-0.03,-0.21,96.21,-0.13,0.51,-0.06,768,769,768,769,LAND,1
74.024,land,nan,12.037,1.498,-0.03,-0.21,96.21,-0.12,0.41,-0.08,768,769,768,769,LAND,1
74.044,land,nan,11.966,1.498,-0.03,-0.20,96.21,-0.13,0.46,0.00,768,769,768,769,LAND,1
74.064,land,nan,11.966,1.498,-0.03,-0.19,96.22,-0.14,0.43,-0.07,771,772,771,772,LAND,1
74.084,land,nan,11.966,1.498,-0.03,-0.18,96.22,-0.27,0.40,-0.09,771,772,771,772,LAND,1
74.104,land,nan,11.895,1.499,-0.04,-0.17,96.22,-0.26,0.43,-0.09,765,766,766,765,LAND,1
74.124,land,nan,11.895,1.499,-0.04,-0.16,96.23,-0.20,0.41,-0.02,765,766,766,765,LAND,1
74.144,land,nan,11.823,1.500,-0.05,-0.16,96.23,-0.25,0.44,-0.04,765,766,766,765,LAND,1
74.164,land,nan,11.823,1.500,-0.05,-0.15,96.23,-0.31,0.42,-0.08,768,769,769,769,LAND,1
74.184,land,nan,11.823,1.500,-0.06,-0.14,96.24,-0.31,0.40,-0.06,768,769,769,769,LAND,1
74.204,land,nan,11.739,1.501,-0.06,-0.13,96.24,-0.28,0.39,-0.09,769,768,769,769,LAND,1
74.224,land,nan,11.739,1.501,-0.07,-0.12,96.24,-0.28,0.38,-0.07,769,768,769,769,LAND,1
74.244,land,nan,11.667,1.502,-0.08,-0.11,96.24,-0.41,0.50,-0.16,769,768,769,769,LAND,1
74.264,land,nan,11.667,1.502,-0.08,-0.11,96.24,-0.34,0.40,-0.03,771,772,772,772,LAND,1
74.284,land,nan,11.667,1.502,-0.09,-0.10,96.25,-0.27,0.44,-0.09,771,772,772,772,LAND,1
74.304,land,nan,11.596,1.502,-0.09,-0.09,96.25,-0.24,0.36,-0.08,765,766,766,766,LAND,1
74.324,land,nan,11.596,1.502,-0.10,-0.08,96.24,-0.22,0.34,-0.11,765,766,766,766,LAND,1
74.344,land,nan,11.524,1.502,-0.10,-0.07,96.24,-0.25,0.35,-0.12,765,766,766,766,LAND,1
74.364,land,nan,11.524,1.502,-0.11,-0.07,96.24,-0.20,0.30,-0.16,768,769,769,769,LAND,1
74.384,land,nan,11.524,1.502,-0.11,-0.06,96.24,-0.09,0.27,-0.15,768,769,769,769,LAND,1
74.404,land,nan,11.440,1.503,-0.11,-0.06,96.23,-0.07,0.26,-0.14,769,769,769,769,LAND,1
74.424,land,nan,11.440,1.503,-0.11,-0.05,96.23,-0.14,0.23,-0.12,769,769,769,769,LAND,1
74.444,land,nan,11.369,1.504,-0.12,-0.04,96.22,-0.16,0.31,-0.13,769,769,769,769,LAND,1
74.464,land,nan,11.369,1.504,-0.12,-0.04,96.22,-0.05,0.27,-0.11,771,772,772,772,LAND,1
74.484,land,nan,11.369,1.504,-0.12,-0.03,96.21,-0.02,0.16,-0.08,771,772,772,772,LAND,1
74.504,land,nan,11.297,1.504,-0.12,-0.03,96.21,0.05,0.18,-0.10,766,766,766,766,LAND,1
74.524,land,nan,11.297,1.504,-0.12,-0.03,96.20,-0.04,0.16,-0.10,766,766,766,766,LAND,1
74.544,land,nan,11.226,1.504,-0.12,-0.02,96.19,-0.05,0.27,-0.07,766,766,766,766,LAND,1
74.564,land,nan,11.226,1.504,-0.12,-0.02,96.19,0.11,0.18,-0.07,768,769,768,769,LAND,1
74.584,land,nan,11.226,1.504,-0.12,-0.01,96.18,0.18,0.29,-0.16,768,769,768,769,LAND,1
74.604,land,nan,11.142,1.504,-0.12,-0.01,96.18,0.18,0.24,-0.12,769,769,769,768,LAND,1
74.624,land,nan,11.142,1.504,-0.11,-0.00,96.17,0.23,0.21,-0.09,769,769,769,768,LAND,1
74.644,land,nan,11.071,1.505,-0.11,0.00,96.17,0.28,0.29,-0.09,769,769,769,768,LAND,1
74.664,land,nan,11.071,1.505,-0.10,0.01,96.16,0.29,0.29,-0.09,772,772,771,772,LAND,1
74.684,land,nan,11.071,1.505,-0.10,0.01,96.16,0.24,0.28,-0.14,772,772,771,772,LAND,1
74.704,land,nan,10.999,1.506,-0.09,0.02,96.15,0.25,0.25,-0.04,766,766,765,765,LAND,1
74.724,land,nan,10.999,1.506,-0.09,0.02,96.15,0.22,0.31,-0.08,766,766,765,765,LAND,1
74.744,land,nan,10.928,1.506,-0.08,0.03,96.15,0.29,0.26,-0.06,766,766,765,765,LAND,1
74.764,land,nan,10.928,1.506,-0.08,0.03,96.15,0.33,0.28,-0.03,769,769,768,768,LAND,1
74.784,land,nan,10.928,1.506,-0.07,0.04,96.14,0.36,0.32,0.00,769,769,768,768,LAND,1
74.804,land,nan,10.845,1.507,-0.07,0.04,96.14,0.32,0.32,-0.01,769,769,768,768,LAND,1
74.824,land,nan,10.845,1.507,-0.06,0.05,96.14,0.33,0.33,0.02,769,769,768,768,LAND,1
74.844,land,nan,10.774,1.507,-0.05,0.06,96.14,0.31,0.26,0.03,769,769,768,768,LAND,1
74.864,land,nan,10.774,1.507,-0.05,0.06,96.15,0.32,0.36,0.04,772,771,771,770,LAND,1
74.884,land,nan,10.774,1.507,-0.04,0.07,96.15,0.36,0.36,0.04,772,771,771,770,LAND,1
74.904,land,nan,10.703,1.508,-0.03,0.08,96.15,0.37,0.31,0.01,765,765,765,765,LAND,1
74.924,land,nan,10.703,1.508,-0.03,0.08,96.15,0.29,0.41,-0.01,765,765,765,765,LAND,1
74.944,land,nan,10.632,1.509,-0.02,0.09,96.15,0.30,0.33,0.03,765,765,765,765,LAND,1
74.964,land,nan,10.632,1.509,-0.01,0.09,96.15,0.28,0.28,0.06,768,768,768,768,LAND,1
74.984,land,nan,10.632,1.509,-0.01,0.10,96.16,0.31,0.40,0.04,768,768,768,768,LAND,1
75.004,land,nan,10.549,1.510,-0.00,0.11,96.16,0.27,0.43,0.06,768,768,767,768,LAND,1
75.024,land,nan,10.549,1.510,0.00,0.12,96.16,0.18,0.34,0.10,768,768,767,768,LAND,1
75.044,land,nan,10.478,1.511,0.00,0.12,96.16,0.16,0.31,0.08,768,768,767,768,LAND,1
75.064,land,nan,10.478,1.511,0.01,0.13,96.16,0.18,0.29,0.01,771,771,771,771,LAND,1
75.084,land,nan,10.478,1.511,0.01,0.13,96.16,0.19,0.31,0.05,771,771,771,771,LAND,1
75.104,land,nan,10.407,1.513,0.01,0.14,96.17,0.12,0.32,0.07,765,766,765,765,LAND,1
75.124,land,nan,10.407,1.513,0.02,0.15,96.17,0.12,0.30,0.07,765,766,765,765,LAND,1
75.144,land,nan,10.336,1.514,0.02,0.15,96.17,0.20,0.32,0.09,765,766,765,765,LAND,1
75.164,land,nan,10.336,1.514,0.02,0.16,96.17,0.15,0.34,0.03,768,768,768,769,LAND,1
75.184,land,nan,10.336,1.514,0.03,0.17,96.17,0.16,0.25,0.06,768,768,768,769,LAND,1
75.204,land,nan,10.252,1.514,0.03,0.17,96.17,0.16,0.11,0.06,768,768,768,768,LAND,1
75.224,land,nan,10.252,1.514,0.03,0.17,96.17,0.23,0.15,0.08,768,768,768,768,LAND,1
75.244,land,nan,10.181,1.515,0.04,0.17,96.17,0.18,0.07,0.08,768,768,768,768,LAND,1
75.264,land,nan,10.181,1.515,0.04,0.18,96.17,0.09,0.07,0.01,771,771,771,771,LAND,1
75.284,land,nan,10.181,1.515,0.04,0.18,96.17,0.10,0.04,0.06,771,771,771,771,LAND,1
75.304,land,nan,10.110,1.516,0.04,0.18,96.17,0.12,0.06,0.04,765,765,765,765,LAND,1
75.324,land,nan,10.110,1.516,0.05,0.18,96.17,0.14,0.01,0.05,765,765,765,765,LAND,1
75.344,land,nan,10.039,1.517,0.05,0.18,96.17,0.14,0.07,0.07,765,765,765,765,LAND,1
75.364,land,nan,10.039,1.517,0.05,0.18,96.17,0.11,0.06,0.10,768,768,768,768,LAND,1
75.384,land,nan,10.039,1.517,0.05,0.18,96.17,0.14,0.04,-0.01,768,768,768,768,LAND,1
75.404,land,nan,9.955,1.518,0.05,0.18,96.17,0.09,0.06,0.06,768,769,768,768,LAND,1
75.424,land,nan,9.955,1.518,0.06,0.18,96.17,0.15,-0.02,0.07,768,769,768,768,LAND,1
75.444,land,nan,9.884,1.516,0.06,0.18,96.17,0.12,-0.05,0.07,768,769,768,768,LAND,1
75.464,land,nan,9.884,1.516,0.06,0.18,96.17,0.05,-0.11,0.09,782,782,782,782,LAND,1
75.484,land,nan,9.884,1.516,0.06,0.18,96.17,0.09,-0.06,0.07,782,782,782,782,LAND,1
75.504,land,nan,9.812,1.503,0.06,0.18,96.17,0.07,-0.04,0.06,781,781,781,781,LAND,1
75.524,land,nan,9.812,1.503,0.06,0.17,96.17,0.04,-0.10,0.06,781,781,781,781,LAND,1
75.544,land,nan,9.742,1.486,0.06,0.17,96.17,0.09,-0.12,0.08,781,781,781,781,LAND,1
75.564,land,nan,9.742,1.486,0.07,0.17,96.17,0.04,-0.15,0.07,779,779,779,779,LAND,1
75.584,land,nan,9.742,1.486,0.06,0.17,96.17,0.00,-0.05,0.04,779,779,779,779,LAND,1
75.604,land,nan,9.660,1.468,0.07,0.17,96.17,-0.00,-0.10,0.05,780,780,780,780,LAND,1
75.624,land,nan,9.660,1.468,0.07,0.16,96.17,0.03,-0.20,0.09,780,780,780,780,LAND,1
75.644,land,nan,9.591,1.454,0.07,0.16,96.17,-0.02,-0.17,0.05,780,780,780,780,LAND,1
75.664,land,nan,9.591,1.454,0.07,0.16,96.16,-0.07,-0.18,0.03,782,782,782,782,LAND,1
75.684,land,nan,9.591,1.454,0.06,0.15,96.16,-0.14,-0.22,0.06,782,782,782,782,LAND,1
75.704,land,nan,9.523,1.442,0.06,0.15,96.16,-0.15,-0.16,0.03,774,774,774,774,LAND,1
75.724,land,nan,9.523,1.442,0.06,0.15,96.16,-0.17,-0.19,0.04,774,774,774,774,LAND,1
75.744,land,nan,9.455,1.431,0.05,0.14,96.16,-0.16,-0.19,0.05,774,774,774,774,LAND,1
75.764,land,nan,9.455,1.431,0.05,0.14,96.16,-0.10,-0.19,0.04,776,776,776,776,LAND,1
75.784,land,nan,9.455,1.431,0.05,0.14,96.16,-0.11,-0.19,0.07,776,776,776,776,LAND,1
75.804,land,nan,9.377,1.419,0.05,0.13,96.16,-0.23,-0.15,0.07,778,778,777,778,LAND,1
75.824,land,nan,9.377,1.419,0.04,0.13,96.15,-0.30,-0.22,-0.00,778,778,777,778,LAND,1
75.844,land,nan,9.310,1.410,0.04,0.13,96.15,-0.28,-0.19,0.07,778,778,777,778,LAND,1
75.864,land,nan,9.310,1.410,0.03,0.12,96.15,-0.30,-0.22,0.10,780,780,779,780,LAND,1
75.884,land,nan,9.310,1.410,0.03,0.12,96.15,-0.35,-0.27,0.10,780,780,779,780,LAND,1
75.904,land,nan,9.244,1.400,0.02,0.11,96.15,-0.27,-0.35,0.07,776,775,775,775,LAND,1
75.924,land,nan,9.244,1.400,0.01,0.11,96.15,-0.30,-0.23,0.09,776,775,775,775,LAND,1
75.944,land,nan,9.178,1.390,0.01,0.10,96.15,-0.24,-0.35,0.06,776,775,775,775,LAND,1
75.964,land,nan,9.178,1.390,0.00,0.10,96.15,-0.33,-0.30,0.10,776,775,775,775,LAND,1
75.984,land,nan,9.178,1.390,-0.00,0.09,96.15,-0.35,-0.34,0.07,776,775,775,775,LAND,1
76.004,land,nan,9.101,1.379,-0.01,0.08,96.15,-0.35,-0.31,0.08,777,777,777,777,LAND,1
76.024,land,nan,9.101,1.379,-0.02,0.08,96.14,-0.33,-0.31,0.09,777,777,777,777,LAND,1
76.044,land,nan,9.036,1.369,-0.02,0.07,96.14,-0.27,-0.27,0.05,777,777,777,777,LAND,1
76.064,land,nan,9.036,1.369,-0.03,0.07,96.14,-0.31,-0.36,0.10,780,780,779,780,LAND,1
76.084,land,nan,9.036,1.369,-0.04,0.06,96.14,-0.41,-0.38,0.08,780,780,779,780,LAND,1
76.104,land,nan,8.971,1.360,-0.04,0.05,96.14,-0.38,-0.35,0.11,773,773,773,773,LAND,1
76.124,land,nan,8.971,1.360,-0.05,0.05,96.14,-0.43,-0.19,0.07,773,773,773,773,LAND,1
76.144,land,nan,8.907,1.350,-0.06,0.05,96.14,-0.39,-0.29,0.09,773,773,773,773,LAND,1
76.164,land,nan,8.907,1.350,-0.07,0.04,96.14,-0.41,-0.38,0.19,776,776,775,775,LAND,1
76.184,land,nan,8.907,1.350,-0.07,0.03,96.14,-0.36,-0.33,0.04,776,776,775,775,LAND,1
76.204,land,nan,8.832,1.338,-0.08,0.03,96.14,-0.31,-0.29,0.07,778,778,777,778,LAND,1
76.224,land,nan,8.832,1.338,-0.09,0.02,96.14,-0.38,-0.36,0.06,778,778,777,778,LAND,1
76.244,land,nan,8.768,1.328,-0.09,0.02,96.14,-0.27,-0.37,0.10,778,778,777,778,LAND,1
76.264,land,nan,8.768,1.328,-0.10,0.01,96.14,-0.30,-0.35,0.11,780,780,780,780,LAND,1
76.284,land,nan,8.768,1.328,-0.10,0.00,96.14,-0.26,-0.43,0.16,780,780,780,780,LAND,1
76.304,land,nan,8.705,1.318,-0.11,-0.01,96.14,-0.29,-0.44,0.12,774,773,773,773,LAND,1
76.324,land,nan,8.705,1.318,-0.11,-0.01,96.14,-0.26,-0.43,0.14,774,773,773,773,LAND,1
76.344,land,nan,8.642,1.309,-0.12,-0.02,96.14,-0.27,-0.37,0.10,774,773,773,773,LAND,1
76.364,land,nan,8.642,1.309,-0.12,-0.03,96.13,-0.29,-0.45,0.14,776,776,775,776,LAND,1
76.384,land,nan,8.642,1.309,-0.13,-0.04,96.13,-0.27,-0.48,0.14,776,776,775,776,LAND,1
76.404,land,nan,8.570,1.297,-0.13,-0.05,96.13,-0.29,-0.47,0.09,778,778,778,778,LAND,1
76.424,land,nan,8.570,1.297,-0.14,-0.05,96.13,-0.24,-0.48,0.15,778,778,778,778,LAND,1
76.444,land,nan,8.508,1.287,-0.14,-0.06,96.13,-0.23,-0.47,0.06,778,778,778,778,LAND,1
76.464,land,nan,8.508,1.287,-0.15,-0.07,96.12,-0.24,-0.50,0.12,780,780,780,780,LAND,1
76.484,land,nan,8.508,1.287,-0.15,-0.08,96.12,-0.18,-0.46,0.12,780,780,780,780,LAND,1
76.504,land,nan,8.447,1.276,-0.15,-0.09,96.12,-0.18,-0.40,0.14,774,774,773,773,LAND,1
76.524,land,nan,8.447,1.276,-0.16,-0.10,96.12,-0.16,-0.36,0.07,774,774,773,773,LAND,1
76.544,land,nan,8.387,1.266,-0.16,-0.10,96.12,-0.09,-0.37,0.11,774,774,773,773,LAND,1
76.564,land,nan,8.387,1.266,-0.16,-0.11,96.12,-0.12,-0.30,0.14,776,776,775,775,LAND,1
76.584,land,nan,8.387,1.266,-0.16,-0.11,96.12,-0.09,-0.33,0.17,776,776,775,775,LAND,1
76.604,land,nan,8.317,1.254,-0.16,-0.12,96.12,-0.09,-0.26,0.14,778,778,777,777,LAND,1
76.624,land,nan,8.317,1.254,-0.17,-0.13,96.12,-0.12,-0.29,0.11,778,778,777,777,LAND,1
76.644,land,nan,8.258,1.245,-0.17,-0.13,96.12,-0.15,-0.20,0.14,778,778,777,777,LAND,1
76.664,land,nan,8.258,1.245,-0.17,-0.13,96.13,-0.05,-0.08,0.14,780,780,779,779,LAND,1
76.684,land,nan,8.258,1.245,-0.17,-0.13,96.13,0.01,-0.09,0.15,780,780,779,779,LAND,1
76.704,land,nan,8.199,1.235,-0.17,-0.14,96.13,0.02,-0.07,0.12,773,773,773,773,LAND,1
76.724,land,nan,8.199,1.235,-0.17,-0.14,96.14,-0.00,-0.08,0.14,773,773,773,773,LAND,1
76.744,land,nan,8.141,1.225,-0.17,-0.14,96.14,0.01,-0.01,0.17,773,773,773,773,LAND,1
76.764,land,nan,8.141,1.225,-0.17,-0.14,96.15,0.12,0.06,0.17,775,775,775,774,LAND,1
76.784,land,nan,8.141,1.225,-0.17,-0.14,96.15,0.13,0.04,0.16,775,775,775,774,LAND,1
76.804,land,nan,8.074,1.214,-0.16,-0.14,96.16,0.08,0.10,0.15,777,777,777,777,LAND,1
76.824,land,nan,8.074,1.214,-0.16,-0.14,96.17,0.19,0.09,0.20,777,777,777,777,LAND,1
76.844,land,nan,8.017,1.205,-0.16,-0.13,96.17,0.14,0.24,0.18,777,777,777,777,LAND,1
76.864,land,nan,8.017,1.205,-0.16,-0.13,96.18,0.19,0.28,0.12,779,779,779,779,LAND,1
76.884,land,nan,8.017,1.205,-0.15,-0.12,96.18,0.24,0.26,0.16,779,779,779,779,LAND,1
76.904,land,nan,7.961,1.196,-0.15,-0.12,96.19,0.19,0.36,0.14,772,772,773,773,LAND,1
76.924,land,nan,7.961,1.196,-0.15,-0.11,96.19,0.15,0.36,0.15,772,772,773,773,LAND,1
76.944,land,nan,7.905,1.187,-0.14,-0.10,96.20,0.24,0.37,0.07,772,772,773,773,LAND,1
76.964,land,nan,7.905,1.187,-0.14,-0.10,96.20,0.19,0.33,0.17,774,774,774,775,LAND,1
76.984,land,nan,7.905,1.187,-0.13,-0.09,96.20,0.20,0.38,0.09,774,774,774,775,LAND,1
77.004,land,nan,7.840,1.177,-0.13,-0.08,96.21,0.32,0.32,0.07,776,776,777,777,LAND,1
77.024,land,nan,7.840,1.177,-0.12,-0.08,96.21,0.33,0.32,0.10,776,776,777,777,LAND,1
77.044,land,nan,7.785,1.169,-0.12,-0.07,96.21,0.29,0.31,0.10,776,776,777,777,LAND,1
77.064,land,nan,7.785,1.169,-0.11,-0.07,96.21,0.26,0.22,0.10,778,778,778,779,LAND,1
77.084,land,nan,7.785,1.169,-0.11,-0.06,96.21,0.31,0.20,0.11,778,778,778,779,LAND,1
77.104,land,nan,7.731,1.161,-0.10,-0.06,96.21,0.31,0.17,0.06,771,771,772,772,LAND,1
77.124,land,nan,7.731,1.161,-0.09,-0.05,96.21,0.35,0.20,0.06,771,771,772,772,LAND,1
77.144,land,nan,7.686,1.154,-0.09,-0.05,96.21,0.43,0.17,-0.01,771,771,772,772,LAND,1
77.164,land,nan,7.686,1.154,-0.08,-0.05,96.21,0.42,0.21,0.12,770,769,770,770,LAND,1
77.184,land,nan,7.686,1.154,-0.07,-0.04,96.21,0.43,0.21,-0.00,770,769,770,770,LAND,1
77.204,land,nan,7.624,1.145,-0.06,-0.04,96.21,0.44,0.22,0.06,772,773,773,773,LAND,1
77.224,land,nan,7.624,1.145,-0.06,-0.03,96.21,0.45,0.16,0.01,772,773,773,773,LAND,1
77.244,land,nan,7.571,1.141,-0.05,-0.03,96.21,0.52,0.18,0.00,772,773,773,773,LAND,1
77.268,land,nan,7.571,1.141,-0.03,-0.03,96.21,0.39,0.04,0.01,776,776,776,777,LAND,1
77.284,land,nan,7.571,1.141,-0.03,-0.02,96.21,0.40,0.10,0.03,776,776,776,777,LAND,1
77.304,land,nan,7.518,1.136,-0.02,-0.02,96.20,0.38,0.14,0.00,770,771,771,771,LAND,1
77.324,land,nan,7.518,1.136,-0.01,-0.02,96.20,0.40,0.11,-0.05,770,771,771,771,LAND,1
77.344,land,nan,7.465,1.129,-0.01,-0.02,96.20,0.49,0.06,-0.03,770,771,771,771,LAND,1
77.364,land,nan,7.465,1.129,0.00,-0.01,96.20,0.47,0.15,-0.03,773,772,773,773,LAND,1
77.384,land,nan,7.465,1.129,0.01,-0.01,96.19,0.42,0.08,-0.05,773,772,773,773,LAND,1
77.404,land,nan,7.403,1.121,0.02,-0.01,96.19,0.41,0.03,-0.03,776,775,776,776,LAND,1
77.424,land,nan,7.403,1.121,0.03,-0.01,96.19,0.45,0.02,-0.03,776,775,776,776,LAND,1
77.444,land,nan,7.351,1.114,0.04,-0.01,96.18,0.36,-0.10,-0.03,776,775,776,776,LAND,1
77.464,land,nan,7.351,1.114,0.04,-0.01,96.18,0.36,0.03,-0.02,778,777,778,777,LAND,1
77.484,land,nan,7.351,1.114,0.05,-0.01,96.18,0.44,0.08,-0.03,778,777,778,777,LAND,1
77.504,land,nan,7.299,1.106,0.06,-0.01,96.18,0.39,0.06,0.00,772,772,772,772,LAND,1
77.524,land,nan,7.299,1.106,0.07,-0.01,96.18,0.41,0.06,-0.03,772,772,772,772,LAND,1
77.544,land,nan,7.246,1.098,0.08,-0.00,96.18,0.34,0.06,-0.05,772,772,772,772,LAND,1
77.564,land,nan,7.246,1.098,0.08,-0.00,96.17,0.37,0.19,-0.03,774,774,774,774,LAND,1
77.584,land,nan,7.246,1.098,0.09,-0.00,96.17,0.26,-0.02,-0.01,774,774,774,774,LAND,1
77.604,land,nan,7.186,1.089,0.09,-0.00,96.17,0.26,-0.01,0.02,777,777,776,777,LAND,1
77.624,land,nan,7.186,1.089,0.10,-0.00,96.17,0.20,0.02,-0.01,777,777,776,777,LAND,1
77.644,land,nan,7.134,1.080,0.10,-0.00,96.17,0.20,0.11,-0.01,777,777,776,777,LAND,1
77.664,land,nan,7.134,1.080,0.11,0.00,96.17,0.24,0.09,-0.01,779,779,778,779,LAND,1
77.688,land,nan,7.134,1.080,0.11,0.00,96.17,0.13,0.02,-0.04,779,779,778,779,LAND,1
77.704,land,nan,7.083,1.072,0.11,0.00,96.17,0.13,0.02,-0.01,773,773,773,773,LAND,1
77.724,land,nan,7.083,1.072,0.12,0.01,96.17,0.11,0.06,0.03,773,773,773,773,LAND,1
77.744,land,nan,7.032,1.063,0.12,0.01,96.17,0.09,0.10,0.04,773,773,773,773,LAND,1
77.764,land,nan,7.032,1.063,0.12,0.01,96.17,0.09,0.12,0.04,775,775,775,775,LAND,1
77.784,land,nan,7.032,1.063,0.12,0.01,96.18,0.08,0.10,-0.01,775,775,775,775,LAND,1
77.804,land,nan,6.972,1.053,0.12,0.01,96.18,0.15,0.15,-0.06,778,778,778,778,LAND,1
77.824,land,nan,6.972,1.053,0.13,0.01,96.18,0.00,0.04,0.02,778,778,778,778,LAND,1
77.844,land,nan,6.921,1.044,0.13,0.02,96.18,0.09,0.13,-0.08,778,778,778,778,LAND,1
77.864,land,nan,6.921,1.044,0.13,0.02,96.18,0.05,0.11,0.02,780,780,779,780,LAND,1
77.884,land,nan,6.921,1.044,0.13,0.02,96.18,0.04,0.14,0.02,780,780,779,780,LAND,1
77.904,land,nan,6.871,1.034,0.13,0.02,96.18,0.05,0.13,-0.02,774,774,774,774,LAND,1
77.924,land,nan,6.871,1.034,0.13,0.03,96.18,0.06,0.19,0.04,774,774,774,774,LAND,1
77.944,land,nan,6.821,1.024,0.13,0.03,96.18,-0.05,0.20,0.02,774,774,774,774,LAND,1
77.964,land,nan,6.821,1.024,0.13,0.03,96.18,-0.02,0.10,0.05,775,776,775,776,LAND,1
77.984,land,nan,6.821,1.024,0.13,0.04,96.18,-0.08,0.10,0.03,775,776,775,776,LAND,1
78.004,land,nan,6.763,1.013,0.13,0.04,96.18,-0.05,0.08,0.01,778,778,778,778,LAND,1
78.024,land,nan,6.763,1.013,0.13,0.04,96.18,-0.09,-0.02,-0.03,778,778,778,778,LAND,1
78.044,land,nan,6.715,1.003,0.13,0.04,96.18,-0.10,0.01,0.03,778,778,778,778,LAND,1
78.064,land,nan,6.715,1.003,0.13,0.04,96.18,-0.14,-0.06,0.01,779,779,779,779,LAND,1
78.084,land,nan,6.715,1.003,0.12,0.04,96.18,-0.17,-0.04,0.06,779,779,779,779,LAND,1
78.104,land,nan,6.667,0.994,0.12,0.04,96.18,-0.14,-0.02,0.01,773,773,773,773,LAND,1
78.124,land,nan,6.667,0.994,0.12,0.04,96.18,-0.16,-0.05,0.02,773,773,773,773,LAND,1
78.144,land,nan,6.619,0.985,0.12,0.04,96.18,-0.16,-0.08,0.06,773,773,773,773,LAND,1
78.164,land,nan,6.619,0.985,0.11,0.03,96.18,-0.11,-0.05,0.03,775,775,775,775,LAND,1
78.184,land,nan,6.619,0.985,0.11,0.03,96.18,-0.15,-0.05,0.03,775,775,775,775,LAND,1
78.204,land,nan,6.564,0.974,0.11,0.03,96.18,-0.11,-0.03,0.00,777,777,777,777,LAND,1
78.224,land,nan,6.564,0.974,0.11,0.03,96.18,-0.09,-0.07,0.04,777,777,777,777,LAND,1
78.244,land,nan,6.518,0.965,0.10,0.03,96.18,-0.09,-0.21,0.01,777,777,777,777,LAND,1
78.264,land,nan,6.518,0.965,0.10,0.03,96.18,-0.05,-0.16,-0.02,778,778,778,778,LAND,1
78.284,land,nan,6.518,0.965,0.10,0.03,96.18,-0.14,-0.10,-0.02,778,778,778,778,LAND,1
78.304,land,nan,6.472,0.957,0.10,0.02,96.18,-0.03,-0.11,0.03,772,772,772,773,LAND,1
78.324,land,nan,6.472,0.957,0.10,0.02,96.18,0.04,-0.22,0.01,772,772,772,773,LAND,1
78.344,land,nan,6.427,0.949,0.10,0.02,96.18,0.02,-0.23,0.04,772,772,772,773,LAND,1
78.364,land,nan,6.427,0.949,0.10,0.01,96.18,0.02,-0.30,0.00,774,774,774,774,LAND,1
78.384,land,nan,6.427,0.949,0.10,0.01,96.18,0.02,-0.20,0.04,774,774,774,774,LAND,1
78.404,land,nan,6.375,0.939,0.10,0.01,96.18,-0.02,-0.24,-0.01,775,776,776,776,LAND,1
78.428,land,nan,6.375,0.939,0.10,0.00,96.18,-0.03,-0.34,0.04,775,776,776,776,LAND,1
78.444,land,nan,6.330,0.932,0.10,-0.00,96.19,0.04,-0.24,0.04,775,776,776,776,LAND,1
78.464,land,nan,6.330,0.932,0.10,-0.01,96.19,0.02,-0.28,-0.01,777,777,777,777,LAND,1
78.484,land,nan,6.330,0.932,0.10,-0.01,96.19,0.09,-0.33,-0.01,777,777,777,777,LAND,1
78.504,land,nan,6.287,0.924,0.10,-0.02,96.19,0.06,-0.32,0.02,773,773,773,773,LAND,1
78.524,land,nan,6.287,0.924,0.10,-0.03,96.19,0.05,-0.40,0.02,773,773,773,773,LAND,1
78.544,land,nan,6.243,0.917,0.10,-0.03,96.19,0.05,-0.30,-0.00,773,773,773,773,LAND,1
78.564,land,nan,6.243,0.917,0.10,-0.04,96.19,0.14,-0.23,-0.01,773,773,773,773,LAND,1
78.584,land,nan,6.243,0.917,0.10,-0.04,96.19,0.12,-0.37,0.01,773,773,773,773,LAND,1
78.604,land,nan,6.193,0.909,0.11,-0.05,96.19,0.12,-0.34,0.02,775,775,775,775,LAND,1
78.624,land,nan,6.193,0.909,0.11,-0.06,96.19,0.19,-0.23,0.02,775,775,775,775,LAND,1
78.644,land,nan,6.151,0.903,0.11,-0.06,96.19,0.11,-0.16,0.01,775,775,775,775,LAND,1
78.664,land,nan,6.151,0.903,0.11,-0.06,96.19,0.11,-0.24,-0.01,776,776,776,776,LAND,1
78.684,land,nan,6.151,0.903,0.11,-0.07,96.19,0.05,-0.25,0.03,776,776,776,776,LAND,1
78.704,land,nan,6.109,0.897,0.12,-0.07,96.19,0.01,0.00,-0.01,772,772,772,773,LAND,1
78.724,land,nan,6.109,0.897,0.12,-0.07,96.19,0.02,-0.01,0.03,772,772,772,773,LAND,1
78.744,land,nan,6.067,0.891,0.12,-0.07,96.19,0.13,-0.03,0.00,772,772,772,773,LAND,1
78.764,land,nan,6.067,0.891,0.12,-0.07,96.19,0.07,-0.01,0.00,772,772,772,773,LAND,1
78.784,land,nan,6.067,0.891,0.12,-0.08,96.19,-0.10,-0.06,-0.04,772,772,772,773,LAND,1
78.804,land,nan,6.019,0.884,0.12,-0.08,96.19,0.07,0.04,0.05,775,774,774,775,LAND,1
78.824,land,nan,6.019,0.884,0.12,-0.08,96.19,-0.04,0.06,-0.02,775,774,774,775,LAND,1
78.844,land,nan,5.977,0.878,0.12,-0.07,96.19,-0.05,0.08,0.02,775,774,774,775,LAND,1
78.864,land,nan,5.977,0.878,0.12,-0.07,96.19,-0.09,0.07,0.03,776,776,776,776,LAND,1
78.884,land,nan,5.977,0.878,0.11,-0.07,96.19,-0.08,0.10,-0.06,776,776,776,776,LAND,1
78.904,land,nan,5.936,0.872,0.11,-0.07,96.19,0.04,0.14,0.01,771,771,771,771,LAND,1
78.924,land,nan,5.936,0.872,0.11,-0.07,96.19,-0.07,0.15,-0.01,771,771,771,771,LAND,1
78.944,land,nan,5.895,0.866,0.11,-0.07,96.19,-0.03,0.20,0.00,771,771,771,771,LAND,1
78.964,land,nan,5.895,0.866,0.11,-0.06,96.19,-0.07,0.19,-0.04,772,773,772,773,LAND,1
78.984,land,nan,5.895,0.866,0.11,-0.06,96.19,0.00,0.17,-0.03,772,773,772,773,LAND,1
79.004,land,nan,5.848,0.859,0.11,-0.06,96.19,0.07,0.26,-0.03,775,775,775,775,LAND,1
79.024,land,nan,5.848,0.859,0.11,-0.05,96.19,-0.02,0.26,-0.01,775,775,775,775,LAND,1
79.044,land,nan,5.808,0.852,0.11,-0.05,96.18,0.03,0.28,-0.02,775,775,775,775,LAND,1
79.064,land,nan,5.808,0.852,0.11,-0.04,96.18,0.03,0.22,-0.07,776,776,776,776,LAND,1
79.084,land,nan,5.808,0.852,0.11,-0.04,96.18,0.05,0.32,-0.01,776,776,776,776,LAND,1
79.104,land,nan,5.768,0.845,0.11,-0.03,96.18,0.10,0.31,-0.02,771,771,771,771,LAND,1
79.124,land,nan,5.768,0.845,0.11,-0.02,96.18,0.01,0.25,0.01,771,771,771,771,LAND,1
79.144,land,nan,5.728,0.839,0.11,-0.02,96.18,0.03,0.26,-0.02,771,771,771,771,LAND,1
79.164,land,nan,5.728,0.839,0.11,-0.01,96.18,0.02,0.22,0.01,773,773,772,773,LAND,1
79.184,land,nan,5.728,0.839,0.11,-0.01,96.18,0.02,0.21,-0.02,773,773,772,773,LAND,1
79.204,land,nan,5.682,0.832,0.11,-0.01,96.18,-0.01,0.22,0.04,775,775,775,775,LAND,1
79.224,land,nan,5.682,0.832,0.11,-0.00,96.18,0.03,0.32,-0.01,775,775,775,775,LAND,1
79.244,land,nan,5.643,0.825,0.11,0.00,96.18,0.06,0.26,-0.02,775,775,775,775,LAND,1
79.264,land,nan,5.643,0.825,0.11,0.01,96.18,0.02,0.23,-0.03,776,776,776,776,LAND,1
79.284,land,nan,5.643,0.825,0.11,0.01,96.18,0.06,0.29,0.02,776,776,776,776,LAND,1
79.304,land,nan,5.604,0.819,0.11,0.02,96.18,0.09,0.29,-0.02,773,773,772,773,LAND,1
79.324,land,nan,5.604,0.819,0.12,0.03,96.18,0.07,0.28,0.02,773,773,772,773,LAND,1
79.344,land,nan,5.566,0.812,0.12,0.03,96.18,0.10,0.21,-0.02,773,773,772,773,LAND,1
79.364,land,nan,5.566,0.812,0.12,0.04,96.18,0.01,0.27,-0.03,774,773,774,774,LAND,1
79.384,land,nan,5.566,0.812,0.12,0.04,96.18,-0.06,0.23,0.00,774,773,774,774,LAND,1
79.404,land,nan,5.521,0.804,0.12,0.04,96.18,-0.02,0.19,-0.01,775,775,775,775,LAND,1
79.424,land,nan,5.521,0.804,0.12,0.05,96.18,-0.00,0.21,0.02,775,775,775,775,LAND,1
79.444,land,nan,5.483,0.798,0.12,0.05,96.18,-0.01,0.16,0.03,775,775,775,775,LAND,1
79.464,land,nan,5.483,0.798,0.12,0.06,96.18,-0.13,0.21,0.04,777,776,776,776,LAND,1
79.484,land,nan,5.483,0.798,0.11,0.06,96.18,-0.15,0.28,0.01,777,776,776,776,LAND,1
79.504,land,nan,5.445,0.792,0.11,0.07,96.18,-0.21,0.22,-0.02,771,772,771,771,LAND,1
79.524,land,nan,5.445,0.792,0.11,0.07,96.18,-0.23,0.15,0.01,771,772,771,771,LAND,1
79.544,land,nan,5.407,0.785,0.10,0.07,96.18,-0.22,0.14,-0.02,771,772,771,771,LAND,1
79.564,land,nan,5.407,0.785,0.10,0.07,96.18,-0.26,0.14,0.00,773,772,773,773,LAND,1
79.584,land,nan,5.407,0.785,0.09,0.08,96.18,-0.28,0.21,0.03,773,772,773,773,LAND,1
79.604,land,nan,5.364,0.778,0.09,0.08,96.18,-0.35,0.24,0.01,775,775,775,775,LAND,1
79.624,land,nan,5.364,0.778,0.08,0.09,96.18,-0.41,0.20,-0.01,775,775,775,775,LAND,1
79.644,land,nan,5.327,0.771,0.07,0.09,96.18,-0.39,0.13,0.01,775,775,775,775,LAND,1
79.664,land,nan,5.327,0.771,0.07,0.09,96.18,-0.35,0.16,0.03,777,776,776,776,LAND,1
79.684,land,nan,5.327,0.771,0.06,0.10,96.18,-0.32,0.13,0.05,777,776,776,776,LAND,1
79.704,land,nan,5.290,0.765,0.05,0.10,96.18,-0.40,0.08,0.06,772,771,772,771,LAND,1
79.724,land,nan,5.290,0.765,0.04,0.10,96.18,-0.48,0.14,0.03,772,771,772,771,LAND,1
79.744,land,nan,5.254,0.758,0.04,0.10,96.18,-0.48,0.11,-0.01,772,771,772,771,LAND,1
79.764,land,nan,5.254,0.758,0.03,0.10,96.18,-0.47,0.03,0.06,773,773,773,773,LAND,1
79.784,land,nan,5.254,0.758,0.02,0.11,96.18,-0.51,0.03,0.03,773,773,773,773,LAND,1
79.804,land,nan,5.211,0.751,0.01,0.11,96.18,-0.54,-0.01,-0.03,775,775,775,775,LAND,1
79.824,land,nan,5.211,0.751,-0.00,0.11,96.18,-0.52,0.03,-0.00,775,775,775,775,LAND,1
79.844,land,nan,5.175,0.744,-0.01,0.11,96.18,-0.58,0.11,-0.03,775,775,775,775,LAND,1
79.864,land,nan,5.175,0.744,-0.02,0.11,96.18,-0.60,0.06,0.00,776,777,776,777,LAND,1
79.884,land,nan,5.175,0.744,-0.04,0.11,96.18,-0.53,-0.05,0.03,776,777,776,777,LAND,1
79.904,land,nan,5.139,0.738,-0.05,0.11,96.18,-0.59,0.01,-0.01,771,772,772,772,LAND,1
79.924,land,nan,5.139,0.738,-0.06,0.11,96.18,-0.49,0.12,-0.03,771,772,772,772,LAND,1
79.944,land,nan,5.104,0.731,-0.07,0.11,96.18,-0.50,0.06,0.02,771,772,772,772,LAND,1
79.964,land,nan,5.104,0.731,-0.08,0.11,96.18,-0.50,-0.07,-0.05,773,773,773,773,LAND,1
79.984,land,nan,5.104,0.731,-0.09,0.11,96.18,-0.48,-0.02,-0.01,773,773,773,773,LAND,1
80.004,land,nan,5.063,0.723,-0.09,0.11,96.18,-0.45,0.04,0.01,775,776,775,775,LAND,1
80.024,land,nan,5.063,0.723,-0.10,0.11,96.19,-0.32,-0.04,-0.02,775,776,775,775,LAND,1
80.044,land,nan,5.028,0.717,-0.11,0.11,96.19,-0.34,-0.15,-0.02,775,776,775,775,LAND,1
80.064,land,nan,5.028,0.717,-0.11,0.11,96.19,-0.28,-0.21,0.04,776,776,777,776,LAND,1
80.084,land,nan,5.028,0.717,-0.12,0.11,96.19,-0.25,-0.16,0.02,776,776,777,776,LAND,1
80.104,land,nan,4.994,0.710,-0.12,0.10,96.19,-0.22,-0.11,-0.05,771,771,771,771,LAND,1
80.124,land,nan,4.994,0.710,-0.13,0.10,96.19,-0.16,-0.15,0.06,771,771,771,771,LAND,1
80.144,land,nan,4.960,0.704,-0.13,0.10,96.19,-0.20,-0.18,0.03,771,771,771,771,LAND,1
80.164,land,nan,4.960,0.704,-0.14,0.10,96.19,-0.12,-0.14,-0.04,765,766,766,765,LAND,1
80.184,land,nan,4.960,0.704,-0.14,0.09,96.19,-0.12,-0.22,0.02,765,766,766,765,LAND,1
80.204,land,nan,4.921,0.701,-0.14,0.09,96.19,-0.04,-0.13,0.01,766,766,766,766,LAND,1
80.224,land,nan,4.921,0.701,-0.14,0.09,96.20,-0.06,-0.18,0.02,766,766,766,766,LAND,1
80.244,land,nan,4.887,0.704,-0.14,0.08,96.20,0.09,-0.15,-0.07,766,766,766,766,LAND,1
80.264,land,nan,4.887,0.704,-0.14,0.08,96.20,0.09,-0.21,-0.01,768,768,768,769,LAND,1
80.284,land,nan,4.887,0.704,-0.14,0.08,96.20,0.05,-0.22,0.04,768,768,768,769,LAND,1
80.304,land,nan,4.853,0.707,-0.14,0.07,96.20,0.09,-0.21,0.00,767,766,767,766,LAND,1
80.324,land,nan,4.853,0.707,-0.14,0.07,96.20,0.06,-0.24,0.01,767,766,767,766,LAND,1
80.344,land,nan,4.819,0.709,-0.14,0.06,96.20,0.17,-0.15,-0.03,767,766,767,766,LAND,1
80.364,land,nan,4.819,0.709,-0.13,0.06,96.20,0.17,-0.30,-0.02,768,769,768,769,LAND,1
80.384,land,nan,4.819,0.709,-0.13,0.06,96.20,0.11,-0.25,0.01,768,769,768,769,LAND,1
80.404,land,nan,4.779,0.710,-0.13,0.05,96.20,0.05,-0.18,0.00,769,769,769,769,LAND,1
80.424,land,nan,4.779,0.710,-0.12,0.05,96.19,0.11,-0.27,-0.03,769,769,769,769,LAND,1
80.444,land,nan,4.744,0.710,-0.12,0.04,96.19,0.19,-0.24,-0.05,769,769,769,769,LAND,1
80.464,land,nan,4.744,0.710,-0.12,0.04,96.19,0.14,-0.15,-0.03,771,771,771,771,LAND,1
80.484,land,nan,4.744,0.710,-0.12,0.03,96.19,0.10,-0.24,-0.03,771,771,771,771,LAND,1
80.504,land,nan,4.709,0.710,-0.11,0.03,96.19,0.16,-0.20,-0.01,768,768,768,768,LAND,1
80.524,land,nan,4.709,0.710,-0.11,0.03,96.19,0.19,-0.20,0.03,768,768,768,768,LAND,1
80.544,land,nan,4.675,0.709,-0.11,0.02,96.19,0.19,-0.20,-0.05,768,768,768,768,LAND,1
80.564,land,nan,4.675,0.709,-0.10,0.02,96.19,0.23,-0.28,-0.06,770,770,770,770,LAND,1
80.584,land,nan,4.675,0.709,-0.10,0.01,96.19,0.24,-0.16,0.01,770,770,770,770,LAND,1
80.604,land,nan,4.635,0.708,-0.09,0.01,96.19,0.27,-0.29,-0.02,770,770,770,770,LAND,1
80.624,land,nan,4.635,0.708,-0.09,0.01,96.19,0.27,-0.21,-0.03,770,770,770,770,LAND,1
80.644,land,nan,4.600,0.707,-0.08,0.00,96.19,0.31,-0.26,-0.06,770,770,770,770,LAND,1
80.664,land,nan,4.600,0.707,-0.08,-0.00,96.19,0.24,-0.24,-0.02,772,772,771,772,LAND,1
80.684,land,nan,4.600,0.707,-0.07,-0.01,96.19,0.21,-0.25,0.03,772,772,771,772,LAND,1
80.704,land,nan,4.566,0.706,-0.07,-0.01,96.19,0.31,-0.26,0.04,768,769,768,769,LAND,1
80.724,land,nan,4.566,0.706,-0.06,-0.02,96.19,0.35,-0.34,0.06,768,769,768,769,LAND,1
80.744,land,nan,4.532,0.705,-0.06,-0.02,96.19,0.36,-0.30,0.03,768,769,768,769,LAND,1
80.764,land,nan,4.532,0.705,-0.05,-0.03,96.19,0.35,-0.13,0.01,770,770,770,770,LAND,1
80.784,land,nan,4.532,0.705,-0.04,-0.03,96.19,0.42,-0.12,0.05,770,770,770,770,LAND,1
80.804,land,nan,4.492,0.703,-0.03,-0.03,96.19,0.43,-0.21,-0.04,770,770,770,770,LAND,1
80.824,land,nan,4.492,0.703,-0.03,-0.04,96.19,0.42,-0.22,-0.00,770,770,770,770,LAND,1
80.844,land,nan,4.458,0.702,-0.02,-0.04,96.20,0.43,-0.28,0.01,770,770,770,770,LAND,1
80.864,land,nan,4.458,0.702,-0.01,-0.05,96.20,0.46,-0.21,0.02,771,771,771,771,LAND,1
80.884,land,nan,4.458,0.702,-0.00,-0.05,96.20,0.46,-0.17,0.00,771,771,771,771,LAND,1
80.904,land,nan,4.424,0.702,0.01,-0.05,96.20,0.49,-0.20,-0.03,769,768,769,768,LAND,1
80.924,land,nan,4.424,0.702,0.01,-0.06,96.20,0.48,-0.11,-0.00,769,768,769,768,LAND,1
80.944,land,nan,4.390,0.701,0.02,-0.06,96.20,0.44,-0.14,0.02,769,768,769,768,LAND,1
80.964,land,nan,4.390,0.701,0.03,-0.06,96.20,0.49,-0.10,-0.00,770,770,770,770,LAND,1
80.984,land,nan,4.390,0.701,0.04,-0.06,96.21,0.45,-0.13,-0.05,770,770,770,770,LAND,1
81.004,land,nan,4.350,0.700,0.05,-0.07,96.21,0.49,-0.13,-0.03,770,770,770,770,LAND,1
81.024,land,nan,4.350,0.700,0.06,-0.07,96.21,0.58,-0.09,-0.04,770,770,770,770,LAND,1
81.044,land,nan,4.316,0.699,0.07,-0.07,96.21,0.60,-0.02,0.04,770,770,770,770,LAND,1
81.064,land,nan,4.316,0.699,0.08,-0.07,96.21,0.50,0.01,-0.01,771,771,771,772,LAND,1
81.084,land,nan,4.316,0.699,0.09,-0.07,96.21,0.53,-0.05,0.00,771,771,771,772,LAND,1
81.104,land,nan,4.282,0.699,0.10,-0.07,96.21,0.48,-0.02,-0.02,768,769,769,769,LAND,1
81.124,land,nan,4.282,0.699,0.11,-0.07,96.21,0.51,-0.02,-0.08,768,769,769,769,LAND,1
81.144,land,nan,4.248,0.698,0.12,-0.07,96.21,0.51,-0.06,-0.03,768,769,769,769,LAND,1
81.164,land,nan,4.248,0.698,0.13,-0.07,96.21,0.41,0.02,-0.02,770,770,770,770,LAND,1
81.184,land,nan,4.248,0.698,0.14,-0.07,96.21,0.50,0.09,-0.03,770,770,770,770,LAND,1
81.204,land,nan,4.208,0.697,0.15,-0.07,96.21,0.45,0.11,-0.03,770,770,770,770,LAND,1
81.224,land,nan,4.208,0.697,0.16,-0.07,96.21,0.50,0.10,-0.03,770,770,770,770,LAND,1
81.244,land,nan,4.174,0.696,0.16,-0.07,96.21,0.45,0.07,0.01,770,770,770,770,LAND,1
81.264,land,nan,4.174,0.696,0.17,-0.07,96.21,0.33,0.01,-0.07,771,771,771,772,LAND,1
81.284,land,nan,4.174,0.696,0.18,-0.07,96.21,0.27,0.03,-0.05,771,771,771,772,LAND,1
81.304,land,nan,4.140,0.695,0.18,-0.07,96.21,0.31,0.03,-0.08,769,768,769,768,LAND,1
81.324,land,nan,4.140,0.695,0.19,-0.06,96.21,0.35,0.07,-0.05,769,768,769,768,LAND,1
81.344,land,nan,4.106,0.694,0.20,-0.06,96.21,0.28,0.12,-0.03,769,768,769,768,LAND,1
81.364,land,nan,4.106,0.694,0.20,-0.06,96.21,0.19,0.10,-0.05,770,770,770,770,LAND,1
81.384,land,nan,4.106,0.694,0.21,-0.06,96.21,0.22,0.13,-0.05,770,770,770,770,LAND,1
81.404,land,nan,4.067,0.693,0.21,-0.06,96.21,0.17,0.19,-0.13,770,770,770,770,LAND,1
81.424,land,nan,4.067,0.693,0.21,-0.05,96.21,0.16,0.15,-0.02,770,770,770,770,LAND,1
81.444,land,nan,4.033,0.692,0.22,-0.05,96.21,0.17,0.13,-0.06,770,770,770,770,LAND,1
81.464,land,nan,4.033,0.692,0.22,-0.05,96.21,0.06,0.19,-0.09,772,771,771,772,LAND,1
81.484,land,nan,4.033,0.692,0.22,-0.04,96.21,0.03,0.22,-0.07,772,771,771,772,LAND,1
81.504,land,nan,3.999,0.691,0.22,-0.04,96.21,-0.01,0.14,-0.07,769,769,769,769,LAND,1
81.524,land,nan,3.999,0.691,0.22,-0.04,96.21,0.01,0.12,-0.13,769,769,769,769,LAND,1
81.544,land,nan,3.965,0.690,0.22,-0.03,96.21,-0.06,0.12,-0.07,769,769,769,769,LAND,1
81.564,land,nan,3.965,0.690,0.22,-0.03,96.20,-0.09,0.19,-0.06,769,769,769,769,LAND,1
81.584,land,nan,3.965,0.690,0.22,-0.03,96.20,-0.14,0.13,-0.05,769,769,769,769,LAND,1
81.604,land,nan,3.926,0.689,0.21,-0.03,96.20,-0.14,0.13,-0.08,770,770,770,770,LAND,1
81.624,land,nan,3.926,0.689,0.21,-0.02,96.20,-0.03,0.23,-0.04,770,770,770,770,LAND,1
81.644,land,nan,3.892,0.688,0.21,-0.02,96.20,-0.12,0.23,-0.10,770,770,770,770,LAND,1
81.664,land,nan,3.892,0.688,0.21,-0.02,96.20,-0.07,0.13,-0.10,771,772,771,771,LAND,1
81.684,land,nan,3.892,0.688,0.21,-0.01,96.20,-0.12,0.17,-0.06,771,772,771,771,LAND,1
81.704,land,nan,3.859,0.688,0.21,-0.01,96.20,-0.14,0.24,-0.06,768,769,768,769,LAND,1
81.724,land,nan,3.859,0.688,0.20,-0.01,96.20,-0.01,0.17,-0.05,768,769,768,769,LAND,1
81.744,land,nan,3.825,0.687,0.20,-0.00,96.20,-0.00,0.19,-0.06,768,769,768,769,LAND,1
81.764,land,nan,3.825,0.687,0.20,0.00,96.20,-0.08,0.36,-0.04,769,768,769,768,LAND,1
81.784,land,nan,3.825,0.687,0.20,0.01,96.20,-0.07,0.37,-0.06,769,768,769,768,LAND,1
81.804,land,nan,3.786,0.686,0.20,0.02,96.20,-0.11,0.31,-0.06,770,770,770,770,LAND,1
81.824,land,nan,3.786,0.686,0.19,0.02,96.20,-0.14,0.30,-0.08,770,770,770,770,LAND,1
81.844,land,nan,3.752,0.686,0.19,0.03,96.19,-0.14,0.34,-0.07,770,770,770,770,LAND,1
81.864,land,nan,3.752,0.686,0.19,0.03,96.19,-0.07,0.36,-0.03,771,771,771,771,LAND,1
81.884,land,nan,3.752,0.686,0.19,0.04,96.19,-0.11,0.42,-0.05,771,771,771,771,LAND,1
81.904,land,nan,3.719,0.685,0.19,0.05,96.19,-0.10,0.37,-0.12,768,768,768,768,LAND,1
81.924,land,nan,3.719,0.685,0.18,0.06,96.19,-0.08,0.44,-0.05,768,768,768,768,LAND,1
81.944,land,nan,3.685,0.685,0.18,0.06,96.19,-0.14,0.39,-0.09,768,768,768,768,LAND,1
81.964,land,nan,3.685,0.685,0.18,0.07,96.18,-0.11,0.44,-0.07,770,770,770,769,LAND,1
81.984,land,nan,3.685,0.685,0.18,0.08,96.18,-0.11,0.42,-0.04,770,770,770,769,LAND,1
82.004,land,nan,3.646,0.685,0.17,0.09,96.18,-0.20,0.41,-0.07,770,770,770,769,LAND,1
82.024,land,nan,3.646,0.685,0.17,0.09,96.18,-0.18,0.40,-0.03,770,770,770,769,LAND,1
82.044,land,nan,3.612,0.684,0.17,0.10,96.17,-0.19,0.46,-0.01,770,770,770,769,LAND,1
82.064,land,nan,3.612,0.684,0.16,0.11,96.17,-0.20,0.48,-0.01,771,771,771,771,LAND,1
82.084,land,nan,3.612,0.684,0.16,0.12,96.17,-0.19,0.42,-0.05,771,771,771,771,LAND,1
82.104,land,nan,3.579,0.684,0.15,0.13,96.17,-0.16,0.38,-0.02,770,770,770,769,LAND,1
82.124,land,nan,3.579,0.684,0.15,0.13,96.17,-0.16,0.43,-0.02,770,770,770,769,LAND,1
82.144,land,nan,3.545,0.684,0.15,0.14,96.16,-0.11,0.51,-0.02,770,770,770,769,LAND,1
82.164,land,nan,3.545,0.684,0.15,0.15,96.16,-0.10,0.50,-0.03,770,770,769,770,LAND,1
82.184,land,nan,3.545,0.684,0.14,0.16,96.16,-0.16,0.41,0.00,770,770,769,770,LAND,1
82.204,land,nan,3.506,0.683,0.14,0.17,96.16,-0.26,0.45,0.01,770,770,769,769,LAND,1
82.224,land,nan,3.506,0.683,0.14,0.17,96.15,-0.23,0.38,0.05,770,770,769,769,LAND,1
82.244,land,nan,3.473,0.683,0.13,0.18,96.15,-0.26,0.34,0.04,770,770,769,769,LAND,1
82.264,land,nan,3.473,0.683,0.13,0.19,96.15,-0.24,0.31,0.03,771,771,771,771,LAND,1
82.284,land,nan,3.473,0.683,0.12,0.19,96.15,-0.26,0.29,-0.00,771,771,771,771,LAND,1
82.304,land,nan,3.439,0.683,0.12,0.20,96.15,-0.21,0.30,-0.02,768,768,768,768,LAND,1
82.324,land,nan,3.439,0.683,0.11,0.20,96.15,-0.37,0.30,0.02,768,768,768,768,LAND,1
82.344,land,nan,3.405,0.682,0.10,0.21,96.15,-0.36,0.21,0.04,768,768,768,768,LAND,1
82.364,land,nan,3.405,0.682,0.10,0.21,96.15,-0.32,0.18,0.06,770,770,770,769,LAND,1
82.384,land,nan,3.405,0.682,0.09,0.22,96.15,-0.33,0.16,0.03,770,770,770,769,LAND,1
82.404,land,nan,3.366,0.682,0.08,0.22,96.15,-0.31,0.21,0.05,770,770,769,770,LAND,1
82.424,land,nan,3.366,0.682,0.08,0.22,96.15,-0.36,0.09,0.08,770,770,769,770,LAND,1
82.444,land,nan,3.333,0.682,0.07,0.23,96.15,-0.29,0.11,0.06,770,770,769,770,LAND,1
82.464,land,nan,3.333,0.682,0.07,0.23,96.15,-0.33,0.01,0.06,771,771,771,771,LAND,1
82.484,land,nan,3.333,0.682,0.06,0.23,96.15,-0.34,-0.00,0.04,771,771,771,771,LAND,1
82.504,land,nan,3.299,0.682,0.05,0.23,96.15,-0.32,-0.01,0.09,768,769,768,768,LAND,1
82.524,land,nan,3.299,0.682,0.05,0.23,96.15,-0.36,-0.00,0.04,768,769,768,768,LAND,1
82.544,land,nan,3.266,0.681,0.04,0.23,96.15,-0.30,-0.10,0.06,768,769,768,768,LAND,1
82.564,land,nan,3.266,0.681,0.03,0.22,96.15,-0.27,-0.11,0.10,768,768,768,768,LAND,1
82.584,land,nan,3.266,0.681,0.03,0.22,96.15,-0.23,-0.12,0.12,768,768,768,768,LAND,1
82.604,land,nan,3.227,0.681,0.02,0.22,96.16,-0.24,-0.09,0.04,769,770,769,769,LAND,1
82.624,land,nan,3.227,0.681,0.02,0.22,96.16,-0.19,-0.15,0.12,769,770,769,769,LAND,1
82.644,land,nan,3.194,0.681,0.01,0.22,96.16,-0.26,-0.26,0.11,769,770,769,769,LAND,1
82.664,land,nan,3.194,0.681,0.01,0.21,96.16,-0.14,-0.16,0.11,771,771,771,770,LAND,1
82.684,land,nan,3.194,0.681,0.00,0.21,96.16,-0.11,-0.16,0.11,771,771,771,770,LAND,1
82.704,land,nan,3.161,0.681,0.00,0.20,96.17,-0.10,-0.21,0.08,767,768,768,768,LAND,1
82.724,land,nan,3.161,0.681,0.00,0.20,96.17,-0.13,-0.24,0.09,767,768,768,768,LAND,1
82.744,land,nan,3.128,0.681,-0.00,0.19,96.17,-0.16,-0.24,0.10,767,768,768,768,LAND,1
82.764,land,nan,3.128,0.681,-0.01,0.19,96.17,-0.18,-0.23,0.08,769,769,769,769,LAND,1
82.784,land,nan,3.128,0.681,-0.01,0.19,96.17,-0.10,-0.14,0.11,769,769,769,769,LAND,1
82.804,land,nan,3.090,0.681,-0.01,0.18,96.17,-0.07,-0.20,0.05,769,769,769,769,LAND,1
82.824,land,nan,3.090,0.681,-0.01,0.18,96.18,-0.02,-0.20,0.05,769,769,769,769,LAND,1
82.844,land,nan,3.057,0.682,-0.01,0.17,96.18,0.03,-0.19,0.06,769,769,769,769,LAND,1
82.864,land,nan,3.057,0.682,-0.01,0.17,96.18,-0.04,-0.23,0.08,770,770,770,771,LAND,1
82.884,land,nan,3.057,0.682,-0.01,0.16,96.18,0.05,-0.30,0.05,770,770,770,771,LAND,1
82.904,land,nan,3.024,0.682,-0.01,0.16,96.18,-0.05,-0.28,0.10,768,768,768,767,LAND,1
82.924,land,nan,3.024,0.682,-0.02,0.15,96.18,-0.05,-0.16,0.06,768,768,768,767,LAND,1
82.944,land,nan,2.991,0.682,-0.02,0.15,96.18,0.02,-0.19,0.06,768,768,768,767,LAND,1
82.964,land,nan,2.991,0.682,-0.02,0.15,96.18,-0.01,-0.25,0.08,769,769,769,769,LAND,1
82.984,land,nan,2.991,0.682,-0.02,0.14,96.18,-0.01,-0.27,0.06,769,769,769,769,LAND,1
83.004,land,nan,2.952,0.683,-0.02,0.14,96.18,-0.10,-0.27,0.02,769,769,769,769,LAND,1
83.024,land,nan,2.952,0.683,-0.02,0.13,96.18,-0.00,-0.31,0.04,769,769,769,769,LAND,1
83.044,land,nan,2.919,0.683,-0.02,0.12,96.18,0.05,-0.33,0.02,769,769,769,769,LAND,1
83.064,land,nan,2.919,0.683,-0.02,0.12,96.18,-0.06,-0.36,0.01,770,770,770,771,LAND,1
83.084,land,nan,2.919,0.683,-0.02,0.11,96.19,-0.03,-0.38,0.04,770,770,770,771,LAND,1
83.104,land,nan,2.886,0.683,-0.02,0.10,96.19,-0.07,-0.46,0.09,767,768,768,768,LAND,1
83.124,land,nan,2.886,0.683,-0.02,0.09,96.19,-0.15,-0.47,0.07,767,768,768,768,LAND,1
83.144,land,nan,2.853,0.684,-0.02,0.08,96.19,-0.07,-0.48,0.03,767,768,768,768,LAND,1
83.164,land,nan,2.853,0.684,-0.02,0.08,96.19,0.00,-0.41,0.06,769,769,769,769,LAND,1
83.184,land,nan,2.853,0.684,-0.03,0.07,96.19,-0.06,-0.46,0.02,769,769,769,769,LAND,1
83.204,land,nan,2.814,0.684,-0.03,0.06,96.19,-0.13,-0.50,0.05,769,769,769,769,LAND,1
83.224,land,nan,2.814,0.684,-0.03,0.05,96.19,-0.11,-0.47,0.08,769,769,769,769,LAND,1
83.244,land,nan,2.781,0.684,-0.03,0.04,96.19,-0.02,-0.48,0.02,769,769,769,769,LAND,1
83.264,land,nan,2.781,0.684,-0.03,0.03,96.19,-0.07,-0.41,-0.00,770,770,770,770,LAND,1
83.284,land,nan,2.781,0.684,-0.03,0.02,96.19,-0.07,-0.47,0.01,770,770,770,770,LAND,1
83.304,land,nan,2.748,0.685,-0.03,0.02,96.19,-0.01,-0.44,0.01,768,767,768,767,LAND,1
83.324,land,nan,2.748,0.685,-0.03,0.01,96.19,-0.04,-0.40,0.06,768,767,768,767,LAND,1
83.344,land,nan,2.715,0.685,-0.03,-0.00,96.18,0.01,-0.42,-0.02,768,767,768,767,LAND,1
83.364,land,nan,2.715,0.685,-0.03,-0.01,96.18,-0.07,-0.41,-0.03,769,768,769,769,LAND,1
83.384,land,nan,2.715,0.685,-0.03,-0.02,96.18,-0.10,-0.36,0.05,769,768,769,769,LAND,1
83.404,land,nan,2.677,0.685,-0.04,-0.02,96.18,-0.12,-0.39,0.02,769,768,769,769,LAND,1
83.424,land,nan,2.677,0.685,-0.04,-0.03,96.18,-0.21,-0.40,0.03,769,768,769,769,LAND,1
83.444,land,nan,2.644,0.686,-0.04,-0.04,96.17,-0.22,-0.31,0.03,769,768,769,769,LAND,1
83.464,land,nan,2.644,0.686,-0.04,-0.05,96.17,-0.17,-0.28,-0.02,770,770,770,770,LAND,1
83.484,land,nan,2.644,0.686,-0.05,-0.05,96.17,-0.20,-0.21,0.02,770,770,770,770,LAND,1
83.504,land,nan,2.612,0.686,-0.05,-0.06,96.16,-0.21,-0.20,-0.01,767,767,767,767,LAND,1
83.524,land,nan,2.612,0.686,-0.05,-0.06,96.16,-0.24,-0.20,-0.04,767,767,767,767,LAND,1
83.544,land,nan,2.579,0.687,-0.06,-0.06,96.16,-0.26,-0.12,-0.01,767,767,767,767,LAND,1
83.564,land,nan,2.579,0.687,-0.06,-0.07,96.15,-0.28,-0.11,-0.00,768,769,768,768,LAND,1
83.584,land,nan,2.579,0.687,-0.07,-0.07,96.15,-0.27,-0.06,0.01,768,769,768,768,LAND,1
83.604,land,nan,2.541,0.688,-0.07,-0.07,96.14,-0.28,-0.03,0.04,768,769,768,768,LAND,1
83.624,land,nan,2.541,0.688,-0.08,-0.07,96.14,-0.35,-0.01,-0.01,768,769,768,768,LAND,1
83.644,land,nan,2.509,0.689,-0.08,-0.07,96.14,-0.25,-0.03,-0.01,768,769,768,768,LAND,1
83.664,land,nan,2.509,0.689,-0.09,-0.07,96.14,-0.29,0.06,0.02,770,770,769,769,LAND,1
83.684,land,nan,2.509,0.689,-0.09,-0.07,96.13,-0.20,-0.01,0.07,770,770,769,769,LAND,1
83.704,land,nan,2.477,0.690,-0.10,-0.07,96.13,-0.25,-0.09,0.04,769,768,768,768,LAND,1
83.724,land,nan,2.477,0.690,-0.10,-0.07,96.13,-0.26,0.02,0.07,769,768,768,768,LAND,1
83.744,land,nan,2.444,0.691,-0.11,-0.07,96.13,-0.29,0.02,0.05,769,768,768,768,LAND,1
83.760,land,nan,2.444,0.691,-0.11,-0.07,96.13,-0.28,0.07,0.04,768,768,768,768,LAND,1
83.784,land,nan,2.444,0.691,-0.12,-0.07,96.13,-0.22,0.20,0.02,768,768,768,768,LAND,1
83.804,land,nan,2.411,0.692,-0.12,-0.07,96.13,-0.19,0.16,0.07,766,767,766,766,LAND,1
83.824,land,nan,2.411,0.692,-0.12,-0.06,96.13,-0.25,0.06,0.07,766,767,766,766,LAND,1
83.844,land,nan,2.378,0.694,-0.13,-0.06,96.13,-0.16,0.07,0.07,766,767,766,766,LAND,1
83.864,land,nan,2.378,0.694,-0.13,-0.06,96.13,-0.16,0.05,0.09,767,767,766,766,LAND,1
83.884,land,nan,2.378,0.694,-0.13,-0.06,96.13,-0.17,0.07,0.13,767,767,766,766,LAND,1
83.904,land,nan,2.340,0.696,-0.14,-0.06,96.13,-0.14,-0.01,0.08,769,768,768,768,LAND,1
83.924,land,nan,2.340,0.696,-0.14,-0.06,96.13,-0.28,-0.02,0.08,769,768,768,768,LAND,1
83.944,land,nan,2.307,0.697,-0.15,-0.06,96.13,-0.19,-0.06,0.15,769,768,768,768,LAND,1
83.964,land,nan,2.307,0.697,-0.15,-0.06,96.13,-0.12,-0.06,0.11,770,770,770,769,LAND,1
83.984,land,nan,2.307,0.697,-0.15,-0.06,96.13,-0.10,-0.07,0.16,770,770,770,769,LAND,1
84.004,land,nan,2.273,0.698,-0.15,-0.06,96.14,-0.11,-0.04,0.13,767,767,767,767,LAND,1
84.024,land,nan,2.273,0.698,-0.16,-0.06,96.14,-0.08,-0.05,0.13,767,767,767,767,LAND,1
84.044,land,nan,2.240,0.699,-0.16,-0.06,96.14,-0.15,-0.02,0.10,767,767,767,767,LAND,1
84.064,land,nan,2.240,0.699,-0.16,-0.06,96.14,-0.11,-0.09,0.13,769,770,769,769,LAND,1
84.084,land,nan,2.240,0.699,-0.16,-0.07,96.15,-0.03,-0.10,0.14,769,770,769,769,LAND,1
84.104,land,nan,2.207,0.701,-0.16,-0.07,96.15,-0.01,-0.08,0.20,767,767,767,767,LAND,1
84.124,land,nan,2.207,0.701,-0.16,-0.07,96.15,0.06,0.01,0.15,767,767,767,767,LAND,1
84.144,land,nan,2.173,0.702,-0.16,-0.07,96.16,0.08,-0.01,0.11,767,767,767,767,LAND,1
84.164,land,nan,2.173,0.702,-0.16,-0.07,96.16,0.05,0.04,0.17,769,768,769,768,LAND,1
84.184,land,nan,2.173,0.702,-0.16,-0.07,96.16,0.08,0.17,0.20,769,768,769,768,LAND,1
84.204,land,nan,2.134,0.703,-0.15,-0.06,96.17,0.09,0.13,0.12,769,769,769,769,LAND,1
84.224,land,nan,2.134,0.703,-0.15,-0.06,96.17,0.11,0.08,0.17,769,769,769,769,LAND,1
84.244,land,nan,2.100,0.704,-0.15,-0.06,96.17,0.11,0.06,0.17,769,769,769,769,LAND,1
84.264,land,nan,2.100,0.704,-0.15,-0.06,96.17,0.12,0.08,0.12,770,770,771,771,LAND,1
84.284,land,nan,2.100,0.704,-0.15,-0.06,96.18,0.18,0.07,0.11,770,770,771,771,LAND,1
84.304,land,nan,2.066,0.704,-0.14,-0.06,96.18,0.11,0.04,0.10,768,768,768,768,LAND,1
84.324,land,nan,2.066,0.704,-0.14,-0.05,96.18,0.11,0.08,0.08,768,768,768,768,LAND,1
84.344,land,nan,2.032,0.704,-0.14,-0.05,96.18,0.14,0.08,0.16,768,768,768,768,LAND,1
84.364,land,nan,2.032,0.704,-0.14,-0.05,96.19,0.17,0.08,0.10,769,769,770,770,LAND,1
84.384,land,nan,2.032,0.704,-0.13,-0.05,96.19,0.18,0.08,0.10,769,769,770,770,LAND,1
84.404,land,nan,1.992,0.704,-0.13,-0.05,96.19,0.10,0.08,0.09,769,770,770,770,LAND,1
84.424,land,nan,1.992,0.704,-0.13,-0.05,96.19,0.20,-0.00,0.10,769,770,770,770,LAND,1
84.444,land,nan,1.958,0.703,-0.12,-0.05,96.20,0.23,0.02,0.13,769,770,770,770,LAND,1
84.464,land,nan,1.958,0.703,-0.12,-0.05,96.20,0.21,0.08,0.04,771,770,771,771,LAND,1
84.484,land,nan,1.958,0.703,-0.11,-0.04,96.20,0.17,0.16,0.05,771,770,771,771,LAND,1
84.504,land,nan,1.924,0.703,-0.11,-0.04,96.20,0.07,0.21,0.09,768,768,769,769,LAND,1
84.524,land,nan,1.924,0.703,-0.11,-0.04,96.21,0.09,0.10,0.05,768,768,769,769,LAND,1
84.544,land,nan,1.889,0.703,-0.11,-0.04,96.21,0.12,0.11,0.07,768,768,769,769,LAND,1
84.564,land,nan,1.889,0.703,-0.11,-0.03,96.21,0.15,0.22,0.09,770,770,771,770,LAND,1
84.584,land,nan,1.889,0.703,-0.10,-0.03,96.21,0.23,0.23,0.05,770,770,771,770,LAND,1
84.604,land,nan,1.849,0.702,-0.10,-0.03,96.21,0.12,0.14,0.08,770,770,771,770,LAND,1
84.624,land,nan,1.849,0.702,-0.10,-0.02,96.22,0.21,0.16,-0.01,770,770,771,770,LAND,1
84.644,land,nan,1.814,0.701,-0.09,-0.02,96.22,0.17,0.12,0.01,770,770,771,770,LAND,1
84.664,land,nan,1.814,0.701,-0.09,-0.02,96.22,0.24,0.11,-0.03,771,771,772,772,LAND,1
84.684,land,nan,1.814,0.701,-0.08,-0.02,96.22,0.23,0.09,-0.00,771,771,772,772,LAND,1
84.704,land,nan,1.780,0.700,-0.08,-0.01,96.22,0.15,0.12,-0.07,768,769,769,769,LAND,1
84.724,land,nan,1.780,0.700,-0.07,-0.01,96.22,0.12,0.10,-0.04,768,769,769,769,LAND,1
84.744,land,nan,1.745,0.699,-0.07,-0.01,96.21,0.13,0.12,-0.02,768,769,769,769,LAND,1
84.764,land,nan,1.745,0.699,-0.07,-0.01,96.21,0.12,0.05,-0.04,769,768,769,769,LAND,1
84.784,land,nan,1.745,0.699,-0.07,-0.01,96.21,0.07,0.14,0.01,769,768,769,769,LAND,1
84.804,land,nan,1.705,0.698,-0.06,-0.00,96.21,0.00,0.14,-0.05,770,770,770,771,LAND,1
84.824,land,nan,1.705,0.698,-0.06,0.00,96.21,-0.03,0.07,0.02,770,770,770,771,LAND,1
84.844,land,nan,1.671,0.697,-0.06,0.00,96.21,-0.02,0.08,-0.03,770,770,770,771,LAND,1
84.864,land,nan,1.671,0.697,-0.06,0.00,96.20,0.04,0.04,-0.05,771,772,772,772,LAND,1
84.884,land,nan,1.671,0.697,-0.06,0.00,96.20,0.04,0.08,-0.06,771,772,772,772,LAND,1
84.904,land,nan,1.637,0.696,-0.06,0.01,96.20,0.06,-0.04,-0.04,769,769,769,769,LAND,1
84.928,land,nan,1.637,0.696,-0.06,0.01,96.19,0.06,-0.11,-0.04,769,769,769,769,LAND,1
84.944,land,nan,1.603,0.695,-0.06,0.00,96.19,-0.03,-0.04,-0.06,769,769,769,769,LAND,1
84.964,land,nan,1.603,0.695,-0.06,0.00,96.18,0.04,0.03,-0.02,770,770,770,770,LAND,1
84.984,land,nan,1.603,0.695,-0.06,0.01,96.18,-0.01,0.03,-0.08,770,770,770,770,LAND,1
85.004,land,nan,1.563,0.694,-0.06,0.01,96.18,0.02,-0.14,-0.05,770,770,770,770,LAND,1
85.024,land,nan,1.563,0.694,-0.06,0.00,96.17,0.07,-0.16,-0.07,770,770,770,770,LAND,1
85.044,land,nan,1.530,0.693,-0.06,0.00,96.17,0.07,-0.08,0.02,770,770,770,770,LAND,1
85.064,land,nan,1.530,0.693,-0.06,0.00,96.16,0.09,-0.08,-0.01,771,771,771,771,LAND,1
85.084,land,nan,1.530,0.693,-0.05,0.00,96.16,0.08,-0.18,-0.08,771,771,771,771,LAND,1
85.104,land,nan,1.496,0.693,-0.05,-0.00,96.15,0.18,-0.14,-0.03,768,769,768,768,LAND,1
85.124,land,nan,1.496,0.693,-0.05,-0.00,96.15,0.16,-0.21,-0.08,768,769,768,768,LAND,1
85.144,land,nan,1.462,0.692,-0.05,-0.01,96.15,0.12,-0.20,-0.06,768,769,768,768,LAND,1
85.164,land,nan,1.462,0.692,-0.04,-0.01,96.14,0.14,-0.25,-0.01,770,770,769,769,LAND,1
85.184,land,nan,1.462,0.692,-0.04,-0.02,96.14,0.18,-0.27,-0.02,770,770,769,769,LAND,1
85.204,land,nan,1.423,0.691,-0.04,-0.02,96.14,0.15,-0.28,-0.07,770,770,769,769,LAND,1
85.224,land,nan,1.423,0.691,-0.03,-0.03,96.13,0.03,-0.29,-0.01,770,770,769,769,LAND,1
85.244,land,nan,1.390,0.691,-0.03,-0.03,96.13,0.06,-0.27,-0.00,770,770,769,769,LAND,1
85.264,land,nan,1.390,0.691,-0.03,-0.04,96.13,-0.00,-0.28,-0.01,771,771,770,770,LAND,1
85.284,land,nan,1.390,0.691,-0.03,-0.04,96.13,0.06,-0.18,0.04,771,771,770,770,LAND,1
85.304,land,nan,1.356,0.691,-0.03,-0.05,96.14,0.02,-0.18,0.01,768,768,767,768,LAND,1
85.324,land,nan,1.356,0.691,-0.03,-0.05,96.14,-0.03,-0.23,-0.00,768,768,767,768,LAND,1
85.344,land,nan,1.323,0.691,-0.03,-0.05,96.14,-0.04,-0.16,0.03,768,768,767,768,LAND,1
85.364,land,nan,1.323,0.691,-0.03,-0.06,96.14,-0.10,-0.04,0.05,770,769,769,769,LAND,1
85.388,land,nan,1.323,0.691,-0.03,-0.06,96.15,-0.13,-0.00,-0.01,770,769,769,769,LAND,1
85.404,land,nan,1.283,0.691,-0.03,-0.06,96.15,-0.18,0.04,0.06,770,770,769,769,LAND,1
85.424,land,nan,1.283,0.691,-0.04,-0.06,96.16,-0.16,-0.05,0.04,770,770,769,769,LAND,1
85.444,land,nan,1.249,0.691,-0.04,-0.06,96.16,-0.16,0.03,0.06,770,770,769,769,LAND,1
85.464,land,nan,1.249,0.691,-0.04,-0.06,96.17,-0.20,0.04,0.03,771,771,771,771,LAND,1
85.484,land,nan,1.249,0.691,-0.04,-0.06,96.17,-0.18,0.12,0.10,771,771,771,771,LAND,1
85.504,land,nan,1.216,0.691,-0.05,-0.06,96.18,-0.10,0.08,0.12,768,768,768,768,LAND,1
85.524,land,nan,1.216,0.691,-0.05,-0.05,96.18,-0.10,0.18,0.06,768,768,768,768,LAND,1
85.544,land,nan,1.182,0.690,-0.05,-0.05,96.19,-0.10,0.14,0.13,768,768,768,768,LAND,1
85.564,land,nan,1.182,0.690,-0.05,-0.05,96.19,-0.11,0.25,0.04,770,769,770,769,LAND,1
85.584,land,nan,1.182,0.690,-0.06,-0.04,96.19,-0.09,0.21,0.10,770,769,770,769,LAND,1
85.604,land,nan,1.143,0.689,-0.06,-0.04,96.20,-0.06,0.11,0.06,769,769,770,769,LAND,1
85.624,land,nan,1.143,0.689,-0.06,-0.04,96.20,-0.04,0.18,0.04,769,769,770,769,LAND,1
85.644,land,nan,1.109,0.689,-0.06,-0.04,96.20,-0.07,0.20,0.05,769,769,770,769,LAND,1
85.664,land,nan,1.109,0.689,-0.06,-0.03,96.20,-0.07,0.14,0.06,770,771,771,771,LAND,1
85.684,land,nan,1.109,0.689,-0.06,-0.03,96.21,0.02,0.14,0.06,770,771,771,771,LAND,1
85.704,land,nan,1.076,0.689,-0.06,-0.03,96.21,-0.01,0.12,0.03,767,768,768,768,LAND,1
85.724,land,nan,1.076,0.689,-0.06,-0.02,96.21,0.08,0.19,0.07,767,768,768,768,LAND,1
85.744,land,nan,1.042,0.689,-0.06,-0.02,96.21,0.05,0.14,0.08,767,768,768,768,LAND,1
85.764,land,nan,1.042,0.689,-0.06,-0.02,96.21,0.05,0.11,0.03,768,768,768,768,LAND,1
85.784,land,nan,1.042,0.689,-0.06,-0.01,96.21,0.17,0.08,0.00,768,768,768,768,LAND,1
85.804,land,nan,1.002,0.689,-0.06,-0.01,96.20,0.12,0.07,0.01,769,769,770,770,LAND,1
85.824,land,nan,1.002,0.689,-0.05,-0.01,96.20,0.19,0.04,0.01,769,769,770,770,LAND,1
85.844,land,nan,0.968,0.689,-0.05,-0.01,96.20,0.24,0.06,0.02,769,769,770,770,LAND,1
85.864,land,nan,0.968,0.689,-0.05,-0.01,96.20,0.17,0.11,0.03,771,771,771,771,LAND,1
85.884,land,nan,0.968,0.689,-0.04,-0.00,96.20,0.20,0.10,0.03,771,771,771,771,LAND,1
85.904,land,nan,0.934,0.689,-0.04,-0.00,96.19,0.24,0.03,-0.03,770,770,770,770,LAND,1
85.924,land,nan,0.934,0.689,-0.04,-0.00,96.19,0.30,-0.04,-0.02,770,770,770,770,LAND,1
85.944,land,nan,0.900,0.688,-0.03,-0.00,96.19,0.29,-0.04,0.05,770,770,770,770,LAND,1
85.964,land,nan,0.900,0.688,-0.02,-0.00,96.19,0.32,-0.02,-0.03,768,768,768,769,LAND,1
85.984,land,nan,0.900,0.688,-0.02,-0.00,96.18,0.33,-0.04,-0.01,768,768,768,769,LAND,1
86.004,land,nan,0.860,0.687,-0.01,-0.00,96.18,0.34,-0.05,0.05,770,770,770,770,LAND,1
86.024,land,nan,0.860,0.687,-0.01,-0.00,96.18,0.36,-0.08,0.02,770,770,770,770,LAND,1
86.044,land,nan,0.826,0.687,0.00,-0.01,96.17,0.39,-0.09,-0.02,770,770,770,770,LAND,1
86.064,land,nan,0.826,0.687,0.01,-0.01,96.17,0.40,-0.02,0.02,771,771,771,771,LAND,1
86.084,land,nan,0.826,0.687,0.02,-0.01,96.17,0.27,-0.09,0.02,771,771,771,771,LAND,1
86.104,land,nan,0.792,0.686,0.02,-0.01,96.17,0.34,-0.13,0.01,769,768,768,768,LAND,1
86.124,land,nan,0.792,0.686,0.03,-0.01,96.17,0.35,-0.13,0.02,769,768,768,768,LAND,1
86.144,land,nan,0.758,0.686,0.03,-0.01,96.17,0.31,-0.06,0.03,769,768,768,768,LAND,1
86.164,land,nan,0.758,0.686,0.04,-0.02,96.16,0.37,-0.04,0.05,770,770,770,770,LAND,1
86.184,land,nan,0.758,0.686,0.05,-0.02,96.16,0.33,-0.01,0.06,770,770,770,770,LAND,1
86.204,land,nan,0.719,0.685,0.05,-0.02,96.16,0.39,-0.05,0.03,770,769,770,769,LAND,1
86.224,land,nan,0.719,0.685,0.06,-0.02,96.16,0.33,-0.00,-0.06,770,769,770,769,LAND,1
86.244,land,nan,0.685,0.685,0.07,-0.02,96.16,0.39,0.04,0.03,770,769,770,769,LAND,1
86.264,land,nan,0.685,0.685,0.08,-0.02,96.16,0.27,-0.01,0.02,771,771,771,771,LAND,1
86.284,land,nan,0.685,0.685,0.08,-0.02,96.16,0.28,-0.01,-0.05,771,771,771,771,LAND,1
86.304,land,nan,0.652,0.684,0.09,-0.02,96.16,0.35,0.05,0.02,769,768,768,768,LAND,1
86.324,land,nan,0.652,0.684,0.09,-0.02,96.16,0.27,0.00,0.08,769,768,768,768,LAND,1
86.344,land,nan,0.618,0.684,0.10,-0.02,96.16,0.29,0.04,0.06,769,768,768,768,LAND,1
86.364,land,nan,0.618,0.684,0.10,-0.01,96.16,0.25,-0.03,-0.02,770,769,769,770,LAND,1
86.384,land,nan,0.618,0.684,0.11,-0.02,96.16,0.19,0.04,0.04,770,769,769,770,LAND,1
86.404,land,nan,0.579,0.683,0.11,-0.01,96.16,0.20,0.05,0.03,770,769,769,769,LAND,1
86.424,land,nan,0.579,0.683,0.12,-0.01,96.16,0.06,0.05,0.03,770,769,769,769,LAND,1
86.444,land,nan,0.546,0.683,0.12,-0.01,96.16,0.03,0.01,0.04,770,769,769,769,LAND,1
86.464,land,nan,0.546,0.683,0.12,-0.01,96.17,0.01,0.02,0.03,771,771,770,770,LAND,1
86.484,land,nan,0.546,0.683,0.12,-0.01,96.17,0.00,0.08,0.06,771,771,770,770,LAND,1
86.504,land,nan,0.513,0.683,0.12,-0.01,96.17,-0.04,0.04,0.06,768,768,767,768,LAND,1
86.524,land,nan,0.513,0.683,0.12,-0.01,96.17,-0.03,-0.09,0.02,768,768,767,768,LAND,1
86.544,land,nan,0.479,0.684,0.12,-0.01,96.17,-0.04,-0.04,0.06,768,768,767,768,LAND,1
86.564,land,nan,0.479,0.684,0.12,-0.01,96.17,-0.06,0.04,0.07,769,769,769,769,LAND,1
86.584,land,nan,0.479,0.684,0.12,-0.01,96.17,-0.04,0.01,0.04,769,769,769,769,LAND,1
86.604,land,nan,0.441,0.684,0.11,-0.01,96.17,-0.14,0.10,0.08,769,769,769,769,LAND,1
86.624,land,nan,0.441,0.684,0.11,-0.01,96.18,-0.17,0.05,0.03,769,769,769,769,LAND,1
86.644,land,nan,0.407,0.684,0.11,-0.01,96.18,-0.13,-0.07,0.03,769,769,769,769,LAND,1
86.664,land,nan,0.407,0.684,0.11,-0.01,96.18,-0.09,-0.03,0.10,771,770,771,770,LAND,1
86.684,land,nan,0.407,0.684,0.10,-0.01,96.18,-0.22,-0.02,0.10,771,770,771,770,LAND,1
86.704,land,nan,0.374,0.685,0.10,-0.01,96.18,-0.13,0.04,0.03,769,769,769,769,LAND,1
86.724,land,nan,0.374,0.685,0.10,-0.01,96.18,-0.18,-0.07,0.06,769,769,769,769,LAND,1
86.744,land,nan,0.341,0.685,0.09,-0.01,96.18,-0.12,-0.03,0.10,769,769,769,769,LAND,1
86.764,land,nan,0.341,0.685,0.09,-0.01,96.19,-0.16,0.06,0.06,769,769,769,769,LAND,1
86.784,land,nan,0.341,0.685,0.09,-0.00,96.19,-0.13,-0.03,0.08,769,769,769,769,LAND,1
86.804,land,nan,0.302,0.685,0.09,-0.01,96.19,-0.11,-0.10,0.08,769,769,769,769,LAND,1
86.824,land,nan,0.302,0.685,0.08,-0.01,96.19,-0.08,-0.08,0.02,769,769,769,769,LAND,1
86.844,land,nan,0.269,0.686,0.08,-0.01,96.19,-0.06,0.03,0.05,769,769,769,769,LAND,1
86.864,land,nan,0.269,0.686,0.08,-0.01,96.19,-0.06,-0.12,0.00,770,771,770,771,LAND,1
