t_boot_s,event,scale,alt_m,vz_mps,roll_deg,pitch_deg,yaw_deg,p_dps,q_dps,r_dps,esc1,esc2,esc3,esc4,mode,armed
6.012,start,nan,-0.023,-0.005,0.02,-0.00,-0.00,0.03,0.01,0.02,0,0,0,0,?,0
6.032,start,nan,-0.023,-0.005,0.02,-0.00,-0.00,0.05,-0.02,-0.04,0,0,0,0,?,0
6.052,start,nan,-0.030,-0.003,0.02,-0.00,-0.00,-0.02,0.04,-0.03,0,0,0,0,?,0
6.072,start,nan,-0.030,-0.003,0.02,-0.00,-0.00,-0.02,0.03,0.01,0,0,0,0,?,0
6.092,start,nan,-0.030,-0.003,0.02,-0.00,-0.00,-0.01,0.01,0.01,0,0,0,0,?,0
6.112,start,nan,-0.035,-0.002,0.02,-0.00,-0.00,0.03,0.03,-0.01,0,0,0,0,?,0
6.132,start,nan,-0.035,-0.002,0.02,-0.00,-0.00,0.04,0.01,0.04,0,0,0,0,?,0
6.152,start,nan,-0.040,-0.001,0.02,-0.00,-0.01,0.01,0.03,-0.02,0,0,0,0,?,0
6.172,start,nan,-0.040,-0.001,0.02,-0.00,-0.01,0.03,-0.06,-0.00,0,0,0,0,?,0
6.192,start,nan,-0.040,-0.001,0.02,-0.00,-0.01,0.04,0.04,0.03,0,0,0,0,?,0
6.212,start,nan,-0.045,-0.000,0.02,-0.00,-0.01,0.01,-0.02,-0.04,0,0,0,0,?,0
6.232,start,nan,-0.045,-0.000,0.02,-0.00,95.97,-0.04,-0.01,-0.07,0,0,0,0,?,0
6.252,start,nan,-0.050,0.000,0.02,-0.00,95.97,0.00,-0.00,-0.01,0,0,0,0,?,0
6.272,start,nan,-0.050,0.000,0.02,-0.00,95.97,0.06,-0.03,-0.02,0,0,0,0,?,0
6.292,start,nan,-0.050,0.000,0.02,-0.00,95.97,0.04,0.00,0.04,0,0,0,0,?,0
6.312,start,nan,-0.053,0.001,0.02,-0.00,95.97,0.02,0.00,-0.01,0,0,0,0,?,0
6.332,start,nan,-0.053,0.001,0.02,-0.00,95.97,-0.02,0.04,0.02,0,0,0,0,?,0
6.352,start,nan,-0.056,0.002,0.02,-0.00,95.97,-0.00,-0.03,0.02,0,0,0,0,?,0
6.372,start,nan,-0.056,0.002,0.02,-0.00,95.97,-0.00,0.04,0.03,0,0,0,0,?,0
6.392,start,nan,-0.056,0.002,0.02,-0.00,95.97,0.01,0.04,-0.00,0,0,0,0,?,0
6.412,start,nan,-0.058,0.003,0.02,-0.00,95.97,0.03,-0.02,0.01,0,0,0,0,?,0
6.432,start,nan,-0.058,0.003,0.02,-0.01,95.97,0.02,-0.01,-0.07,0,0,0,0,?,0
6.452,start,nan,-0.061,0.005,0.02,-0.01,95.97,0.02,0.03,0.00,0,0,0,0,?,0
6.472,start,nan,-0.061,0.005,0.02,-0.01,95.98,-0.00,-0.02,0.03,0,0,0,0,?,0
6.492,start,nan,-0.061,0.005,0.03,-0.01,95.98,0.03,-0.02,-0.03,0,0,0,0,?,0
6.512,start,nan,-0.063,0.006,0.03,-0.01,95.98,-0.04,-0.00,0.04,0,0,0,0,?,0
6.532,start,nan,-0.063,0.006,0.03,-0.02,95.98,-0.03,-0.04,-0.00,0,0,0,0,?,0
6.552,start,nan,-0.065,0.007,0.03,-0.02,95.99,0.03,-0.03,0.01,0,0,0,0,?,0
6.572,start,nan,-0.065,0.007,0.02,-0.02,95.99,-0.04,0.03,-0.06,0,0,0,0,?,0
6.592,start,nan,-0.065,0.007,0.02,-0.03,95.99,0.02,-0.03,0.01,0,0,0,0,?,0
6.612,start,nan,-0.066,0.008,0.02,-0.03,96.00,-0.01,0.00,-0.01,0,0,0,0,?,0
6.632,start,nan,-0.066,0.008,0.02,-0.04,96.00,0.02,-0.01,-0.01,0,0,0,0,?,0
6.652,start,nan,-0.068,0.010,0.02,-0.04,96.00,0.03,-0.03,0.04,0,0,0,0,?,0
6.672,start,nan,-0.068,0.010,0.02,-0.05,96.01,-0.00,-0.03,0.01,0,0,0,0,?,0
6.692,start,nan,-0.068,0.010,0.02,-0.05,96.01,0.05,-0.00,0.01,0,0,0,0,?,0
6.712,start,nan,-0.069,0.011,0.02,-0.06,96.02,0.02,-0.00,0.04,0,0,0,0,?,0
6.732,start,nan,-0.069,0.011,0.02,-0.06,96.02,-0.01,0.01,-0.01,0,0,0,0,?,0
6.752,start,nan,-0.070,0.012,0.02,-0.07,96.03,-0.03,-0.03,-0.02,0,0,0,0,?,0
6.772,start,nan,-0.070,0.012,0.01,-0.07,96.03,0.03,0.02,-0.03,0,0,0,0,?,0
6.792,start,nan,-0.070,0.012,0.01,-0.07,96.03,-0.02,-0.02,0.01,0,0,0,0,?,0
6.812,start,nan,-0.070,0.013,0.01,-0.08,96.04,0.01,-0.05,-0.02,0,0,0,0,?,0
6.832,start,nan,-0.070,0.013,0.01,-0.08,96.04,-0.01,-0.05,-0.02,0,0,0,0,?,0
6.852,start,nan,-0.070,0.014,0.01,-0.08,96.04,0.10,0.01,0.01,0,0,0,0,?,0
6.872,start,nan,-0.070,0.014,0.00,-0.08,96.04,-0.03,0.01,0.08,0,0,0,0,?,0
6.892,start,nan,-0.070,0.014,-0.00,-0.08,96.04,0.04,0.04,-0.00,0,0,0,0,?,0
6.912,start,nan,-0.070,0.014,-0.01,-0.09,96.05,-0.02,0.01,-0.00,0,0,0,0,?,0
6.932,start,nan,-0.070,0.014,-0.01,-0.09,96.05,-0.05,-0.05,-0.02,0,0,0,0,?,0
6.952,start,nan,-0.070,0.014,-0.02,-0.09,96.05,-0.01,-0.02,0.03,0,0,0,0,?,0
6.972,start,nan,-0.070,0.014,-0.02,-0.09,96.05,0.05,-0.00,0.01,0,0,0,0,?,0
6.992,start,nan,-0.070,0.014,-0.02,-0.09,96.05,-0.00,-0.06,0.01,0,0,0,0,?,0
7.012,start,nan,-0.069,0.014,-0.03,-0.09,96.05,0.03,-0.04,-0.05,0,0,0,0,LOITER,0
7.032,start,nan,-0.069,0.014,-0.03,-0.09,96.05,0.04,0.01,-0.05,0,0,0,0,LOITER,0
7.052,start,nan,-0.069,0.013,-0.03,-0.09,96.05,-0.02,0.01,-0.00,0,0,0,0,LOITER,0
7.072,start,nan,-0.069,0.013,-0.03,-0.09,96.04,0.03,-0.04,0.03,0,0,0,0,LOITER,0
7.092,start,nan,-0.069,0.013,-0.04,-0.09,96.04,0.02,-0.07,0.01,0,0,0,0,LOITER,0
7.112,start,nan,-0.068,0.013,-0.04,-0.09,96.04,0.04,-0.01,-0.03,0,0,0,0,LOITER,0
7.132,start,nan,-0.068,0.013,-0.04,-0.09,96.04,0.02,-0.06,-0.02,0,0,0,0,LOITER,0
7.152,start,nan,-0.067,0.012,-0.04,-0.08,96.03,0.04,0.02,0.01,0,0,0,0,LOITER,0
7.172,start,nan,-0.067,0.012,-0.04,-0.08,96.03,-0.00,-0.02,-0.01,0,0,0,0,LOITER,0
7.192,start,nan,-0.067,0.012,-0.04,-0.08,96.03,0.00,0.02,-0.01,0,0,0,0,LOITER,0
7.212,start,nan,-0.067,0.012,-0.04,-0.07,96.03,0.03,-0.03,-0.03,0,0,0,0,LOITER,0
7.232,start,nan,-0.067,0.012,-0.04,-0.07,96.02,0.05,0.02,-0.02,0,0,0,0,LOITER,0
7.252,start,nan,-0.066,0.011,-0.04,-0.07,96.02,0.08,0.01,0.03,0,0,0,0,LOITER,0
7.272,start,nan,-0.066,0.011,-0.04,-0.06,96.02,-0.01,0.03,-0.02,0,0,0,0,LOITER,0
7.292,start,nan,-0.066,0.011,-0.04,-0.06,96.01,-0.00,-0.01,0.01,0,0,0,0,LOITER,0
7.312,start,nan,-0.065,0.011,-0.04,-0.06,96.01,0.04,-0.00,-0.02,0,0,0,0,LOITER,0
7.332,start,nan,-0.065,0.011,-0.04,-0.05,96.01,0.01,0.01,-0.01,0,0,0,0,LOITER,0
7.352,start,nan,-0.065,0.011,-0.04,-0.05,96.00,0.01,0.01,0.01,0,0,0,0,LOITER,0
7.372,start,nan,-0.065,0.011,-0.03,-0.05,96.00,0.00,0.00,-0.00,0,0,0,0,LOITER,0
7.392,start,nan,-0.065,0.011,-0.03,-0.04,96.00,-0.00,0.03,0.00,0,0,0,0,LOITER,0
7.412,start,nan,-0.064,0.010,-0.03,-0.04,96.00,-0.00,-0.05,-0.02,0,0,0,0,LOITER,0
7.432,start,nan,-0.064,0.010,-0.03,-0.04,96.00,0.02,-0.02,-0.03,0,0,0,0,LOITER,0
7.452,start,nan,-0.062,0.009,-0.03,-0.04,95.99,-0.04,-0.01,-0.02,0,0,0,0,LOITER,0
7.472,start,nan,-0.062,0.009,-0.03,-0.04,95.99,0.00,0.03,0.03,0,0,0,0,LOITER,0
7.492,start,nan,-0.062,0.009,-0.02,-0.04,95.99,0.02,0.01,0.03,0,0,0,0,LOITER,0
7.512,start,nan,-0.061,0.008,-0.02,-0.04,95.99,-0.05,-0.02,-0.03,0,0,0,0,LOITER,0
7.532,start,nan,-0.061,0.008,-0.02,-0.04,95.99,-0.02,-0.02,0.02,0,0,0,0,LOITER,0
7.552,start,nan,-0.059,0.008,-0.02,-0.04,95.99,0.03,0.05,-0.02,0,0,0,0,LOITER,0
7.572,start,nan,-0.059,0.008,-0.01,-0.04,95.99,0.03,0.01,-0.01,0,0,0,0,LOITER,0
7.592,start,nan,-0.059,0.008,-0.01,-0.04,95.99,0.00,0.04,-0.06,0,0,0,0,LOITER,0
7.612,start,nan,-0.057,0.007,-0.01,-0.04,95.99,0.05,-0.01,0.01,0,0,0,0,LOITER,0
7.632,start,nan,-0.057,0.007,-0.01,-0.04,95.99,0.01,0.01,-0.06,0,0,0,0,LOITER,0
7.652,start,nan,-0.055,0.006,-0.00,-0.03,95.99,-0.05,0.02,0.02,0,0,0,0,LOITER,0
7.672,start,nan,-0.055,0.006,-0.00,-0.04,95.99,0.06,-0.05,-0.07,0,0,0,0,LOITER,0
7.692,start,nan,-0.055,0.006,0.00,-0.04,95.99,0.00,-0.01,-0.04,0,0,0,0,LOITER,0
7.712,start,nan,-0.054,0.005,0.00,-0.04,95.99,0.01,-0.02,-0.02,0,0,0,0,LOITER,0
7.732,start,nan,-0.054,0.005,0.01,-0.04,95.99,0.10,-0.02,0.06,0,0,0,0,LOITER,0
7.752,start,nan,-0.053,0.004,0.01,-0.04,95.99,-0.00,-0.01,-0.01,0,0,0,0,LOITER,0
7.772,start,nan,-0.053,0.004,0.01,-0.04,96.00,0.03,0.03,0.06,0,0,0,0,LOITER,0
7.792,start,nan,-0.053,0.004,0.01,-0.04,96.00,-0.05,-0.02,-0.00,0,0,0,0,LOITER,0
7.812,start,nan,-0.051,0.004,0.01,-0.04,96.00,-0.04,-0.02,0.00,0,0,0,0,LOITER,0
7.832,start,nan,-0.051,0.004,0.01,-0.04,96.00,-0.01,0.02,-0.00,0,0,0,0,LOITER,0
7.852,start,nan,-0.051,0.004,0.01,-0.04,96.00,0.02,0.02,-0.01,0,0,0,0,LOITER,0
7.872,start,nan,-0.051,0.004,0.01,-0.04,96.00,0.05,0.04,0.02,0,0,0,0,LOITER,0
7.892,start,nan,-0.051,0.004,0.02,-0.04,96.00,0.07,-0.01,0.00,0,0,0,0,LOITER,0
7.912,start,nan,-0.050,0.004,0.02,-0.04,96.00,0.04,-0.01,0.02,0,0,0,0,LOITER,0
7.932,start,nan,-0.050,0.004,0.02,-0.04,96.01,-0.02,0.01,-0.05,0,0,0,0,LOITER,0
7.952,start,nan,-0.050,0.004,0.02,-0.04,96.01,-0.02,-0.05,-0.00,0,0,0,0,LOITER,0
7.972,start,nan,-0.050,0.004,0.02,-0.04,96.01,0.02,0.03,-0.00,0,0,0,0,LOITER,0
7.992,start,nan,-0.050,0.004,0.02,-0.05,96.01,0.01,0.02,-0.02,0,0,0,0,LOITER,0
8.012,start,nan,-0.050,0.005,0.02,-0.05,96.01,-0.04,-0.03,0.01,0,0,0,0,LOITER,0
8.032,start,nan,-0.050,0.005,0.02,-0.05,96.01,0.02,0.00,-0.03,0,0,0,0,LOITER,0
8.052,start,nan,-0.051,0.006,0.02,-0.05,96.01,0.01,0.04,-0.04,0,0,0,0,LOITER,0
8.072,start,nan,-0.051,0.006,0.02,-0.05,96.01,0.04,-0.03,0.02,0,0,0,0,LOITER,0
8.092,start,nan,-0.051,0.006,0.02,-0.05,96.01,0.04,-0.00,0.02,0,0,0,0,LOITER,0
8.112,start,nan,-0.052,0.007,0.02,-0.05,96.01,0.01,0.02,-0.03,0,0,0,0,LOITER,0
8.132,start,nan,-0.052,0.007,0.02,-0.05,96.01,0.04,-0.02,-0.02,0,0,0,0,LOITER,0
8.152,start,nan,-0.053,0.008,0.02,-0.04,96.01,0.02,-0.03,0.05,0,0,0,0,LOITER,0
8.172,start,nan,-0.053,0.008,0.02,-0.04,96.01,-0.01,0.03,0.04,0,0,0,0,LOITER,0
8.192,start,nan,-0.053,0.008,0.02,-0.04,96.01,-0.06,-0.03,0.01,0,0,0,0,LOITER,0
8.212,start,nan,-0.053,0.009,0.02,-0.04,96.01,-0.00,0.02,0.03,0,0,0,0,LOITER,0
8.232,start,nan,-0.053,0.009,0.02,-0.04,96.01,0.02,0.01,-0.01,0,0,0,0,LOITER,0
8.252,start,nan,-0.054,0.010,0.02,-0.04,96.01,0.00,0.00,-0.03,0,0,0,0,LOITER,0
8.272,start,nan,-0.054,0.010,0.02,-0.03,96.01,0.02,-0.01,-0.00,0,0,0,0,LOITER,0
8.292,start,nan,-0.054,0.010,0.02,-0.03,96.00,0.02,0.00,0.01,0,0,0,0,LOITER,0
8.312,start,nan,-0.055,0.010,0.01,-0.03,96.00,-0.04,0.01,0.04,151,151,151,151,LOITER,0
8.332,start,nan,-0.055,0.010,0.01,-0.03,96.00,0.02,0.00,0.00,151,151,151,151,LOITER,0
8.352,start,nan,-0.056,0.011,0.01,-0.03,96.00,-0.05,-0.01,0.01,151,151,151,151,LOITER,0
8.372,start,nan,-0.056,0.011,0.01,-0.02,96.00,-0.03,0.00,-0.03,151,151,151,151,LOITER,0
8.372,takeoff to 20 m,nan,-0.056,0.011,0.01,-0.02,96.00,-0.03,0.00,-0.03,151,151,151,151,LOITER,0
8.392,takeoff to 20 m,nan,-0.056,0.011,0.01,-0.02,96.00,0.02,-0.02,0.01,151,151,151,151,LOITER,0
8.412,takeoff to 20 m,nan,-0.057,0.011,0.01,-0.02,96.00,0.08,-0.03,-0.04,151,151,151,151,LOITER,0
8.432,takeoff to 20 m,nan,-0.057,0.011,0.01,-0.02,96.00,0.06,0.00,-0.01,151,151,151,151,LOITER,0
8.452,takeoff to 20 m,nan,-0.058,0.012,0.01,-0.02,96.00,-0.01,-0.02,0.02,151,151,151,151,LOITER,0
8.472,takeoff to 20 m,nan,-0.058,0.012,0.01,-0.02,96.00,0.02,-0.03,-0.02,151,151,151,151,LOITER,0
8.492,takeoff to 20 m,nan,-0.058,0.012,0.01,-0.01,96.00,-0.01,0.00,0.00,151,151,151,151,LOITER,0
8.512,takeoff to 20 m,nan,-0.060,0.013,0.01,-0.01,96.00,-0.03,0.03,0.02,151,151,151,151,LOITER,0
8.532,takeoff to 20 m,nan,-0.060,0.013,0.00,-0.01,95.99,0.04,0.02,-0.01,151,151,151,151,LOITER,0
8.552,takeoff to 20 m,nan,-0.061,0.013,0.00,-0.01,95.99,0.03,-0.05,0.03,151,151,151,151,LOITER,0
8.572,takeoff to 20 m,nan,-0.061,0.013,0.00,-0.01,95.99,0.03,-0.02,0.01,151,151,151,151,LOITER,0
8.592,takeoff to 20 m,nan,-0.061,0.013,0.00,-0.01,95.99,-0.03,0.01,0.02,151,151,151,151,LOITER,0
8.612,takeoff to 20 m,nan,-0.062,0.014,0.00,-0.01,95.99,0.03,0.07,0.01,151,151,151,151,LOITER,0
8.632,takeoff to 20 m,nan,-0.062,0.014,0.01,-0.01,95.99,0.02,-0.01,-0.00,151,151,151,151,LOITER,0
8.652,takeoff to 20 m,nan,-0.063,0.014,0.00,-0.01,96.00,-0.05,-0.03,0.05,151,151,151,151,LOITER,0
8.672,takeoff to 20 m,nan,-0.063,0.014,0.00,-0.01,96.00,0.01,0.01,0.03,151,151,151,151,LOITER,0
8.692,takeoff to 20 m,nan,-0.063,0.014,0.00,-0.01,96.00,0.01,0.01,-0.00,151,151,151,151,LOITER,0
8.712,takeoff to 20 m,nan,-0.064,0.014,0.00,-0.01,96.00,0.01,-0.06,0.00,151,151,151,151,LOITER,0
8.732,takeoff to 20 m,nan,-0.064,0.014,0.01,-0.01,96.00,0.01,0.00,0.00,151,151,151,151,LOITER,0
8.752,takeoff to 20 m,nan,-0.065,0.015,0.01,-0.01,96.00,-0.01,-0.00,-0.00,151,151,151,151,LOITER,0
8.772,takeoff to 20 m,nan,-0.065,0.015,0.01,-0.01,96.00,0.05,0.05,-0.01,151,151,151,151,LOITER,0
8.792,takeoff to 20 m,nan,-0.065,0.015,0.01,-0.01,96.00,-0.01,-0.00,-0.01,151,151,151,151,LOITER,0
8.812,takeoff to 20 m,nan,-0.066,0.015,0.01,-0.01,96.00,-0.01,0.02,-0.03,151,151,151,151,LOITER,0
8.832,takeoff to 20 m,nan,-0.066,0.015,0.01,-0.01,96.00,0.01,0.05,-0.03,151,151,151,151,LOITER,0
8.852,takeoff to 20 m,nan,-0.067,0.014,0.01,-0.01,96.00,0.01,-0.02,-0.01,151,151,151,151,LOITER,0
8.872,takeoff to 20 m,nan,-0.067,0.014,0.00,-0.01,96.00,-0.06,0.03,-0.04,151,151,151,151,LOITER,0
8.892,takeoff to 20 m,nan,-0.067,0.014,0.00,-0.01,96.00,-0.01,0.01,-0.00,151,151,151,151,LOITER,0
8.912,takeoff to 20 m,nan,-0.067,0.014,0.01,-0.01,96.00,0.02,-0.02,0.02,151,151,151,151,LOITER,0
8.932,takeoff to 20 m,nan,-0.067,0.014,0.01,-0.01,96.00,-0.02,0.01,-0.01,151,151,151,151,LOITER,0
8.952,takeoff to 20 m,nan,-0.067,0.014,0.01,-0.01,95.99,0.02,0.02,-0.02,151,151,151,151,LOITER,0
8.972,takeoff to 20 m,nan,-0.067,0.014,0.01,-0.01,95.99,-0.02,0.01,-0.03,151,151,151,151,LOITER,0
8.992,takeoff to 20 m,nan,-0.067,0.014,0.01,-0.01,95.99,0.03,-0.06,0.00,151,151,151,151,LOITER,0
9.012,takeoff to 20 m,nan,-0.068,0.014,0.01,-0.01,95.99,0.05,0.06,-0.00,151,151,151,151,TAKEOFF,1
9.032,takeoff to 20 m,nan,-0.068,0.014,0.01,-0.01,95.99,-0.00,-0.01,-0.00,151,151,151,151,TAKEOFF,1
9.052,takeoff to 20 m,nan,-0.068,0.014,0.01,-0.01,95.99,-0.03,0.02,0.02,151,151,151,151,TAKEOFF,1
9.072,takeoff to 20 m,nan,-0.068,0.014,0.01,-0.01,95.99,0.03,0.02,0.01,151,151,151,151,TAKEOFF,1
9.092,takeoff to 20 m,nan,-0.068,0.014,0.01,-0.01,95.99,0.02,-0.01,0.04,151,151,151,151,TAKEOFF,1
9.112,takeoff to 20 m,nan,-0.068,0.013,0.01,-0.01,95.99,-0.00,-0.01,-0.00,151,151,151,151,TAKEOFF,1
9.132,takeoff to 20 m,nan,-0.068,0.013,0.01,-0.01,95.99,0.01,0.02,0.01,151,151,151,151,TAKEOFF,1
9.152,takeoff to 20 m,nan,-0.068,0.012,0.02,-0.01,95.99,-0.01,-0.06,-0.00,151,151,151,151,TAKEOFF,1
9.172,takeoff to 20 m,nan,-0.068,0.012,0.02,-0.01,95.98,-0.05,-0.04,-0.03,151,151,151,151,TAKEOFF,1
9.192,takeoff to 20 m,nan,-0.068,0.012,0.02,-0.01,95.98,0.03,-0.01,0.02,151,151,151,151,TAKEOFF,1
9.212,takeoff to 20 m,nan,-0.068,0.012,0.02,-0.01,95.98,0.00,-0.04,0.04,151,151,151,151,TAKEOFF,1
9.232,takeoff to 20 m,nan,-0.068,0.012,0.02,-0.01,95.98,-0.02,0.03,-0.06,151,151,151,151,TAKEOFF,1
9.252,takeoff to 20 m,nan,-0.068,0.011,0.02,-0.01,95.98,0.01,0.06,-0.00,151,151,151,151,TAKEOFF,1
9.272,takeoff to 20 m,nan,-0.068,0.011,0.02,-0.01,95.98,-0.00,0.01,0.01,151,151,151,151,TAKEOFF,1
9.292,takeoff to 20 m,nan,-0.068,0.011,0.02,-0.01,95.98,-0.02,0.01,-0.01,151,151,151,151,TAKEOFF,1
9.312,takeoff to 20 m,nan,-0.067,0.010,0.02,-0.01,95.98,0.01,0.04,0.01,151,151,151,151,TAKEOFF,1
9.332,takeoff to 20 m,nan,-0.067,0.010,0.02,-0.01,95.97,-0.03,0.04,0.01,151,151,151,151,TAKEOFF,1
9.352,takeoff to 20 m,nan,-0.067,0.009,0.02,-0.01,95.97,0.01,-0.07,-0.00,166,165,165,165,TAKEOFF,1
9.372,takeoff to 20 m,nan,-0.067,0.009,0.02,-0.01,95.97,0.00,-0.02,0.03,166,165,165,165,TAKEOFF,1
9.392,takeoff to 20 m,nan,-0.067,0.009,0.02,-0.01,95.97,-0.02,-0.00,0.01,166,165,165,165,TAKEOFF,1
9.412,takeoff to 20 m,nan,-0.066,0.008,0.02,-0.01,95.97,-0.00,0.00,-0.01,172,171,171,172,TAKEOFF,1
9.432,takeoff to 20 m,nan,-0.066,0.008,0.02,-0.01,95.97,0.02,-0.03,-0.03,172,171,171,172,TAKEOFF,1
9.452,takeoff to 20 m,nan,-0.065,0.007,0.02,-0.01,95.97,-0.01,-0.02,-0.00,180,179,179,180,TAKEOFF,1
9.472,takeoff to 20 m,nan,-0.065,0.007,0.03,-0.01,95.97,0.05,0.02,-0.01,180,179,179,180,TAKEOFF,1
9.492,takeoff to 20 m,nan,-0.065,0.007,0.03,-0.01,95.97,0.02,0.01,0.03,180,179,179,180,TAKEOFF,1
9.512,takeoff to 20 m,nan,-0.064,0.006,0.03,-0.01,95.97,0.03,0.02,0.03,187,187,186,188,TAKEOFF,1
9.532,takeoff to 20 m,nan,-0.064,0.006,0.03,-0.01,95.97,-0.02,-0.03,-0.02,187,187,186,188,TAKEOFF,1
9.552,takeoff to 20 m,nan,-0.064,0.005,0.03,-0.01,95.96,0.03,-0.06,-0.03,196,194,194,196,TAKEOFF,1
9.572,takeoff to 20 m,nan,-0.064,0.005,0.03,-0.01,95.96,0.07,0.01,-0.02,196,194,194,196,TAKEOFF,1
9.592,takeoff to 20 m,nan,-0.064,0.005,0.03,-0.00,95.96,0.03,0.05,-0.01,196,194,194,196,TAKEOFF,1
9.612,takeoff to 20 m,nan,-0.063,0.004,0.03,-0.00,95.96,0.01,0.03,-0.00,204,203,202,205,TAKEOFF,1
9.632,takeoff to 20 m,nan,-0.063,0.004,0.04,-0.00,95.96,-0.00,-0.03,-0.04,204,203,202,205,TAKEOFF,1
9.652,takeoff to 20 m,nan,-0.063,0.004,0.04,-0.00,95.96,0.01,-0.01,0.05,214,213,212,215,TAKEOFF,1
9.672,takeoff to 20 m,nan,-0.063,0.004,0.04,-0.00,95.96,-0.04,0.01,0.01,214,213,212,215,TAKEOFF,1
9.692,takeoff to 20 m,nan,-0.063,0.004,0.04,-0.00,95.96,0.02,-0.03,0.01,214,213,212,215,TAKEOFF,1
9.712,takeoff to 20 m,nan,-0.063,0.003,0.04,-0.00,95.96,0.04,-0.00,0.00,223,222,221,224,TAKEOFF,1
9.732,takeoff to 20 m,nan,-0.063,0.003,0.04,-0.00,95.96,-0.01,-0.03,-0.00,223,222,221,224,TAKEOFF,1
9.752,takeoff to 20 m,nan,-0.063,0.003,0.04,-0.00,95.96,0.06,0.04,0.01,235,234,232,236,TAKEOFF,1
9.772,takeoff to 20 m,nan,-0.063,0.003,0.05,0.00,95.96,0.06,-0.01,0.01,235,234,232,236,TAKEOFF,1
9.792,takeoff to 20 m,nan,-0.063,0.003,0.05,0.00,95.96,-0.04,0.00,0.01,235,234,232,236,TAKEOFF,1
9.812,takeoff to 20 m,nan,-0.063,0.003,0.05,0.00,95.96,0.00,-0.02,-0.02,245,244,242,247,TAKEOFF,1
9.832,takeoff to 20 m,nan,-0.063,0.003,0.05,0.00,95.96,0.01,0.01,-0.04,245,244,242,247,TAKEOFF,1
9.852,takeoff to 20 m,nan,-0.063,0.003,0.05,0.00,95.96,0.05,-0.03,0.03,256,255,253,258,TAKEOFF,1
9.872,takeoff to 20 m,nan,-0.063,0.003,0.05,0.01,95.96,-0.03,0.06,0.04,256,255,253,258,TAKEOFF,1
9.892,takeoff to 20 m,nan,-0.063,0.003,0.05,0.01,95.96,-0.00,0.01,-0.04,256,255,253,258,TAKEOFF,1
9.912,takeoff to 20 m,nan,-0.063,0.003,0.05,0.01,95.96,0.03,0.02,-0.03,267,266,263,269,TAKEOFF,1
9.932,takeoff to 20 m,nan,-0.063,0.003,0.05,0.01,95.95,-0.02,0.04,-0.00,267,266,263,269,TAKEOFF,1
9.952,takeoff to 20 m,nan,-0.064,0.003,0.05,0.01,95.95,0.05,-0.04,0.01,278,277,275,281,TAKEOFF,1
9.972,takeoff to 20 m,nan,-0.064,0.003,0.05,0.01,95.95,-0.04,0.03,0.02,278,277,275,281,TAKEOFF,1
9.992,takeoff to 20 m,nan,-0.064,0.003,0.06,0.01,95.95,0.07,0.03,-0.00,278,277,275,281,TAKEOFF,1
10.012,takeoff to 20 m,nan,-0.064,0.003,0.06,0.01,95.95,0.01,0.01,-0.07,290,290,286,294,TAKEOFF,1
10.032,takeoff to 20 m,nan,-0.064,0.003,0.06,0.02,95.95,0.04,0.05,-0.01,290,290,286,294,TAKEOFF,1
10.052,takeoff to 20 m,nan,-0.064,0.003,0.06,0.02,95.95,0.04,-0.02,-0.05,305,304,301,308,TAKEOFF,1
10.072,takeoff to 20 m,nan,-0.064,0.003,0.06,0.02,95.95,0.03,0.01,0.02,305,304,301,308,TAKEOFF,1
10.092,takeoff to 20 m,nan,-0.064,0.003,0.06,0.02,95.96,0.02,-0.03,-0.00,305,304,301,308,TAKEOFF,1
10.112,takeoff to 20 m,nan,-0.065,0.003,0.06,0.02,95.95,0.07,0.02,-0.01,318,317,313,322,TAKEOFF,1
10.132,takeoff to 20 m,nan,-0.065,0.003,0.06,0.02,95.96,0.04,0.04,-0.03,318,317,313,322,TAKEOFF,1
10.152,takeoff to 20 m,nan,-0.065,0.003,0.06,0.03,95.96,0.06,0.01,0.01,331,331,326,336,TAKEOFF,1
10.172,takeoff to 20 m,nan,-0.065,0.003,0.07,0.03,95.95,0.07,-0.00,-0.04,331,331,326,336,TAKEOFF,1
10.192,takeoff to 20 m,nan,-0.065,0.003,0.07,0.03,95.96,0.07,0.05,0.05,331,331,326,336,TAKEOFF,1
10.212,takeoff to 20 m,nan,-0.065,0.003,0.07,0.03,95.96,0.02,-0.00,0.03,345,345,339,351,TAKEOFF,1
10.232,takeoff to 20 m,nan,-0.065,0.003,0.07,0.03,95.95,-0.02,-0.01,-0.04,345,345,339,351,TAKEOFF,1
10.252,takeoff to 20 m,nan,-0.065,0.003,0.07,0.03,95.95,0.01,-0.02,-0.02,362,361,355,368,TAKEOFF,1
10.272,takeoff to 20 m,nan,-0.065,0.003,0.07,0.03,95.95,0.05,-0.06,0.01,362,361,355,368,TAKEOFF,1
10.292,takeoff to 20 m,nan,-0.065,0.003,0.07,0.03,95.95,0.05,0.06,0.02,362,361,355,368,TAKEOFF,1
10.312,takeoff to 20 m,nan,-0.065,0.003,0.07,0.02,95.95,0.03,-0.03,0.03,377,376,370,383,TAKEOFF,1
10.332,takeoff to 20 m,nan,-0.065,0.003,0.07,0.02,95.95,0.02,-0.00,-0.00,377,376,370,383,TAKEOFF,1
10.352,takeoff to 20 m,nan,-0.064,0.003,0.07,0.02,95.95,-0.02,-0.01,-0.00,392,391,384,399,TAKEOFF,1
10.372,takeoff to 20 m,nan,-0.064,0.003,0.07,0.02,95.95,0.01,0.05,-0.01,392,391,384,399,TAKEOFF,1
10.392,takeoff to 20 m,nan,-0.064,0.003,0.08,0.02,95.95,0.06,0.03,-0.02,392,391,384,399,TAKEOFF,1
10.412,takeoff to 20 m,nan,-0.064,0.003,0.08,0.02,95.95,0.06,-0.01,0.04,408,407,399,415,TAKEOFF,1
10.432,takeoff to 20 m,nan,-0.064,0.003,0.08,0.02,95.95,0.02,-0.04,-0.04,408,407,399,415,TAKEOFF,1
10.452,takeoff to 20 m,nan,-0.063,0.002,0.08,0.02,95.95,-0.00,0.02,0.02,427,425,418,434,TAKEOFF,1
10.472,takeoff to 20 m,nan,-0.063,0.002,0.08,0.02,95.95,0.02,0.01,-0.03,427,425,418,434,TAKEOFF,1
10.492,takeoff to 20 m,nan,-0.063,0.002,0.08,0.02,95.95,0.04,0.01,-0.00,427,425,418,434,TAKEOFF,1
10.512,takeoff to 20 m,nan,-0.062,0.002,0.08,0.01,95.94,0.01,0.04,0.03,444,442,434,451,TAKEOFF,1
10.532,takeoff to 20 m,nan,-0.062,0.002,0.08,0.01,95.94,0.04,-0.03,-0.06,444,442,434,451,TAKEOFF,1
10.552,takeoff to 20 m,nan,-0.062,0.002,0.08,0.01,95.94,0.01,0.03,-0.00,461,459,451,469,TAKEOFF,1
10.572,takeoff to 20 m,nan,-0.062,0.002,0.08,0.01,95.94,-0.03,0.02,0.01,461,459,451,469,TAKEOFF,1
10.592,takeoff to 20 m,nan,-0.062,0.002,0.08,0.01,95.94,0.01,0.06,-0.05,461,459,451,469,TAKEOFF,1
10.612,takeoff to 20 m,nan,-0.062,0.002,0.08,0.01,95.94,0.03,0.01,0.01,477,475,466,485,TAKEOFF,1
10.632,takeoff to 20 m,nan,-0.062,0.002,0.08,0.01,95.94,0.01,0.03,0.02,477,475,466,485,TAKEOFF,1
10.652,takeoff to 20 m,nan,-0.061,0.002,0.08,0.01,95.94,0.03,-0.01,0.01,483,480,471,491,TAKEOFF,1
10.672,takeoff to 20 m,nan,-0.061,0.002,0.08,0.01,95.94,0.00,-0.00,-0.01,483,480,471,491,TAKEOFF,1
10.692,takeoff to 20 m,nan,-0.061,0.002,0.08,0.01,95.94,0.01,0.01,0.01,483,480,471,491,TAKEOFF,1
10.712,takeoff to 20 m,nan,-0.061,0.002,0.08,0.01,95.94,-0.02,-0.00,-0.00,487,484,475,496,TAKEOFF,1
10.732,takeoff to 20 m,nan,-0.061,0.002,0.08,0.01,95.94,-0.01,-0.03,0.00,487,484,475,496,TAKEOFF,1
10.752,takeoff to 20 m,nan,-0.060,0.002,0.08,0.01,95.94,0.07,-0.01,-0.03,491,487,478,500,TAKEOFF,1
10.772,takeoff to 20 m,nan,-0.060,0.002,0.08,0.01,95.94,-0.02,-0.03,-0.02,491,487,478,500,TAKEOFF,1
10.792,takeoff to 20 m,nan,-0.060,0.002,0.08,0.01,95.94,0.02,-0.02,0.06,491,487,478,500,TAKEOFF,1
10.812,takeoff to 20 m,nan,-0.059,0.002,0.08,0.01,95.94,0.01,0.05,0.04,498,494,484,507,TAKEOFF,1
10.832,takeoff to 20 m,nan,-0.059,0.002,0.08,0.01,95.94,0.05,0.01,-0.07,498,494,484,507,TAKEOFF,1
10.852,takeoff to 20 m,nan,-0.058,0.001,0.08,0.01,95.94,0.00,-0.05,0.03,504,499,490,513,TAKEOFF,1
10.872,takeoff to 20 m,nan,-0.058,0.001,0.08,0.01,95.94,0.02,-0.01,0.01,504,499,490,513,TAKEOFF,1
10.892,takeoff to 20 m,nan,-0.058,0.001,0.08,0.01,95.94,-0.00,-0.00,-0.01,504,499,490,513,TAKEOFF,1
10.912,takeoff to 20 m,nan,-0.056,0.001,0.08,0.02,95.94,-0.03,0.03,0.02,508,504,493,518,TAKEOFF,1
10.932,takeoff to 20 m,nan,-0.056,0.001,0.08,0.02,95.95,0.02,0.01,-0.02,508,504,493,518,TAKEOFF,1
10.952,takeoff to 20 m,nan,-0.055,-0.000,0.07,0.02,95.95,0.04,0.03,0.01,514,511,499,526,TAKEOFF,1
10.972,takeoff to 20 m,nan,-0.055,-0.000,0.07,0.02,95.95,0.05,-0.02,-0.08,514,511,499,526,TAKEOFF,1
10.992,takeoff to 20 m,nan,-0.055,-0.000,0.07,0.02,95.95,0.02,-0.04,0.01,514,511,499,526,TAKEOFF,1
11.012,takeoff to 20 m,nan,-0.053,-0.001,0.07,0.02,95.95,0.01,-0.01,0.00,519,515,503,530,TAKEOFF,1
11.032,takeoff to 20 m,nan,-0.053,-0.001,0.07,0.02,95.95,0.02,0.01,-0.02,519,515,503,530,TAKEOFF,1
11.052,takeoff to 20 m,nan,-0.050,-0.002,0.07,0.02,95.95,0.03,0.03,0.03,525,521,509,537,TAKEOFF,1
11.072,takeoff to 20 m,nan,-0.050,-0.002,0.07,0.02,95.95,-0.00,-0.03,-0.04,525,521,509,537,TAKEOFF,1
11.092,takeoff to 20 m,nan,-0.050,-0.002,0.07,0.02,95.95,0.01,-0.00,0.00,525,521,509,537,TAKEOFF,1
11.112,takeoff to 20 m,nan,-0.048,-0.003,0.06,0.02,95.95,0.07,0.06,0.01,530,525,513,542,TAKEOFF,1
11.132,takeoff to 20 m,nan,-0.048,-0.003,0.06,0.02,95.95,0.01,0.01,-0.03,530,525,513,542,TAKEOFF,1
11.152,takeoff to 20 m,nan,-0.045,-0.004,0.06,0.02,95.95,0.01,0.03,0.01,537,533,520,550,TAKEOFF,1
11.172,takeoff to 20 m,nan,-0.045,-0.004,0.06,0.02,95.95,0.00,0.01,0.04,537,533,520,550,TAKEOFF,1
11.192,takeoff to 20 m,nan,-0.045,-0.004,0.06,0.02,95.95,0.04,-0.04,0.03,537,533,520,550,TAKEOFF,1
11.212,takeoff to 20 m,nan,-0.043,-0.005,0.06,0.01,95.95,0.06,-0.02,0.01,542,537,525,555,TAKEOFF,1
11.232,takeoff to 20 m,nan,-0.043,-0.005,0.05,0.01,95.95,0.05,-0.01,-0.05,542,537,525,555,TAKEOFF,1
11.252,takeoff to 20 m,nan,-0.040,-0.007,0.05,0.01,95.95,0.04,-0.01,0.02,549,544,531,561,TAKEOFF,1
11.272,takeoff to 20 m,nan,-0.040,-0.007,0.05,0.01,95.95,0.04,0.02,-0.03,549,544,531,561,TAKEOFF,1
11.292,takeoff to 20 m,nan,-0.040,-0.007,0.05,0.01,95.95,0.02,-0.03,-0.02,549,544,531,561,TAKEOFF,1
11.312,takeoff to 20 m,nan,-0.037,-0.008,0.05,0.01,95.95,-0.05,0.08,0.01,554,549,536,567,TAKEOFF,1
11.332,takeoff to 20 m,nan,-0.037,-0.008,0.05,0.01,95.94,0.08,-0.00,-0.01,554,549,536,567,TAKEOFF,1
11.352,takeoff to 20 m,nan,-0.035,-0.009,0.05,0.00,95.95,0.02,-0.00,0.04,559,554,541,572,TAKEOFF,1
11.372,takeoff to 20 m,nan,-0.035,-0.009,0.05,0.00,95.94,0.00,0.02,-0.03,559,554,541,572,TAKEOFF,1
11.392,takeoff to 20 m,nan,-0.035,-0.009,0.04,0.00,95.94,0.02,-0.00,0.03,559,554,541,572,TAKEOFF,1
11.412,takeoff to 20 m,nan,-0.033,-0.009,0.04,0.00,95.94,0.01,-0.01,-0.02,568,562,549,581,TAKEOFF,1
11.432,takeoff to 20 m,nan,-0.033,-0.009,0.04,0.00,95.94,0.01,0.03,-0.02,568,562,549,581,TAKEOFF,1
11.452,takeoff to 20 m,nan,-0.030,-0.011,0.04,0.00,95.94,0.04,0.02,-0.08,574,569,555,588,TAKEOFF,1
11.472,takeoff to 20 m,nan,-0.030,-0.011,0.04,0.00,95.94,0.01,0.02,-0.03,574,569,555,588,TAKEOFF,1
11.492,takeoff to 20 m,nan,-0.030,-0.011,0.04,0.00,95.94,0.04,0.03,-0.03,574,569,555,588,TAKEOFF,1
11.512,takeoff to 20 m,nan,-0.028,-0.011,0.04,0.00,95.94,0.05,-0.02,-0.02,580,575,560,594,TAKEOFF,1
11.532,takeoff to 20 m,nan,-0.028,-0.011,0.04,0.01,95.94,-0.01,0.07,0.02,580,575,560,594,TAKEOFF,1
11.552,takeoff to 20 m,nan,-0.026,-0.012,0.03,0.01,95.94,0.05,-0.02,0.03,585,581,566,600,TAKEOFF,1
11.572,takeoff to 20 m,nan,-0.026,-0.012,0.03,0.01,95.94,-0.03,-0.02,-0.01,585,581,566,600,TAKEOFF,1
11.592,takeoff to 20 m,nan,-0.026,-0.012,0.03,0.01,95.94,0.00,-0.01,0.01,585,581,566,600,TAKEOFF,1
11.612,takeoff to 20 m,nan,-0.024,-0.013,0.03,0.01,95.94,0.01,-0.01,0.06,594,590,575,609,TAKEOFF,1
11.632,takeoff to 20 m,nan,-0.024,-0.013,0.02,0.01,95.94,0.01,-0.02,-0.01,594,590,575,609,TAKEOFF,1
11.652,takeoff to 20 m,nan,-0.023,-0.013,0.02,0.01,95.94,0.00,-0.00,0.00,601,597,582,617,TAKEOFF,1
11.672,takeoff to 20 m,nan,-0.023,-0.013,0.02,0.01,95.94,0.02,-0.00,-0.03,601,597,582,617,TAKEOFF,1
11.692,takeoff to 20 m,nan,-0.023,-0.013,0.01,0.01,95.94,-0.00,-0.05,-0.01,601,597,582,617,TAKEOFF,1
11.712,takeoff to 20 m,nan,-0.022,-0.013,0.01,0.01,95.94,0.03,0.00,-0.01,607,604,588,623,TAKEOFF,1
11.732,takeoff to 20 m,nan,-0.022,-0.013,0.01,0.01,95.94,-0.02,-0.02,0.03,607,604,588,623,TAKEOFF,1
11.752,takeoff to 20 m,nan,-0.021,-0.013,0.00,0.02,95.94,-0.01,-0.00,-0.00,617,614,598,634,TAKEOFF,1
11.772,takeoff to 20 m,nan,-0.021,-0.013,-0.00,0.02,95.94,0.01,0.00,0.01,617,614,598,634,TAKEOFF,1
11.792,takeoff to 20 m,nan,-0.021,-0.013,-0.00,0.02,95.94,0.02,0.00,-0.04,617,614,598,634,TAKEOFF,1
11.812,takeoff to 20 m,nan,-0.020,-0.013,-0.01,0.02,95.94,0.04,0.01,0.02,623,621,604,640,TAKEOFF,1
11.832,takeoff to 20 m,nan,-0.020,-0.013,-0.01,0.02,95.94,0.03,0.05,0.01,623,621,604,640,TAKEOFF,1
11.852,takeoff to 20 m,nan,-0.020,-0.013,-0.01,0.02,95.94,0.02,-0.02,-0.04,631,629,612,648,TAKEOFF,1
11.872,takeoff to 20 m,nan,-0.020,-0.013,-0.01,0.02,95.94,0.03,-0.03,0.05,631,629,612,648,TAKEOFF,1
11.892,takeoff to 20 m,nan,-0.020,-0.013,-0.01,0.02,95.94,0.06,0.01,-0.05,631,629,612,648,TAKEOFF,1
11.912,takeoff to 20 m,nan,-0.020,-0.013,-0.01,0.02,95.94,0.02,0.04,0.00,637,636,618,655,TAKEOFF,1
11.932,takeoff to 20 m,nan,-0.020,-0.013,-0.01,0.02,95.94,0.03,-0.02,0.08,637,636,618,655,TAKEOFF,1
11.952,takeoff to 20 m,nan,-0.019,-0.012,-0.01,0.02,95.94,0.04,-0.00,-0.06,644,643,625,663,TAKEOFF,1
11.972,takeoff to 20 m,nan,-0.019,-0.012,-0.01,0.02,95.94,-0.00,-0.04,0.00,644,643,625,663,TAKEOFF,1
11.992,takeoff to 20 m,nan,-0.019,-0.012,-0.01,0.02,95.94,0.01,-0.02,0.02,644,643,625,663,TAKEOFF,1
12.012,takeoff to 20 m,nan,-0.019,-0.012,-0.01,0.02,95.94,0.01,-0.03,0.01,654,654,635,673,TAKEOFF,1
12.032,takeoff to 20 m,nan,-0.019,-0.012,-0.02,0.02,95.94,0.01,-0.03,-0.04,654,654,635,673,TAKEOFF,1
12.052,takeoff to 20 m,nan,-0.019,-0.012,-0.02,0.02,95.94,-0.05,0.02,-0.01,662,663,643,682,TAKEOFF,1
12.072,takeoff to 20 m,nan,-0.019,-0.012,-0.02,0.02,95.94,-0.05,0.01,0.01,662,663,643,682,TAKEOFF,1
12.092,takeoff to 20 m,nan,-0.019,-0.012,-0.02,0.03,95.94,-0.05,0.03,0.03,662,663,643,682,TAKEOFF,1
12.112,takeoff to 20 m,nan,-0.018,-0.012,-0.02,0.03,95.94,-0.01,0.04,0.04,670,670,650,690,TAKEOFF,1
12.132,takeoff to 20 m,nan,-0.018,-0.012,-0.02,0.03,95.94,0.03,0.01,0.01,670,670,650,690,TAKEOFF,1
12.152,takeoff to 20 m,nan,-0.017,-0.012,-0.02,0.03,95.94,0.01,0.01,-0.00,677,677,657,698,TAKEOFF,1
12.172,takeoff to 20 m,nan,-0.017,-0.012,-0.01,0.02,95.94,0.03,-0.03,-0.00,677,677,657,698,TAKEOFF,1
12.192,takeoff to 20 m,nan,-0.017,-0.012,-0.01,0.02,95.94,-0.04,-0.04,-0.05,677,677,657,698,TAKEOFF,1
12.212,takeoff to 20 m,nan,-0.016,-0.012,-0.01,0.02,95.94,0.01,0.01,-0.02,688,689,668,709,TAKEOFF,1
12.232,takeoff to 20 m,nan,-0.016,-0.012,-0.01,0.02,95.94,0.03,0.01,0.02,688,689,668,709,TAKEOFF,1
12.252,takeoff to 20 m,nan,-0.015,-0.012,-0.01,0.02,95.94,-0.00,0.02,-0.02,697,697,676,718,TAKEOFF,1
12.272,takeoff to 20 m,nan,-0.015,-0.012,-0.01,0.02,95.95,0.04,0.00,0.06,697,697,676,718,TAKEOFF,1
12.292,takeoff to 20 m,nan,-0.015,-0.012,-0.01,0.02,95.95,0.02,-0.04,-0.02,697,697,676,718,TAKEOFF,1
12.312,takeoff to 20 m,nan,-0.014,-0.012,-0.01,0.01,95.95,0.01,0.03,-0.01,705,705,683,726,TAKEOFF,1
12.332,takeoff to 20 m,nan,-0.014,-0.012,-0.00,0.01,95.95,0.05,0.02,0.03,705,705,683,726,TAKEOFF,1
12.352,takeoff to 20 m,nan,-0.014,-0.012,-0.00,0.01,95.95,0.03,-0.02,-0.04,739,738,717,760,TAKEOFF,1
12.372,takeoff to 20 m,nan,-0.014,-0.012,-0.00,0.01,95.95,0.02,-0.03,-0.02,739,738,717,760,TAKEOFF,1
12.392,takeoff to 20 m,nan,-0.014,-0.012,0.00,0.01,95.95,-0.04,-0.05,-0.01,739,738,717,760,TAKEOFF,1
12.412,takeoff to 20 m,nan,-0.013,-0.013,0.00,0.01,95.95,0.02,-0.01,0.01,751,750,729,772,TAKEOFF,1
12.432,takeoff to 20 m,nan,-0.013,-0.013,0.00,0.00,95.95,-0.04,0.01,-0.06,751,750,729,772,TAKEOFF,1
12.452,takeoff to 20 m,nan,-0.012,-0.013,0.00,0.00,95.96,-0.01,-0.04,0.00,760,759,737,782,TAKEOFF,1
12.472,takeoff to 20 m,nan,-0.012,-0.013,0.00,-0.00,95.96,-0.07,-0.24,0.08,760,759,737,782,TAKEOFF,1
12.492,takeoff to 20 m,nan,-0.012,-0.013,-0.00,-0.01,95.96,-0.31,-0.52,0.08,760,759,737,782,TAKEOFF,1
12.512,takeoff to 20 m,nan,-0.012,-0.015,-0.01,-0.03,95.96,-0.72,-0.88,0.10,769,766,748,788,TAKEOFF,1
12.532,takeoff to 20 m,nan,-0.012,-0.015,-0.03,-0.05,95.97,-1.24,-1.25,0.06,769,766,748,788,TAKEOFF,1
12.552,takeoff to 20 m,nan,-0.011,-0.020,-0.07,-0.09,95.97,-2.30,-2.02,0.03,777,773,761,789,TAKEOFF,1
12.572,takeoff to 20 m,nan,-0.011,-0.020,-0.13,-0.14,95.97,-2.80,-2.29,-0.13,777,773,761,789,TAKEOFF,1
12.592,takeoff to 20 m,nan,-0.011,-0.020,-0.20,-0.19,95.97,-4.39,-2.91,-0.12,777,773,761,789,TAKEOFF,1
12.612,takeoff to 20 m,nan,-0.011,-0.030,-0.32,-0.27,95.97,-6.24,-3.97,-0.06,787,785,780,791,TAKEOFF,1
12.632,takeoff to 20 m,nan,-0.011,-0.030,-0.47,-0.36,95.97,-7.60,-4.58,-0.07,787,785,780,791,TAKEOFF,1
12.652,takeoff to 20 m,nan,-0.009,-0.053,-0.63,-0.45,95.97,-8.09,-4.43,-0.11,791,790,792,789,TAKEOFF,1
12.672,takeoff to 20 m,nan,-0.009,-0.053,-0.79,-0.53,95.97,-8.01,-4.05,-0.05,791,790,792,789,TAKEOFF,1
12.692,takeoff to 20 m,nan,-0.009,-0.053,-0.94,-0.61,95.97,-7.64,-3.68,-0.04,791,790,792,789,TAKEOFF,1
12.712,takeoff to 20 m,nan,-0.006,-0.080,-1.08,-0.68,95.97,-7.04,-3.26,-0.02,794,794,796,791,TAKEOFF,1
12.732,takeoff to 20 m,nan,-0.006,-0.080,-1.22,-0.73,95.97,-6.31,-2.65,-0.04,794,794,796,791,TAKEOFF,1
12.752,takeoff to 20 m,nan,-0.002,-0.111,-1.33,-0.78,95.97,-5.54,-2.14,-0.05,795,797,799,792,TAKEOFF,1
12.772,takeoff to 20 m,nan,-0.002,-0.111,-1.43,-0.82,95.97,-4.59,-1.61,-0.01,795,797,799,792,TAKEOFF,1
12.792,takeoff to 20 m,nan,-0.002,-0.111,-1.50,-0.84,95.97,-3.58,-1.17,-0.04,795,797,799,792,TAKEOFF,1
12.812,takeoff to 20 m,nan,0.005,-0.147,-1.56,-0.86,95.97,-2.76,-0.57,-0.04,801,802,804,798,TAKEOFF,1
12.832,takeoff to 20 m,nan,0.005,-0.147,-1.60,-0.86,95.97,-1.76,-0.09,-0.03,801,802,804,798,TAKEOFF,1
12.852,takeoff to 20 m,nan,0.014,-0.192,-1.62,-0.86,95.97,-0.82,0.21,-0.06,801,802,804,799,TAKEOFF,1
12.872,takeoff to 20 m,nan,0.014,-0.192,-1.63,-0.85,95.97,0.06,0.69,-0.08,801,802,804,799,TAKEOFF,1
12.892,takeoff to 20 m,nan,0.014,-0.192,-1.62,-0.83,95.97,0.77,0.89,-0.04,801,802,804,799,TAKEOFF,1
12.912,takeoff to 20 m,nan,0.025,-0.232,-1.59,-0.80,95.97,1.49,1.20,0.02,800,802,802,799,TAKEOFF,1
12.932,takeoff to 20 m,nan,0.025,-0.232,-1.56,-0.78,95.96,2.11,1.35,-0.04,800,802,802,799,TAKEOFF,1
12.952,takeoff to 20 m,nan,0.038,-0.274,-1.51,-0.75,95.96,2.75,1.48,-0.03,800,801,801,799,TAKEOFF,1
12.972,takeoff to 20 m,nan,0.038,-0.274,-1.45,-0.71,95.95,3.12,1.68,-0.04,800,801,801,799,TAKEOFF,1
12.992,takeoff to 20 m,nan,0.038,-0.274,-1.38,-0.68,95.94,3.58,1.84,0.00,800,801,801,799,TAKEOFF,1
13.012,takeoff to 20 m,nan,0.053,-0.316,-1.31,-0.64,95.93,3.87,1.85,-0.03,804,805,805,804,TAKEOFF,1
13.032,takeoff to 20 m,nan,0.053,-0.316,-1.23,-0.60,95.93,4.14,1.93,0.02,804,805,805,804,TAKEOFF,1
13.052,takeoff to 20 m,nan,0.073,-0.366,-1.14,-0.56,95.92,4.45,2.03,-0.04,804,805,804,804,TAKEOFF,1
13.072,takeoff to 20 m,nan,0.073,-0.366,-1.05,-0.51,95.91,4.59,2.04,-0.02,804,805,804,804,TAKEOFF,1
13.092,takeoff to 20 m,nan,0.073,-0.366,-0.96,-0.47,95.90,4.70,2.08,0.02,804,805,804,804,TAKEOFF,1
13.112,takeoff to 20 m,nan,0.093,-0.410,-0.87,-0.43,95.89,4.80,2.02,0.02,801,801,801,801,TAKEOFF,1
13.136,takeoff to 20 m,nan,0.093,-0.410,-0.76,-0.38,95.88,4.85,2.03,0.02,801,801,801,801,TAKEOFF,1
13.152,takeoff to 20 m,nan,0.116,-0.453,-0.68,-0.34,95.87,4.89,2.10,0.07,799,800,799,800,TAKEOFF,1
13.172,takeoff to 20 m,nan,0.116,-0.453,-0.59,-0.30,95.86,4.83,2.04,-0.00,799,800,799,800,TAKEOFF,1
13.192,takeoff to 20 m,nan,0.116,-0.453,-0.49,-0.26,95.85,4.85,2.02,0.06,799,800,799,800,TAKEOFF,1
13.212,takeoff to 20 m,nan,0.140,-0.496,-0.40,-0.22,95.84,4.83,1.92,-0.04,805,804,804,805,TAKEOFF,1
13.232,takeoff to 20 m,nan,0.140,-0.496,-0.31,-0.18,95.83,4.74,1.92,0.03,805,804,804,805,TAKEOFF,1
13.252,takeoff to 20 m,nan,0.172,-0.545,-0.22,-0.14,95.82,4.66,1.88,0.01,802,802,802,803,TAKEOFF,1
13.272,takeoff to 20 m,nan,0.172,-0.545,-0.13,-0.10,95.81,4.57,1.90,0.03,802,802,802,803,TAKEOFF,1
13.292,takeoff to 20 m,nan,0.172,-0.545,-0.04,-0.06,95.80,4.45,1.83,0.01,802,802,802,803,TAKEOFF,1
13.312,takeoff to 20 m,nan,0.202,-0.588,0.04,-0.02,95.78,4.38,1.68,-0.00,800,800,799,801,TAKEOFF,1
13.332,takeoff to 20 m,nan,0.202,-0.588,0.12,0.01,95.77,4.20,1.61,-0.00,800,800,799,801,TAKEOFF,1
13.352,takeoff to 20 m,nan,0.234,-0.630,0.20,0.04,95.75,4.00,1.46,-0.06,804,803,803,804,TAKEOFF,1
13.372,takeoff to 20 m,nan,0.234,-0.630,0.27,0.07,95.74,3.81,1.46,0.00,804,803,803,804,TAKEOFF,1
13.392,takeoff to 20 m,nan,0.234,-0.630,0.35,0.10,95.72,3.71,1.44,0.06,804,803,803,804,TAKEOFF,1
13.412,takeoff to 20 m,nan,0.267,-0.672,0.42,0.13,95.70,3.63,1.38,0.02,801,801,801,802,TAKEOFF,1
13.432,takeoff to 20 m,nan,0.267,-0.672,0.48,0.16,95.68,3.55,1.22,-0.06,801,801,801,802,TAKEOFF,1
13.452,takeoff to 20 m,nan,0.310,-0.720,0.55,0.18,95.65,3.45,1.12,0.04,801,800,800,802,TAKEOFF,1
13.472,takeoff to 20 m,nan,0.310,-0.720,0.61,0.21,95.63,3.31,1.07,-0.03,801,800,800,802,TAKEOFF,1
13.492,takeoff to 20 m,nan,0.310,-0.720,0.67,0.23,95.60,3.11,0.99,0.03,801,800,800,802,TAKEOFF,1
13.512,takeoff to 20 m,nan,0.348,-0.760,0.73,0.25,95.58,2.81,0.95,-0.01,799,798,798,799,TAKEOFF,1
13.532,takeoff to 20 m,nan,0.348,-0.760,0.78,0.27,95.55,2.72,0.82,-0.05,799,798,798,799,TAKEOFF,1
13.552,takeoff to 20 m,nan,0.389,-0.801,0.83,0.29,95.52,2.58,0.86,-0.01,795,796,794,797,TAKEOFF,1
13.572,takeoff to 20 m,nan,0.389,-0.801,0.88,0.31,95.49,2.46,0.70,0.00,795,796,794,797,TAKEOFF,1
13.592,takeoff to 20 m,nan,0.389,-0.801,0.93,0.32,95.46,2.36,0.50,-0.00,795,796,794,797,TAKEOFF,1
13.612,takeoff to 20 m,nan,0.431,-0.840,0.97,0.33,95.43,2.12,0.38,-0.02,802,802,801,803,TAKEOFF,1
13.632,takeoff to 20 m,nan,0.431,-0.840,1.01,0.34,95.40,1.99,0.35,0.01,802,802,801,803,TAKEOFF,1
13.652,takeoff to 20 m,nan,0.483,-0.886,1.04,0.35,95.38,1.81,0.23,0.02,800,799,799,800,TAKEOFF,1
13.672,takeoff to 20 m,nan,0.483,-0.886,1.08,0.36,95.35,1.65,0.23,0.01,800,799,799,800,TAKEOFF,1
13.692,takeoff to 20 m,nan,0.483,-0.886,1.11,0.37,95.33,1.57,0.23,-0.01,800,799,799,800,TAKEOFF,1
13.712,takeoff to 20 m,nan,0.529,-0.925,1.14,0.37,95.31,1.47,0.12,-0.01,797,797,796,798,TAKEOFF,1
13.732,takeoff to 20 m,nan,0.529,-0.925,1.16,0.37,95.30,1.30,0.08,-0.02,797,797,796,798,TAKEOFF,1
13.752,takeoff to 20 m,nan,0.578,-0.963,1.19,0.38,95.29,1.19,0.05,0.04,794,793,793,795,TAKEOFF,1
13.772,takeoff to 20 m,nan,0.578,-0.963,1.21,0.38,95.28,0.96,-0.04,-0.04,794,793,793,795,TAKEOFF,1
13.792,takeoff to 20 m,nan,0.578,-0.963,1.23,0.38,95.28,0.81,0.03,-0.02,794,793,793,795,TAKEOFF,1
13.812,takeoff to 20 m,nan,0.628,-1.001,1.24,0.38,95.27,0.67,0.06,-0.04,793,793,793,794,TAKEOFF,1
13.832,takeoff to 20 m,nan,0.628,-1.001,1.25,0.38,95.27,0.49,-0.02,-0.03,793,793,793,794,TAKEOFF,1
13.852,takeoff to 20 m,nan,0.688,-1.034,1.26,0.38,95.27,0.36,-0.02,-0.04,778,777,777,778,TAKEOFF,1
13.872,takeoff to 20 m,nan,0.688,-1.034,1.27,0.38,95.28,0.21,0.02,-0.02,778,777,777,778,TAKEOFF,1
13.892,takeoff to 20 m,nan,0.688,-1.034,1.27,0.38,95.29,0.12,0.00,0.01,778,777,777,778,TAKEOFF,1
13.912,takeoff to 20 m,nan,0.741,-1.049,1.27,0.38,95.29,-0.02,0.06,0.02,768,768,767,769,TAKEOFF,1
13.932,takeoff to 20 m,nan,0.741,-1.049,1.28,0.38,95.30,-0.11,0.06,-0.07,768,768,767,769,TAKEOFF,1
13.952,takeoff to 20 m,nan,0.794,-1.053,1.27,0.38,95.32,-0.26,0.03,-0.01,774,773,774,774,TAKEOFF,1
13.972,takeoff to 20 m,nan,0.794,-1.053,1.27,0.38,95.33,-0.38,0.02,-0.04,774,773,774,774,TAKEOFF,1
13.992,takeoff to 20 m,nan,0.794,-1.053,1.26,0.38,95.34,-0.48,-0.07,-0.04,774,773,774,774,TAKEOFF,1
14.012,takeoff to 20 m,nan,0.847,-1.057,1.25,0.38,95.35,-0.68,0.09,-0.04,776,775,775,775,TAKEOFF,1
14.032,takeoff to 20 m,nan,0.847,-1.057,1.24,0.38,95.36,-0.79,0.03,-0.07,776,775,775,775,TAKEOFF,1
14.052,takeoff to 20 m,nan,0.908,-1.063,1.23,0.38,95.38,-0.92,0.14,-0.01,774,774,773,775,TAKEOFF,1
14.072,takeoff to 20 m,nan,0.908,-1.063,1.21,0.38,95.39,-1.03,0.08,-0.03,774,774,773,775,TAKEOFF,1
14.092,takeoff to 20 m,nan,0.908,-1.063,1.19,0.38,95.40,-1.22,0.12,-0.01,774,774,773,775,TAKEOFF,1
14.112,takeoff to 20 m,nan,0.961,-1.070,1.17,0.38,95.41,-1.29,0.16,-0.05,773,773,773,774,TAKEOFF,1
14.132,takeoff to 20 m,nan,0.961,-1.070,1.14,0.38,95.42,-1.47,0.16,-0.02,773,773,773,774,TAKEOFF,1
14.152,takeoff to 20 m,nan,1.014,-1.078,1.12,0.38,95.43,-1.46,0.19,0.00,772,772,772,772,TAKEOFF,1
14.172,takeoff to 20 m,nan,1.014,-1.078,1.09,0.38,95.44,-1.61,0.11,-0.08,772,772,772,772,TAKEOFF,1
14.192,takeoff to 20 m,nan,1.014,-1.078,1.06,0.38,95.44,-1.60,0.19,-0.03,772,772,772,772,TAKEOFF,1
14.212,takeoff to 20 m,nan,1.066,-1.086,1.03,0.38,95.45,-1.66,0.08,-0.08,779,779,778,779,TAKEOFF,1
14.232,takeoff to 20 m,nan,1.066,-1.086,1.00,0.38,95.45,-1.71,0.15,-0.04,779,779,778,779,TAKEOFF,1
14.252,takeoff to 20 m,nan,1.127,-1.096,0.96,0.38,95.46,-1.76,0.15,-0.02,777,777,777,776,TAKEOFF,1
14.272,takeoff to 20 m,nan,1.127,-1.096,0.93,0.39,95.46,-1.75,0.24,-0.03,777,777,777,776,TAKEOFF,1
14.292,takeoff to 20 m,nan,1.127,-1.096,0.90,0.39,95.47,-1.82,0.26,-0.06,777,777,777,776,TAKEOFF,1
14.312,takeoff to 20 m,nan,1.180,-1.105,0.86,0.39,95.47,-1.71,0.27,-0.04,775,775,775,775,TAKEOFF,1
14.332,takeoff to 20 m,nan,1.180,-1.105,0.83,0.40,95.47,-1.81,0.25,-0.01,775,775,775,775,TAKEOFF,1
14.352,takeoff to 20 m,nan,1.232,-1.114,0.79,0.40,95.48,-1.82,0.15,-0.05,773,773,774,773,TAKEOFF,1
14.372,takeoff to 20 m,nan,1.232,-1.114,0.76,0.40,95.48,-1.79,0.15,-0.04,773,773,774,773,TAKEOFF,1
14.392,takeoff to 20 m,nan,1.232,-1.114,0.72,0.40,95.48,-1.78,0.22,-0.03,773,773,774,773,TAKEOFF,1
14.412,takeoff to 20 m,nan,1.285,-1.123,0.69,0.41,95.49,-1.73,0.18,-0.01,779,780,779,779,TAKEOFF,1
14.432,takeoff to 20 m,nan,1.285,-1.123,0.66,0.41,95.49,-1.69,0.13,-0.04,779,780,779,779,TAKEOFF,1
14.452,takeoff to 20 m,nan,1.347,-1.134,0.62,0.41,95.49,-1.68,0.11,-0.00,777,778,777,777,TAKEOFF,1
14.472,takeoff to 20 m,nan,1.347,-1.134,0.59,0.41,95.49,-1.58,-0.00,-0.02,777,778,777,777,TAKEOFF,1
14.492,takeoff to 20 m,nan,1.347,-1.134,0.56,0.41,95.50,-1.59,0.03,0.03,777,778,777,777,TAKEOFF,1
14.512,takeoff to 20 m,nan,1.401,-1.143,0.53,0.41,95.50,-1.56,0.05,0.05,775,775,775,775,TAKEOFF,1
14.532,takeoff to 20 m,nan,1.401,-1.143,0.50,0.41,95.50,-1.48,0.05,-0.04,775,775,775,775,TAKEOFF,1
14.552,takeoff to 20 m,nan,1.455,-1.153,0.47,0.41,95.50,-1.46,0.05,0.02,773,773,773,773,TAKEOFF,1
14.572,takeoff to 20 m,nan,1.455,-1.153,0.44,0.41,95.50,-1.37,0.06,-0.00,773,773,773,773,TAKEOFF,1
14.592,takeoff to 20 m,nan,1.455,-1.153,0.41,0.41,95.50,-1.40,-0.05,-0.03,773,773,773,773,TAKEOFF,1
14.612,takeoff to 20 m,nan,1.509,-1.162,0.38,0.40,95.50,-1.36,-0.04,0.03,779,779,780,779,TAKEOFF,1
14.632,takeoff to 20 m,nan,1.509,-1.162,0.36,0.40,95.50,-1.32,-0.07,0.01,779,779,780,779,TAKEOFF,1
14.652,takeoff to 20 m,nan,1.573,-1.173,0.33,0.40,95.50,-1.34,-0.10,0.07,776,777,777,776,TAKEOFF,1
14.672,takeoff to 20 m,nan,1.573,-1.173,0.30,0.40,95.51,-1.24,-0.14,-0.01,776,777,777,776,TAKEOFF,1
14.692,takeoff to 20 m,nan,1.573,-1.173,0.28,0.39,95.51,-1.20,-0.16,-0.05,776,777,777,776,TAKEOFF,1
14.712,takeoff to 20 m,nan,1.629,-1.183,0.25,0.39,96.49,-1.18,-0.19,0.01,774,775,775,774,TAKEOFF,1
14.732,takeoff to 20 m,nan,1.629,-1.183,0.23,0.39,96.50,-1.11,-0.22,0.07,774,775,775,774,TAKEOFF,1
14.752,takeoff to 20 m,nan,1.685,-1.191,0.21,0.38,96.50,-1.10,-0.18,0.08,772,773,772,772,TAKEOFF,1
14.772,takeoff to 20 m,nan,1.685,-1.191,0.19,0.38,96.49,-1.06,-0.24,0.02,772,773,772,772,TAKEOFF,1
14.792,takeoff to 20 m,nan,1.685,-1.191,0.16,0.37,96.47,-1.11,-0.22,0.00,772,773,772,772,TAKEOFF,1
14.812,takeoff to 20 m,nan,1.741,-1.200,0.14,0.36,96.45,-1.09,-0.30,0.02,779,779,779,778,TAKEOFF,1
14.832,takeoff to 20 m,nan,1.741,-1.200,0.12,0.36,96.43,-0.95,-0.26,0.06,779,779,779,778,TAKEOFF,1
14.852,takeoff to 20 m,nan,1.807,-1.209,0.10,0.35,96.41,-0.96,-0.22,0.02,776,776,776,776,TAKEOFF,1
14.872,takeoff to 20 m,nan,1.807,-1.209,0.08,0.35,96.38,-0.97,-0.22,0.03,776,776,776,776,TAKEOFF,1
14.892,takeoff to 20 m,nan,1.807,-1.209,0.06,0.34,96.36,-0.91,-0.17,0.01,776,776,776,776,TAKEOFF,1
14.912,takeoff to 20 m,nan,1.864,-1.217,0.05,0.34,96.33,-0.87,-0.15,0.09,774,774,774,774,TAKEOFF,1
14.932,takeoff to 20 m,nan,1.864,-1.217,0.03,0.34,96.30,-0.89,-0.15,0.05,774,774,774,774,TAKEOFF,1
14.952,takeoff to 20 m,nan,1.921,-1.225,0.01,0.33,96.28,-0.95,-0.20,0.05,771,772,772,771,TAKEOFF,1
14.972,takeoff to 20 m,nan,1.921,-1.225,-0.01,0.33,96.25,-0.90,-0.23,0.03,771,772,772,771,TAKEOFF,1
14.992,takeoff to 20 m,nan,1.921,-1.225,-0.03,0.32,96.22,-0.81,-0.15,0.06,771,772,772,771,TAKEOFF,1
15.012,takeoff to 20 m,nan,1.979,-1.233,-0.04,0.32,96.20,-0.84,-0.23,0.07,776,776,776,776,TAKEOFF,1
15.032,takeoff to 20 m,nan,1.979,-1.233,-0.06,0.31,96.17,-0.85,-0.20,-0.01,776,776,776,776,TAKEOFF,1
15.052,takeoff to 20 m,nan,2.046,-1.241,-0.08,0.31,96.14,-0.87,-0.14,0.06,775,776,776,776,TAKEOFF,1
15.072,takeoff to 20 m,nan,2.046,-1.241,-0.09,0.30,96.12,-0.88,-0.27,0.01,775,776,776,776,TAKEOFF,1
15.092,takeoff to 20 m,nan,2.046,-1.241,-0.11,0.30,96.10,-0.90,-0.30,0.02,775,776,776,776,TAKEOFF,1
15.112,takeoff to 20 m,nan,2.104,-1.248,-0.13,0.29,96.07,-0.95,-0.27,0.07,774,773,774,773,TAKEOFF,1
15.132,takeoff to 20 m,nan,2.104,-1.248,-0.15,0.28,96.05,-0.95,-0.26,0.04,774,773,774,773,TAKEOFF,1
15.152,takeoff to 20 m,nan,2.163,-1.255,-0.17,0.28,96.03,-0.90,-0.35,0.03,771,771,772,771,TAKEOFF,1
15.172,takeoff to 20 m,nan,2.163,-1.255,-0.18,0.27,96.01,-0.85,-0.25,0.02,771,771,772,771,TAKEOFF,1
15.192,takeoff to 20 m,nan,2.163,-1.255,-0.20,0.26,95.99,-0.85,-0.37,0.04,771,771,772,771,TAKEOFF,1
15.212,takeoff to 20 m,nan,2.221,-1.262,-0.21,0.26,95.98,-0.81,-0.34,0.05,776,775,776,775,TAKEOFF,1
15.232,takeoff to 20 m,nan,2.221,-1.262,-0.23,0.25,95.96,-0.82,-0.26,0.05,776,775,776,775,TAKEOFF,1
15.252,takeoff to 20 m,nan,2.290,-1.269,-0.24,0.25,95.94,-0.81,-0.31,-0.02,775,775,775,775,TAKEOFF,1
15.272,takeoff to 20 m,nan,2.290,-1.269,-0.26,0.24,95.93,-0.82,-0.39,0.06,775,775,775,775,TAKEOFF,1
15.292,takeoff to 20 m,nan,2.290,-1.269,-0.28,0.23,95.92,-0.86,-0.48,0.06,775,775,775,775,TAKEOFF,1
15.312,takeoff to 20 m,nan,2.349,-1.276,-0.29,0.22,95.91,-0.73,-0.46,0.03,773,773,774,773,TAKEOFF,1
15.332,takeoff to 20 m,nan,2.349,-1.276,-0.30,0.21,95.89,-0.73,-0.40,0.01,773,773,774,773,TAKEOFF,1
15.352,takeoff to 20 m,nan,2.408,-1.283,-0.32,0.21,95.88,-0.74,-0.44,0.03,777,777,777,777,TAKEOFF,1
15.372,takeoff to 20 m,nan,2.408,-1.283,-0.33,0.20,95.87,-0.75,-0.42,0.01,777,777,777,777,TAKEOFF,1
15.392,takeoff to 20 m,nan,2.408,-1.283,-0.35,0.19,95.86,-0.77,-0.43,0.07,777,777,777,777,TAKEOFF,1
15.412,takeoff to 20 m,nan,2.467,-1.289,-0.36,0.18,95.86,-0.81,-0.52,0.06,777,777,778,777,TAKEOFF,1
15.432,takeoff to 20 m,nan,2.467,-1.289,-0.38,0.17,95.85,-0.66,-0.50,0.01,777,777,778,777,TAKEOFF,1
15.452,takeoff to 20 m,nan,2.537,-1.296,-0.39,0.16,95.84,-0.62,-0.54,0.07,774,774,775,774,TAKEOFF,1
15.472,takeoff to 20 m,nan,2.537,-1.296,-0.40,0.15,95.83,-0.60,-0.55,-0.00,774,774,775,774,TAKEOFF,1
15.492,takeoff to 20 m,nan,2.537,-1.296,-0.41,0.14,95.83,-0.60,-0.53,-0.01,774,774,775,774,TAKEOFF,1
15.512,takeoff to 20 m,nan,2.598,-1.302,-0.42,0.13,95.82,-0.53,-0.59,0.04,772,773,773,772,TAKEOFF,1
15.532,takeoff to 20 m,nan,2.598,-1.302,-0.43,0.12,95.81,-0.51,-0.57,0.00,772,773,773,772,TAKEOFF,1
15.552,takeoff to 20 m,nan,2.658,-1.308,-0.44,0.11,95.81,-0.50,-0.59,0.04,777,777,777,776,TAKEOFF,1
15.572,takeoff to 20 m,nan,2.658,-1.308,-0.45,0.10,95.80,-0.45,-0.53,0.02,777,777,777,776,TAKEOFF,1
15.592,takeoff to 20 m,nan,2.658,-1.308,-0.46,0.08,95.79,-0.39,-0.55,0.09,777,777,777,776,TAKEOFF,1
15.612,takeoff to 20 m,nan,2.720,-1.313,-0.47,0.07,95.79,-0.34,-0.53,-0.00,776,777,777,776,TAKEOFF,1
15.632,takeoff to 20 m,nan,2.720,-1.313,-0.47,0.06,95.78,-0.25,-0.56,0.04,776,777,777,776,TAKEOFF,1
15.652,takeoff to 20 m,nan,2.792,-1.320,-0.47,0.05,95.77,-0.17,-0.62,0.02,774,774,774,774,TAKEOFF,1
15.672,takeoff to 20 m,nan,2.792,-1.320,-0.48,0.04,95.77,-0.06,-0.62,-0.05,774,774,774,774,TAKEOFF,1
15.692,takeoff to 20 m,nan,2.792,-1.320,-0.48,0.03,95.76,-0.08,-0.54,0.00,774,774,774,774,TAKEOFF,1
15.712,takeoff to 20 m,nan,2.854,-1.325,-0.48,0.02,95.75,-0.13,-0.50,0.05,772,772,772,772,TAKEOFF,1
15.732,takeoff to 20 m,nan,2.854,-1.325,-0.48,0.01,95.75,-0.02,-0.49,0.06,772,772,772,772,TAKEOFF,1
15.752,takeoff to 20 m,nan,2.916,-1.330,-0.48,0.00,95.74,-0.11,-0.47,-0.00,769,769,770,769,TAKEOFF,1
15.772,takeoff to 20 m,nan,2.916,-1.330,-0.49,-0.01,95.74,-0.12,-0.50,0.06,769,769,770,769,TAKEOFF,1
15.792,takeoff to 20 m,nan,2.916,-1.330,-0.49,-0.02,95.73,-0.07,-0.56,0.03,769,769,770,769,TAKEOFF,1
15.812,takeoff to 20 m,nan,2.979,-1.335,-0.49,-0.03,95.73,-0.12,-0.58,-0.03,774,774,774,774,TAKEOFF,1
15.832,takeoff to 20 m,nan,2.979,-1.335,-0.49,-0.04,95.72,-0.11,-0.57,0.02,774,774,774,774,TAKEOFF,1
15.852,takeoff to 20 m,nan,3.053,-1.341,-0.49,-0.05,95.72,-0.10,-0.51,0.01,774,774,774,773,TAKEOFF,1
15.872,takeoff to 20 m,nan,3.053,-1.341,-0.50,-0.06,95.71,-0.02,-0.36,0.00,774,774,774,773,TAKEOFF,1
15.892,takeoff to 20 m,nan,3.053,-1.341,-0.50,-0.07,95.71,-0.00,-0.41,-0.04,774,774,774,773,TAKEOFF,1
15.912,takeoff to 20 m,nan,3.116,-1.346,-0.50,-0.08,95.71,0.00,-0.34,0.03,772,771,772,770,TAKEOFF,1
15.932,takeoff to 20 m,nan,3.116,-1.346,-0.49,-0.08,95.70,0.14,-0.34,0.05,772,771,772,770,TAKEOFF,1
15.952,takeoff to 20 m,nan,3.180,-1.350,-0.49,-0.09,95.70,0.14,-0.29,0.02,769,769,769,769,TAKEOFF,1
15.972,takeoff to 20 m,nan,3.180,-1.350,-0.49,-0.10,95.70,0.15,-0.24,-0.01,769,769,769,769,TAKEOFF,1
15.992,takeoff to 20 m,nan,3.180,-1.350,-0.48,-0.10,95.69,0.18,-0.25,-0.02,769,769,769,769,TAKEOFF,1
16.012,takeoff to 20 m,nan,3.244,-1.355,-0.48,-0.11,95.69,0.13,-0.25,0.00,776,776,775,775,TAKEOFF,1
16.032,takeoff to 20 m,nan,3.244,-1.355,-0.48,-0.11,95.69,0.17,-0.26,0.06,776,776,775,775,TAKEOFF,1
16.052,takeoff to 20 m,nan,3.320,-1.360,-0.47,-0.12,95.68,0.20,-0.35,0.05,774,773,773,772,TAKEOFF,1
16.072,takeoff to 20 m,nan,3.320,-1.360,-0.47,-0.12,95.68,0.18,-0.26,0.09,774,773,773,772,TAKEOFF,1
16.092,takeoff to 20 m,nan,3.320,-1.360,-0.47,-0.13,95.68,0.19,-0.21,0.08,774,773,773,772,TAKEOFF,1
16.112,takeoff to 20 m,nan,3.384,-1.364,-0.46,-0.13,95.67,0.19,-0.31,0.12,771,771,770,770,TAKEOFF,1
16.132,takeoff to 20 m,nan,3.384,-1.364,-0.46,-0.14,95.67,0.13,-0.29,0.08,771,771,770,770,TAKEOFF,1
16.152,takeoff to 20 m,nan,3.449,-1.369,-0.45,-0.14,95.66,0.16,-0.25,0.15,770,770,769,769,TAKEOFF,1
16.172,takeoff to 20 m,nan,3.449,-1.369,-0.45,-0.15,95.66,0.14,-0.21,0.04,770,770,769,769,TAKEOFF,1
16.192,takeoff to 20 m,nan,3.449,-1.369,-0.45,-0.15,95.66,0.19,-0.21,0.13,770,770,769,769,TAKEOFF,1
16.212,takeoff to 20 m,nan,3.514,-1.372,-0.44,-0.15,95.65,0.20,-0.20,0.14,776,776,774,775,TAKEOFF,1
16.232,takeoff to 20 m,nan,3.514,-1.372,-0.44,-0.16,95.65,0.16,-0.26,0.10,776,776,774,775,TAKEOFF,1
16.252,takeoff to 20 m,nan,3.590,-1.376,-0.43,-0.16,95.65,0.19,-0.32,0.12,774,773,773,772,TAKEOFF,1
16.272,takeoff to 20 m,nan,3.590,-1.376,-0.43,-0.17,95.65,0.08,-0.20,0.13,774,773,773,772,TAKEOFF,1
16.292,takeoff to 20 m,nan,3.590,-1.376,-0.43,-0.17,95.65,0.12,-0.14,0.20,774,773,773,772,TAKEOFF,1
16.312,takeoff to 20 m,nan,3.655,-1.380,-0.42,-0.17,95.65,0.20,-0.27,0.19,770,770,769,769,TAKEOFF,1
16.332,takeoff to 20 m,nan,3.655,-1.380,-0.42,-0.18,95.65,0.18,-0.23,0.17,770,770,769,769,TAKEOFF,1
16.352,takeoff to 20 m,nan,3.720,-1.384,-0.41,-0.18,95.65,0.26,-0.16,0.18,768,767,767,767,TAKEOFF,1
16.372,takeoff to 20 m,nan,3.720,-1.384,-0.41,-0.18,95.65,0.16,-0.15,0.21,768,767,767,767,TAKEOFF,1
16.392,takeoff to 20 m,nan,3.720,-1.384,-0.41,-0.19,95.66,0.13,-0.12,0.20,768,767,767,767,TAKEOFF,1
16.412,takeoff to 20 m,nan,3.786,-1.387,-0.40,-0.19,95.66,0.24,-0.08,0.23,776,776,775,775,TAKEOFF,1
16.432,takeoff to 20 m,nan,3.786,-1.387,-0.40,-0.19,95.67,0.17,0.00,0.19,776,776,775,775,TAKEOFF,1
16.452,takeoff to 20 m,nan,3.862,-1.391,-0.39,-0.19,95.67,0.21,-0.08,0.23,773,773,772,772,TAKEOFF,1
16.472,takeoff to 20 m,nan,3.862,-1.391,-0.39,-0.19,95.68,0.25,-0.02,0.20,773,773,772,772,TAKEOFF,1
16.492,takeoff to 20 m,nan,3.862,-1.391,-0.38,-0.19,95.69,0.25,0.04,0.31,773,773,772,772,TAKEOFF,1
16.512,takeoff to 20 m,nan,3.928,-1.394,-0.38,-0.19,95.70,0.20,0.03,0.30,770,770,770,769,TAKEOFF,1
16.532,takeoff to 20 m,nan,3.928,-1.394,-0.38,-0.19,95.71,0.20,0.03,0.22,770,770,770,769,TAKEOFF,1
16.552,takeoff to 20 m,nan,3.994,-1.397,-0.37,-0.19,95.72,0.26,0.12,0.27,767,767,767,767,TAKEOFF,1
16.572,takeoff to 20 m,nan,3.994,-1.397,-0.37,-0.19,95.73,0.26,0.17,0.27,767,767,767,767,TAKEOFF,1
16.592,takeoff to 20 m,nan,3.994,-1.397,-0.36,-0.19,95.74,0.27,-0.00,0.20,767,767,767,767,TAKEOFF,1
16.612,takeoff to 20 m,nan,4.060,-1.400,-0.36,-0.18,95.76,0.30,0.15,0.18,775,775,776,775,TAKEOFF,1
16.632,takeoff to 20 m,nan,4.060,-1.400,-0.35,-0.18,95.77,0.35,0.18,0.20,775,775,776,775,TAKEOFF,1
16.652,takeoff to 20 m,nan,4.137,-1.404,-0.34,-0.18,95.78,0.37,0.24,0.20,772,772,773,773,TAKEOFF,1
16.672,takeoff to 20 m,nan,4.137,-1.404,-0.34,-0.17,95.80,0.35,0.22,0.17,772,772,773,773,TAKEOFF,1
16.692,takeoff to 20 m,nan,4.137,-1.404,-0.33,-0.17,95.81,0.37,0.28,0.23,772,772,773,773,TAKEOFF,1
16.712,takeoff to 20 m,nan,4.204,-1.407,-0.32,-0.16,95.82,0.39,0.36,0.14,769,769,770,770,TAKEOFF,1
16.732,takeoff to 20 m,nan,4.204,-1.407,-0.31,-0.16,95.84,0.53,0.39,0.20,769,769,770,770,TAKEOFF,1
16.752,takeoff to 20 m,nan,4.271,-1.410,-0.30,-0.15,95.85,0.42,0.43,0.16,766,766,767,767,TAKEOFF,1
16.772,takeoff to 20 m,nan,4.271,-1.410,-0.30,-0.14,95.86,0.43,0.43,0.14,766,766,767,767,TAKEOFF,1
16.792,takeoff to 20 m,nan,4.271,-1.410,-0.29,-0.13,95.87,0.48,0.41,0.14,766,766,767,767,TAKEOFF,1
16.812,takeoff to 20 m,nan,4.337,-1.413,-0.28,-0.13,95.88,0.47,0.42,0.09,774,774,776,776,TAKEOFF,1
16.832,takeoff to 20 m,nan,4.337,-1.413,-0.27,-0.12,95.89,0.44,0.38,0.10,774,774,776,776,TAKEOFF,1
16.852,takeoff to 20 m,nan,4.415,-1.416,-0.26,-0.11,95.90,0.55,0.41,0.08,771,771,773,773,TAKEOFF,1
16.872,takeoff to 20 m,nan,4.415,-1.416,-0.25,-0.10,95.90,0.49,0.39,0.08,771,771,773,773,TAKEOFF,1
16.892,takeoff to 20 m,nan,4.415,-1.416,-0.24,-0.09,95.90,0.60,0.41,-0.03,771,771,773,773,TAKEOFF,1
16.912,takeoff to 20 m,nan,4.482,-1.419,-0.23,-0.09,95.91,0.62,0.41,-0.08,768,768,770,771,TAKEOFF,1
16.932,takeoff to 20 m,nan,4.482,-1.419,-0.22,-0.08,95.91,0.53,0.32,-0.07,768,768,770,771,TAKEOFF,1
16.952,takeoff to 20 m,nan,4.550,-1.422,-0.20,-0.07,95.91,0.57,0.29,-0.06,765,765,767,767,TAKEOFF,1
16.972,takeoff to 20 m,nan,4.550,-1.422,-0.19,-0.07,95.91,0.53,0.29,-0.11,765,765,767,767,TAKEOFF,1
16.992,takeoff to 20 m,nan,4.550,-1.422,-0.18,-0.06,95.90,0.58,0.32,-0.09,765,765,767,767,TAKEOFF,1
17.012,takeoff to 20 m,nan,4.617,-1.424,-0.17,-0.05,95.90,0.48,0.32,-0.17,774,773,775,776,TAKEOFF,1
17.032,takeoff to 20 m,nan,4.617,-1.424,-0.16,-0.05,95.90,0.36,0.23,-0.21,774,773,775,776,TAKEOFF,1
17.052,takeoff to 20 m,nan,4.696,-1.427,-0.15,-0.04,95.89,0.31,0.21,-0.17,771,771,772,773,TAKEOFF,1
17.072,takeoff to 20 m,nan,4.696,-1.427,-0.15,-0.04,95.89,0.27,0.12,-0.15,771,771,772,773,TAKEOFF,1
17.092,takeoff to 20 m,nan,4.696,-1.427,-0.14,-0.04,95.88,0.09,0.07,-0.17,771,771,772,773,TAKEOFF,1
17.112,takeoff to 20 m,nan,4.764,-1.430,-0.14,-0.04,95.88,0.03,0.04,-0.23,768,768,770,769,TAKEOFF,1
17.132,takeoff to 20 m,nan,4.764,-1.430,-0.13,-0.04,95.87,0.12,-0.01,-0.25,768,768,770,769,TAKEOFF,1
17.152,takeoff to 20 m,nan,4.832,-1.432,-0.13,-0.04,95.86,0.17,-0.03,-0.26,765,765,766,767,TAKEOFF,1
17.172,takeoff to 20 m,nan,4.832,-1.432,-0.13,-0.04,95.86,0.05,-0.02,-0.31,765,765,766,767,TAKEOFF,1
17.192,takeoff to 20 m,nan,4.832,-1.432,-0.12,-0.04,95.85,0.12,-0.01,-0.25,765,765,766,767,TAKEOFF,1
17.212,takeoff to 20 m,nan,4.901,-1.434,-0.12,-0.04,95.84,0.04,-0.13,-0.28,774,774,774,775,TAKEOFF,1
17.232,takeoff to 20 m,nan,4.901,-1.434,-0.12,-0.04,95.84,0.03,-0.08,-0.29,774,774,774,775,TAKEOFF,1
17.252,takeoff to 20 m,nan,4.980,-1.437,-0.12,-0.04,95.83,0.00,-0.17,-0.28,772,771,772,772,TAKEOFF,1
17.272,takeoff to 20 m,nan,4.980,-1.437,-0.12,-0.04,95.82,-0.03,-0.08,-0.35,772,771,772,772,TAKEOFF,1
17.292,takeoff to 20 m,nan,4.980,-1.437,-0.12,-0.04,95.81,-0.17,-0.14,-0.32,772,771,772,772,TAKEOFF,1
17.312,takeoff to 20 m,nan,5.049,-1.439,-0.12,-0.05,95.81,-0.16,-0.13,-0.29,768,768,769,768,TAKEOFF,1
17.332,takeoff to 20 m,nan,5.049,-1.439,-0.12,-0.05,95.80,-0.20,-0.11,-0.30,768,768,769,768,TAKEOFF,1
17.352,takeoff to 20 m,nan,5.118,-1.441,-0.13,-0.05,95.79,-0.21,-0.15,-0.33,766,766,765,765,TAKEOFF,1
17.372,takeoff to 20 m,nan,5.118,-1.441,-0.13,-0.05,95.79,-0.18,-0.09,-0.27,766,766,765,765,TAKEOFF,1
17.392,takeoff to 20 m,nan,5.118,-1.441,-0.13,-0.06,95.78,-0.20,-0.07,-0.29,766,766,765,765,TAKEOFF,1
17.412,takeoff to 20 m,nan,5.187,-1.444,-0.13,-0.06,95.78,-0.20,-0.14,-0.30,773,773,772,772,TAKEOFF,1
17.432,takeoff to 20 m,nan,5.187,-1.444,-0.14,-0.06,95.77,-0.26,-0.05,-0.26,773,773,772,772,TAKEOFF,1
17.452,takeoff to 20 m,nan,5.267,-1.446,-0.14,-0.06,95.77,-0.20,-0.05,-0.22,772,772,771,771,TAKEOFF,1
17.472,takeoff to 20 m,nan,5.267,-1.446,-0.14,-0.06,95.77,-0.16,-0.04,-0.21,772,772,771,771,TAKEOFF,1
17.492,takeoff to 20 m,nan,5.267,-1.446,-0.15,-0.06,95.77,-0.12,-0.05,-0.25,772,772,771,771,TAKEOFF,1
17.512,takeoff to 20 m,nan,5.336,-1.448,-0.15,-0.06,95.76,-0.10,-0.01,-0.24,769,769,768,768,TAKEOFF,1
17.532,takeoff to 20 m,nan,5.336,-1.448,-0.15,-0.06,95.76,-0.16,0.01,-0.22,769,769,768,768,TAKEOFF,1
17.552,takeoff to 20 m,nan,5.405,-1.450,-0.15,-0.06,95.76,-0.10,-0.01,-0.24,766,766,765,765,TAKEOFF,1
17.572,takeoff to 20 m,nan,5.405,-1.450,-0.15,-0.06,95.76,0.03,0.04,-0.21,766,766,765,765,TAKEOFF,1
17.592,takeoff to 20 m,nan,5.405,-1.450,-0.15,-0.06,95.75,0.09,0.04,-0.17,766,766,765,765,TAKEOFF,1
17.612,takeoff to 20 m,nan,5.474,-1.452,-0.15,-0.06,95.75,0.03,0.01,-0.18,774,774,773,773,TAKEOFF,1
17.632,takeoff to 20 m,nan,5.474,-1.452,-0.15,-0.06,95.75,0.12,0.02,-0.19,774,774,773,773,TAKEOFF,1
17.652,takeoff to 20 m,nan,5.555,-1.453,-0.15,-0.06,95.75,0.15,0.01,-0.14,771,771,770,771,TAKEOFF,1
17.672,takeoff to 20 m,nan,5.555,-1.453,-0.14,-0.06,95.74,0.18,0.04,-0.16,771,771,770,771,TAKEOFF,1
17.692,takeoff to 20 m,nan,5.555,-1.453,-0.14,-0.06,95.74,0.14,-0.08,-0.16,771,771,770,771,TAKEOFF,1
17.712,takeoff to 20 m,nan,5.624,-1.455,-0.14,-0.06,95.74,0.07,-0.04,-0.15,769,768,768,767,TAKEOFF,1
17.732,takeoff to 20 m,nan,5.624,-1.455,-0.14,-0.06,95.73,0.20,0.00,-0.10,769,768,768,767,TAKEOFF,1
17.752,takeoff to 20 m,nan,5.693,-1.457,-0.13,-0.06,95.73,0.14,-0.10,-0.13,766,765,765,764,TAKEOFF,1
17.772,takeoff to 20 m,nan,5.693,-1.457,-0.13,-0.06,95.73,0.27,-0.01,-0.13,766,765,765,764,TAKEOFF,1
17.792,takeoff to 20 m,nan,5.693,-1.457,-0.12,-0.06,95.72,0.28,-0.02,-0.13,766,765,765,764,TAKEOFF,1
17.812,takeoff to 20 m,nan,5.762,-1.458,-0.12,-0.06,95.72,0.32,-0.06,-0.03,774,774,773,773,TAKEOFF,1
17.832,takeoff to 20 m,nan,5.762,-1.458,-0.11,-0.06,95.72,0.37,-0.02,-0.05,774,774,773,773,TAKEOFF,1
17.852,takeoff to 20 m,nan,5.844,-1.460,-0.10,-0.06,95.72,0.33,-0.03,-0.02,771,771,770,771,TAKEOFF,1
17.872,takeoff to 20 m,nan,5.844,-1.460,-0.10,-0.06,95.71,0.30,-0.04,-0.02,771,771,770,771,TAKEOFF,1
17.892,takeoff to 20 m,nan,5.844,-1.460,-0.09,-0.06,95.71,0.38,-0.01,0.01,771,771,770,771,TAKEOFF,1
17.912,takeoff to 20 m,nan,5.913,-1.461,-0.08,-0.06,95.71,0.51,-0.04,0.01,769,768,767,768,TAKEOFF,1
17.932,takeoff to 20 m,nan,5.913,-1.461,-0.07,-0.06,95.70,0.45,-0.14,-0.03,769,768,767,768,TAKEOFF,1
17.952,takeoff to 20 m,nan,5.983,-1.463,-0.06,-0.06,95.70,0.45,-0.06,-0.01,765,766,764,765,TAKEOFF,1
17.972,takeoff to 20 m,nan,5.983,-1.463,-0.05,-0.06,95.70,0.51,-0.09,-0.01,765,766,764,765,TAKEOFF,1
17.992,takeoff to 20 m,nan,5.983,-1.463,-0.05,-0.07,95.69,0.46,-0.17,0.02,765,766,764,765,TAKEOFF,1
18.012,takeoff to 20 m,nan,6.053,-1.464,-0.04,-0.07,95.69,0.45,-0.21,-0.00,774,774,774,773,TAKEOFF,1
18.032,takeoff to 20 m,nan,6.053,-1.464,-0.03,-0.07,95.69,0.49,-0.15,0.02,774,774,774,773,TAKEOFF,1
18.052,takeoff to 20 m,nan,6.134,-1.466,-0.02,-0.07,95.69,0.55,-0.15,0.02,771,771,770,770,TAKEOFF,1
18.072,takeoff to 20 m,nan,6.134,-1.466,-0.01,-0.08,95.68,0.55,-0.14,0.00,771,771,770,770,TAKEOFF,1
18.092,takeoff to 20 m,nan,6.134,-1.466,0.01,-0.08,95.68,0.58,-0.17,0.07,771,771,770,770,TAKEOFF,1
18.112,takeoff to 20 m,nan,6.203,-1.467,0.02,-0.08,95.68,0.60,-0.16,0.04,769,768,767,768,TAKEOFF,1
18.132,takeoff to 20 m,nan,6.203,-1.467,0.03,-0.08,95.68,0.53,-0.14,0.09,769,768,767,768,TAKEOFF,1
18.152,takeoff to 20 m,nan,6.272,-1.468,0.04,-0.08,95.68,0.53,-0.11,0.09,765,766,764,765,TAKEOFF,1
18.172,takeoff to 20 m,nan,6.272,-1.468,0.05,-0.09,95.68,0.51,-0.20,0.09,765,766,764,765,TAKEOFF,1
18.192,takeoff to 20 m,nan,6.272,-1.468,0.06,-0.09,95.68,0.54,-0.13,0.10,765,766,764,765,TAKEOFF,1
18.212,takeoff to 20 m,nan,6.342,-1.469,0.07,-0.09,95.69,0.50,-0.11,0.12,771,771,770,771,TAKEOFF,1
18.232,takeoff to 20 m,nan,6.342,-1.469,0.08,-0.09,95.69,0.50,-0.19,0.13,771,771,770,771,TAKEOFF,1
18.252,takeoff to 20 m,nan,6.422,-1.470,0.09,-0.10,95.69,0.53,-0.13,0.15,772,771,771,771,TAKEOFF,1
18.272,takeoff to 20 m,nan,6.422,-1.470,0.10,-0.10,95.69,0.52,-0.04,0.11,772,771,771,771,TAKEOFF,1
18.292,takeoff to 20 m,nan,6.422,-1.470,0.11,-0.10,95.70,0.50,-0.06,0.16,772,771,771,771,TAKEOFF,1
18.312,takeoff to 20 m,nan,6.492,-1.472,0.12,-0.10,95.70,0.55,-0.15,0.11,768,768,768,768,TAKEOFF,1
18.332,takeoff to 20 m,nan,6.492,-1.472,0.13,-0.10,95.70,0.55,-0.07,0.07,768,768,768,768,TAKEOFF,1
18.352,takeoff to 20 m,nan,6.562,-1.473,0.14,-0.10,95.70,0.53,-0.10,0.16,766,765,765,765,TAKEOFF,1
18.372,takeoff to 20 m,nan,6.562,-1.473,0.15,-0.10,95.71,0.50,-0.03,0.12,766,765,765,765,TAKEOFF,1
18.392,takeoff to 20 m,nan,6.562,-1.473,0.16,-0.10,95.71,0.48,0.02,0.20,766,765,765,765,TAKEOFF,1
18.412,takeoff to 20 m,nan,6.631,-1.474,0.17,-0.10,95.71,0.57,0.07,0.12,774,774,774,774,TAKEOFF,1
18.432,takeoff to 20 m,nan,6.631,-1.474,0.18,-0.10,95.72,0.55,-0.02,0.15,774,774,774,774,TAKEOFF,1
18.452,takeoff to 20 m,nan,6.713,-1.475,0.19,-0.10,95.72,0.56,-0.01,0.11,771,771,771,771,TAKEOFF,1
18.472,takeoff to 20 m,nan,6.713,-1.475,0.20,-0.10,95.72,0.60,0.01,0.16,771,771,771,771,TAKEOFF,1
18.492,takeoff to 20 m,nan,6.713,-1.475,0.21,-0.10,95.72,0.61,0.03,0.13,771,771,771,771,TAKEOFF,1
18.512,takeoff to 20 m,nan,6.783,-1.477,0.22,-0.10,95.73,0.58,0.02,0.13,768,767,768,768,TAKEOFF,1
18.532,takeoff to 20 m,nan,6.783,-1.477,0.23,-0.10,95.73,0.61,0.06,0.19,768,767,768,768,TAKEOFF,1
18.552,takeoff to 20 m,nan,6.853,-1.479,0.24,-0.10,95.73,0.58,0.09,0.07,765,764,765,765,TAKEOFF,1
18.572,takeoff to 20 m,nan,6.853,-1.479,0.25,-0.10,95.73,0.54,0.11,0.13,765,764,765,765,TAKEOFF,1
18.592,takeoff to 20 m,nan,6.853,-1.479,0.26,-0.09,95.74,0.54,0.14,0.15,765,764,765,765,TAKEOFF,1
18.612,takeoff to 20 m,nan,6.924,-1.480,0.27,-0.09,95.74,0.52,0.13,0.09,773,773,774,774,TAKEOFF,1
18.632,takeoff to 20 m,nan,6.924,-1.480,0.28,-0.09,95.74,0.50,0.20,0.11,773,773,774,774,TAKEOFF,1
18.652,takeoff to 20 m,nan,7.006,-1.481,0.29,-0.08,95.75,0.47,0.18,0.13,770,770,771,771,TAKEOFF,1
18.672,takeoff to 20 m,nan,7.006,-1.481,0.30,-0.08,95.75,0.52,0.13,0.14,770,770,771,771,TAKEOFF,1
18.692,takeoff to 20 m,nan,7.006,-1.481,0.31,-0.08,95.75,0.44,0.18,0.10,770,770,771,771,TAKEOFF,1
18.712,takeoff to 20 m,nan,7.076,-1.482,0.31,-0.07,95.76,0.40,0.23,0.13,767,767,768,768,TAKEOFF,1
18.732,takeoff to 20 m,nan,7.076,-1.482,0.32,-0.07,95.76,0.34,0.27,0.05,767,767,768,768,TAKEOFF,1
18.752,takeoff to 20 m,nan,7.147,-1.484,0.33,-0.06,95.77,0.36,0.15,0.10,765,764,765,765,TAKEOFF,1
18.772,takeoff to 20 m,nan,7.147,-1.484,0.33,-0.06,95.77,0.29,0.23,0.10,765,764,765,765,TAKEOFF,1
18.792,takeoff to 20 m,nan,7.147,-1.484,0.34,-0.06,95.78,0.39,0.21,0.05,765,764,765,765,TAKEOFF,1
18.812,takeoff to 20 m,nan,7.218,-1.485,0.35,-0.05,95.78,0.28,0.20,0.07,770,770,770,771,TAKEOFF,1
18.832,takeoff to 20 m,nan,7.218,-1.485,0.35,-0.05,95.79,0.14,0.04,0.02,770,770,770,771,TAKEOFF,1
18.852,takeoff to 20 m,nan,7.300,-1.485,0.35,-0.05,95.79,0.17,0.22,0.05,770,770,770,771,TAKEOFF,1
18.872,takeoff to 20 m,nan,7.300,-1.485,0.36,-0.05,95.80,0.12,0.24,0.05,770,770,770,771,TAKEOFF,1
18.892,takeoff to 20 m,nan,7.300,-1.485,0.36,-0.04,95.80,0.04,0.25,0.02,770,770,770,771,TAKEOFF,1
18.912,takeoff to 20 m,nan,7.371,-1.486,0.36,-0.04,95.81,0.04,0.24,0.08,768,767,768,768,TAKEOFF,1
18.932,takeoff to 20 m,nan,7.371,-1.486,0.36,-0.03,95.81,-0.06,0.23,-0.01,768,767,768,768,TAKEOFF,1
18.952,takeoff to 20 m,nan,7.442,-1.487,0.36,-0.03,95.82,-0.12,0.23,-0.05,765,764,765,765,TAKEOFF,1
18.972,takeoff to 20 m,nan,7.442,-1.487,0.36,-0.02,95.82,-0.21,0.31,0.02,765,764,765,765,TAKEOFF,1
18.992,takeoff to 20 m,nan,7.442,-1.487,0.36,-0.02,95.83,-0.16,0.28,-0.01,765,764,765,765,TAKEOFF,1
19.012,takeoff to 20 m,nan,7.513,-1.488,0.35,-0.01,95.83,-0.17,0.34,-0.00,773,773,774,774,TAKEOFF,1
19.032,takeoff to 20 m,nan,7.513,-1.488,0.35,-0.01,95.84,-0.33,0.38,-0.01,773,773,774,774,TAKEOFF,1
19.052,takeoff to 20 m,nan,7.595,-1.488,0.34,-0.00,95.84,-0.34,0.37,-0.01,770,770,771,771,TAKEOFF,1
19.072,takeoff to 20 m,nan,7.595,-1.488,0.33,0.01,95.84,-0.43,0.44,-0.01,770,770,771,771,TAKEOFF,1
19.092,takeoff to 20 m,nan,7.595,-1.488,0.33,0.01,95.85,-0.50,0.42,-0.05,770,770,771,771,TAKEOFF,1
19.112,takeoff to 20 m,nan,7.665,-1.489,0.32,0.02,95.85,-0.63,0.27,-0.04,767,767,768,768,TAKEOFF,1
19.132,takeoff to 20 m,nan,7.665,-1.489,0.30,0.03,95.85,-0.70,0.40,-0.06,767,767,768,768,TAKEOFF,1
19.152,takeoff to 20 m,nan,7.736,-1.490,0.29,0.03,95.86,-0.74,0.40,-0.09,773,773,774,774,TAKEOFF,1
19.172,takeoff to 20 m,nan,7.736,-1.490,0.27,0.04,95.86,-0.80,0.35,-0.11,773,773,774,774,TAKEOFF,1
19.192,takeoff to 20 m,nan,7.736,-1.490,0.26,0.05,95.86,-0.80,0.41,-0.10,773,773,774,774,TAKEOFF,1
19.212,takeoff to 20 m,nan,7.806,-1.491,0.24,0.05,95.86,-0.84,0.33,-0.12,773,773,773,774,TAKEOFF,1
19.232,takeoff to 20 m,nan,7.806,-1.491,0.23,0.06,95.87,-0.89,0.28,-0.13,773,773,773,774,TAKEOFF,1
19.252,takeoff to 20 m,nan,7.888,-1.492,0.21,0.07,95.87,-0.97,0.29,-0.11,770,769,771,771,TAKEOFF,1
19.272,takeoff to 20 m,nan,7.888,-1.492,0.19,0.07,95.87,-1.05,0.32,-0.13,770,769,771,771,TAKEOFF,1
19.292,takeoff to 20 m,nan,7.888,-1.492,0.17,0.08,95.87,-1.02,0.27,-0.16,770,769,771,771,TAKEOFF,1
19.312,takeoff to 20 m,nan,7.958,-1.493,0.15,0.08,95.88,-1.03,0.26,-0.21,766,767,768,768,TAKEOFF,1
19.332,takeoff to 20 m,nan,7.958,-1.493,0.13,0.09,95.88,-0.97,0.17,-0.21,766,767,768,768,TAKEOFF,1
19.352,takeoff to 20 m,nan,8.029,-1.493,0.11,0.09,95.88,-0.98,0.12,-0.21,773,773,774,774,TAKEOFF,1
19.372,takeoff to 20 m,nan,8.029,-1.493,0.09,0.09,95.88,-0.92,0.14,-0.22,773,773,774,774,TAKEOFF,1
19.392,takeoff to 20 m,nan,8.029,-1.493,0.07,0.10,95.88,-0.97,0.14,-0.25,773,773,774,774,TAKEOFF,1
19.412,takeoff to 20 m,nan,8.099,-1.495,0.05,0.10,95.88,-0.98,0.12,-0.25,773,773,773,774,TAKEOFF,1
19.432,takeoff to 20 m,nan,8.099,-1.495,0.03,0.10,95.88,-1.00,0.05,-0.24,773,773,773,774,TAKEOFF,1
19.452,takeoff to 20 m,nan,8.181,-1.495,0.02,0.10,95.89,-0.94,0.03,-0.25,770,770,771,771,TAKEOFF,1
19.472,takeoff to 20 m,nan,8.181,-1.495,-0.00,0.10,95.89,-0.92,0.06,-0.31,770,770,771,771,TAKEOFF,1
19.492,takeoff to 20 m,nan,8.181,-1.495,-0.02,0.11,95.89,-0.94,0.04,-0.28,770,770,771,771,TAKEOFF,1
19.512,takeoff to 20 m,nan,8.251,-1.496,-0.04,0.11,95.90,-0.89,-0.05,-0.28,767,767,768,768,TAKEOFF,1
19.532,takeoff to 20 m,nan,8.251,-1.496,-0.05,0.10,95.90,-0.91,-0.10,-0.31,767,767,768,768,TAKEOFF,1
19.552,takeoff to 20 m,nan,8.321,-1.496,-0.07,0.10,95.91,-0.92,-0.12,-0.30,764,764,765,765,TAKEOFF,1
19.572,takeoff to 20 m,nan,8.321,-1.496,-0.09,0.10,95.91,-0.87,-0.13,-0.33,764,764,765,765,TAKEOFF,1
19.592,takeoff to 20 m,nan,8.321,-1.496,-0.11,0.10,95.91,-0.93,-0.08,-0.34,764,764,765,765,TAKEOFF,1
19.612,takeoff to 20 m,nan,8.392,-1.496,-0.12,0.10,95.92,-0.78,-0.21,-0.30,772,773,774,774,TAKEOFF,1
19.632,takeoff to 20 m,nan,8.392,-1.496,-0.14,0.10,95.92,-0.82,-0.22,-0.31,772,773,774,774,TAKEOFF,1
19.652,takeoff to 20 m,nan,8.475,-1.497,-0.15,0.09,95.93,-0.78,-0.27,-0.37,770,770,771,771,TAKEOFF,1
19.672,takeoff to 20 m,nan,8.475,-1.497,-0.17,0.09,95.93,-0.83,-0.29,-0.33,770,770,771,771,TAKEOFF,1
19.692,takeoff to 20 m,nan,8.475,-1.497,-0.18,0.08,95.93,-0.71,-0.34,-0.38,770,770,771,771,TAKEOFF,1
19.712,takeoff to 20 m,nan,8.546,-1.498,-0.19,0.07,95.94,-0.71,-0.38,-0.42,766,767,768,768,TAKEOFF,1
19.732,takeoff to 20 m,nan,8.546,-1.498,-0.21,0.07,95.94,-0.56,-0.38,-0.35,766,767,768,768,TAKEOFF,1
19.752,takeoff to 20 m,nan,8.617,-1.498,-0.22,0.06,95.94,-0.55,-0.37,-0.41,764,764,765,765,TAKEOFF,1
19.772,takeoff to 20 m,nan,8.617,-1.498,-0.23,0.05,95.94,-0.46,-0.42,-0.37,764,764,765,765,TAKEOFF,1
19.792,takeoff to 20 m,nan,8.617,-1.498,-0.24,0.04,95.94,-0.48,-0.46,-0.42,764,764,765,765,TAKEOFF,1
19.812,takeoff to 20 m,nan,8.688,-1.499,-0.25,0.04,95.93,-0.43,-0.42,-0.43,773,773,774,773,TAKEOFF,1
19.832,takeoff to 20 m,nan,8.688,-1.499,-0.25,0.03,95.93,-0.30,-0.34,-0.41,773,773,774,773,TAKEOFF,1
19.852,takeoff to 20 m,nan,8.771,-1.499,-0.26,0.03,95.93,-0.23,-0.38,-0.39,770,770,771,770,TAKEOFF,1
19.872,takeoff to 20 m,nan,8.771,-1.499,-0.26,0.02,95.92,-0.20,-0.40,-0.43,770,770,771,770,TAKEOFF,1
19.892,takeoff to 20 m,nan,8.771,-1.499,-0.27,0.01,95.92,-0.11,-0.33,-0.45,770,770,771,770,TAKEOFF,1
19.912,takeoff to 20 m,nan,8.843,-1.500,-0.27,0.00,95.91,-0.03,-0.36,-0.46,767,767,768,768,TAKEOFF,1
19.932,takeoff to 20 m,nan,8.843,-1.500,-0.27,-0.00,95.91,-0.02,-0.32,-0.40,767,767,768,768,TAKEOFF,1
19.952,takeoff to 20 m,nan,8.914,-1.500,-0.27,-0.01,95.90,0.01,-0.25,-0.39,764,764,764,764,TAKEOFF,1
19.972,takeoff to 20 m,nan,8.914,-1.500,-0.27,-0.01,95.89,0.10,-0.27,-0.45,764,764,764,764,TAKEOFF,1
19.992,takeoff to 20 m,nan,8.914,-1.500,-0.27,-0.02,95.88,0.10,-0.28,-0.44,764,764,764,764,TAKEOFF,1
20.012,takeoff to 20 m,nan,8.986,-1.500,-0.26,-0.02,95.87,0.11,-0.32,-0.39,773,773,773,773,TAKEOFF,1
20.032,takeoff to 20 m,nan,8.986,-1.500,-0.26,-0.03,95.86,0.13,-0.24,-0.47,773,773,773,773,TAKEOFF,1
20.052,takeoff to 20 m,nan,9.070,-1.501,-0.26,-0.03,95.85,0.24,-0.26,-0.45,771,770,770,770,TAKEOFF,1
20.072,takeoff to 20 m,nan,9.070,-1.501,-0.26,-0.04,95.84,0.20,-0.22,-0.45,771,770,770,770,TAKEOFF,1
20.092,takeoff to 20 m,nan,9.070,-1.501,-0.25,-0.04,95.83,0.17,-0.20,-0.48,771,770,770,770,TAKEOFF,1
20.112,takeoff to 20 m,nan,9.142,-1.502,-0.25,-0.05,95.82,0.19,-0.14,-0.44,767,767,767,767,TAKEOFF,1
20.132,takeoff to 20 m,nan,9.142,-1.502,-0.25,-0.05,95.81,0.18,-0.20,-0.42,767,767,767,767,TAKEOFF,1
20.152,takeoff to 20 m,nan,9.214,-1.503,-0.24,-0.05,95.80,0.23,-0.09,-0.43,764,765,764,764,TAKEOFF,1
20.172,takeoff to 20 m,nan,9.214,-1.503,-0.24,-0.05,95.79,0.31,-0.08,-0.36,764,765,764,764,TAKEOFF,1
20.192,takeoff to 20 m,nan,9.214,-1.503,-0.23,-0.06,95.78,0.38,-0.12,-0.42,764,765,764,764,TAKEOFF,1
20.212,takeoff to 20 m,nan,9.286,-1.503,-0.22,-0.06,95.77,0.30,0.04,-0.40,774,773,773,772,TAKEOFF,1
20.232,takeoff to 20 m,nan,9.286,-1.503,-0.22,-0.06,95.76,0.33,-0.07,-0.38,774,773,773,772,TAKEOFF,1
20.252,takeoff to 20 m,nan,9.370,-1.503,-0.21,-0.06,95.75,0.34,0.01,-0.32,771,771,769,769,TAKEOFF,1
20.272,takeoff to 20 m,nan,9.370,-1.503,-0.20,-0.06,95.74,0.25,-0.01,-0.33,771,771,769,769,TAKEOFF,1
20.292,takeoff to 20 m,nan,9.370,-1.503,-0.20,-0.06,95.74,0.28,-0.07,-0.27,771,771,769,769,TAKEOFF,1
20.312,takeoff to 20 m,nan,9.442,-1.504,-0.19,-0.06,95.73,0.29,-0.02,-0.29,768,768,767,766,TAKEOFF,1
20.332,takeoff to 20 m,nan,9.442,-1.504,-0.19,-0.06,95.72,0.35,0.08,-0.27,768,768,767,766,TAKEOFF,1
20.352,takeoff to 20 m,nan,9.514,-1.504,-0.18,-0.06,95.72,0.35,0.01,-0.25,765,765,763,763,TAKEOFF,1
20.372,takeoff to 20 m,nan,9.514,-1.504,-0.17,-0.06,95.71,0.30,0.00,-0.22,765,765,763,763,TAKEOFF,1
20.392,takeoff to 20 m,nan,9.514,-1.504,-0.17,-0.06,95.70,0.29,-0.04,-0.20,765,765,763,763,TAKEOFF,1
20.412,takeoff to 20 m,nan,9.586,-1.504,-0.16,-0.06,95.70,0.42,0.01,-0.17,774,774,773,772,TAKEOFF,1
20.432,takeoff to 20 m,nan,9.586,-1.504,-0.15,-0.06,95.70,0.43,0.05,-0.14,774,774,773,772,TAKEOFF,1
20.452,takeoff to 20 m,nan,9.670,-1.505,-0.14,-0.06,95.69,0.45,0.09,-0.11,771,771,769,769,TAKEOFF,1
20.472,takeoff to 20 m,nan,9.670,-1.505,-0.13,-0.06,95.69,0.48,0.04,-0.12,771,771,769,769,TAKEOFF,1
20.492,takeoff to 20 m,nan,9.670,-1.505,-0.13,-0.05,95.69,0.46,0.07,-0.07,771,771,769,769,TAKEOFF,1
20.512,takeoff to 20 m,nan,9.741,-1.505,-0.12,-0.05,95.68,0.39,0.09,-0.07,768,768,766,766,TAKEOFF,1
20.532,takeoff to 20 m,nan,9.741,-1.505,-0.11,-0.05,95.68,0.38,0.08,-0.04,768,768,766,766,TAKEOFF,1
20.552,takeoff to 20 m,nan,9.813,-1.505,-0.10,-0.05,95.68,0.40,0.09,-0.09,765,765,763,763,TAKEOFF,1
20.572,takeoff to 20 m,nan,9.813,-1.505,-0.10,-0.05,95.68,0.34,0.08,0.06,765,765,763,763,TAKEOFF,1
20.592,takeoff to 20 m,nan,9.813,-1.505,-0.09,-0.04,95.68,0.38,0.06,0.03,765,765,763,763,TAKEOFF,1
20.612,takeoff to 20 m,nan,9.884,-1.505,-0.08,-0.04,95.69,0.38,0.07,-0.01,774,774,772,772,TAKEOFF,1
20.632,takeoff to 20 m,nan,9.884,-1.505,-0.07,-0.04,95.69,0.33,0.07,-0.01,774,774,772,772,TAKEOFF,1
20.652,takeoff to 20 m,nan,9.968,-1.506,-0.07,-0.04,95.69,0.30,-0.01,0.04,774,774,772,773,TAKEOFF,1
20.672,takeoff to 20 m,nan,9.968,-1.506,-0.06,-0.04,95.69,0.27,-0.10,0.07,774,774,772,773,TAKEOFF,1
20.692,takeoff to 20 m,nan,9.968,-1.506,-0.06,-0.04,95.70,0.20,-0.07,0.14,774,774,772,773,TAKEOFF,1
20.712,takeoff to 20 m,nan,10.040,-1.510,-0.05,-0.04,95.70,0.35,-0.06,0.08,781,781,780,780,TAKEOFF,1
20.732,takeoff to 20 m,nan,10.040,-1.510,-0.05,-0.04,95.70,0.24,-0.07,0.10,781,781,780,780,TAKEOFF,1
20.752,takeoff to 20 m,nan,10.112,-1.526,-0.04,-0.04,95.71,0.31,-0.11,0.14,787,786,786,786,TAKEOFF,1
20.772,takeoff to 20 m,nan,10.112,-1.526,-0.04,-0.04,95.71,0.25,-0.15,0.16,787,786,786,786,TAKEOFF,1
20.792,takeoff to 20 m,nan,10.112,-1.526,-0.03,-0.05,95.72,0.29,-0.18,0.11,787,786,786,786,TAKEOFF,1
20.812,takeoff to 20 m,nan,10.185,-1.557,-0.03,-0.05,95.73,0.30,-0.26,0.18,808,808,808,808,TAKEOFF,1
20.832,takeoff to 20 m,nan,10.185,-1.557,-0.02,-0.05,95.73,0.28,-0.23,0.10,808,808,808,808,TAKEOFF,1
20.852,takeoff to 20 m,nan,10.273,-1.609,-0.02,-0.06,95.74,0.19,-0.27,0.14,819,819,819,819,TAKEOFF,1
20.872,takeoff to 20 m,nan,10.273,-1.609,-0.01,-0.06,95.74,0.21,-0.24,0.11,819,819,819,819,TAKEOFF,1
20.892,takeoff to 20 m,nan,10.273,-1.609,-0.01,-0.06,95.75,0.14,-0.33,0.17,819,819,819,819,TAKEOFF,1
20.912,takeoff to 20 m,nan,10.351,-1.666,-0.00,-0.07,95.75,0.24,-0.33,0.14,820,820,820,820,TAKEOFF,1
20.932,takeoff to 20 m,nan,10.351,-1.666,0.00,-0.08,95.76,0.28,-0.39,0.24,820,820,820,820,TAKEOFF,1
20.952,takeoff to 20 m,nan,10.432,-1.735,0.01,-0.08,95.76,0.30,-0.41,0.07,819,819,820,820,TAKEOFF,1
20.972,takeoff to 20 m,nan,10.432,-1.735,0.01,-0.09,95.77,0.25,-0.42,0.11,819,819,820,820,TAKEOFF,1
20.992,takeoff to 20 m,nan,10.432,-1.735,0.02,-0.10,95.77,0.29,-0.43,0.09,819,819,820,820,TAKEOFF,1
21.012,takeoff to 20 m,nan,10.517,-1.813,0.02,-0.10,95.78,0.28,-0.33,0.09,841,841,842,842,TAKEOFF,1
21.032,takeoff to 20 m,nan,10.517,-1.813,0.03,-0.11,95.78,0.29,-0.34,0.18,841,841,842,842,TAKEOFF,1
21.052,takeoff to 20 m,nan,10.622,-1.914,0.03,-0.11,95.79,0.32,-0.34,0.08,849,848,849,849,TAKEOFF,1
21.072,takeoff to 20 m,nan,10.622,-1.914,0.04,-0.12,95.79,0.33,-0.34,0.13,849,848,849,849,TAKEOFF,1
21.092,takeoff to 20 m,nan,10.622,-1.914,0.05,-0.12,95.79,0.26,-0.36,0.07,849,848,849,849,TAKEOFF,1
21.112,takeoff to 20 m,nan,10.717,-2.011,0.05,-0.13,95.80,0.28,-0.29,0.08,845,845,846,846,TAKEOFF,1
21.132,takeoff to 20 m,nan,10.717,-2.011,0.06,-0.14,95.80,0.21,-0.32,0.06,845,845,846,846,TAKEOFF,1
21.152,takeoff to 20 m,nan,10.818,-2.115,0.06,-0.14,95.80,0.26,-0.31,0.04,841,840,841,841,TAKEOFF,1
21.172,takeoff to 20 m,nan,10.818,-2.115,0.06,-0.15,95.80,0.22,-0.20,0.02,841,840,841,841,TAKEOFF,1
21.192,takeoff to 20 m,nan,10.818,-2.115,0.07,-0.15,95.80,0.27,-0.14,0.00,841,840,841,841,TAKEOFF,1
21.212,takeoff to 20 m,nan,10.925,-2.226,0.07,-0.15,95.81,0.27,-0.11,0.03,865,865,866,866,TAKEOFF,1
21.232,takeoff to 20 m,nan,10.925,-2.226,0.08,-0.15,95.81,0.30,-0.08,0.00,865,865,866,866,TAKEOFF,1
21.252,takeoff to 20 m,nan,11.058,-2.364,0.08,-0.15,95.81,0.32,-0.06,0.04,872,872,873,873,TAKEOFF,1
21.268,takeoff to 20 m,nan,11.058,-2.364,0.09,-0.15,95.81,0.32,-0.10,-0.06,872,872,873,873,TAKEOFF,1
21.292,takeoff to 20 m,nan,11.058,-2.364,0.10,-0.15,95.81,0.35,-0.02,-0.08,872,872,873,873,TAKEOFF,1
21.312,takeoff to 20 m,nan,11.179,-2.488,0.10,-0.15,95.81,0.27,0.01,-0.04,859,859,859,860,TAKEOFF,1
21.332,takeoff to 20 m,nan,11.179,-2.488,0.11,-0.15,95.81,0.29,0.11,-0.01,859,859,859,860,TAKEOFF,1
21.352,takeoff to 20 m,nan,11.306,-2.606,0.11,-0.15,95.81,0.25,0.06,-0.07,839,839,840,840,TAKEOFF,1
21.372,takeoff to 20 m,nan,11.306,-2.606,0.12,-0.15,95.80,0.16,0.08,-0.06,839,839,840,840,TAKEOFF,1
21.392,takeoff to 20 m,nan,11.306,-2.606,0.12,-0.15,95.80,0.15,-0.01,-0.11,839,839,840,840,TAKEOFF,1
21.412,takeoff to 20 m,nan,11.440,-2.702,0.12,-0.15,95.80,0.21,0.09,-0.15,825,824,826,825,TAKEOFF,1
21.432,takeoff to 20 m,nan,11.440,-2.702,0.12,-0.14,95.80,0.10,0.20,-0.07,825,824,826,825,TAKEOFF,1
21.452,takeoff to 20 m,nan,11.601,-2.783,0.13,-0.14,95.80,0.14,0.18,-0.11,809,809,809,809,TAKEOFF,1
21.472,takeoff to 20 m,nan,11.601,-2.783,0.13,-0.14,95.79,0.07,0.25,-0.16,809,809,809,809,TAKEOFF,1
21.492,takeoff to 20 m,nan,11.601,-2.783,0.13,-0.13,95.79,0.08,0.29,-0.12,809,809,809,809,TAKEOFF,1
21.512,takeoff to 20 m,nan,11.742,-2.833,0.13,-0.13,95.79,0.08,0.30,-0.16,792,792,792,792,TAKEOFF,1
21.532,takeoff to 20 m,nan,11.742,-2.833,0.13,-0.12,95.79,0.10,0.30,-0.09,792,792,792,792,TAKEOFF,1
21.552,takeoff to 20 m,nan,11.886,-2.868,0.13,-0.11,95.79,-0.06,0.33,-0.12,777,777,777,777,TAKEOFF,1
21.572,takeoff to 20 m,nan,11.886,-2.868,0.13,-0.11,95.78,-0.05,0.35,-0.14,777,777,777,777,TAKEOFF,1
21.592,takeoff to 20 m,nan,11.886,-2.868,0.13,-0.10,95.78,-0.11,0.37,-0.11,777,777,777,777,TAKEOFF,1
21.612,takeoff to 20 m,nan,12.030,-2.892,0.13,-0.09,95.78,-0.07,0.46,-0.09,782,782,782,782,TAKEOFF,1
21.632,takeoff to 20 m,nan,12.030,-2.892,0.13,-0.08,95.78,-0.02,0.47,-0.09,782,782,782,782,TAKEOFF,1
21.652,takeoff to 20 m,nan,12.199,-2.908,0.13,-0.08,95.78,-0.14,0.39,-0.11,775,774,775,774,TAKEOFF,1
21.672,takeoff to 20 m,nan,12.199,-2.908,0.12,-0.07,95.77,-0.19,0.42,-0.09,775,774,775,774,TAKEOFF,1
21.692,takeoff to 20 m,nan,12.199,-2.908,0.12,-0.06,95.77,-0.13,0.44,-0.12,775,774,775,774,TAKEOFF,1
21.712,takeoff to 20 m,nan,12.345,-2.914,0.12,-0.05,95.77,-0.06,0.51,-0.11,763,763,763,763,TAKEOFF,1
21.732,takeoff to 20 m,nan,12.345,-2.914,0.12,-0.04,95.77,-0.12,0.37,-0.12,763,763,763,763,TAKEOFF,1
21.752,takeoff to 20 m,nan,12.489,-2.911,0.12,-0.04,95.77,-0.17,0.38,-0.09,752,753,752,753,TAKEOFF,1
21.772,takeoff to 20 m,nan,12.489,-2.911,0.11,-0.03,95.77,-0.18,0.34,-0.09,752,753,752,753,TAKEOFF,1
21.792,takeoff to 20 m,nan,12.489,-2.911,0.11,-0.02,95.77,-0.23,0.31,-0.13,752,753,752,753,TAKEOFF,1
21.812,takeoff to 20 m,nan,12.633,-2.901,0.10,-0.02,95.77,-0.20,0.37,-0.07,757,757,757,757,TAKEOFF,1
21.832,takeoff to 20 m,nan,12.633,-2.901,0.10,-0.01,95.77,-0.25,0.27,-0.07,757,757,757,757,TAKEOFF,1
21.852,takeoff to 20 m,nan,12.799,-2.882,0.10,-0.00,95.77,-0.23,0.33,-0.11,751,751,751,751,TAKEOFF,1
21.872,takeoff to 20 m,nan,12.799,-2.882,0.09,0.00,95.77,-0.29,0.28,-0.03,751,751,751,751,TAKEOFF,1
21.892,takeoff to 20 m,nan,12.799,-2.882,0.09,0.01,95.77,-0.20,0.32,-0.11,751,751,751,751,TAKEOFF,1
21.912,takeoff to 20 m,nan,12.939,-2.858,0.08,0.02,95.77,-0.21,0.23,-0.06,742,743,742,743,TAKEOFF,1
21.932,takeoff to 20 m,nan,12.939,-2.858,0.08,0.02,95.78,-0.25,0.14,-0.08,742,743,742,743,TAKEOFF,1
21.952,takeoff to 20 m,nan,13.078,-2.831,0.07,0.02,95.78,-0.28,0.16,-0.07,744,744,744,744,TAKEOFF,1
21.972,takeoff to 20 m,nan,13.078,-2.831,0.07,0.03,95.78,-0.24,0.21,-0.06,744,744,744,744,TAKEOFF,1
21.992,takeoff to 20 m,nan,13.078,-2.831,0.07,0.03,95.78,-0.29,0.27,-0.03,744,744,744,744,TAKEOFF,1
22.012,takeoff to 20 m,nan,13.215,-2.807,0.06,0.04,95.79,-0.33,0.22,-0.08,746,746,745,746,TAKEOFF,1
22.032,takeoff to 20 m,nan,13.215,-2.807,0.05,0.04,95.79,-0.41,0.12,-0.03,746,746,745,746,TAKEOFF,1
22.052,takeoff to 20 m,nan,13.372,-2.771,0.05,0.04,95.79,-0.35,0.10,-0.04,738,738,738,738,TAKEOFF,1
22.072,takeoff to 20 m,nan,13.372,-2.771,0.04,0.05,95.79,-0.35,0.17,-0.07,738,738,738,738,TAKEOFF,1
22.092,takeoff to 20 m,nan,13.372,-2.771,0.03,0.05,95.79,-0.37,0.11,-0.05,738,738,738,738,TAKEOFF,1
22.112,takeoff to 20 m,nan,13.504,-2.732,0.03,0.05,95.79,-0.34,0.13,-0.03,729,729,729,729,TAKEOFF,1
22.132,takeoff to 20 m,nan,13.504,-2.732,0.02,0.05,95.79,-0.35,0.11,-0.03,729,729,729,729,TAKEOFF,1
22.152,takeoff to 20 m,nan,13.633,-2.684,0.01,0.06,95.79,-0.40,0.17,-0.09,720,721,721,721,TAKEOFF,1
22.172,takeoff to 20 m,nan,13.633,-2.684,0.00,0.06,95.79,-0.41,0.11,-0.06,720,721,721,721,TAKEOFF,1
22.192,takeoff to 20 m,nan,13.633,-2.684,-0.00,0.06,95.78,-0.40,0.11,-0.05,720,721,721,721,TAKEOFF,1
22.212,takeoff to 20 m,nan,13.759,-2.630,-0.01,0.06,95.78,-0.37,0.12,-0.03,721,721,721,721,TAKEOFF,1
22.232,takeoff to 20 m,nan,13.759,-2.630,-0.02,0.06,95.78,-0.38,0.22,-0.06,721,721,721,721,TAKEOFF,1
22.252,takeoff to 20 m,nan,13.902,-2.562,-0.03,0.07,95.78,-0.42,0.25,-0.10,728,728,728,728,TAKEOFF,1
22.272,takeoff to 20 m,nan,13.902,-2.562,-0.04,0.07,95.77,-0.43,0.24,-0.06,728,728,728,728,TAKEOFF,1
22.292,takeoff to 20 m,nan,13.902,-2.562,-0.04,0.08,95.77,-0.33,0.19,-0.06,728,728,728,728,TAKEOFF,1
22.312,takeoff to 20 m,nan,14.021,-2.509,-0.05,0.08,95.77,-0.33,0.26,-0.08,730,729,730,729,TAKEOFF,1
22.332,takeoff to 20 m,nan,14.021,-2.509,-0.05,0.08,95.76,-0.28,0.30,-0.09,730,729,730,729,TAKEOFF,1
22.352,takeoff to 20 m,nan,14.137,-2.462,-0.06,0.09,95.76,-0.25,0.34,-0.05,731,730,730,730,TAKEOFF,1
22.372,takeoff to 20 m,nan,14.137,-2.462,-0.07,0.10,95.75,-0.29,0.37,-0.02,731,730,730,730,TAKEOFF,1
22.392,takeoff to 20 m,nan,14.137,-2.462,-0.07,0.10,95.75,-0.30,0.41,-0.05,731,730,730,730,TAKEOFF,1
22.412,takeoff to 20 m,nan,14.251,-2.419,-0.08,0.11,95.75,-0.28,0.33,-0.02,740,741,740,740,TAKEOFF,1
22.432,takeoff to 20 m,nan,14.251,-2.419,-0.08,0.12,95.74,-0.19,0.24,-0.03,740,741,740,740,TAKEOFF,1
22.452,takeoff to 20 m,nan,14.380,-2.374,-0.09,0.12,95.74,-0.27,0.43,-0.05,743,744,743,743,TAKEOFF,1
22.472,takeoff to 20 m,nan,14.380,-2.374,-0.09,0.13,95.74,-0.23,0.39,-0.04,743,744,743,743,TAKEOFF,1
22.492,takeoff to 20 m,nan,14.380,-2.374,-0.10,0.14,95.73,-0.19,0.33,-0.07,743,744,743,743,TAKEOFF,1
22.512,takeoff to 20 m,nan,14.489,-2.338,-0.10,0.14,95.73,-0.09,0.33,-0.02,742,742,742,741,TAKEOFF,1
22.532,takeoff to 20 m,nan,14.489,-2.338,-0.10,0.15,95.73,-0.08,0.36,-0.08,742,742,742,741,TAKEOFF,1
22.552,takeoff to 20 m,nan,14.596,-2.305,-0.10,0.16,95.73,0.01,0.28,-0.05,740,740,740,740,TAKEOFF,1
22.572,takeoff to 20 m,nan,14.596,-2.305,-0.10,0.16,95.72,-0.05,0.34,0.01,740,740,740,740,TAKEOFF,1
22.592,takeoff to 20 m,nan,14.596,-2.305,-0.10,0.17,95.72,-0.05,0.22,-0.04,740,740,740,740,TAKEOFF,1
22.612,takeoff to 20 m,nan,14.702,-2.273,-0.10,0.17,95.72,-0.01,0.21,-0.07,747,747,747,746,TAKEOFF,1
22.632,takeoff to 20 m,nan,14.702,-2.273,-0.10,0.18,95.72,0.02,0.27,-0.01,747,747,747,746,TAKEOFF,1
22.652,takeoff to 20 m,nan,14.823,-2.237,-0.10,0.18,95.72,0.03,0.21,-0.07,748,748,747,747,TAKEOFF,1
22.672,takeoff to 20 m,nan,14.823,-2.237,-0.10,0.18,95.72,0.04,0.20,0.04,748,748,747,747,TAKEOFF,1
22.692,takeoff to 20 m,nan,14.823,-2.237,-0.10,0.19,95.72,0.07,0.15,0.02,748,748,747,747,TAKEOFF,1
22.712,takeoff to 20 m,nan,14.926,-2.207,-0.10,0.19,95.72,0.08,0.16,0.09,745,745,744,744,TAKEOFF,1
22.732,takeoff to 20 m,nan,14.926,-2.207,-0.10,0.19,95.72,0.04,0.20,0.06,745,745,744,744,TAKEOFF,1
22.752,takeoff to 20 m,nan,15.027,-2.177,-0.10,0.20,95.72,0.07,0.20,0.02,742,742,742,742,TAKEOFF,1
22.772,takeoff to 20 m,nan,15.027,-2.177,-0.10,0.20,95.71,0.16,0.21,0.06,742,742,742,742,TAKEOFF,1
22.792,takeoff to 20 m,nan,15.027,-2.177,-0.09,0.20,95.72,0.09,0.19,0.05,742,742,742,742,TAKEOFF,1
22.812,takeoff to 20 m,nan,15.126,-2.147,-0.09,0.21,95.72,0.08,0.18,0.07,747,748,747,747,TAKEOFF,1
22.832,takeoff to 20 m,nan,15.126,-2.147,-0.09,0.21,95.72,0.11,0.20,0.04,747,748,747,747,TAKEOFF,1
22.852,takeoff to 20 m,nan,15.240,-2.112,-0.09,0.22,95.72,0.15,0.15,0.12,748,748,747,747,TAKEOFF,1
22.872,takeoff to 20 m,nan,15.240,-2.112,-0.09,0.22,95.72,0.17,0.10,0.03,748,748,747,747,TAKEOFF,1
22.892,takeoff to 20 m,nan,15.240,-2.112,-0.08,0.22,95.72,0.24,0.12,0.09,748,748,747,747,TAKEOFF,1
22.912,takeoff to 20 m,nan,15.337,-2.083,-0.08,0.22,95.72,0.26,0.14,0.06,745,745,744,745,TAKEOFF,1
22.932,takeoff to 20 m,nan,15.337,-2.083,-0.08,0.22,95.72,0.20,0.05,0.11,745,745,744,745,TAKEOFF,1
22.952,takeoff to 20 m,nan,15.432,-2.053,-0.07,0.23,95.73,0.22,0.04,0.08,742,742,742,742,TAKEOFF,1
22.972,takeoff to 20 m,nan,15.432,-2.053,-0.07,0.23,95.73,0.25,0.05,0.11,742,742,742,742,TAKEOFF,1
22.992,takeoff to 20 m,nan,15.432,-2.053,-0.06,0.23,95.73,0.19,0.02,0.07,742,742,742,742,TAKEOFF,1
23.012,takeoff to 20 m,nan,15.526,-2.022,-0.06,0.23,95.73,0.19,-0.05,0.06,744,745,744,744,TAKEOFF,1
23.032,takeoff to 20 m,nan,15.526,-2.022,-0.05,0.22,95.73,0.31,-0.09,0.12,744,745,744,744,TAKEOFF,1
23.056,takeoff to 20 m,nan,15.635,-1.987,-0.05,0.22,95.73,0.36,-0.07,0.10,746,746,746,746,TAKEOFF,1
23.072,takeoff to 20 m,nan,15.635,-1.987,-0.04,0.22,95.74,0.32,-0.07,0.15,746,746,746,746,TAKEOFF,1
23.092,takeoff to 20 m,nan,15.635,-1.987,-0.04,0.22,95.74,0.29,-0.11,0.07,746,746,746,746,TAKEOFF,1
23.112,takeoff to 20 m,nan,15.726,-1.956,-0.03,0.22,95.74,0.31,-0.02,0.10,743,744,743,744,TAKEOFF,1
23.132,takeoff to 20 m,nan,15.726,-1.956,-0.02,0.22,95.74,0.34,-0.08,0.06,743,744,743,744,TAKEOFF,1
23.152,takeoff to 20 m,nan,15.817,-1.925,-0.02,0.21,95.74,0.31,-0.07,0.07,741,741,741,741,TAKEOFF,1
23.172,takeoff to 20 m,nan,15.817,-1.925,-0.01,0.21,95.74,0.28,-0.05,0.07,741,741,741,741,TAKEOFF,1
23.192,takeoff to 20 m,nan,15.817,-1.925,-0.01,0.21,95.75,0.23,-0.09,0.08,741,741,741,741,TAKEOFF,1
23.212,takeoff to 20 m,nan,15.906,-1.894,-0.00,0.21,95.75,0.24,0.03,0.05,743,743,743,742,TAKEOFF,1
23.232,takeoff to 20 m,nan,15.906,-1.894,0.00,0.21,95.75,0.34,-0.07,0.07,743,743,743,742,TAKEOFF,1
23.252,takeoff to 20 m,nan,16.008,-1.857,0.01,0.21,95.75,0.32,0.01,0.03,745,745,745,745,TAKEOFF,1
23.272,takeoff to 20 m,nan,16.008,-1.857,0.01,0.21,95.75,0.34,-0.04,0.06,745,745,745,745,TAKEOFF,1
23.292,takeoff to 20 m,nan,16.008,-1.857,0.02,0.21,95.75,0.14,0.04,0.10,745,745,745,745,TAKEOFF,1
23.312,takeoff to 20 m,nan,16.094,-1.825,0.02,0.21,95.75,0.28,-0.06,0.03,742,743,743,743,TAKEOFF,1
23.332,takeoff to 20 m,nan,16.094,-1.825,0.03,0.20,95.76,0.25,-0.05,0.07,742,743,743,743,TAKEOFF,1
23.352,takeoff to 20 m,nan,16.178,-1.793,0.03,0.20,95.76,0.28,-0.02,0.07,740,740,741,741,TAKEOFF,1
23.372,takeoff to 20 m,nan,16.178,-1.793,0.04,0.20,95.76,0.25,-0.01,0.02,740,740,741,741,TAKEOFF,1
23.392,takeoff to 20 m,nan,16.178,-1.793,0.04,0.20,95.76,0.27,-0.10,0.03,740,740,741,741,TAKEOFF,1
23.412,takeoff to 20 m,nan,16.260,-1.761,0.05,0.20,95.76,0.23,-0.05,0.06,743,743,743,743,TAKEOFF,1
23.432,takeoff to 20 m,nan,16.260,-1.761,0.05,0.20,95.76,0.21,-0.06,0.06,743,743,743,743,TAKEOFF,1
23.452,takeoff to 20 m,nan,16.354,-1.724,0.06,0.20,95.76,0.21,-0.10,0.06,745,745,745,745,TAKEOFF,1
23.472,takeoff to 20 m,nan,16.354,-1.724,0.06,0.19,95.76,0.17,-0.11,0.10,745,745,745,745,TAKEOFF,1
23.492,takeoff to 20 m,nan,16.354,-1.724,0.06,0.19,95.76,0.21,-0.12,0.02,745,745,745,745,TAKEOFF,1
23.512,takeoff to 20 m,nan,16.433,-1.693,0.07,0.19,95.76,0.15,-0.15,0.00,743,743,743,744,TAKEOFF,1
23.532,takeoff to 20 m,nan,16.433,-1.693,0.07,0.18,95.76,0.13,-0.31,0.02,743,743,743,744,TAKEOFF,1
23.552,takeoff to 20 m,nan,16.511,-1.661,0.07,0.18,95.76,0.04,-0.30,0.04,745,745,746,746,TAKEOFF,1
23.572,takeoff to 20 m,nan,16.511,-1.661,0.07,0.17,95.76,0.07,-0.37,0.06,745,745,746,746,TAKEOFF,1
23.592,takeoff to 20 m,nan,16.511,-1.661,0.07,0.17,95.76,0.10,-0.39,0.04,745,745,746,746,TAKEOFF,1
23.612,takeoff to 20 m,nan,16.587,-1.630,0.07,0.16,95.76,0.05,-0.39,-0.01,746,746,746,746,TAKEOFF,1
23.632,takeoff to 20 m,nan,16.587,-1.630,0.08,0.15,95.76,0.02,-0.39,0.02,746,746,746,746,TAKEOFF,1
23.652,takeoff to 20 m,nan,16.673,-1.594,0.08,0.14,95.76,0.03,-0.40,-0.02,746,746,746,746,TAKEOFF,1
23.672,takeoff to 20 m,nan,16.673,-1.594,0.08,0.14,95.76,0.07,-0.48,0.01,746,746,746,746,TAKEOFF,1
23.692,takeoff to 20 m,nan,16.673,-1.594,0.08,0.13,95.76,0.01,-0.40,0.00,746,746,746,746,TAKEOFF,1
23.712,takeoff to 20 m,nan,16.745,-1.564,0.08,0.12,95.76,-0.03,-0.42,0.03,745,745,745,745,TAKEOFF,1
23.732,takeoff to 20 m,nan,16.745,-1.564,0.08,0.11,95.77,0.02,-0.46,-0.05,745,745,745,745,TAKEOFF,1
23.752,takeoff to 20 m,nan,16.816,-1.534,0.08,0.10,95.77,-0.03,-0.52,-0.01,747,747,747,747,TAKEOFF,1
23.772,takeoff to 20 m,nan,16.816,-1.534,0.07,0.09,95.77,-0.07,-0.52,-0.00,747,747,747,747,TAKEOFF,1
23.792,takeoff to 20 m,nan,16.816,-1.534,0.07,0.08,95.77,0.00,-0.48,0.01,747,747,747,747,TAKEOFF,1
23.812,takeoff to 20 m,nan,16.885,-1.505,0.08,0.07,95.77,0.07,-0.56,0.05,747,748,747,748,TAKEOFF,1
23.832,takeoff to 20 m,nan,16.885,-1.505,0.08,0.06,95.78,0.05,-0.67,0.03,747,748,747,748,TAKEOFF,1
23.852,takeoff to 20 m,nan,16.964,-1.471,0.08,0.05,95.78,-0.02,-0.59,0.02,748,748,748,748,TAKEOFF,1
23.872,takeoff to 20 m,nan,16.964,-1.471,0.08,0.04,95.78,-0.07,-0.67,-0.04,748,748,748,748,TAKEOFF,1
23.892,takeoff to 20 m,nan,16.964,-1.471,0.08,0.03,95.78,0.02,-0.54,0.04,748,748,748,748,TAKEOFF,1
23.912,takeoff to 20 m,nan,17.029,-1.443,0.08,0.02,95.78,0.00,-0.62,-0.01,747,747,747,747,TAKEOFF,1
23.932,takeoff to 20 m,nan,17.029,-1.443,0.07,0.00,95.78,-0.01,-0.64,-0.02,747,747,747,747,TAKEOFF,1
23.952,takeoff to 20 m,nan,17.094,-1.416,0.07,-0.01,95.78,-0.04,-0.60,-0.01,746,746,746,746,TAKEOFF,1
23.972,takeoff to 20 m,nan,17.094,-1.416,0.07,-0.02,95.78,-0.10,-0.56,0.01,746,746,746,746,TAKEOFF,1
23.992,takeoff to 20 m,nan,17.094,-1.416,0.07,-0.03,95.78,-0.04,-0.61,-0.02,746,746,746,746,TAKEOFF,1
24.012,takeoff to 20 m,nan,17.157,-1.388,0.07,-0.04,95.78,-0.06,-0.57,-0.06,749,749,749,749,TAKEOFF,1
24.032,takeoff to 20 m,nan,17.157,-1.388,0.07,-0.05,95.78,-0.09,-0.59,-0.05,749,749,749,749,TAKEOFF,1
24.052,takeoff to 20 m,nan,17.230,-1.357,0.07,-0.06,95.78,-0.08,-0.59,-0.03,750,749,750,750,TAKEOFF,1
24.072,takeoff to 20 m,nan,17.230,-1.357,0.07,-0.07,95.78,-0.18,-0.51,0.03,750,749,750,750,TAKEOFF,1
24.092,takeoff to 20 m,nan,17.230,-1.357,0.06,-0.08,95.77,-0.19,-0.49,-0.03,750,749,750,750,TAKEOFF,1
24.112,takeoff to 20 m,nan,17.290,-1.331,0.06,-0.09,95.77,-0.18,-0.56,-0.02,748,748,749,748,TAKEOFF,1
24.132,takeoff to 20 m,nan,17.290,-1.331,0.06,-0.10,95.77,-0.18,-0.50,-0.01,748,748,749,748,TAKEOFF,1
24.152,takeoff to 20 m,nan,17.350,-1.305,0.05,-0.11,95.77,-0.21,-0.53,-0.04,750,750,750,750,TAKEOFF,1
24.172,takeoff to 20 m,nan,17.350,-1.305,0.05,-0.12,95.76,-0.18,-0.45,-0.09,750,750,750,750,TAKEOFF,1
24.192,takeoff to 20 m,nan,17.350,-1.305,0.05,-0.13,95.76,-0.20,-0.42,0.00,750,750,750,750,TAKEOFF,1
24.212,takeoff to 20 m,nan,17.408,-1.280,0.04,-0.14,95.76,-0.24,-0.42,-0.03,750,750,750,751,TAKEOFF,1
24.232,takeoff to 20 m,nan,17.408,-1.280,0.04,-0.15,95.76,-0.29,-0.40,-0.05,750,750,750,751,TAKEOFF,1
24.252,takeoff to 20 m,nan,17.475,-1.251,0.03,-0.15,95.75,-0.18,-0.35,-0.03,751,750,750,751,TAKEOFF,1
24.272,takeoff to 20 m,nan,17.475,-1.251,0.03,-0.16,95.75,-0.23,-0.38,0.02,751,750,750,751,TAKEOFF,1
24.292,takeoff to 20 m,nan,17.475,-1.251,0.02,-0.17,95.75,-0.33,-0.30,-0.04,751,750,750,751,TAKEOFF,1
24.312,takeoff to 20 m,nan,17.531,-1.226,0.02,-0.17,95.75,-0.29,-0.29,-0.03,749,749,749,749,TAKEOFF,1
24.332,takeoff to 20 m,nan,17.531,-1.226,0.01,-0.18,95.74,-0.31,-0.30,-0.01,749,749,749,749,TAKEOFF,1
24.352,takeoff to 20 m,nan,17.586,-1.202,0.01,-0.19,95.74,-0.35,-0.32,-0.02,748,748,748,748,TAKEOFF,1
24.372,takeoff to 20 m,nan,17.586,-1.202,-0.00,-0.19,95.74,-0.40,-0.31,-0.05,748,748,748,748,TAKEOFF,1
24.392,takeoff to 20 m,nan,17.586,-1.202,-0.01,-0.20,95.74,-0.41,-0.24,-0.01,748,748,748,748,TAKEOFF,1
24.412,takeoff to 20 m,nan,17.641,-1.178,-0.02,-0.20,95.74,-0.45,-0.28,-0.06,751,751,750,751,TAKEOFF,1
24.432,takeoff to 20 m,nan,17.641,-1.178,-0.02,-0.21,95.74,-0.43,-0.32,-0.02,751,751,750,751,TAKEOFF,1
24.452,takeoff to 20 m,nan,17.703,-1.149,-0.03,-0.21,95.73,-0.39,-0.27,-0.01,751,751,750,751,TAKEOFF,1
24.472,takeoff to 20 m,nan,17.703,-1.149,-0.04,-0.22,95.73,-0.49,-0.23,-0.01,751,751,750,751,TAKEOFF,1
24.492,takeoff to 20 m,nan,17.703,-1.149,-0.05,-0.22,95.73,-0.47,-0.25,-0.02,751,751,750,751,TAKEOFF,1
24.512,takeoff to 20 m,nan,17.755,-1.125,-0.06,-0.23,95.73,-0.55,-0.24,-0.03,750,750,750,749,TAKEOFF,1
24.532,takeoff to 20 m,nan,17.755,-1.125,-0.07,-0.23,95.73,-0.49,-0.23,-0.01,750,750,750,749,TAKEOFF,1
24.552,takeoff to 20 m,nan,17.806,-1.101,-0.08,-0.24,95.72,-0.44,-0.20,0.03,749,749,749,749,TAKEOFF,1
24.572,takeoff to 20 m,nan,17.806,-1.101,-0.08,-0.24,95.72,-0.47,-0.27,-0.00,749,749,749,749,TAKEOFF,1
24.592,takeoff to 20 m,nan,17.806,-1.101,-0.10,-0.24,95.72,-0.60,-0.14,0.01,749,749,749,749,TAKEOFF,1
24.612,takeoff to 20 m,nan,17.856,-1.078,-0.11,-0.25,95.72,-0.58,-0.09,0.02,751,752,751,751,TAKEOFF,1
24.632,takeoff to 20 m,nan,17.856,-1.078,-0.12,-0.25,95.72,-0.52,-0.14,-0.04,751,752,751,751,TAKEOFF,1
24.652,takeoff to 20 m,nan,17.913,-1.051,-0.13,-0.25,95.71,-0.59,-0.11,0.01,752,752,751,751,TAKEOFF,1
24.672,takeoff to 20 m,nan,17.913,-1.051,-0.14,-0.25,95.71,-0.64,-0.05,0.02,752,752,751,751,TAKEOFF,1
24.692,takeoff to 20 m,nan,17.913,-1.051,-0.15,-0.25,95.71,-0.65,-0.06,0.04,752,752,751,751,TAKEOFF,1
24.712,takeoff to 20 m,nan,17.961,-1.028,-0.16,-0.25,95.71,-0.56,0.01,0.03,751,751,751,750,TAKEOFF,1
24.732,takeoff to 20 m,nan,17.961,-1.028,-0.17,-0.25,95.71,-0.50,0.04,0.10,751,751,751,750,TAKEOFF,1
24.752,takeoff to 20 m,nan,18.008,-1.005,-0.18,-0.25,95.71,-0.49,0.15,0.04,750,750,749,750,TAKEOFF,1
24.772,takeoff to 20 m,nan,18.008,-1.005,-0.19,-0.25,95.71,-0.43,0.13,0.08,750,750,749,750,TAKEOFF,1
24.792,takeoff to 20 m,nan,18.008,-1.005,-0.20,-0.25,95.71,-0.53,0.08,0.05,750,750,749,750,TAKEOFF,1
24.812,takeoff to 20 m,nan,18.054,-0.983,-0.21,-0.25,95.71,-0.49,0.11,0.11,752,752,752,752,TAKEOFF,1
24.832,takeoff to 20 m,nan,18.054,-0.983,-0.22,-0.24,95.71,-0.53,0.14,0.02,752,752,752,752,TAKEOFF,1
24.852,takeoff to 20 m,nan,18.105,-0.957,-0.22,-0.24,95.71,-0.46,0.13,0.08,753,752,752,752,TAKEOFF,1
24.872,takeoff to 20 m,nan,18.105,-0.957,-0.23,-0.24,95.72,-0.47,0.16,0.06,753,752,752,752,TAKEOFF,1
24.892,takeoff to 20 m,nan,18.105,-0.957,-0.24,-0.23,95.72,-0.49,0.23,0.10,753,752,752,752,TAKEOFF,1
24.912,takeoff to 20 m,nan,18.149,-0.935,-0.25,-0.23,95.72,-0.34,0.39,0.12,752,752,752,752,TAKEOFF,1
24.932,takeoff to 20 m,nan,18.149,-0.935,-0.26,-0.22,95.72,-0.40,0.45,0.05,752,752,752,752,TAKEOFF,1
24.952,takeoff to 20 m,nan,18.191,-0.914,-0.26,-0.21,95.72,-0.36,0.36,0.04,753,753,753,753,TAKEOFF,1
24.972,takeoff to 20 m,nan,18.191,-0.914,-0.27,-0.20,95.72,-0.39,0.34,0.16,753,753,753,753,TAKEOFF,1
24.992,takeoff to 20 m,nan,18.191,-0.914,-0.28,-0.20,95.73,-0.32,0.34,0.12,753,753,753,753,TAKEOFF,1
25.012,takeoff to 20 m,nan,18.233,-0.893,-0.28,-0.19,95.73,-0.34,0.31,0.14,753,753,752,753,TAKEOFF,1
25.032,takeoff to 20 m,nan,18.233,-0.893,-0.29,-0.19,95.73,-0.28,0.25,0.10,753,753,752,753,TAKEOFF,1
25.052,takeoff to 20 m,nan,18.280,-0.870,-0.29,-0.18,95.74,-0.23,0.28,0.12,754,754,754,754,TAKEOFF,1
25.072,takeoff to 20 m,nan,18.280,-0.870,-0.30,-0.18,95.74,-0.26,0.28,0.17,754,754,754,754,TAKEOFF,1
25.092,takeoff to 20 m,nan,18.280,-0.870,-0.30,-0.17,95.74,-0.18,0.30,0.08,754,754,754,754,TAKEOFF,1
25.112,takeoff to 20 m,nan,18.319,-0.850,-0.30,-0.16,95.75,-0.19,0.33,0.09,753,753,753,753,TAKEOFF,1
25.132,takeoff to 20 m,nan,18.319,-0.850,-0.31,-0.16,95.75,-0.21,0.38,0.11,753,753,753,753,TAKEOFF,1
25.152,takeoff to 20 m,nan,18.358,-0.831,-0.31,-0.15,95.75,-0.28,0.31,0.12,752,753,753,752,TAKEOFF,1
25.172,takeoff to 20 m,nan,18.358,-0.831,-0.31,-0.14,95.76,-0.20,0.41,0.08,752,753,753,752,TAKEOFF,1
25.192,takeoff to 20 m,nan,18.358,-0.831,-0.32,-0.14,95.76,-0.12,0.35,0.08,752,753,753,752,TAKEOFF,1
25.212,takeoff to 20 m,nan,18.396,-0.811,-0.32,-0.13,95.76,-0.05,0.35,0.07,754,754,755,755,TAKEOFF,1
25.232,takeoff to 20 m,nan,18.396,-0.811,-0.32,-0.12,95.76,-0.11,0.33,0.04,754,754,755,755,TAKEOFF,1
25.252,takeoff to 20 m,nan,18.439,-0.790,-0.32,-0.12,95.77,-0.08,0.36,0.09,754,755,755,755,TAKEOFF,1
25.272,takeoff to 20 m,nan,18.439,-0.790,-0.32,-0.11,95.77,-0.10,0.35,0.09,754,755,755,755,TAKEOFF,1
25.292,takeoff to 20 m,nan,18.439,-0.790,-0.32,-0.10,95.77,0.00,0.41,0.08,754,755,755,755,TAKEOFF,1
25.312,takeoff to 20 m,nan,18.476,-0.771,-0.32,-0.09,95.78,0.00,0.41,0.09,754,754,754,754,TAKEOFF,1
25.332,takeoff to 20 m,nan,18.476,-0.771,-0.32,-0.09,95.78,0.05,0.41,0.07,754,754,754,754,TAKEOFF,1
25.352,takeoff to 20 m,nan,18.511,-0.753,-0.32,-0.08,95.78,0.11,0.48,0.05,753,753,754,754,TAKEOFF,1
25.372,takeoff to 20 m,nan,18.511,-0.753,-0.32,-0.07,95.78,0.17,0.54,0.07,753,753,754,754,TAKEOFF,1
25.392,takeoff to 20 m,nan,18.511,-0.753,-0.32,-0.06,95.79,0.14,0.54,0.02,753,753,754,754,TAKEOFF,1
25.412,takeoff to 20 m,nan,18.546,-0.735,-0.31,-0.05,95.79,0.10,0.52,0.06,755,755,756,756,TAKEOFF,1
25.432,takeoff to 20 m,nan,18.546,-0.735,-0.31,-0.04,95.79,0.16,0.52,-0.02,755,755,756,756,TAKEOFF,1
25.452,takeoff to 20 m,nan,18.586,-0.715,-0.31,-0.03,95.79,0.28,0.54,0.01,755,755,756,756,TAKEOFF,1
25.472,takeoff to 20 m,nan,18.586,-0.715,-0.30,-0.02,95.79,0.29,0.46,0.01,755,755,756,756,TAKEOFF,1
25.492,takeoff to 20 m,nan,18.586,-0.715,-0.29,-0.01,95.79,0.34,0.49,-0.00,755,755,756,756,TAKEOFF,1
25.512,takeoff to 20 m,nan,18.620,-0.698,-0.29,-0.00,95.79,0.46,0.45,-0.04,754,755,755,755,TAKEOFF,1
25.532,takeoff to 20 m,nan,18.620,-0.698,-0.28,0.01,95.79,0.48,0.47,-0.03,754,755,755,755,TAKEOFF,1
25.552,takeoff to 20 m,nan,18.652,-0.680,-0.27,0.02,95.79,0.47,0.42,0.01,754,754,755,755,TAKEOFF,1
25.572,takeoff to 20 m,nan,18.652,-0.680,-0.26,0.02,95.79,0.47,0.41,-0.04,754,754,755,755,TAKEOFF,1
25.592,takeoff to 20 m,nan,18.652,-0.680,-0.25,0.03,95.78,0.57,0.41,-0.01,754,754,755,755,TAKEOFF,1
25.612,takeoff to 20 m,nan,18.684,-0.664,-0.24,0.04,95.78,0.50,0.40,-0.06,756,756,756,757,TAKEOFF,1
25.632,takeoff to 20 m,nan,18.684,-0.664,-0.23,0.05,95.78,0.40,0.31,-0.02,756,756,756,757,TAKEOFF,1
25.652,takeoff to 20 m,nan,18.720,-0.645,-0.22,0.05,95.78,0.48,0.34,-0.05,756,756,757,757,TAKEOFF,1
25.672,takeoff to 20 m,nan,18.720,-0.645,-0.21,0.06,95.77,0.53,0.34,-0.07,756,756,757,757,TAKEOFF,1
25.692,takeoff to 20 m,nan,18.720,-0.645,-0.20,0.07,95.77,0.55,0.34,-0.06,756,756,757,757,TAKEOFF,1
25.712,takeoff to 20 m,nan,18.750,-0.629,-0.19,0.07,95.77,0.65,0.32,-0.08,756,756,756,756,TAKEOFF,1
25.732,takeoff to 20 m,nan,18.750,-0.629,-0.18,0.08,95.77,0.62,0.28,-0.07,756,756,756,756,TAKEOFF,1
25.752,takeoff to 20 m,nan,18.780,-0.613,-0.16,0.08,95.76,0.70,0.25,-0.01,756,756,756,756,TAKEOFF,1
25.772,takeoff to 20 m,nan,18.780,-0.613,-0.15,0.09,95.76,0.67,0.25,-0.10,756,756,756,756,TAKEOFF,1
25.792,takeoff to 20 m,nan,18.780,-0.613,-0.14,0.09,95.76,0.54,0.22,-0.02,756,756,756,756,TAKEOFF,1
25.812,takeoff to 20 m,nan,18.808,-0.598,-0.13,0.10,95.76,0.50,0.22,-0.08,758,758,758,758,TAKEOFF,1
25.832,takeoff to 20 m,nan,18.808,-0.598,-0.12,0.10,95.75,0.53,0.25,-0.03,758,758,758,758,TAKEOFF,1
25.852,takeoff to 20 m,nan,18.841,-0.580,-0.11,0.11,95.75,0.65,0.20,-0.08,758,758,758,758,TAKEOFF,1
25.872,takeoff to 20 m,nan,18.841,-0.580,-0.09,0.11,95.75,0.56,0.22,-0.07,758,758,758,758,TAKEOFF,1
25.892,takeoff to 20 m,nan,18.841,-0.580,-0.08,0.11,95.74,0.54,0.17,-0.03,758,758,758,758,TAKEOFF,1
25.912,takeoff to 20 m,nan,18.868,-0.566,-0.07,0.12,95.74,0.54,0.17,-0.08,758,758,757,758,TAKEOFF,1
25.932,takeoff to 20 m,nan,18.868,-0.566,-0.06,0.12,95.74,0.56,0.15,-0.02,758,758,757,758,TAKEOFF,1
25.952,takeoff to 20 m,nan,18.894,-0.552,-0.05,0.12,95.74,0.51,0.08,-0.02,759,759,758,758,TAKEOFF,1
25.972,takeoff to 20 m,nan,18.894,-0.552,-0.04,0.13,95.73,0.51,0.08,-0.01,759,759,758,758,TAKEOFF,1
25.992,takeoff to 20 m,nan,18.894,-0.552,-0.03,0.13,95.73,0.60,0.16,-0.01,759,759,758,758,TAKEOFF,1
26.012,takeoff to 20 m,nan,18.920,-0.538,-0.02,0.13,95.73,0.57,0.09,-0.07,759,759,758,759,TAKEOFF,1
26.032,takeoff to 20 m,nan,18.920,-0.538,-0.01,0.13,95.73,0.61,0.06,0.03,759,759,758,759,TAKEOFF,1
26.052,takeoff to 20 m,nan,18.949,-0.523,0.00,0.13,95.72,0.49,0.09,-0.03,759,760,759,759,TAKEOFF,1
26.072,takeoff to 20 m,nan,18.949,-0.523,0.01,0.14,95.72,0.50,0.05,-0.05,759,760,759,759,TAKEOFF,1
26.092,takeoff to 20 m,nan,18.949,-0.523,0.02,0.14,95.72,0.49,-0.01,0.01,759,760,759,759,TAKEOFF,1
26.112,takeoff to 20 m,nan,18.973,-0.510,0.03,0.14,95.72,0.51,0.07,-0.03,759,759,759,759,TAKEOFF,1
26.132,takeoff to 20 m,nan,18.973,-0.510,0.04,0.14,95.72,0.52,-0.04,-0.02,759,759,759,759,TAKEOFF,1
26.152,takeoff to 20 m,nan,18.996,-0.498,0.05,0.14,95.71,0.46,0.01,0.03,759,759,758,759,TAKEOFF,1
26.172,takeoff to 20 m,nan,18.996,-0.498,0.06,0.13,95.71,0.36,-0.10,0.09,759,759,758,759,TAKEOFF,1
26.192,takeoff to 20 m,nan,18.996,-0.498,0.06,0.13,95.71,0.34,-0.13,-0.01,759,759,758,759,TAKEOFF,1
26.212,takeoff to 20 m,nan,19.019,-0.486,0.07,0.13,95.71,0.39,-0.08,0.02,761,760,760,760,TAKEOFF,1
26.232,takeoff to 20 m,nan,19.019,-0.486,0.08,0.13,95.71,0.36,-0.07,0.06,761,760,760,760,TAKEOFF,1
26.252,takeoff to 20 m,nan,19.045,-0.472,0.08,0.13,95.71,0.31,-0.09,0.06,761,761,760,760,TAKEOFF,1
26.272,takeoff to 20 m,nan,19.045,-0.472,0.09,0.13,95.71,0.29,-0.09,0.10,761,761,760,760,TAKEOFF,1
26.292,takeoff to 20 m,nan,19.045,-0.472,0.10,0.13,95.71,0.33,-0.09,0.07,761,761,760,760,TAKEOFF,1
26.312,takeoff to 20 m,nan,19.067,-0.461,0.10,0.12,95.72,0.24,-0.17,0.09,761,761,760,760,TAKEOFF,1
26.332,takeoff to 20 m,nan,19.067,-0.461,0.11,0.12,95.72,0.24,-0.12,0.07,761,761,760,760,TAKEOFF,1
26.352,takeoff to 20 m,nan,19.088,-0.450,0.11,0.12,95.72,0.23,-0.16,0.07,761,760,760,760,TAKEOFF,1
26.372,takeoff to 20 m,nan,19.088,-0.450,0.12,0.11,95.72,0.22,-0.10,0.08,761,760,760,760,TAKEOFF,1
26.392,takeoff to 20 m,nan,19.088,-0.450,0.12,0.11,95.73,0.24,-0.06,0.06,761,760,760,760,TAKEOFF,1
26.412,takeoff to 20 m,nan,19.108,-0.440,0.13,0.11,95.73,0.16,-0.05,0.12,763,763,762,763,TAKEOFF,1
26.432,takeoff to 20 m,nan,19.108,-0.440,0.13,0.11,95.74,0.12,-0.05,0.06,763,763,762,763,TAKEOFF,1
26.452,takeoff to 20 m,nan,19.132,-0.428,0.13,0.11,95.74,0.13,-0.02,0.05,761,761,761,762,TAKEOFF,1
26.472,takeoff to 20 m,nan,19.132,-0.428,0.14,0.11,95.74,0.20,-0.03,0.05,761,761,761,762,TAKEOFF,1
26.492,takeoff to 20 m,nan,19.132,-0.428,0.14,0.11,95.75,0.12,-0.02,0.03,761,761,761,762,TAKEOFF,1
26.512,takeoff to 20 m,nan,19.152,-0.418,0.14,0.11,95.75,0.06,-0.02,0.12,761,761,761,761,TAKEOFF,1
26.532,takeoff to 20 m,nan,19.152,-0.418,0.14,0.10,95.75,-0.03,-0.00,0.01,761,761,761,761,TAKEOFF,1
26.552,takeoff to 20 m,nan,19.171,-0.409,0.14,0.10,95.76,-0.08,0.03,0.10,760,761,761,761,TAKEOFF,1
26.572,takeoff to 20 m,nan,19.171,-0.409,0.14,0.10,95.76,-0.07,0.03,0.12,760,761,761,761,TAKEOFF,1
26.592,takeoff to 20 m,nan,19.171,-0.409,0.14,0.10,95.77,0.01,0.02,0.06,760,761,761,761,TAKEOFF,1
26.612,takeoff to 20 m,nan,19.190,-0.399,0.14,0.11,95.77,0.01,0.08,0.05,762,761,762,762,TAKEOFF,1
26.632,takeoff to 20 m,nan,19.190,-0.399,0.14,0.11,95.77,-0.08,0.10,0.07,762,761,762,762,TAKEOFF,1
26.652,takeoff to 20 m,nan,19.212,-0.388,0.14,0.11,95.78,-0.05,0.05,0.00,761,762,762,762,TAKEOFF,1
26.672,takeoff to 20 m,nan,19.212,-0.388,0.13,0.11,95.78,-0.08,0.04,0.06,761,762,762,762,TAKEOFF,1
26.692,takeoff to 20 m,nan,19.212,-0.388,0.13,0.11,95.78,-0.06,0.07,0.02,761,762,762,762,TAKEOFF,1
26.712,takeoff to 20 m,nan,19.231,-0.379,0.13,0.11,95.79,-0.08,0.09,0.03,761,761,761,762,TAKEOFF,1
26.732,takeoff to 20 m,nan,19.231,-0.379,0.13,0.11,95.79,-0.05,0.07,0.05,761,761,761,762,TAKEOFF,1
26.752,takeoff to 20 m,nan,19.249,-0.370,0.13,0.11,95.79,0.02,0.04,0.01,761,760,761,761,TAKEOFF,1
26.772,takeoff to 20 m,nan,19.249,-0.370,0.13,0.11,95.80,-0.04,0.10,0.05,761,760,761,761,TAKEOFF,1
26.792,takeoff to 20 m,nan,19.249,-0.370,0.13,0.12,95.80,-0.07,0.16,-0.04,761,760,761,761,TAKEOFF,1
26.812,takeoff to 20 m,nan,19.268,-0.361,0.12,0.12,95.80,-0.07,0.08,-0.02,761,762,762,762,TAKEOFF,1
26.832,takeoff to 20 m,nan,19.268,-0.361,0.12,0.12,95.80,0.01,0.07,-0.01,761,762,762,762,TAKEOFF,1
26.852,takeoff to 20 m,nan,19.288,-0.350,0.12,0.12,95.80,0.04,0.08,-0.01,761,761,762,762,TAKEOFF,1
26.872,takeoff to 20 m,nan,19.288,-0.350,0.12,0.12,95.80,0.02,-0.04,0.00,761,761,762,762,TAKEOFF,1
26.892,takeoff to 20 m,nan,19.288,-0.350,0.12,0.12,95.81,0.00,0.07,-0.02,761,761,762,762,TAKEOFF,1
26.912,takeoff to 20 m,nan,19.306,-0.341,0.12,0.12,95.81,-0.03,0.08,-0.05,761,761,762,762,TAKEOFF,1
26.932,takeoff to 20 m,nan,19.306,-0.341,0.12,0.12,95.81,0.02,0.08,-0.02,761,761,762,762,TAKEOFF,1
26.952,takeoff to 20 m,nan,19.322,-0.332,0.12,0.12,95.81,0.04,0.04,-0.04,761,761,761,761,TAKEOFF,1
26.972,takeoff to 20 m,nan,19.322,-0.332,0.13,0.12,95.81,0.14,0.02,-0.11,761,761,761,761,TAKEOFF,1
26.992,takeoff to 20 m,nan,19.322,-0.332,0.13,0.12,95.81,0.12,-0.01,-0.05,761,761,761,761,TAKEOFF,1
27.012,takeoff to 20 m,nan,19.339,-0.323,0.13,0.12,95.81,0.09,0.09,-0.07,762,762,762,762,LOITER,1
27.032,takeoff to 20 m,nan,19.339,-0.323,0.13,0.13,95.80,0.13,0.09,-0.04,762,762,762,762,LOITER,1
27.052,takeoff to 20 m,nan,19.357,-0.312,0.13,0.13,95.80,0.16,0.02,-0.07,762,761,762,762,LOITER,1
27.072,takeoff to 20 m,nan,19.357,-0.312,0.13,0.13,95.80,0.04,-0.03,-0.07,762,761,762,762,LOITER,1
27.092,takeoff to 20 m,nan,19.357,-0.312,0.14,0.13,95.80,0.09,0.11,-0.08,762,761,762,762,LOITER,1
27.112,takeoff to 20 m,nan,19.373,-0.304,0.14,0.13,95.80,0.09,0.05,-0.12,762,762,762,762,LOITER,1
27.132,takeoff to 20 m,nan,19.373,-0.304,0.14,0.13,95.80,0.14,0.07,-0.09,762,762,762,762,LOITER,1
27.152,takeoff to 20 m,nan,19.388,-0.295,0.14,0.13,95.80,0.09,0.15,-0.09,762,762,762,763,LOITER,1
27.172,takeoff to 20 m,nan,19.388,-0.295,0.14,0.13,95.79,0.05,0.11,-0.11,762,762,762,763,LOITER,1
27.192,takeoff to 20 m,nan,19.388,-0.295,0.14,0.14,95.79,-0.01,0.10,-0.07,762,762,762,763,LOITER,1
27.212,takeoff to 20 m,nan,19.403,-0.287,0.14,0.14,95.79,0.00,0.05,-0.13,763,762,763,762,LOITER,1
27.232,takeoff to 20 m,nan,19.403,-0.287,0.14,0.14,95.79,0.06,0.11,-0.15,763,762,763,762,LOITER,1
27.252,takeoff to 20 m,nan,19.420,-0.278,0.14,0.14,95.78,0.08,0.09,-0.14,763,762,762,763,LOITER,1
27.272,takeoff to 20 m,nan,19.420,-0.278,0.14,0.14,95.78,-0.06,0.12,-0.09,763,762,762,763,LOITER,1
27.292,takeoff to 20 m,nan,19.420,-0.278,0.14,0.14,95.78,-0.07,0.09,-0.10,763,762,762,763,LOITER,1
27.312,takeoff to 20 m,nan,19.434,-0.270,0.14,0.15,95.78,-0.06,0.14,-0.11,762,763,762,762,LOITER,1
27.332,takeoff to 20 m,nan,19.434,-0.270,0.14,0.15,95.77,-0.07,0.07,-0.18,762,763,762,762,LOITER,1
27.356,takeoff to 20 m,nan,19.448,-0.262,0.14,0.15,95.77,-0.12,0.01,-0.03,762,762,762,762,LOITER,1
27.372,takeoff to 20 m,nan,19.448,-0.262,0.13,0.15,95.77,-0.17,0.04,-0.10,762,762,762,762,LOITER,1
27.392,takeoff to 20 m,nan,19.448,-0.262,0.13,0.15,95.77,-0.07,0.02,-0.12,762,762,762,762,LOITER,1
27.412,takeoff to 20 m,nan,19.462,-0.254,0.13,0.15,95.76,-0.12,-0.02,-0.13,763,763,763,763,LOITER,1
27.432,takeoff to 20 m,nan,19.462,-0.254,0.13,0.15,95.76,-0.09,-0.05,-0.10,763,763,763,763,LOITER,1
27.452,takeoff to 20 m,nan,19.477,-0.246,0.12,0.15,95.76,-0.11,0.01,-0.15,763,763,763,763,LOITER,1
27.472,takeoff to 20 m,nan,19.477,-0.246,0.12,0.15,95.76,-0.06,-0.02,-0.10,763,763,763,763,LOITER,1
27.492,takeoff to 20 m,nan,19.477,-0.246,0.12,0.15,95.76,-0.11,-0.00,-0.09,763,763,763,763,LOITER,1
27.512,takeoff to 20 m,nan,19.490,-0.239,0.12,0.15,95.76,-0.08,0.00,-0.13,763,763,763,762,LOITER,1
27.532,takeoff to 20 m,nan,19.490,-0.239,0.12,0.15,95.75,-0.09,0.00,-0.09,763,763,763,762,LOITER,1
27.552,takeoff to 20 m,nan,19.503,-0.231,0.11,0.15,95.75,-0.06,0.09,-0.12,763,764,763,763,LOITER,1
27.572,takeoff to 20 m,nan,19.503,-0.231,0.11,0.15,95.75,-0.04,0.01,-0.10,763,764,763,763,LOITER,1
27.592,takeoff to 20 m,nan,19.503,-0.231,0.11,0.15,95.75,0.03,-0.03,-0.08,763,764,763,763,LOITER,1
27.612,takeoff to 20 m,nan,19.515,-0.224,0.11,0.15,95.75,0.04,-0.00,-0.09,764,763,763,763,LOITER,1
27.632,takeoff to 20 m,nan,19.515,-0.224,0.11,0.15,95.75,-0.05,0.06,-0.09,764,763,763,763,LOITER,1
27.652,takeoff to 20 m,nan,19.529,-0.216,0.11,0.15,95.75,0.02,0.03,-0.08,764,764,763,763,LOITER,1
27.672,takeoff to 20 m,nan,19.529,-0.216,0.11,0.15,95.75,0.03,0.06,-0.07,764,764,763,763,LOITER,1
27.692,takeoff to 20 m,nan,19.529,-0.216,0.11,0.15,95.75,0.03,0.11,-0.08,764,764,763,763,LOITER,1
27.712,takeoff to 20 m,nan,19.540,-0.210,0.11,0.15,95.75,0.12,0.10,-0.02,763,764,763,763,LOITER,1
27.732,takeoff to 20 m,nan,19.540,-0.210,0.11,0.15,95.75,0.12,-0.03,-0.03,763,764,763,763,LOITER,1
27.752,takeoff to 20 m,nan,19.551,-0.203,0.11,0.15,95.75,0.22,-0.07,-0.04,764,763,763,763,LOITER,1
27.772,takeoff to 20 m,nan,19.551,-0.203,0.12,0.15,95.76,0.15,0.01,-0.03,764,763,763,763,LOITER,1
27.792,takeoff to 20 m,nan,19.551,-0.203,0.12,0.15,95.76,0.21,0.00,-0.03,764,763,763,763,LOITER,1
27.812,takeoff to 20 m,nan,19.562,-0.197,0.12,0.15,95.76,0.21,-0.02,-0.03,764,764,764,764,LOITER,1
27.832,takeoff to 20 m,nan,19.562,-0.197,0.13,0.15,95.76,0.19,-0.07,-0.03,764,764,764,764,LOITER,1
27.852,takeoff to 20 m,nan,19.574,-0.190,0.13,0.15,95.77,0.29,-0.10,0.04,764,764,764,764,LOITER,1
27.872,takeoff to 20 m,nan,19.574,-0.190,0.13,0.15,95.77,0.29,-0.15,-0.03,764,764,764,764,LOITER,1
27.892,takeoff to 20 m,nan,19.574,-0.190,0.14,0.14,95.78,0.21,-0.18,-0.03,764,764,764,764,LOITER,1
27.912,takeoff to 20 m,nan,19.583,-0.184,0.14,0.14,95.78,0.34,-0.14,-0.03,764,765,764,764,LOITER,1
27.932,takeoff to 20 m,nan,19.583,-0.184,0.15,0.14,95.78,0.25,-0.24,-0.02,764,765,764,764,LOITER,1
27.952,takeoff to 20 m,nan,19.593,-0.178,0.15,0.13,95.79,0.26,-0.37,-0.04,764,764,765,764,LOITER,1
27.972,takeoff to 20 m,nan,19.593,-0.178,0.16,0.12,95.79,0.30,-0.32,-0.00,764,764,765,764,LOITER,1
27.992,takeoff to 20 m,nan,19.593,-0.178,0.16,0.12,95.80,0.29,-0.36,-0.01,764,764,765,764,LOITER,1
28.012,takeoff to 20 m,nan,19.602,-0.173,0.17,0.11,95.80,0.29,-0.34,0.04,765,765,765,765,LOITER,1
28.032,takeoff to 20 m,nan,19.602,-0.173,0.17,0.11,95.81,0.31,-0.27,-0.05,765,765,765,765,LOITER,1
28.056,takeoff to 20 m,nan,19.611,-0.167,0.18,0.10,95.81,0.28,-0.45,-0.01,765,765,766,766,LOITER,1
28.072,takeoff to 20 m,nan,19.611,-0.167,0.18,0.09,95.82,0.29,-0.54,0.06,765,765,766,766,LOITER,1
28.092,takeoff to 20 m,nan,19.611,-0.167,0.19,0.08,95.82,0.28,-0.52,0.02,765,765,766,766,LOITER,1
28.112,takeoff to 20 m,nan,19.620,-0.162,0.19,0.07,95.83,0.15,-0.48,0.00,765,765,766,766,LOITER,1
28.132,takeoff to 20 m,nan,19.620,-0.162,0.20,0.06,95.83,0.22,-0.44,-0.06,765,765,766,766,LOITER,1
28.152,takeoff to 20 m,nan,19.627,-0.158,0.20,0.05,95.83,0.36,-0.59,-0.08,766,764,766,766,LOITER,1
28.172,takeoff to 20 m,nan,19.627,-0.158,0.21,0.04,95.84,0.28,-0.46,-0.05,766,764,766,766,LOITER,1
28.192,takeoff to 20 m,nan,19.627,-0.158,0.21,0.03,95.84,0.22,-0.53,-0.06,766,764,766,766,LOITER,1
28.212,takeoff to 20 m,nan,19.635,-0.154,0.21,0.02,95.85,0.12,-0.55,-0.07,766,766,767,767,LOITER,1
28.232,takeoff to 20 m,nan,19.635,-0.154,0.21,0.01,95.85,0.12,-0.51,-0.11,766,766,767,767,LOITER,1
28.252,takeoff to 20 m,nan,19.643,-0.150,0.21,0.00,95.85,0.09,-0.44,-0.13,765,766,766,767,LOITER,1
28.272,takeoff to 20 m,nan,19.643,-0.150,0.21,-0.01,95.85,0.06,-0.49,-0.13,765,766,766,767,LOITER,1
28.292,takeoff to 20 m,nan,19.643,-0.150,0.22,-0.01,95.85,0.08,-0.48,-0.13,765,766,766,767,LOITER,1
28.312,takeoff to 20 m,nan,19.650,-0.146,0.22,-0.02,95.86,0.01,-0.49,-0.12,766,766,767,767,LOITER,1
28.332,takeoff to 20 m,nan,19.650,-0.146,0.22,-0.03,95.86,0.04,-0.46,-0.15,766,766,767,767,LOITER,1
28.352,takeoff to 20 m,nan,19.657,-0.143,0.22,-0.04,95.86,0.02,-0.50,-0.15,766,766,767,767,LOITER,1
28.372,takeoff to 20 m,nan,19.657,-0.143,0.22,-0.05,95.86,0.06,-0.36,-0.19,766,766,767,767,LOITER,1
28.392,takeoff to 20 m,nan,19.657,-0.143,0.22,-0.06,95.86,-0.03,-0.44,-0.16,766,766,767,767,LOITER,1
28.412,takeoff to 20 m,nan,19.663,-0.140,0.22,-0.06,95.85,-0.06,-0.45,-0.25,767,766,768,767,LOITER,1
28.432,takeoff to 20 m,nan,19.663,-0.140,0.21,-0.07,95.85,-0.04,-0.43,-0.20,767,766,768,767,LOITER,1
28.452,takeoff to 20 m,nan,19.671,-0.136,0.21,-0.08,95.85,-0.10,-0.43,-0.17,767,766,767,767,LOITER,1
28.472,takeoff to 20 m,nan,19.671,-0.136,0.21,-0.09,95.85,-0.12,-0.41,-0.23,767,766,767,767,LOITER,1
28.492,takeoff to 20 m,nan,19.671,-0.136,0.21,-0.10,95.85,-0.14,-0.46,-0.15,767,766,767,767,LOITER,1
28.512,takeoff to 20 m,nan,19.677,-0.134,0.20,-0.10,95.84,-0.13,-0.35,-0.20,767,766,767,767,LOITER,1
28.532,takeoff to 20 m,nan,19.677,-0.134,0.20,-0.11,95.84,-0.20,-0.40,-0.19,767,766,767,767,LOITER,1
28.552,takeoff to 20 m,nan,19.683,-0.131,0.20,-0.12,95.83,-0.29,-0.37,-0.25,766,766,767,767,LOITER,1
28.572,takeoff to 20 m,nan,19.683,-0.131,0.19,-0.12,95.83,-0.35,-0.30,-0.21,766,766,767,767,LOITER,1
28.592,takeoff to 20 m,nan,19.683,-0.131,0.18,-0.13,95.83,-0.35,-0.28,-0.22,766,766,767,767,LOITER,1
28.612,takeoff to 20 m,nan,19.690,-0.128,0.18,-0.14,95.82,-0.26,-0.33,-0.21,767,767,768,767,LOITER,1
28.632,takeoff to 20 m,nan,19.690,-0.128,0.17,-0.14,95.82,-0.31,-0.22,-0.21,767,767,768,767,LOITER,1
28.652,takeoff to 20 m,nan,19.697,-0.125,0.17,-0.15,95.81,-0.33,-0.25,-0.25,767,767,767,767,LOITER,1
28.672,takeoff to 20 m,nan,19.697,-0.125,0.16,-0.15,95.81,-0.37,-0.25,-0.29,767,767,767,767,LOITER,1
28.692,takeoff to 20 m,nan,19.697,-0.125,0.15,-0.15,95.80,-0.34,-0.13,-0.30,767,767,767,767,LOITER,1
28.712,takeoff to 20 m,nan,19.703,-0.123,0.15,-0.16,95.80,-0.33,-0.16,-0.24,767,767,766,767,LOITER,1
28.732,takeoff to 20 m,nan,19.703,-0.123,0.14,-0.16,95.79,-0.44,-0.06,-0.29,767,767,766,767,LOITER,1
28.752,takeoff to 20 m,nan,19.709,-0.120,0.13,-0.16,95.79,-0.48,-0.08,-0.20,767,767,767,766,LOITER,1
28.772,takeoff to 20 m,nan,19.709,-0.120,0.12,-0.16,95.78,-0.55,-0.17,-0.20,767,767,767,766,LOITER,1
28.792,takeoff to 20 m,nan,19.709,-0.120,0.11,-0.17,95.78,-0.49,-0.12,-0.20,767,767,767,766,LOITER,1
28.812,takeoff to 20 m,nan,19.715,-0.117,0.10,-0.17,95.78,-0.52,-0.15,-0.20,767,768,767,767,LOITER,1
28.832,takeoff to 20 m,nan,19.715,-0.117,0.09,-0.17,95.77,-0.43,-0.10,-0.22,767,768,767,767,LOITER,1
28.852,takeoff to 20 m,nan,19.722,-0.115,0.08,-0.17,95.77,-0.46,-0.07,-0.22,767,767,766,766,LOITER,1
28.872,takeoff to 20 m,nan,19.722,-0.115,0.07,-0.17,95.76,-0.53,-0.01,-0.22,767,767,766,766,LOITER,1
28.892,takeoff to 20 m,nan,19.722,-0.115,0.06,-0.17,95.76,-0.49,-0.01,-0.20,767,767,766,766,LOITER,1
28.912,takeoff to 20 m,nan,19.728,-0.112,0.05,-0.17,95.76,-0.51,0.10,-0.17,767,766,766,766,LOITER,1
28.932,takeoff to 20 m,nan,19.728,-0.112,0.04,-0.17,95.75,-0.56,0.06,-0.15,767,766,766,766,LOITER,1
28.952,takeoff to 20 m,nan,19.734,-0.109,0.03,-0.17,95.75,-0.56,0.10,-0.20,766,767,766,766,LOITER,1
28.972,takeoff to 20 m,nan,19.734,-0.109,0.02,-0.17,95.75,-0.66,0.10,-0.10,766,767,766,766,LOITER,1
28.992,takeoff to 20 m,nan,19.734,-0.109,0.01,-0.17,95.75,-0.67,0.04,-0.16,766,767,766,766,LOITER,1
29.012,takeoff to 20 m,nan,19.740,-0.106,-0.00,-0.16,95.74,-0.65,0.07,-0.11,767,767,767,766,LOITER,1
29.032,takeoff to 20 m,nan,19.740,-0.106,-0.02,-0.16,95.74,-0.67,0.17,-0.12,767,767,767,766,LOITER,1
29.052,takeoff to 20 m,nan,19.746,-0.103,-0.03,-0.16,95.74,-0.65,0.21,-0.10,767,767,766,766,LOITER,1
29.072,takeoff to 20 m,nan,19.746,-0.103,-0.04,-0.16,95.73,-0.56,0.18,-0.10,767,767,766,766,LOITER,1
29.092,takeoff to 20 m,nan,19.746,-0.103,-0.05,-0.15,95.73,-0.65,0.22,-0.15,767,767,766,766,LOITER,1
29.112,takeoff to 20 m,nan,19.751,-0.100,-0.06,-0.15,95.73,-0.64,0.23,-0.05,767,767,766,766,LOITER,1
29.132,takeoff to 20 m,nan,19.751,-0.100,-0.08,-0.14,95.73,-0.73,0.36,-0.08,767,767,766,766,LOITER,1
29.152,takeoff to 20 m,nan,19.756,-0.097,-0.09,-0.13,95.72,-0.86,0.35,-0.01,766,767,766,765,LOITER,1
29.172,takeoff to 20 m,nan,19.756,-0.097,-0.11,-0.13,95.72,-0.78,0.31,0.00,766,767,766,765,LOITER,1
29.192,takeoff to 20 m,nan,19.756,-0.097,-0.12,-0.12,95.72,-0.74,0.31,-0.05,766,767,766,765,LOITER,1
29.212,takeoff to 20 m,nan,19.761,-0.094,-0.14,-0.12,95.72,-0.71,0.27,-0.02,768,767,767,766,LOITER,1
29.232,takeoff to 20 m,nan,19.761,-0.094,-0.15,-0.11,95.72,-0.77,0.33,-0.05,768,767,767,766,LOITER,1
29.252,takeoff to 20 m,nan,19.767,-0.091,-0.16,-0.11,95.72,-0.72,0.32,-0.04,767,767,766,766,LOITER,1
29.272,takeoff to 20 m,nan,19.767,-0.091,-0.18,-0.10,95.72,-0.76,0.34,-0.02,767,767,766,766,LOITER,1
29.292,takeoff to 20 m,nan,19.767,-0.091,-0.19,-0.09,95.72,-0.73,0.29,0.02,767,767,766,766,LOITER,1
29.312,takeoff to 20 m,nan,19.771,-0.088,-0.21,-0.09,95.72,-0.71,0.31,0.02,767,767,767,766,LOITER,1
29.332,takeoff to 20 m,nan,19.771,-0.088,-0.22,-0.08,95.72,-0.68,0.32,-0.01,767,767,767,766,LOITER,1
29.352,takeoff to 20 m,nan,19.776,-0.086,-0.23,-0.07,95.72,-0.69,0.30,0.01,767,767,767,766,LOITER,1
29.372,takeoff to 20 m,nan,19.776,-0.086,-0.24,-0.07,95.72,-0.68,0.34,0.04,767,767,767,766,LOITER,1
29.392,takeoff to 20 m,nan,19.776,-0.086,-0.26,-0.06,95.72,-0.63,0.39,0.03,767,767,767,766,LOITER,1
29.412,takeoff to 20 m,nan,19.781,-0.083,-0.27,-0.05,95.73,-0.61,0.38,0.07,767,768,767,768,LOITER,1
29.432,takeoff to 20 m,nan,19.781,-0.083,-0.28,-0.04,95.73,-0.66,0.31,0.04,767,768,767,768,LOITER,1
29.452,takeoff to 20 m,nan,19.786,-0.081,-0.29,-0.04,95.73,-0.62,0.35,0.06,767,767,767,767,LOITER,1
29.472,takeoff to 20 m,nan,19.786,-0.081,-0.30,-0.03,95.73,-0.56,0.29,0.06,767,767,767,767,LOITER,1
29.492,takeoff to 20 m,nan,19.786,-0.081,-0.31,-0.03,95.73,-0.45,0.28,0.07,767,767,767,767,LOITER,1
29.512,takeoff to 20 m,nan,19.791,-0.079,-0.32,-0.02,95.74,-0.53,0.28,0.05,767,767,767,766,LOITER,1
29.532,takeoff to 20 m,nan,19.791,-0.079,-0.33,-0.02,95.74,-0.43,0.28,0.08,767,767,767,766,LOITER,1
29.552,takeoff to 20 m,nan,19.795,-0.076,-0.34,-0.01,95.74,-0.40,0.12,0.06,768,767,768,767,LOITER,1
29.572,takeoff to 20 m,nan,19.795,-0.076,-0.34,-0.01,95.74,-0.30,0.22,0.06,768,767,768,767,LOITER,1
29.592,takeoff to 20 m,nan,19.795,-0.076,-0.35,-0.00,95.74,-0.36,0.29,0.03,768,767,768,767,LOITER,1
29.612,takeoff to 20 m,nan,19.800,-0.074,-0.36,0.00,95.74,-0.40,0.20,0.13,767,768,767,767,LOITER,1
29.632,takeoff to 20 m,nan,19.800,-0.074,-0.37,0.00,95.75,-0.33,0.18,0.08,767,768,767,767,LOITER,1
29.652,takeoff to 20 m,nan,19.805,-0.071,-0.37,0.01,95.75,-0.32,0.25,0.09,766,766,766,766,LOITER,1
29.672,takeoff to 20 m,nan,19.805,-0.071,-0.38,0.01,95.75,-0.26,0.15,0.05,766,766,766,766,LOITER,1
29.692,takeoff to 20 m,nan,19.805,-0.071,-0.38,0.02,95.75,-0.34,0.24,0.06,766,766,766,766,LOITER,1
29.712,takeoff to 20 m,nan,19.809,-0.069,-0.39,0.02,95.75,-0.26,0.30,0.13,766,766,767,766,LOITER,1
29.732,takeoff to 20 m,nan,19.809,-0.069,-0.39,0.03,95.75,-0.23,0.25,0.11,766,766,767,766,LOITER,1
29.752,takeoff to 20 m,nan,19.813,-0.066,-0.39,0.03,95.75,-0.12,0.21,0.11,766,766,767,766,LOITER,1
29.772,takeoff to 20 m,nan,19.813,-0.066,-0.40,0.04,95.75,-0.11,0.28,0.10,766,766,767,766,LOITER,1
29.792,takeoff to 20 m,nan,19.813,-0.066,-0.40,0.04,95.75,-0.12,0.30,0.07,766,766,767,766,LOITER,1
29.812,takeoff to 20 m,nan,19.817,-0.064,-0.40,0.05,95.75,-0.04,0.18,0.07,767,767,768,767,LOITER,1
29.832,takeoff to 20 m,nan,19.817,-0.064,-0.40,0.05,95.75,0.01,0.28,0.06,767,767,768,767,LOITER,1
29.852,takeoff to 20 m,nan,19.822,-0.061,-0.40,0.06,95.75,0.02,0.23,0.04,766,766,767,767,LOITER,1
29.872,takeoff to 20 m,nan,19.822,-0.061,-0.40,0.06,95.75,0.01,0.29,0.02,766,766,767,767,LOITER,1
29.892,takeoff to 20 m,nan,19.822,-0.061,-0.40,0.07,95.75,0.04,0.30,0.10,766,766,767,767,LOITER,1
29.912,takeoff to 20 m,nan,19.826,-0.059,-0.40,0.07,95.75,0.08,0.26,0.06,766,766,766,766,LOITER,1
29.932,takeoff to 20 m,nan,19.826,-0.059,-0.39,0.08,95.75,0.13,0.23,0.03,766,766,766,766,LOITER,1
29.952,takeoff to 20 m,nan,19.830,-0.057,-0.39,0.08,95.75,0.12,0.06,0.06,766,766,767,766,LOITER,1
29.972,takeoff to 20 m,nan,19.830,-0.057,-0.39,0.08,95.74,0.20,0.17,0.01,766,766,767,766,LOITER,1
29.992,takeoff to 20 m,nan,19.830,-0.057,-0.38,0.08,95.74,0.28,0.18,0.05,766,766,767,766,LOITER,1
30.012,takeoff to 20 m,nan,19.834,-0.054,-0.38,0.09,95.74,0.28,0.15,0.06,767,768,767,768,LOITER,1
30.032,takeoff to 20 m,nan,19.834,-0.054,-0.37,0.09,95.73,0.31,0.04,0.04,767,768,767,768,LOITER,1
30.052,takeoff to 20 m,nan,19.838,-0.051,-0.37,0.09,95.73,0.26,0.04,0.02,766,766,766,766,LOITER,1
30.072,takeoff to 20 m,nan,19.838,-0.051,-0.36,0.09,95.72,0.30,0.14,-0.01,766,766,766,766,LOITER,1
30.092,takeoff to 20 m,nan,19.838,-0.051,-0.35,0.10,95.72,0.37,0.09,0.07,766,766,766,766,LOITER,1
30.112,takeoff to 20 m,nan,19.842,-0.049,-0.35,0.10,95.71,0.35,-0.00,0.02,766,766,766,766,LOITER,1
30.132,takeoff to 20 m,nan,19.842,-0.049,-0.34,0.10,95.70,0.41,-0.12,0.09,766,766,766,766,LOITER,1
30.152,takeoff to 20 m,nan,19.845,-0.047,-0.33,0.09,95.70,0.38,-0.09,0.05,766,767,766,766,LOITER,1
30.172,takeoff to 20 m,nan,19.845,-0.047,-0.32,0.09,95.69,0.38,-0.14,0.07,766,767,766,766,LOITER,1
30.192,takeoff to 20 m,nan,19.845,-0.047,-0.32,0.09,95.68,0.38,-0.15,0.06,766,767,766,766,LOITER,1
30.212,takeoff to 20 m,nan,19.847,-0.044,-0.31,0.09,95.67,0.41,-0.20,0.04,768,768,768,768,LOITER,1
30.232,takeoff to 20 m,nan,19.847,-0.044,-0.30,0.08,95.66,0.38,-0.23,0.05,768,768,768,768,LOITER,1
30.252,takeoff to 20 m,nan,19.850,-0.042,-0.29,0.08,95.66,0.41,-0.28,0.08,767,767,766,767,LOITER,1
30.272,takeoff to 20 m,nan,19.850,-0.042,-0.28,0.08,95.65,0.34,-0.30,0.02,767,767,766,767,LOITER,1
30.292,takeoff to 20 m,nan,19.850,-0.042,-0.28,0.07,95.64,0.36,-0.38,0.06,767,767,766,767,LOITER,1
30.312,takeoff to 20 m,nan,19.852,-0.040,-0.27,0.06,95.63,0.31,-0.38,0.12,768,767,766,767,LOITER,1
30.332,takeoff to 20 m,nan,19.852,-0.040,-0.26,0.06,95.62,0.29,-0.45,0.06,768,767,766,767,LOITER,1
30.352,takeoff to 20 m,nan,19.854,-0.039,-0.26,0.05,95.62,0.26,-0.44,0.12,768,768,766,767,LOITER,1
30.372,takeoff to 20 m,nan,19.854,-0.039,-0.25,0.04,95.61,0.28,-0.49,0.14,768,768,766,767,LOITER,1
30.392,takeoff to 20 m,nan,19.854,-0.039,-0.24,0.03,95.60,0.35,-0.57,0.13,768,768,766,767,LOITER,1
30.412,takeoff to 20 m,nan,19.856,-0.037,-0.24,0.02,95.59,0.31,-0.54,0.16,770,770,768,768,LOITER,1
30.432,takeoff to 20 m,nan,19.856,-0.037,-0.23,0.01,95.59,0.37,-0.62,0.17,770,770,768,768,LOITER,1
30.452,takeoff to 20 m,nan,19.858,-0.036,-0.22,-0.00,95.58,0.27,-0.61,0.13,769,769,767,767,LOITER,1
30.472,takeoff to 20 m,nan,19.858,-0.036,-0.21,-0.01,95.57,0.38,-0.55,0.19,769,769,767,767,LOITER,1
30.492,takeoff to 20 m,nan,19.858,-0.036,-0.21,-0.02,95.56,0.28,-0.61,0.21,769,769,767,767,LOITER,1
30.512,takeoff to 20 m,nan,19.859,-0.035,-0.20,-0.04,95.55,0.25,-0.57,0.25,769,769,767,767,LOITER,1
30.532,takeoff to 20 m,nan,19.859,-0.035,-0.20,-0.05,95.55,0.23,-0.63,0.29,769,769,767,767,LOITER,1
30.552,takeoff to 20 m,nan,19.861,-0.035,-0.19,-0.06,95.54,0.10,-0.73,0.29,771,770,769,768,LOITER,1
30.572,takeoff to 20 m,nan,19.861,-0.035,-0.19,-0.07,95.53,0.14,-0.69,0.31,771,770,769,768,LOITER,1
30.592,takeoff to 20 m,nan,19.861,-0.035,-0.19,-0.08,95.53,0.19,-0.50,0.39,771,770,769,768,LOITER,1
30.612,takeoff to 20 m,nan,19.862,-0.034,-0.18,-0.09,95.52,0.13,-0.59,0.38,770,771,768,769,LOITER,1
30.632,takeoff to 20 m,nan,19.862,-0.034,-0.18,-0.10,95.52,0.20,-0.74,0.35,770,771,768,769,LOITER,1
30.652,takeoff to 20 m,nan,19.864,-0.034,-0.17,-0.12,95.51,0.21,-0.65,0.41,770,769,768,768,LOITER,1
30.672,takeoff to 20 m,nan,19.864,-0.034,-0.17,-0.13,95.51,0.21,-0.61,0.42,770,769,768,768,LOITER,1
30.692,takeoff to 20 m,nan,19.864,-0.034,-0.17,-0.14,95.51,0.09,-0.51,0.44,770,769,768,768,LOITER,1
30.712,takeoff to 20 m,nan,19.865,-0.033,-0.17,-0.15,95.51,0.09,-0.57,0.42,769,770,768,767,LOITER,1
30.732,takeoff to 20 m,nan,19.865,-0.033,-0.16,-0.16,95.51,0.16,-0.53,0.46,769,770,768,767,LOITER,1
30.752,takeoff to 20 m,nan,19.867,-0.033,-0.16,-0.17,95.51,0.20,-0.45,0.47,769,769,767,768,LOITER,1
30.772,takeoff to 20 m,nan,19.867,-0.033,-0.16,-0.17,95.51,0.18,-0.42,0.49,769,769,767,768,LOITER,1
30.792,takeoff to 20 m,nan,19.867,-0.033,-0.15,-0.18,95.52,0.24,-0.39,0.53,769,769,767,768,LOITER,1
30.812,takeoff to 20 m,nan,19.868,-0.033,-0.15,-0.19,95.52,0.22,-0.39,0.52,770,770,769,769,LOITER,1
30.832,takeoff to 20 m,nan,19.868,-0.033,-0.14,-0.20,95.52,0.26,-0.39,0.49,770,770,769,769,LOITER,1
30.852,takeoff to 20 m,nan,19.870,-0.033,-0.14,-0.20,95.52,0.30,-0.41,0.56,770,769,768,768,LOITER,1
30.872,takeoff to 20 m,nan,19.870,-0.033,-0.13,-0.21,95.53,0.34,-0.36,0.57,770,769,768,768,LOITER,1
30.892,takeoff to 20 m,nan,19.870,-0.033,-0.12,-0.22,95.53,0.40,-0.33,0.56,770,769,768,768,LOITER,1
30.912,takeoff to 20 m,nan,19.871,-0.032,-0.11,-0.22,95.54,0.38,-0.34,0.62,769,769,768,768,LOITER,1
30.932,takeoff to 20 m,nan,19.871,-0.032,-0.11,-0.23,95.54,0.34,-0.36,0.55,769,769,768,768,LOITER,1
30.952,takeoff to 20 m,nan,19.873,-0.032,-0.10,-0.23,95.54,0.46,-0.28,0.55,769,769,768,768,LOITER,1
30.972,takeoff to 20 m,nan,19.873,-0.032,-0.09,-0.24,95.55,0.49,-0.25,0.60,769,769,768,768,LOITER,1
30.992,takeoff to 20 m,nan,19.873,-0.032,-0.08,-0.24,95.56,0.47,-0.19,0.60,769,769,768,768,LOITER,1
31.012,takeoff to 20 m,nan,19.874,-0.032,-0.07,-0.24,95.56,0.55,-0.13,0.61,770,770,769,769,LOITER,1
31.032,takeoff to 20 m,nan,19.874,-0.032,-0.06,-0.25,95.57,0.52,-0.13,0.62,770,770,769,769,LOITER,1
31.052,takeoff to 20 m,nan,19.876,-0.032,-0.05,-0.25,95.58,0.51,-0.14,0.61,769,769,768,768,LOITER,1
31.072,takeoff to 20 m,nan,19.876,-0.032,-0.04,-0.25,95.59,0.55,-0.15,0.61,769,769,768,768,LOITER,1
31.092,takeoff to 20 m,nan,19.876,-0.032,-0.03,-0.25,95.60,0.45,-0.11,0.61,769,769,768,768,LOITER,1
31.112,takeoff to 20 m,nan,19.878,-0.032,-0.03,-0.26,95.61,0.44,-0.06,0.63,768,768,769,768,LOITER,1
31.132,takeoff to 20 m,nan,19.878,-0.032,-0.02,-0.26,95.62,0.55,0.00,0.60,768,768,769,768,LOITER,1
31.152,takeoff to 20 m,nan,19.879,-0.031,-0.01,-0.25,95.63,0.49,0.10,0.60,768,769,769,769,LOITER,1
31.172,takeoff to 20 m,nan,19.879,-0.031,0.00,-0.25,95.64,0.47,0.06,0.64,768,769,769,769,LOITER,1
31.192,takeoff to 20 m,nan,19.879,-0.031,0.01,-0.25,95.65,0.57,0.07,0.60,768,769,769,769,LOITER,1
31.212,takeoff to 20 m,nan,19.881,-0.031,0.02,-0.25,95.66,0.51,0.10,0.56,769,768,769,769,LOITER,1
31.232,takeoff to 20 m,nan,19.881,-0.031,0.03,-0.24,95.67,0.54,0.16,0.61,769,768,769,769,LOITER,1
31.252,takeoff to 20 m,nan,19.883,-0.030,0.04,-0.24,95.67,0.42,0.21,0.55,767,768,768,769,LOITER,1
31.272,takeoff to 20 m,nan,19.883,-0.030,0.05,-0.24,95.68,0.55,0.18,0.55,767,768,768,769,LOITER,1
31.292,takeoff to 20 m,nan,19.883,-0.030,0.06,-0.23,95.69,0.45,0.13,0.53,767,768,768,769,LOITER,1
31.312,takeoff to 20 m,nan,19.885,-0.029,0.07,-0.23,95.70,0.53,0.18,0.47,768,768,769,769,LOITER,1
31.332,takeoff to 20 m,nan,19.885,-0.029,0.08,-0.23,95.70,0.41,0.08,0.49,768,768,769,769,LOITER,1
31.352,takeoff to 20 m,nan,19.886,-0.028,0.09,-0.22,95.71,0.36,0.10,0.50,768,767,769,769,LOITER,1
31.372,takeoff to 20 m,nan,19.886,-0.028,0.10,-0.22,95.72,0.27,0.16,0.42,768,767,769,769,LOITER,1
31.392,takeoff to 20 m,nan,19.886,-0.028,0.10,-0.22,95.72,0.34,0.13,0.40,768,767,769,769,LOITER,1
31.412,takeoff to 20 m,nan,19.887,-0.028,0.11,-0.21,95.73,0.32,0.16,0.38,768,768,769,770,LOITER,1
31.432,takeoff to 20 m,nan,19.887,-0.028,0.11,-0.21,95.73,0.30,0.07,0.42,768,768,769,770,LOITER,1
31.452,takeoff to 20 m,nan,19.889,-0.027,0.12,-0.21,95.74,0.25,0.15,0.37,768,768,769,770,LOITER,1
31.472,takeoff to 20 m,nan,19.889,-0.027,0.12,-0.20,95.74,0.23,0.20,0.37,768,768,769,770,LOITER,1
31.492,takeoff to 20 m,nan,19.889,-0.027,0.13,-0.20,95.75,0.26,0.13,0.36,768,768,769,770,LOITER,1
31.512,takeoff to 20 m,nan,19.890,-0.026,0.13,-0.20,95.76,0.21,0.22,0.32,768,767,769,769,LOITER,1
31.532,takeoff to 20 m,nan,19.890,-0.026,0.13,-0.19,95.76,0.08,0.14,0.29,768,767,769,769,LOITER,1
31.552,takeoff to 20 m,nan,19.892,-0.026,0.14,-0.19,95.77,0.16,0.21,0.35,768,768,769,769,LOITER,1
31.572,takeoff to 20 m,nan,19.892,-0.026,0.14,-0.19,95.78,0.21,0.25,0.29,768,768,769,769,LOITER,1
31.592,takeoff to 20 m,nan,19.892,-0.026,0.14,-0.18,95.78,0.18,0.29,0.23,768,768,769,769,LOITER,1
31.612,takeoff to 20 m,nan,19.893,-0.026,0.15,-0.17,95.79,0.17,0.30,0.24,768,767,769,769,LOITER,1
31.632,takeoff to 20 m,nan,19.893,-0.026,0.15,-0.17,95.80,0.08,0.26,0.21,768,767,769,769,LOITER,1
31.652,takeoff to 20 m,nan,19.895,-0.025,0.15,-0.16,95.81,0.10,0.37,0.22,767,767,769,769,LOITER,1
31.672,takeoff to 20 m,nan,19.895,-0.025,0.15,-0.15,95.81,0.09,0.39,0.18,767,767,769,769,LOITER,1
31.692,takeoff to 20 m,nan,19.895,-0.025,0.16,-0.15,95.82,0.13,0.39,0.19,767,767,769,769,LOITER,1
31.712,takeoff to 20 m,nan,19.897,-0.024,0.16,-0.14,95.83,0.09,0.50,0.13,767,767,769,769,LOITER,1
31.732,takeoff to 20 m,nan,19.897,-0.024,0.16,-0.13,95.84,0.06,0.46,0.15,767,767,769,769,LOITER,1
31.752,takeoff to 20 m,nan,19.899,-0.023,0.16,-0.12,95.85,0.12,0.51,0.12,767,767,769,769,LOITER,1
31.772,takeoff to 20 m,nan,19.899,-0.023,0.16,-0.11,95.86,0.13,0.50,0.12,767,767,769,769,LOITER,1
31.792,takeoff to 20 m,nan,19.899,-0.023,0.17,-0.10,95.87,0.16,0.57,0.04,767,767,769,769,LOITER,1
31.812,takeoff to 20 m,nan,19.901,-0.021,0.17,-0.09,95.88,0.12,0.56,0.05,767,767,769,769,LOITER,1
31.832,takeoff to 20 m,nan,19.901,-0.021,0.17,-0.08,95.89,0.09,0.54,-0.00,767,767,769,769,LOITER,1
31.852,takeoff to 20 m,nan,19.903,-0.020,0.17,-0.07,95.90,0.07,0.63,0.06,767,767,769,769,LOITER,1
31.872,takeoff to 20 m,nan,19.903,-0.020,0.17,-0.06,95.90,0.05,0.61,-0.07,767,767,769,769,LOITER,1
31.892,takeoff to 20 m,nan,19.903,-0.020,0.18,-0.04,95.91,0.08,0.65,-0.06,767,767,769,769,LOITER,1
31.912,takeoff to 20 m,nan,19.905,-0.019,0.18,-0.03,95.92,0.08,0.61,-0.06,767,767,769,769,LOITER,1
31.932,takeoff to 20 m,nan,19.905,-0.019,0.18,-0.02,95.92,0.03,0.74,-0.09,767,767,769,769,LOITER,1
31.952,takeoff to 20 m,nan,19.906,-0.018,0.18,-0.01,95.92,0.03,0.70,-0.09,767,767,769,769,LOITER,1
31.972,takeoff to 20 m,nan,19.906,-0.018,0.18,0.01,95.93,-0.04,0.71,-0.15,767,767,769,769,LOITER,1
31.992,takeoff to 20 m,nan,19.906,-0.018,0.18,0.02,95.93,-0.01,0.72,-0.16,767,767,769,769,LOITER,1
32.012,takeoff to 20 m,nan,19.908,-0.016,0.18,0.03,95.93,-0.00,0.82,-0.18,767,767,769,770,LOITER,1
32.032,takeoff to 20 m,nan,19.908,-0.016,0.18,0.05,95.93,-0.10,0.70,-0.23,767,767,769,770,LOITER,1
32.052,takeoff to 20 m,nan,19.909,-0.015,0.17,0.06,95.93,-0.11,0.68,-0.21,767,767,770,769,LOITER,1
32.072,takeoff to 20 m,nan,19.909,-0.015,0.17,0.07,95.92,-0.15,0.74,-0.28,767,767,770,769,LOITER,1
32.092,takeoff to 20 m,nan,19.909,-0.015,0.17,0.09,95.92,-0.12,0.80,-0.28,767,767,770,769,LOITER,1
32.112,takeoff to 20 m,nan,19.911,-0.013,0.17,0.10,95.92,-0.04,0.69,-0.31,767,768,769,769,LOITER,1
32.132,takeoff to 20 m,nan,19.911,-0.013,0.17,0.12,95.91,-0.05,0.77,-0.30,767,768,769,769,LOITER,1
32.152,takeoff to 20 m,nan,19.912,-0.013,0.17,0.13,95.91,0.07,0.82,-0.36,768,768,769,770,LOITER,1
32.172,takeoff to 20 m,nan,19.912,-0.013,0.16,0.15,95.90,0.00,0.83,-0.36,768,768,769,770,LOITER,1
32.192,takeoff to 20 m,nan,19.912,-0.013,0.16,0.16,95.90,-0.04,0.80,-0.30,768,768,769,770,LOITER,1
32.212,takeoff to 20 m,nan,19.913,-0.012,0.16,0.18,95.89,-0.11,0.76,-0.36,768,768,769,769,LOITER,1
32.232,takeoff to 20 m,nan,19.913,-0.012,0.16,0.19,95.89,-0.08,0.80,-0.36,768,768,769,769,LOITER,1
32.252,takeoff to 20 m,nan,19.914,-0.011,0.16,0.21,95.88,-0.11,0.84,-0.38,768,768,769,769,LOITER,1
32.272,takeoff to 20 m,nan,19.914,-0.011,0.15,0.22,95.88,-0.10,0.82,-0.42,768,768,769,769,LOITER,1
32.292,takeoff to 20 m,nan,19.914,-0.011,0.15,0.24,95.87,-0.09,0.87,-0.36,768,768,769,769,LOITER,1
32.312,takeoff to 20 m,nan,19.916,-0.010,0.15,0.25,95.87,-0.18,0.82,-0.40,768,768,768,769,LOITER,1
32.332,takeoff to 20 m,nan,19.916,-0.010,0.14,0.27,95.86,-0.29,0.80,-0.39,768,768,768,769,LOITER,1
32.352,takeoff to 20 m,nan,19.917,-0.010,0.14,0.28,95.86,-0.18,0.72,-0.38,768,768,768,769,LOITER,1
32.372,takeoff to 20 m,nan,19.917,-0.010,0.14,0.30,95.85,-0.13,0.66,-0.44,768,768,768,769,LOITER,1
32.392,takeoff to 20 m,nan,19.917,-0.010,0.13,0.31,95.84,-0.13,0.61,-0.39,768,768,768,769,LOITER,1
32.412,takeoff to 20 m,nan,19.918,-0.009,0.13,0.32,95.84,-0.15,0.68,-0.41,769,768,769,768,LOITER,1
32.432,takeoff to 20 m,nan,19.918,-0.009,0.13,0.33,95.83,-0.03,0.70,-0.33,769,768,769,768,LOITER,1
32.452,takeoff to 20 m,nan,19.919,-0.008,0.13,0.34,95.82,-0.10,0.58,-0.36,769,768,768,768,LOITER,1
32.472,takeoff to 20 m,nan,19.919,-0.008,0.13,0.35,95.82,-0.16,0.57,-0.45,769,768,768,768,LOITER,1
32.492,takeoff to 20 m,nan,19.919,-0.008,0.12,0.37,95.81,-0.18,0.66,-0.35,769,768,768,768,LOITER,1
32.512,takeoff to 20 m,nan,19.919,-0.008,0.12,0.38,95.80,-0.14,0.51,-0.37,769,769,768,768,LOITER,1
32.532,takeoff to 20 m,nan,19.919,-0.008,0.12,0.39,95.79,-0.10,0.59,-0.32,769,769,768,768,LOITER,1
32.552,takeoff to 20 m,nan,19.920,-0.007,0.11,0.40,95.78,-0.14,0.59,-0.27,769,769,768,768,LOITER,1
32.572,takeoff to 20 m,nan,19.920,-0.007,0.11,0.41,95.77,-0.16,0.50,-0.33,769,769,768,768,LOITER,1
32.592,takeoff to 20 m,nan,19.920,-0.007,0.10,0.42,95.77,-0.17,0.57,-0.29,769,769,768,768,LOITER,1
32.612,takeoff to 20 m,nan,19.921,-0.007,0.10,0.43,95.76,-0.12,0.58,-0.33,768,770,768,769,LOITER,1
32.632,takeoff to 20 m,nan,19.921,-0.007,0.10,0.44,95.75,-0.10,0.40,-0.29,768,770,768,769,LOITER,1
32.652,takeoff to 20 m,nan,19.921,-0.006,0.10,0.44,95.74,0.00,0.35,-0.30,769,769,768,768,LOITER,1
32.672,takeoff to 20 m,nan,19.921,-0.006,0.10,0.45,95.73,0.08,0.28,-0.25,769,769,768,768,LOITER,1
32.672,hover 20 m settled,nan,19.921,-0.006,0.10,0.45,95.73,0.08,0.28,-0.25,769,769,768,768,LOITER,1
32.672,motor 1 at 100 %,1.0,19.921,-0.006,0.10,0.45,95.73,0.08,0.28,-0.25,769,769,768,768,LOITER,1
32.692,motor 1 at 100 %,1.0,19.921,-0.006,0.10,0.45,95.72,0.06,0.18,-0.26,769,769,768,768,LOITER,1
32.712,motor 1 at 100 %,1.0,19.922,-0.006,0.10,0.46,95.72,0.18,0.18,-0.26,770,769,768,768,LOITER,1
32.732,motor 1 at 100 %,1.0,19.922,-0.006,0.10,0.46,95.71,0.18,0.19,-0.26,770,769,768,768,LOITER,1
32.752,motor 1 at 100 %,1.0,19.922,-0.006,0.11,0.46,95.70,0.20,0.11,-0.23,769,770,768,768,LOITER,1
32.772,motor 1 at 100 %,1.0,19.922,-0.006,0.11,0.46,95.70,0.21,0.06,-0.17,769,770,768,768,LOITER,1
32.792,motor 1 at 100 %,1.0,19.922,-0.006,0.11,0.46,95.69,0.25,0.11,-0.16,769,770,768,768,LOITER,1
32.812,motor 1 at 100 %,1.0,19.923,-0.006,0.12,0.47,95.69,0.36,0.05,-0.18,769,770,767,768,LOITER,1
32.832,motor 1 at 100 %,1.0,19.923,-0.006,0.13,0.47,95.68,0.34,-0.06,-0.10,769,770,767,768,LOITER,1
32.852,motor 1 at 100 %,1.0,19.924,-0.005,0.13,0.46,95.68,0.32,-0.06,-0.10,770,770,768,768,LOITER,1
32.872,motor 1 at 100 %,1.0,19.924,-0.005,0.14,0.46,95.68,0.35,-0.08,-0.04,770,770,768,768,LOITER,1
32.892,motor 1 at 100 %,1.0,19.924,-0.005,0.14,0.46,95.67,0.30,-0.03,-0.12,770,770,768,768,LOITER,1
32.912,motor 1 at 100 %,1.0,19.924,-0.005,0.15,0.46,95.67,0.29,-0.17,-0.02,769,770,768,768,LOITER,1
32.932,motor 1 at 100 %,1.0,19.924,-0.005,0.15,0.46,95.67,0.30,-0.21,-0.00,769,770,768,768,LOITER,1
32.952,motor 1 at 100 %,1.0,19.925,-0.005,0.16,0.45,95.67,0.27,-0.21,-0.01,769,770,768,768,LOITER,1
32.972,motor 1 at 100 %,1.0,19.925,-0.005,0.16,0.45,95.67,0.33,-0.29,0.00,769,770,768,768,LOITER,1
32.992,motor 1 at 100 %,1.0,19.925,-0.005,0.17,0.44,95.66,0.29,-0.26,0.07,769,770,768,768,LOITER,1
33.012,motor 1 at 100 %,1.0,19.925,-0.005,0.17,0.43,95.66,0.28,-0.35,0.07,770,770,768,768,LOITER,1
33.032,motor 1 at 100 %,1.0,19.925,-0.005,0.18,0.43,95.66,0.29,-0.34,0.09,770,770,768,768,LOITER,1
33.052,motor 1 at 100 %,1.0,19.926,-0.005,0.18,0.42,95.67,0.14,-0.35,0.13,769,770,768,769,LOITER,1
33.072,motor 1 at 100 %,1.0,19.926,-0.005,0.18,0.41,95.67,0.11,-0.44,0.11,769,770,768,769,LOITER,1
33.092,motor 1 at 100 %,1.0,19.926,-0.005,0.18,0.40,95.67,0.08,-0.56,0.13,769,770,768,769,LOITER,1
33.112,motor 1 at 100 %,1.0,19.926,-0.004,0.18,0.39,95.67,0.06,-0.50,0.15,769,769,768,768,LOITER,1
33.132,motor 1 at 100 %,1.0,19.926,-0.004,0.18,0.38,95.67,-0.05,-0.57,0.10,769,769,768,768,LOITER,1
33.152,motor 1 at 100 %,1.0,19.927,-0.004,0.18,0.37,95.67,-0.10,-0.50,0.17,769,770,768,769,LOITER,1
33.172,motor 1 at 100 %,1.0,19.927,-0.004,0.18,0.36,95.68,-0.06,-0.64,0.19,769,770,768,769,LOITER,1
33.192,motor 1 at 100 %,1.0,19.927,-0.004,0.18,0.35,95.68,0.03,-0.63,0.15,769,770,768,769,LOITER,1
33.212,motor 1 at 100 %,1.0,19.928,-0.004,0.18,0.33,95.68,0.09,-0.56,0.12,769,769,768,769,LOITER,1
33.232,motor 1 at 100 %,1.0,19.928,-0.004,0.18,0.32,95.68,0.02,-0.67,0.18,769,769,768,769,LOITER,1
33.252,motor 1 at 100 %,1.0,19.928,-0.003,0.18,0.31,95.68,0.06,-0.69,0.15,770,769,769,769,LOITER,1
33.272,motor 1 at 100 %,1.0,19.928,-0.003,0.18,0.30,95.68,-0.08,-0.63,0.15,770,769,769,769,LOITER,1
33.292,motor 1 at 100 %,1.0,19.928,-0.003,0.18,0.28,95.68,-0.10,-0.68,0.20,770,769,769,769,LOITER,1
33.312,motor 1 at 100 %,1.0,19.929,-0.003,0.18,0.27,95.68,-0.10,-0.65,0.22,769,769,769,769,LOITER,1
33.332,motor 1 at 100 %,1.0,19.929,-0.003,0.18,0.26,95.68,-0.19,-0.70,0.20,769,769,769,769,LOITER,1
33.352,motor 1 at 100 %,1.0,19.930,-0.003,0.17,0.24,95.68,-0.17,-0.71,0.18,769,769,769,768,LOITER,1
33.372,motor 1 at 100 %,1.0,19.930,-0.003,0.17,0.23,95.68,-0.08,-0.63,0.19,769,769,769,768,LOITER,1
33.392,motor 1 at 100 %,1.0,19.930,-0.003,0.17,0.22,95.68,-0.19,-0.73,0.18,769,769,769,768,LOITER,1
33.412,motor 1 at 100 %,1.0,19.930,-0.003,0.16,0.20,95.68,-0.19,-0.70,0.21,769,768,769,768,LOITER,1
33.432,motor 1 at 100 %,1.0,19.930,-0.003,0.16,0.19,95.68,-0.17,-0.70,0.21,769,768,769,768,LOITER,1
33.452,motor 1 at 100 %,1.0,19.931,-0.002,0.16,0.17,95.68,-0.16,-0.64,0.19,769,769,769,769,LOITER,1
33.472,motor 1 at 100 %,1.0,19.931,-0.002,0.15,0.16,95.68,-0.21,-0.72,0.19,769,769,769,769,LOITER,1
33.492,motor 1 at 100 %,1.0,19.931,-0.002,0.15,0.15,95.69,-0.19,-0.64,0.19,769,769,769,769,LOITER,1
33.512,motor 1 at 100 %,1.0,19.931,-0.002,0.15,0.13,95.69,-0.18,-0.69,0.19,769,769,769,769,LOITER,1
33.532,motor 1 at 100 %,1.0,19.931,-0.002,0.14,0.12,95.69,-0.22,-0.64,0.22,769,769,769,769,LOITER,1
33.552,motor 1 at 100 %,1.0,19.931,-0.001,0.14,0.11,95.69,-0.20,-0.68,0.24,769,769,769,768,LOITER,1
33.572,motor 1 at 100 %,1.0,19.931,-0.001,0.13,0.09,95.70,-0.22,-0.71,0.18,769,769,769,768,LOITER,1
33.592,motor 1 at 100 %,1.0,19.931,-0.001,0.13,0.08,95.70,-0.22,-0.62,0.19,769,769,769,768,LOITER,1
33.612,motor 1 at 100 %,1.0,19.932,-0.001,0.12,0.07,95.71,-0.33,-0.57,0.16,769,769,769,769,LOITER,1
33.632,motor 1 at 100 %,1.0,19.932,-0.001,0.12,0.06,95.71,-0.30,-0.60,0.22,769,769,769,769,LOITER,1
33.652,motor 1 at 100 %,1.0,19.933,-0.001,0.11,0.05,95.72,-0.24,-0.48,0.18,769,769,769,769,LOITER,1
33.672,motor 1 at 100 %,1.0,19.933,-0.001,0.10,0.04,95.72,-0.23,-0.50,0.18,769,769,769,769,LOITER,1
33.692,motor 1 at 100 %,1.0,19.933,-0.001,0.10,0.03,95.73,-0.29,-0.41,0.18,769,769,769,769,LOITER,1
33.712,motor 1 at 100 %,1.0,19.934,-0.001,0.09,0.02,95.73,-0.26,-0.42,0.20,768,769,769,769,LOITER,1
33.732,motor 1 at 100 %,1.0,19.934,-0.001,0.09,0.01,95.74,-0.24,-0.28,0.18,768,769,769,769,LOITER,1
33.752,motor 1 at 100 %,1.0,19.935,-0.001,0.08,0.01,95.75,-0.20,-0.30,0.18,768,768,769,769,LOITER,1
33.772,motor 1 at 100 %,1.0,19.935,-0.001,0.08,0.00,95.75,-0.25,-0.30,0.19,768,768,769,769,LOITER,1
33.792,motor 1 at 100 %,1.0,19.935,-0.001,0.07,-0.01,95.75,-0.24,-0.34,0.18,768,768,769,769,LOITER,1
33.812,motor 1 at 100 %,1.0,19.936,-0.000,0.07,-0.01,95.76,-0.15,-0.35,0.12,768,768,769,769,LOITER,1
33.832,motor 1 at 100 %,1.0,19.936,-0.000,0.07,-0.02,95.76,-0.21,-0.32,0.18,768,768,769,769,LOITER,1
33.852,motor 1 at 100 %,1.0,19.937,0.000,0.06,-0.03,95.76,-0.11,-0.31,0.12,768,768,769,769,LOITER,1
33.872,motor 1 at 100 %,1.0,19.937,0.000,0.06,-0.03,95.76,-0.16,-0.36,0.17,768,768,769,769,LOITER,1
33.892,motor 1 at 100 %,1.0,19.937,0.000,0.06,-0.04,95.76,-0.09,-0.35,0.08,768,768,769,769,LOITER,1
33.912,motor 1 at 100 %,1.0,19.938,0.001,0.06,-0.05,95.76,-0.14,-0.36,0.09,768,768,769,769,LOITER,1
33.932,motor 1 at 100 %,1.0,19.938,0.001,0.06,-0.05,95.75,-0.07,-0.29,0.07,768,768,769,769,LOITER,1
33.952,motor 1 at 100 %,1.0,19.939,0.002,0.05,-0.06,95.75,-0.18,-0.28,0.03,768,768,769,769,LOITER,1
33.972,motor 1 at 100 %,1.0,19.939,0.002,0.05,-0.07,95.74,-0.16,-0.34,0.05,768,768,769,769,LOITER,1
33.992,motor 1 at 100 %,1.0,19.939,0.002,0.05,-0.07,95.74,-0.20,-0.16,0.08,768,768,769,769,LOITER,1
34.012,motor 1 at 100 %,1.0,19.940,0.003,0.04,-0.07,95.73,-0.29,-0.17,0.08,769,768,768,769,LOITER,1
34.032,motor 1 at 100 %,1.0,19.940,0.003,0.04,-0.08,95.73,-0.40,-0.17,0.06,769,768,768,769,LOITER,1
34.052,motor 1 at 100 %,1.0,19.941,0.004,0.03,-0.08,95.72,-0.43,-0.09,0.09,768,768,768,769,LOITER,1
34.072,motor 1 at 100 %,1.0,19.941,0.004,0.02,-0.08,95.71,-0.55,-0.06,0.11,768,768,768,769,LOITER,1
34.092,motor 1 at 100 %,1.0,19.941,0.004,0.01,-0.09,95.71,-0.54,-0.08,0.06,768,768,768,769,LOITER,1
34.112,motor 1 at 100 %,1.0,19.941,0.005,-0.00,-0.08,95.70,-0.57,0.10,0.04,768,769,768,769,LOITER,1
34.132,motor 1 at 100 %,1.0,19.941,0.005,-0.01,-0.09,95.69,-0.59,-0.08,0.05,768,769,768,769,LOITER,1
34.152,motor 1 at 100 %,1.0,19.941,0.005,-0.02,-0.09,95.69,-0.60,-0.01,0.06,769,769,769,769,LOITER,1
34.172,motor 1 at 100 %,1.0,19.941,0.005,-0.03,-0.09,95.68,-0.57,-0.01,0.05,769,769,769,769,LOITER,1
34.192,motor 1 at 100 %,1.0,19.941,0.005,-0.05,-0.09,95.67,-0.63,-0.01,0.07,769,769,769,769,LOITER,1
34.212,motor 1 at 100 %,1.0,19.942,0.006,-0.06,-0.09,95.66,-0.60,-0.01,0.03,769,769,769,768,LOITER,1
34.232,motor 1 at 100 %,1.0,19.942,0.006,-0.07,-0.09,95.66,-0.56,-0.01,0.07,769,769,769,768,LOITER,1
34.252,motor 1 at 100 %,1.0,19.942,0.006,-0.08,-0.09,95.65,-0.63,0.10,0.05,769,770,768,769,LOITER,1
34.272,motor 1 at 100 %,1.0,19.942,0.006,-0.09,-0.09,95.65,-0.66,0.02,0.09,769,770,768,769,LOITER,1
34.292,motor 1 at 100 %,1.0,19.942,0.006,-0.10,-0.09,95.64,-0.70,0.04,0.08,769,770,768,769,LOITER,1
34.312,motor 1 at 100 %,1.0,19.942,0.006,-0.12,-0.09,95.64,-0.63,0.09,0.08,769,769,769,768,LOITER,1
34.332,motor 1 at 100 %,1.0,19.942,0.006,-0.13,-0.08,95.64,-0.63,0.09,0.10,769,769,769,768,LOITER,1
34.352,motor 1 at 100 %,1.0,19.943,0.006,-0.14,-0.08,95.63,-0.58,0.09,0.09,770,769,768,768,LOITER,1
34.372,motor 1 at 100 %,1.0,19.943,0.006,-0.15,-0.08,95.63,-0.59,0.03,0.15,770,769,768,768,LOITER,1
34.392,motor 1 at 100 %,1.0,19.943,0.006,-0.16,-0.08,95.63,-0.62,0.12,0.12,770,769,768,768,LOITER,1
34.412,motor 1 at 100 %,1.0,19.944,0.007,-0.18,-0.08,95.63,-0.65,0.06,0.18,769,770,768,768,LOITER,1
34.432,motor 1 at 100 %,1.0,19.944,0.007,-0.19,-0.08,95.63,-0.59,-0.03,0.15,769,770,768,768,LOITER,1
34.452,motor 1 at 100 %,1.0,19.944,0.007,-0.20,-0.08,95.63,-0.57,-0.03,0.21,770,769,768,768,LOITER,1
34.472,motor 1 at 100 %,1.0,19.944,0.007,-0.21,-0.08,95.63,-0.62,0.10,0.19,770,769,768,768,LOITER,1
34.492,motor 1 at 100 %,1.0,19.944,0.007,-0.22,-0.08,95.63,-0.58,0.03,0.25,770,769,768,768,LOITER,1
34.512,motor 1 at 100 %,1.0,19.945,0.007,-0.23,-0.07,95.64,-0.57,0.07,0.21,769,769,768,768,LOITER,1
34.532,motor 1 at 100 %,1.0,19.945,0.007,-0.24,-0.07,95.64,-0.52,0.15,0.25,769,769,768,768,LOITER,1
34.552,motor 1 at 100 %,1.0,19.946,0.008,-0.26,-0.07,95.64,-0.54,0.08,0.25,769,769,769,767,LOITER,1
34.572,motor 1 at 100 %,1.0,19.946,0.008,-0.26,-0.07,95.64,-0.53,0.14,0.20,769,769,769,767,LOITER,1
34.592,motor 1 at 100 %,1.0,19.946,0.008,-0.27,-0.07,95.64,-0.46,0.14,0.23,769,769,769,767,LOITER,1
34.612,motor 1 at 100 %,1.0,19.947,0.008,-0.28,-0.06,95.64,-0.44,0.09,0.31,769,769,768,768,LOITER,1
34.632,motor 1 at 100 %,1.0,19.947,0.008,-0.29,-0.06,95.65,-0.42,0.16,0.29,769,769,768,768,LOITER,1
34.652,motor 1 at 100 %,1.0,19.948,0.009,-0.30,-0.06,95.65,-0.39,0.16,0.27,768,769,768,768,LOITER,1
34.672,motor 1 at 100 %,1.0,19.948,0.009,-0.30,-0.06,95.65,-0.32,0.16,0.32,768,769,768,768,LOITER,1
34.692,motor 1 at 100 %,1.0,19.948,0.009,-0.31,-0.05,95.66,-0.29,0.19,0.27,768,769,768,768,LOITER,1
34.712,motor 1 at 100 %,1.0,19.949,0.009,-0.31,-0.05,95.66,-0.24,0.25,0.28,769,769,768,768,LOITER,1
34.732,motor 1 at 100 %,1.0,19.949,0.009,-0.32,-0.05,95.66,-0.17,0.19,0.32,769,769,768,768,LOITER,1
34.752,motor 1 at 100 %,1.0,19.949,0.010,-0.32,-0.04,95.67,-0.17,0.31,0.29,768,769,768,768,LOITER,1
34.772,motor 1 at 100 %,1.0,19.949,0.010,-0.32,-0.04,95.67,-0.08,0.23,0.32,768,769,768,768,LOITER,1
34.792,motor 1 at 100 %,1.0,19.949,0.010,-0.32,-0.03,95.67,-0.07,0.28,0.27,768,769,768,768,LOITER,1
34.812,motor 1 at 100 %,1.0,19.950,0.010,-0.32,-0.03,95.68,-0.11,0.24,0.27,768,768,768,768,LOITER,1
34.832,motor 1 at 100 %,1.0,19.950,0.010,-0.33,-0.02,95.68,-0.13,0.28,0.30,768,768,768,768,LOITER,1
34.852,motor 1 at 100 %,1.0,19.951,0.011,-0.33,-0.02,95.68,-0.13,0.29,0.32,768,768,768,768,LOITER,1
34.872,motor 1 at 100 %,1.0,19.951,0.011,-0.33,-0.01,95.69,-0.14,0.24,0.30,768,768,768,768,LOITER,1
34.892,motor 1 at 100 %,1.0,19.951,0.011,-0.33,-0.01,95.69,-0.08,0.23,0.30,768,768,768,768,LOITER,1
34.912,motor 1 at 100 %,1.0,19.952,0.012,-0.33,-0.00,95.70,0.02,0.35,0.33,768,768,769,768,LOITER,1
34.932,motor 1 at 100 %,1.0,19.952,0.012,-0.33,0.00,95.70,0.01,0.28,0.29,768,768,769,768,LOITER,1
34.952,motor 1 at 100 %,1.0,19.953,0.012,-0.33,0.01,95.71,0.02,0.25,0.31,768,768,768,768,LOITER,1
34.972,motor 1 at 100 %,1.0,19.953,0.012,-0.33,0.01,95.71,0.11,0.26,0.28,768,768,768,768,LOITER,1
34.992,motor 1 at 100 %,1.0,19.953,0.012,-0.33,0.02,95.72,0.08,0.22,0.26,768,768,768,768,LOITER,1
35.012,motor 1 at 100 %,1.0,19.954,0.013,-0.33,0.02,95.72,0.11,0.23,0.24,768,768,769,768,LOITER,1
35.032,motor 1 at 100 %,1.0,19.954,0.013,-0.32,0.02,95.73,0.17,0.24,0.24,768,768,769,768,LOITER,1
35.052,motor 1 at 100 %,1.0,19.955,0.014,-0.32,0.03,95.73,0.07,0.18,0.24,768,768,769,768,LOITER,1
35.072,motor 1 at 100 %,1.0,19.955,0.014,-0.32,0.03,95.73,0.12,0.09,0.23,768,768,769,768,LOITER,1
35.092,motor 1 at 100 %,1.0,19.955,0.014,-0.32,0.03,95.74,0.25,0.13,0.21,768,768,769,768,LOITER,1
35.112,motor 1 at 100 %,1.0,19.956,0.014,-0.31,0.03,95.74,0.25,0.10,0.25,767,768,768,769,LOITER,1
35.132,motor 1 at 100 %,1.0,19.956,0.014,-0.31,0.04,95.75,0.21,0.03,0.21,767,768,768,769,LOITER,1
35.152,motor 1 at 100 %,1.0,19.957,0.015,-0.30,0.04,95.75,0.30,0.06,0.19,767,768,768,769,LOITER,1
35.172,motor 1 at 100 %,1.0,19.957,0.015,-0.30,0.04,95.75,0.34,-0.09,0.18,767,768,768,769,LOITER,1
35.192,motor 1 at 100 %,1.0,19.957,0.015,-0.29,0.03,95.75,0.29,-0.10,0.17,767,768,768,769,LOITER,1
35.212,motor 1 at 100 %,1.0,19.957,0.015,-0.28,0.03,95.76,0.32,-0.04,0.17,767,768,768,768,LOITER,1
35.232,motor 1 at 100 %,1.0,19.957,0.015,-0.28,0.03,95.76,0.33,-0.02,0.15,767,768,768,768,LOITER,1
35.252,motor 1 at 100 %,1.0,19.958,0.016,-0.27,0.03,95.76,0.38,-0.12,0.19,768,767,768,768,LOITER,1
35.272,motor 1 at 100 %,1.0,19.958,0.016,-0.26,0.03,95.76,0.36,-0.08,0.14,768,767,768,768,LOITER,1
35.292,motor 1 at 100 %,1.0,19.958,0.016,-0.26,0.03,95.76,0.33,-0.06,0.10,768,767,768,768,LOITER,1
35.312,motor 1 at 100 %,1.0,19.959,0.017,-0.25,0.03,95.76,0.41,-0.21,0.15,767,768,769,768,LOITER,1
35.332,motor 1 at 100 %,1.0,19.959,0.017,-0.24,0.02,95.76,0.43,-0.17,0.08,767,768,769,768,LOITER,1
35.352,motor 1 at 100 %,1.0,19.959,0.018,-0.23,0.02,95.76,0.45,-0.09,0.11,768,768,768,769,LOITER,1
35.372,motor 1 at 100 %,1.0,19.959,0.018,-0.22,0.02,95.76,0.32,-0.08,0.13,768,768,768,769,LOITER,1
35.392,motor 1 at 100 %,1.0,19.959,0.018,-0.22,0.02,95.75,0.32,-0.17,0.14,768,768,768,769,LOITER,1
35.412,motor 1 at 100 %,1.0,19.959,0.019,-0.21,0.01,95.75,0.36,-0.24,0.06,768,768,769,769,LOITER,1
35.432,motor 1 at 100 %,1.0,19.959,0.019,-0.20,0.01,95.75,0.40,-0.25,0.06,768,768,769,769,LOITER,1
35.452,motor 1 at 100 %,1.0,19.959,0.019,-0.20,0.01,95.74,0.36,-0.23,0.02,768,768,769,769,LOITER,1
35.472,motor 1 at 100 %,1.0,19.959,0.019,-0.19,0.00,95.74,0.36,-0.25,0.08,768,768,769,769,LOITER,1
35.492,motor 1 at 100 %,1.0,19.959,0.019,-0.18,-0.00,95.74,0.33,-0.24,-0.04,768,768,769,769,LOITER,1
35.512,motor 1 at 100 %,1.0,19.959,0.020,-0.18,-0.01,95.74,0.30,-0.22,0.06,768,769,769,769,LOITER,1
35.532,motor 1 at 100 %,1.0,19.959,0.020,-0.17,-0.01,95.73,0.35,-0.21,-0.04,768,769,769,769,LOITER,1
35.552,motor 1 at 100 %,1.0,19.959,0.020,-0.16,-0.02,95.73,0.43,-0.26,0.04,769,768,769,769,LOITER,1
35.572,motor 1 at 100 %,1.0,19.959,0.020,-0.15,-0.02,95.73,0.40,-0.31,0.02,769,768,769,769,LOITER,1
35.592,motor 1 at 100 %,1.0,19.959,0.020,-0.15,-0.03,95.72,0.39,-0.26,0.01,769,768,769,769,LOITER,1
35.612,motor 1 at 100 %,1.0,19.958,0.020,-0.14,-0.03,95.72,0.38,-0.24,0.04,769,769,769,769,LOITER,1
35.632,motor 1 at 100 %,1.0,19.958,0.020,-0.13,-0.04,95.72,0.41,-0.31,-0.00,769,769,769,769,LOITER,1
35.652,motor 1 at 100 %,1.0,19.958,0.020,-0.12,-0.04,95.72,0.36,-0.29,0.05,769,769,769,769,LOITER,1
35.672,motor 1 at 100 %,1.0,19.958,0.020,-0.11,-0.05,95.72,0.38,-0.22,0.03,769,769,769,769,LOITER,1
35.692,motor 1 at 100 %,1.0,19.958,0.020,-0.11,-0.05,95.71,0.37,-0.27,0.02,769,769,769,769,LOITER,1
35.712,motor 1 at 100 %,1.0,19.957,0.019,-0.10,-0.06,95.71,0.27,-0.24,0.01,770,769,769,769,LOITER,1
35.732,motor 1 at 100 %,1.0,19.957,0.019,-0.10,-0.06,95.71,0.18,-0.25,0.05,770,769,769,769,LOITER,1
35.752,motor 1 at 100 %,1.0,19.956,0.019,-0.09,-0.07,95.71,0.26,-0.29,0.04,770,769,769,769,LOITER,1
35.772,motor 1 at 100 %,1.0,19.956,0.019,-0.09,-0.07,95.71,0.19,-0.30,0.03,770,769,769,769,LOITER,1
35.792,motor 1 at 100 %,1.0,19.956,0.019,-0.08,-0.08,95.70,0.22,-0.30,0.07,770,769,769,769,LOITER,1
35.812,motor 1 at 100 %,1.0,19.955,0.019,-0.08,-0.08,95.70,0.21,-0.29,0.04,770,770,769,769,LOITER,1
35.832,motor 1 at 100 %,1.0,19.955,0.019,-0.08,-0.09,95.70,0.23,-0.32,0.05,770,770,769,769,LOITER,1
35.852,motor 1 at 100 %,1.0,19.955,0.018,-0.07,-0.09,95.70,0.19,-0.27,0.10,770,770,769,769,LOITER,1
35.872,motor 1 at 100 %,1.0,19.955,0.018,-0.07,-0.10,95.70,0.21,-0.31,0.11,770,770,769,769,LOITER,1
35.892,motor 1 at 100 %,1.0,19.955,0.018,-0.06,-0.11,95.70,0.20,-0.41,0.13,770,770,769,769,LOITER,1
35.912,motor 1 at 100 %,1.0,19.954,0.017,-0.06,-0.11,95.69,0.23,-0.38,0.09,770,770,770,769,LOITER,1
35.932,motor 1 at 100 %,1.0,19.954,0.017,-0.05,-0.12,95.69,0.37,-0.28,0.07,770,770,770,769,LOITER,1
35.952,motor 1 at 100 %,1.0,19.953,0.016,-0.05,-0.13,95.69,0.35,-0.32,0.10,770,770,769,769,LOITER,1
35.972,motor 1 at 100 %,1.0,19.953,0.016,-0.04,-0.13,95.69,0.34,-0.38,0.06,770,770,769,769,LOITER,1
35.992,motor 1 at 100 %,1.0,19.953,0.016,-0.03,-0.14,95.68,0.39,-0.42,0.13,770,770,769,769,LOITER,1
36.012,motor 1 at 100 %,1.0,19.953,0.015,-0.03,-0.15,95.68,0.36,-0.26,0.15,770,769,769,769,LOITER,1
36.032,motor 1 at 100 %,1.0,19.953,0.015,-0.02,-0.15,95.68,0.37,-0.26,0.13,770,769,769,769,LOITER,1
36.052,motor 1 at 100 %,1.0,19.953,0.015,-0.01,-0.16,95.68,0.46,-0.36,0.14,770,769,769,769,LOITER,1
36.072,motor 1 at 100 %,1.0,19.953,0.015,-0.00,-0.16,95.68,0.34,-0.31,0.13,770,769,769,769,LOITER,1
36.092,motor 1 at 100 %,1.0,19.953,0.015,0.00,-0.17,95.68,0.34,-0.26,0.12,770,769,769,769,LOITER,1
36.112,motor 1 at 100 %,1.0,19.952,0.014,0.01,-0.17,95.67,0.36,-0.28,0.12,770,770,769,769,LOITER,1
36.132,motor 1 at 100 %,1.0,19.952,0.014,0.02,-0.18,95.67,0.35,-0.30,0.15,770,770,769,769,LOITER,1
36.152,motor 1 at 100 %,1.0,19.952,0.013,0.02,-0.18,95.67,0.29,-0.21,0.17,769,770,769,769,LOITER,1
36.172,motor 1 at 100 %,1.0,19.952,0.013,0.03,-0.18,95.67,0.34,-0.29,0.20,769,770,769,769,LOITER,1
36.192,motor 1 at 100 %,1.0,19.952,0.013,0.03,-0.19,95.67,0.33,-0.24,0.20,769,770,769,769,LOITER,1
36.212,motor 1 at 100 %,1.0,19.953,0.013,0.04,-0.19,95.67,0.33,-0.25,0.20,769,769,768,769,LOITER,1
36.232,motor 1 at 100 %,1.0,19.953,0.013,0.05,-0.20,95.67,0.31,-0.26,0.24,769,769,768,769,LOITER,1
36.252,motor 1 at 100 %,1.0,19.953,0.013,0.05,-0.20,95.67,0.29,-0.27,0.21,769,769,769,769,LOITER,1
36.272,motor 1 at 100 %,1.0,19.953,0.013,0.06,-0.21,95.66,0.23,-0.36,0.16,769,769,769,769,LOITER,1
36.292,motor 1 at 100 %,1.0,19.953,0.013,0.06,-0.21,95.67,0.18,-0.30,0.21,769,769,769,769,LOITER,1
36.312,motor 1 at 100 %,1.0,19.953,0.012,0.06,-0.22,95.67,0.12,-0.34,0.20,769,769,768,769,LOITER,1
36.332,motor 1 at 100 %,1.0,19.953,0.012,0.07,-0.23,95.67,0.05,-0.34,0.17,769,769,768,769,LOITER,1
36.352,motor 1 at 100 %,1.0,19.953,0.012,0.07,-0.23,95.67,0.06,-0.32,0.20,769,769,769,769,LOITER,1
36.372,motor 1 at 100 %,1.0,19.953,0.012,0.07,-0.24,95.67,0.07,-0.34,0.17,769,769,769,769,LOITER,1
36.392,motor 1 at 100 %,1.0,19.953,0.012,0.07,-0.24,95.67,0.00,-0.25,0.21,769,769,769,769,LOITER,1
36.412,motor 1 at 100 %,1.0,19.953,0.012,0.07,-0.25,95.67,0.05,-0.27,0.20,769,769,769,769,LOITER,1
36.432,motor 1 at 100 %,1.0,19.953,0.012,0.07,-0.25,95.68,0.02,-0.20,0.20,769,769,769,769,LOITER,1
36.452,motor 1 at 100 %,1.0,19.953,0.012,0.07,-0.26,95.68,-0.02,-0.22,0.21,769,769,769,769,LOITER,1
36.472,motor 1 at 100 %,1.0,19.953,0.012,0.07,-0.26,95.69,0.05,-0.17,0.27,769,769,769,769,LOITER,1
36.492,motor 1 at 100 %,1.0,19.953,0.012,0.07,-0.26,95.69,0.01,-0.13,0.21,769,769,769,769,LOITER,1
36.512,motor 1 at 100 %,1.0,19.953,0.012,0.08,-0.27,95.70,0.03,-0.20,0.20,769,769,769,769,LOITER,1
36.532,motor 1 at 100 %,1.0,19.953,0.012,0.07,-0.27,95.70,-0.05,-0.12,0.23,769,769,769,769,LOITER,1
36.552,motor 1 at 100 %,1.0,19.953,0.012,0.07,-0.27,95.71,-0.04,-0.08,0.23,769,769,769,769,LOITER,1
36.572,motor 1 at 100 %,1.0,19.953,0.012,0.07,-0.27,95.71,-0.12,-0.10,0.22,769,769,769,769,LOITER,1
36.592,motor 1 at 100 %,1.0,19.953,0.012,0.07,-0.27,95.72,-0.10,-0.10,0.21,769,769,769,769,LOITER,1
36.612,motor 1 at 100 %,1.0,19.952,0.012,0.07,-0.27,95.73,-0.13,-0.13,0.20,769,769,769,769,LOITER,1
36.632,motor 1 at 100 %,1.0,19.952,0.012,0.07,-0.28,95.73,-0.18,-0.11,0.16,769,769,769,769,LOITER,1
36.652,motor 1 at 100 %,1.0,19.952,0.012,0.06,-0.28,95.74,-0.14,0.07,0.25,769,769,769,770,LOITER,1
36.672,motor 1 at 100 %,1.0,19.952,0.012,0.06,-0.27,95.75,-0.16,0.10,0.14,769,769,769,770,LOITER,1
36.692,motor 1 at 100 %,1.0,19.952,0.012,0.06,-0.27,95.76,-0.30,0.06,0.21,769,769,769,770,LOITER,1
36.712,motor 1 at 100 %,1.0,19.952,0.012,0.05,-0.27,95.76,-0.31,-0.02,0.15,769,769,770,769,LOITER,1
36.732,motor 1 at 100 %,1.0,19.952,0.012,0.05,-0.27,95.77,-0.24,0.13,0.14,769,769,770,769,LOITER,1
36.752,motor 1 at 100 %,1.0,19.951,0.012,0.04,-0.27,95.77,-0.29,0.11,0.11,769,769,770,770,LOITER,1
36.772,motor 1 at 100 %,1.0,19.951,0.012,0.04,-0.27,95.78,-0.22,0.17,0.15,769,769,770,770,LOITER,1
36.792,motor 1 at 100 %,1.0,19.951,0.012,0.03,-0.26,95.78,-0.22,0.15,0.09,769,769,770,770,LOITER,1
36.812,motor 1 at 100 %,1.0,19.951,0.011,0.03,-0.26,95.78,-0.22,0.12,0.12,769,769,770,770,LOITER,1
36.832,motor 1 at 100 %,1.0,19.951,0.011,0.02,-0.26,95.79,-0.23,0.12,0.20,769,769,770,770,LOITER,1
36.852,motor 1 at 100 %,1.0,19.951,0.011,0.02,-0.26,95.79,-0.22,0.14,0.10,769,769,770,770,LOITER,1
36.872,motor 1 at 100 %,1.0,19.951,0.011,0.01,-0.25,95.79,-0.15,0.20,0.08,769,769,770,770,LOITER,1
36.892,motor 1 at 100 %,1.0,19.951,0.011,0.01,-0.25,95.80,-0.17,0.13,0.07,769,769,770,770,LOITER,1
36.912,motor 1 at 100 %,1.0,19.950,0.011,0.01,-0.24,95.80,-0.16,0.17,0.09,769,769,770,770,LOITER,1
36.932,motor 1 at 100 %,1.0,19.950,0.011,0.00,-0.24,95.80,-0.14,0.25,0.01,769,769,770,770,LOITER,1
36.952,motor 1 at 100 %,1.0,19.950,0.010,0.00,-0.24,95.80,-0.18,0.22,0.04,769,769,770,770,LOITER,1
36.972,motor 1 at 100 %,1.0,19.950,0.010,-0.00,-0.23,95.80,-0.09,0.29,0.10,769,769,770,770,LOITER,1
36.992,motor 1 at 100 %,1.0,19.950,0.010,-0.00,-0.22,95.80,-0.08,0.39,0.01,769,769,770,770,LOITER,1
37.012,motor 1 at 100 %,1.0,19.950,0.010,-0.01,-0.21,95.81,-0.08,0.35,0.00,769,769,770,770,LOITER,1
37.032,motor 1 at 100 %,1.0,19.950,0.010,-0.01,-0.21,95.81,-0.01,0.44,-0.04,769,769,770,770,LOITER,1
37.052,motor 1 at 100 %,1.0,19.949,0.009,-0.01,-0.20,95.81,-0.08,0.39,-0.00,769,769,770,770,LOITER,1
37.072,motor 1 at 100 %,1.0,19.949,0.009,-0.01,-0.19,95.81,-0.01,0.43,-0.05,769,769,770,770,LOITER,1
37.092,motor 1 at 100 %,1.0,19.949,0.009,-0.01,-0.18,95.81,-0.00,0.38,-0.00,769,769,770,770,LOITER,1
37.112,motor 1 at 100 %,1.0,19.949,0.009,-0.01,-0.17,95.81,-0.01,0.44,-0.04,769,769,770,770,LOITER,1
37.132,motor 1 at 100 %,1.0,19.949,0.009,-0.01,-0.16,95.81,-0.03,0.41,-0.06,769,769,770,770,LOITER,1
37.152,motor 1 at 100 %,1.0,19.949,0.008,-0.01,-0.16,95.81,-0.11,0.42,-0.07,768,769,769,770,LOITER,1
37.172,motor 1 at 100 %,1.0,19.949,0.008,-0.01,-0.15,95.81,-0.17,0.32,-0.08,768,769,769,770,LOITER,1
37.192,motor 1 at 100 %,1.0,19.949,0.008,-0.02,-0.14,95.81,-0.15,0.35,-0.12,768,769,769,770,LOITER,1
37.212,motor 1 at 100 %,1.0,19.949,0.008,-0.02,-0.13,95.81,-0.17,0.38,-0.08,768,769,769,770,LOITER,1
37.232,motor 1 at 100 %,1.0,19.949,0.008,-0.02,-0.13,95.81,-0.17,0.29,-0.14,768,769,769,770,LOITER,1
37.252,motor 1 at 100 %,1.0,19.949,0.008,-0.02,-0.12,95.80,-0.10,0.31,-0.10,769,769,769,770,LOITER,1
37.272,motor 1 at 100 %,1.0,19.949,0.008,-0.03,-0.11,95.80,-0.10,0.30,-0.10,769,769,769,770,LOITER,1
37.292,motor 1 at 100 %,1.0,19.949,0.008,-0.03,-0.11,95.80,-0.11,0.33,-0.07,769,769,769,770,LOITER,1
37.312,motor 1 at 100 %,1.0,19.948,0.007,-0.03,-0.10,95.80,-0.09,0.38,-0.15,769,769,769,770,LOITER,1
37.332,motor 1 at 100 %,1.0,19.948,0.007,-0.03,-0.09,95.80,-0.07,0.32,-0.14,769,769,769,770,LOITER,1
37.352,motor 1 at 100 %,1.0,19.948,0.007,-0.03,-0.09,95.80,0.00,0.28,-0.09,769,769,770,769,LOITER,1
37.372,motor 1 at 100 %,1.0,19.948,0.007,-0.03,-0.08,95.80,0.02,0.37,-0.18,769,769,770,769,LOITER,1
37.392,motor 1 at 100 %,1.0,19.948,0.007,-0.03,-0.07,95.80,0.06,0.25,-0.12,769,769,770,769,LOITER,1
37.412,motor 1 at 100 %,1.0,19.948,0.007,-0.03,-0.07,95.80,0.05,0.31,-0.16,770,769,770,769,LOITER,1
37.432,motor 1 at 100 %,1.0,19.948,0.007,-0.03,-0.06,95.79,0.15,0.34,-0.17,770,769,770,769,LOITER,1
37.452,motor 1 at 100 %,1.0,19.947,0.006,-0.02,-0.06,95.79,0.03,0.26,-0.14,769,769,770,769,LOITER,1
37.472,motor 1 at 100 %,1.0,19.947,0.006,-0.02,-0.05,95.79,0.07,0.30,-0.19,769,769,770,769,LOITER,1
37.492,motor 1 at 100 %,1.0,19.947,0.006,-0.02,-0.04,95.78,0.12,0.39,-0.13,769,769,770,769,LOITER,1
37.512,motor 1 at 100 %,1.0,19.947,0.006,-0.02,-0.04,95.78,0.14,0.38,-0.16,769,770,769,769,LOITER,1
37.532,motor 1 at 100 %,1.0,19.947,0.006,-0.01,-0.03,95.78,0.21,0.41,-0.17,769,770,769,769,LOITER,1
37.552,motor 1 at 100 %,1.0,19.947,0.006,-0.01,-0.02,95.77,0.26,0.43,-0.16,769,769,769,770,LOITER,1
37.572,motor 1 at 100 %,1.0,19.947,0.006,-0.01,-0.01,95.77,0.22,0.28,-0.12,769,769,769,770,LOITER,1
37.592,motor 1 at 100 %,1.0,19.947,0.006,-0.00,-0.01,95.77,0.12,0.36,-0.18,769,769,769,770,LOITER,1
37.612,motor 1 at 100 %,1.0,19.947,0.005,-0.00,-0.00,95.76,0.11,0.33,-0.14,769,770,769,769,LOITER,1
37.632,motor 1 at 100 %,1.0,19.947,0.005,0.00,0.01,95.76,0.10,0.33,-0.17,769,770,769,769,LOITER,1
37.652,motor 1 at 100 %,1.0,19.947,0.005,0.00,0.01,95.76,0.13,0.35,-0.16,769,770,769,769,LOITER,1
37.672,motor 1 at 100 %,1.0,19.947,0.005,0.01,0.02,95.75,0.15,0.31,-0.13,769,770,769,769,LOITER,1
37.692,motor 1 at 100 %,1.0,19.947,0.005,0.01,0.03,95.75,0.19,0.39,-0.08,769,770,769,769,LOITER,1
37.712,motor 1 at 100 %,1.0,19.947,0.005,0.01,0.03,95.75,0.20,0.25,-0.11,769,770,768,770,LOITER,1
37.732,motor 1 at 100 %,1.0,19.947,0.005,0.02,0.04,95.74,0.13,0.28,-0.07,769,770,768,770,LOITER,1
37.752,motor 1 at 100 %,1.0,19.947,0.004,0.02,0.04,95.74,0.13,0.21,-0.10,769,769,769,769,LOITER,1
37.772,motor 1 at 100 %,1.0,19.947,0.004,0.02,0.05,95.74,0.10,0.18,-0.09,769,769,769,769,LOITER,1
37.792,motor 1 at 100 %,1.0,19.947,0.004,0.02,0.05,95.73,0.11,0.20,-0.04,769,769,769,769,LOITER,1
37.812,motor 1 at 100 %,1.0,19.947,0.004,0.02,0.05,95.73,0.06,0.13,-0.09,769,769,769,769,LOITER,1
37.832,motor 1 at 100 %,1.0,19.947,0.004,0.03,0.06,95.72,0.04,0.14,-0.07,769,769,769,769,LOITER,1
37.852,motor 1 at 100 %,1.0,19.947,0.004,0.03,0.06,95.72,0.10,0.25,-0.04,769,770,768,769,LOITER,1
37.872,motor 1 at 100 %,1.0,19.947,0.004,0.03,0.07,95.72,0.14,0.17,-0.04,769,770,768,769,LOITER,1
37.892,motor 1 at 100 %,1.0,19.947,0.004,0.03,0.07,95.71,0.02,0.07,-0.02,769,770,768,769,LOITER,1
37.912,motor 1 at 100 %,1.0,19.947,0.004,0.03,0.07,95.71,-0.00,0.12,-0.07,770,769,769,769,LOITER,1
37.932,motor 1 at 100 %,1.0,19.947,0.004,0.03,0.07,95.70,0.06,0.09,-0.05,770,769,769,769,LOITER,1
37.952,motor 1 at 100 %,1.0,19.947,0.004,0.03,0.08,95.70,0.03,0.11,-0.02,769,770,769,769,LOITER,1
37.972,motor 1 at 100 %,1.0,19.947,0.004,0.03,0.08,95.69,0.12,-0.02,-0.02,769,770,769,769,LOITER,1
37.992,motor 1 at 100 %,1.0,19.947,0.004,0.03,0.08,95.68,0.13,0.04,-0.04,769,770,769,769,LOITER,1
38.012,motor 1 at 100 %,1.0,19.947,0.004,0.03,0.08,95.68,0.17,0.12,0.04,770,770,768,769,LOITER,1
38.032,motor 1 at 100 %,1.0,19.947,0.004,0.04,0.08,95.67,0.09,-0.02,0.04,770,770,768,769,LOITER,1
38.052,motor 1 at 100 %,1.0,19.947,0.004,0.04,0.08,95.67,0.10,0.04,0.07,769,770,768,768,LOITER,1
38.072,motor 1 at 100 %,1.0,19.947,0.004,0.04,0.08,95.67,0.19,-0.02,0.07,769,770,768,768,LOITER,1
38.092,motor 1 at 100 %,1.0,19.947,0.004,0.04,0.08,95.66,0.13,0.06,0.05,769,770,768,768,LOITER,1
38.112,motor 1 at 100 %,1.0,19.947,0.004,0.04,0.08,95.66,0.11,0.10,0.07,769,770,768,768,LOITER,1
38.132,motor 1 at 100 %,1.0,19.947,0.004,0.05,0.09,95.66,0.16,0.00,0.11,769,770,768,768,LOITER,1
38.152,motor 1 at 100 %,1.0,19.947,0.004,0.05,0.09,95.66,0.11,-0.01,0.10,770,769,769,768,LOITER,1
38.172,motor 1 at 100 %,1.0,19.947,0.004,0.05,0.09,95.66,0.11,0.12,0.11,770,769,769,768,LOITER,1
38.192,motor 1 at 100 %,1.0,19.947,0.004,0.05,0.09,95.66,0.10,0.02,0.09,770,769,769,768,LOITER,1
38.212,motor 1 at 100 %,1.0,19.947,0.004,0.05,0.09,95.66,0.07,0.07,0.18,770,769,769,768,LOITER,1
38.232,motor 1 at 100 %,1.0,19.947,0.004,0.06,0.09,95.66,0.06,0.13,0.11,770,769,769,768,LOITER,1
38.252,motor 1 at 100 %,1.0,19.946,0.004,0.06,0.09,95.66,0.03,0.06,0.17,770,770,769,769,LOITER,1
38.272,motor 1 at 100 %,1.0,19.946,0.004,0.06,0.10,95.67,0.02,0.13,0.17,770,770,769,769,LOITER,1
38.292,motor 1 at 100 %,1.0,19.946,0.004,0.06,0.10,95.67,0.01,0.11,0.14,770,770,769,769,LOITER,1
38.312,motor 1 at 100 %,1.0,19.945,0.004,0.06,0.10,95.67,0.03,0.09,0.15,770,770,769,769,LOITER,1
38.332,motor 1 at 100 %,1.0,19.945,0.004,0.06,0.10,95.67,0.02,0.15,0.17,770,770,769,769,LOITER,1
38.352,motor 1 at 100 %,1.0,19.945,0.004,0.06,0.11,95.67,0.01,0.13,0.23,770,770,769,769,LOITER,1
38.372,motor 1 at 100 %,1.0,19.945,0.004,0.06,0.11,95.68,-0.01,0.08,0.18,770,770,769,769,LOITER,1
38.392,motor 1 at 100 %,1.0,19.945,0.004,0.06,0.11,95.68,-0.05,0.13,0.25,770,770,769,769,LOITER,1
38.412,motor 1 at 100 %,1.0,19.944,0.004,0.05,0.11,95.68,-0.10,0.07,0.24,770,770,770,769,LOITER,1
38.432,motor 1 at 100 %,1.0,19.944,0.004,0.05,0.11,95.69,-0.11,0.17,0.22,770,770,770,769,LOITER,1
38.452,motor 1 at 100 %,1.0,19.943,0.003,0.05,0.12,95.69,-0.12,0.10,0.21,770,770,770,770,LOITER,1
38.472,motor 1 at 100 %,1.0,19.943,0.003,0.05,0.12,95.70,-0.09,0.06,0.20,770,770,770,770,LOITER,1
38.492,motor 1 at 100 %,1.0,19.943,0.003,0.04,0.12,95.70,-0.13,0.07,0.18,770,770,770,770,LOITER,1
38.512,motor 1 at 100 %,1.0,19.943,0.003,0.04,0.12,95.71,-0.12,0.10,0.20,770,770,770,770,LOITER,1
38.532,motor 1 at 100 %,1.0,19.943,0.003,0.04,0.13,95.71,-0.11,0.11,0.18,770,770,770,770,LOITER,1
38.552,motor 1 at 100 %,1.0,19.942,0.002,0.04,0.13,95.71,-0.15,0.05,0.17,770,770,770,770,LOITER,1
38.572,motor 1 at 100 %,1.0,19.942,0.002,0.04,0.13,95.72,-0.09,-0.00,0.21,770,770,770,770,LOITER,1
38.592,motor 1 at 100 %,1.0,19.942,0.002,0.03,0.13,95.72,-0.04,-0.02,0.19,770,770,770,770,LOITER,1
38.612,motor 1 at 100 %,1.0,19.941,0.002,0.03,0.13,95.73,-0.07,-0.04,0.17,770,770,770,771,LOITER,1
38.632,motor 1 at 100 %,1.0,19.941,0.002,0.03,0.13,95.73,-0.05,-0.05,0.21,770,770,770,771,LOITER,1
38.652,motor 1 at 100 %,1.0,19.940,0.001,0.03,0.13,95.74,-0.13,-0.17,0.15,770,770,770,770,LOITER,1
38.672,motor 1 at 100 %,1.0,19.940,0.001,0.03,0.12,95.74,-0.19,-0.25,0.23,770,770,770,770,LOITER,1
38.692,motor 1 at 100 %,1.0,19.940,0.001,0.02,0.12,95.75,-0.20,-0.22,0.22,770,770,770,770,LOITER,1
38.712,motor 1 at 100 %,1.0,19.940,-0.000,0.02,0.11,95.75,-0.26,-0.29,0.20,769,770,770,770,LOITER,1
38.732,motor 1 at 100 %,1.0,19.940,-0.000,0.01,0.11,95.76,-0.25,-0.34,0.15,769,770,770,770,LOITER,1
38.752,motor 1 at 100 %,1.0,19.939,-0.001,0.01,0.10,95.76,-0.20,-0.32,0.17,770,769,770,770,LOITER,1
38.772,motor 1 at 100 %,1.0,19.939,-0.001,0.01,0.09,95.76,-0.18,-0.36,0.14,770,769,770,770,LOITER,1
38.792,motor 1 at 100 %,1.0,19.939,-0.001,0.00,0.09,95.77,-0.12,-0.40,0.20,770,769,770,770,LOITER,1
38.812,motor 1 at 100 %,1.0,19.939,-0.002,0.00,0.08,95.77,-0.10,-0.33,0.16,769,770,770,770,LOITER,1
38.832,motor 1 at 100 %,1.0,19.939,-0.002,-0.00,0.07,95.77,-0.13,-0.47,0.15,769,770,770,770,LOITER,1
38.852,motor 1 at 100 %,1.0,19.939,-0.002,-0.00,0.07,95.78,-0.03,-0.40,0.11,769,769,770,770,LOITER,1
38.872,motor 1 at 100 %,1.0,19.939,-0.002,-0.00,0.06,95.78,0.01,-0.31,0.14,769,769,770,770,LOITER,1
38.892,motor 1 at 100 %,1.0,19.939,-0.002,0.00,0.05,95.78,0.01,-0.32,0.11,769,769,770,770,LOITER,1
38.912,motor 1 at 100 %,1.0,19.939,-0.003,0.00,0.05,95.78,0.02,-0.25,0.07,769,769,770,770,LOITER,1
38.932,motor 1 at 100 %,1.0,19.939,-0.003,0.00,0.04,95.79,0.08,-0.27,0.11,769,769,770,770,LOITER,1
38.952,motor 1 at 100 %,1.0,19.939,-0.003,0.00,0.04,95.79,0.04,-0.32,0.11,769,769,770,770,LOITER,1
38.972,motor 1 at 100 %,1.0,19.939,-0.003,0.00,0.03,95.79,0.08,-0.27,0.07,769,769,770,770,LOITER,1
38.992,motor 1 at 100 %,1.0,19.939,-0.003,0.01,0.03,95.79,0.08,-0.29,0.03,769,769,770,770,LOITER,1
39.012,motor 1 at 100 %,1.0,19.939,-0.003,0.01,0.02,95.79,0.06,-0.21,0.09,769,769,770,770,LOITER,1
39.032,motor 1 at 100 %,1.0,19.939,-0.003,0.01,0.02,95.79,0.05,-0.29,0.01,769,769,770,770,LOITER,1
39.052,motor 1 at 100 %,1.0,19.939,-0.003,0.01,0.01,95.79,0.00,-0.25,-0.00,769,769,770,770,LOITER,1
39.072,motor 1 at 100 %,1.0,19.939,-0.003,0.01,0.01,95.79,-0.00,-0.28,0.10,769,769,770,770,LOITER,1
39.092,motor 1 at 100 %,1.0,19.939,-0.003,0.01,0.00,95.79,-0.01,-0.33,-0.02,769,769,770,770,LOITER,1
39.112,motor 1 at 100 %,1.0,19.939,-0.003,0.01,-0.00,95.79,-0.06,-0.28,0.00,769,769,770,770,LOITER,1
39.132,motor 1 at 100 %,1.0,19.939,-0.003,0.01,-0.01,95.79,-0.01,-0.26,-0.06,769,769,770,770,LOITER,1
39.152,motor 1 at 100 %,1.0,19.939,-0.003,0.01,-0.01,95.79,-0.04,-0.28,-0.04,770,768,770,770,LOITER,1
39.172,motor 1 at 100 %,1.0,19.939,-0.003,0.01,-0.02,95.79,-0.10,-0.16,-0.05,770,768,770,770,LOITER,1
39.192,motor 1 at 100 %,1.0,19.939,-0.003,0.00,-0.02,95.78,-0.12,-0.13,-0.00,770,768,770,770,LOITER,1
39.212,motor 1 at 100 %,1.0,19.939,-0.004,0.00,-0.02,95.78,-0.20,-0.08,-0.04,769,769,770,770,LOITER,1
39.232,motor 1 at 100 %,1.0,19.939,-0.004,-0.00,-0.02,95.78,-0.24,-0.15,-0.07,769,769,770,770,LOITER,1
39.252,motor 1 at 100 %,1.0,19.939,-0.004,-0.01,-0.02,95.78,-0.26,0.00,-0.06,769,770,769,770,LOITER,1
39.272,motor 1 at 100 %,1.0,19.939,-0.004,-0.01,-0.02,95.78,-0.12,-0.11,-0.07,769,770,769,770,LOITER,1
39.292,motor 1 at 100 %,1.0,19.939,-0.004,-0.02,-0.03,95.77,-0.20,-0.21,-0.09,769,770,769,770,LOITER,1
39.312,motor 1 at 100 %,1.0,19.939,-0.004,-0.02,-0.03,95.77,-0.19,-0.21,-0.09,769,769,770,769,LOITER,1
39.332,motor 1 at 100 %,1.0,19.939,-0.004,-0.02,-0.03,95.77,-0.08,-0.13,-0.08,769,769,770,769,LOITER,1
39.352,motor 1 at 100 %,1.0,19.939,-0.004,-0.02,-0.03,95.77,-0.12,-0.08,-0.10,769,770,769,770,LOITER,1
39.372,motor 1 at 100 %,1.0,19.939,-0.004,-0.03,-0.04,95.77,-0.15,-0.25,-0.04,769,770,769,770,LOITER,1
39.392,motor 1 at 100 %,1.0,19.939,-0.004,-0.03,-0.04,95.77,-0.09,-0.24,-0.12,769,770,769,770,LOITER,1
39.412,motor 1 at 100 %,1.0,19.939,-0.004,-0.03,-0.04,95.77,-0.11,-0.13,-0.10,769,770,769,769,LOITER,1
39.432,motor 1 at 100 %,1.0,19.939,-0.004,-0.03,-0.05,95.77,-0.02,-0.14,-0.11,769,770,769,769,LOITER,1
39.452,motor 1 at 100 %,1.0,19.939,-0.004,-0.03,-0.05,95.77,0.01,-0.24,-0.01,769,769,769,769,LOITER,1
39.472,motor 1 at 100 %,1.0,19.939,-0.004,-0.03,-0.05,95.77,0.02,-0.30,-0.08,769,769,769,769,LOITER,1
39.492,motor 1 at 100 %,1.0,19.939,-0.004,-0.03,-0.06,95.77,-0.05,-0.23,-0.04,769,769,769,769,LOITER,1
39.512,motor 1 at 100 %,1.0,19.938,-0.004,-0.03,-0.06,95.77,0.03,-0.31,-0.11,769,770,770,769,LOITER,1
39.532,motor 1 at 100 %,1.0,19.938,-0.004,-0.03,-0.07,95.77,0.02,-0.23,-0.06,769,770,770,769,LOITER,1
39.552,motor 1 at 100 %,1.0,19.938,-0.004,-0.03,-0.07,95.77,0.11,-0.24,-0.02,769,769,769,769,LOITER,1
39.572,motor 1 at 100 %,1.0,19.938,-0.004,-0.03,-0.08,95.77,0.07,-0.28,-0.07,769,769,769,769,LOITER,1
39.592,motor 1 at 100 %,1.0,19.938,-0.004,-0.03,-0.08,95.78,0.15,-0.29,-0.05,769,769,769,769,LOITER,1
39.612,motor 1 at 100 %,1.0,19.938,-0.005,-0.02,-0.08,95.78,0.22,-0.18,-0.09,770,769,769,770,LOITER,1
39.632,motor 1 at 100 %,1.0,19.938,-0.005,-0.02,-0.09,95.78,0.18,-0.30,-0.05,770,769,769,770,LOITER,1
39.652,motor 1 at 100 %,1.0,19.938,-0.005,-0.02,-0.09,95.78,0.19,-0.19,-0.11,769,770,769,770,LOITER,1
39.672,motor 1 at 100 %,1.0,19.938,-0.005,-0.01,-0.09,95.78,0.18,-0.14,-0.10,769,770,769,770,LOITER,1
39.692,motor 1 at 100 %,1.0,19.938,-0.005,-0.01,-0.10,95.78,0.19,-0.23,0.01,769,770,769,770,LOITER,1
39.712,motor 1 at 100 %,1.0,19.938,-0.005,-0.01,-0.10,95.78,0.27,-0.20,-0.05,769,769,770,769,LOITER,1
39.732,motor 1 at 100 %,1.0,19.938,-0.005,-0.00,-0.10,95.78,0.27,-0.14,-0.08,769,769,770,769,LOITER,1
39.752,motor 1 at 100 %,1.0,19.938,-0.006,0.00,-0.11,95.79,0.23,-0.08,-0.06,769,769,769,769,LOITER,1
39.772,motor 1 at 100 %,1.0,19.938,-0.006,0.01,-0.11,95.79,0.18,-0.06,-0.11,769,769,769,769,LOITER,1
39.792,motor 1 at 100 %,1.0,19.938,-0.006,0.01,-0.11,95.79,0.13,-0.06,-0.06,769,769,769,769,LOITER,1
39.812,motor 1 at 100 %,1.0,19.938,-0.005,0.01,-0.11,95.79,0.22,-0.02,-0.04,769,769,769,769,LOITER,1
39.832,motor 1 at 100 %,1.0,19.938,-0.005,0.02,-0.11,95.79,0.21,0.01,-0.05,769,769,769,769,LOITER,1
39.852,motor 1 at 100 %,1.0,19.939,-0.005,0.02,-0.11,95.79,0.24,0.06,-0.08,769,769,769,769,LOITER,1
39.872,motor 1 at 100 %,1.0,19.939,-0.005,0.02,-0.11,95.79,0.23,0.08,-0.03,769,769,769,769,LOITER,1
39.892,motor 1 at 100 %,1.0,19.939,-0.005,0.03,-0.10,95.79,0.22,0.08,-0.03,769,769,769,769,LOITER,1
39.912,motor 1 at 100 %,1.0,19.939,-0.005,0.03,-0.10,95.79,0.20,0.12,-0.09,769,769,769,769,LOITER,1
39.932,motor 1 at 100 %,1.0,19.939,-0.005,0.04,-0.10,95.79,0.24,0.13,-0.04,769,769,769,769,LOITER,1
39.952,motor 1 at 100 %,1.0,19.940,-0.005,0.04,-0.10,95.79,0.25,0.17,-0.08,768,769,769,769,LOITER,1
39.972,motor 1 at 100 %,1.0,19.940,-0.005,0.04,-0.10,95.79,0.24,0.09,-0.08,768,769,769,769,LOITER,1
39.992,motor 1 at 100 %,1.0,19.940,-0.005,0.05,-0.09,95.79,0.37,0.23,-0.06,768,769,769,769,LOITER,1
40.012,motor 1 at 100 %,1.0,19.941,-0.005,0.06,-0.09,95.79,0.28,0.33,-0.05,769,768,769,769,LOITER,1
40.032,motor 1 at 100 %,1.0,19.941,-0.005,0.06,-0.08,95.79,0.30,0.35,-0.07,769,768,769,769,LOITER,1
40.052,motor 1 at 100 %,1.0,19.941,-0.005,0.07,-0.08,95.79,0.41,0.31,-0.10,769,768,769,769,LOITER,1
40.072,motor 1 at 100 %,1.0,19.941,-0.005,0.08,-0.07,95.78,0.32,0.37,-0.10,769,768,769,769,LOITER,1
40.092,motor 1 at 100 %,1.0,19.941,-0.005,0.08,-0.06,95.78,0.34,0.43,-0.05,769,768,769,769,LOITER,1
40.112,motor 1 at 100 %,1.0,19.942,-0.004,0.09,-0.05,95.78,0.29,0.49,-0.11,769,768,769,769,LOITER,1
40.132,motor 1 at 100 %,1.0,19.942,-0.004,0.09,-0.05,95.78,0.27,0.52,-0.07,769,768,769,769,LOITER,1
40.152,motor 1 at 100 %,1.0,19.942,-0.004,0.10,-0.03,95.78,0.18,0.56,-0.12,768,769,769,769,LOITER,1
40.172,motor 1 at 100 %,1.0,19.942,-0.004,0.10,-0.03,95.78,0.27,0.47,-0.10,768,769,769,769,LOITER,1
40.192,motor 1 at 100 %,1.0,19.942,-0.004,0.11,-0.01,95.77,0.20,0.58,-0.10,768,769,769,769,LOITER,1
40.212,motor 1 at 100 %,1.0,19.942,-0.003,0.11,-0.00,95.77,0.15,0.60,-0.12,769,769,769,769,LOITER,1
40.232,motor 1 at 100 %,1.0,19.942,-0.003,0.12,0.01,95.77,0.14,0.65,-0.08,769,769,769,769,LOITER,1
40.252,motor 1 at 100 %,1.0,19.942,-0.003,0.12,0.02,95.77,0.09,0.59,-0.07,769,769,769,769,LOITER,1
40.272,motor 1 at 100 %,1.0,19.942,-0.003,0.12,0.03,95.77,0.05,0.56,-0.11,769,769,769,769,LOITER,1
40.292,motor 1 at 100 %,1.0,19.942,-0.003,0.12,0.04,95.76,0.03,0.55,-0.08,769,769,769,769,LOITER,1
40.312,motor 1 at 100 %,1.0,19.942,-0.003,0.12,0.05,95.76,0.00,0.64,-0.06,769,769,769,768,LOITER,1
40.332,motor 1 at 100 %,1.0,19.942,-0.003,0.12,0.06,95.76,-0.06,0.66,-0.08,769,769,769,768,LOITER,1
40.352,motor 1 at 100 %,1.0,19.942,-0.003,0.12,0.07,95.76,-0.05,0.62,-0.04,769,769,769,769,LOITER,1
40.372,motor 1 at 100 %,1.0,19.942,-0.003,0.12,0.09,95.76,-0.09,0.61,-0.07,769,769,769,769,LOITER,1
40.392,motor 1 at 100 %,1.0,19.942,-0.003,0.12,0.10,95.75,-0.08,0.62,-0.07,769,769,769,769,LOITER,1
40.412,motor 1 at 100 %,1.0,19.942,-0.002,0.12,0.11,95.75,-0.02,0.70,-0.02,769,769,769,769,LOITER,1
40.432,motor 1 at 100 %,1.0,19.942,-0.002,0.11,0.12,95.75,-0.17,0.73,-0.07,769,769,769,769,LOITER,1
40.452,motor 1 at 100 %,1.0,19.942,-0.002,0.11,0.14,95.75,-0.15,0.74,-0.04,769,769,769,769,LOITER,1
40.472,motor 1 at 100 %,1.0,19.942,-0.002,0.11,0.15,95.75,-0.20,0.74,-0.08,769,769,769,769,LOITER,1
40.492,motor 1 at 100 %,1.0,19.942,-0.002,0.10,0.16,95.74,-0.16,0.70,-0.06,769,769,769,769,LOITER,1
40.512,motor 1 at 100 %,1.0,19.942,-0.002,0.10,0.18,95.74,-0.14,0.66,-0.10,769,769,769,769,LOITER,1
40.532,motor 1 at 100 %,1.0,19.942,-0.002,0.10,0.19,95.74,-0.12,0.69,-0.06,769,769,769,769,LOITER,1
40.552,motor 1 at 100 %,1.0,19.942,-0.002,0.09,0.20,95.74,-0.12,0.60,-0.06,769,769,769,769,LOITER,1
40.572,motor 1 at 100 %,1.0,19.942,-0.002,0.09,0.21,95.74,-0.05,0.48,-0.02,769,769,769,769,LOITER,1
40.592,motor 1 at 100 %,1.0,19.942,-0.002,0.09,0.22,95.73,-0.04,0.43,-0.09,769,769,769,769,LOITER,1
40.612,motor 1 at 100 %,1.0,19.942,-0.002,0.09,0.23,95.73,-0.04,0.41,-0.05,769,769,769,769,LOITER,1
40.632,motor 1 at 100 %,1.0,19.942,-0.002,0.09,0.24,95.73,0.03,0.44,-0.04,769,769,769,769,LOITER,1
40.652,motor 1 at 100 %,1.0,19.941,-0.002,0.09,0.24,95.73,-0.01,0.38,-0.01,769,769,769,769,LOITER,1
40.672,motor 1 at 100 %,1.0,19.941,-0.002,0.09,0.25,95.73,-0.04,0.45,-0.02,769,769,769,769,LOITER,1
40.692,motor 1 at 100 %,1.0,19.941,-0.002,0.09,0.26,95.73,0.03,0.37,-0.04,769,769,769,769,LOITER,1
40.712,motor 1 at 100 %,1.0,19.941,-0.002,0.09,0.27,95.72,0.01,0.43,-0.05,770,769,769,769,LOITER,1
40.732,motor 1 at 100 %,1.0,19.941,-0.002,0.09,0.27,95.72,0.02,0.38,-0.01,770,769,769,769,LOITER,1
40.752,motor 1 at 100 %,1.0,19.941,-0.002,0.09,0.28,95.72,0.05,0.27,0.03,770,769,769,769,LOITER,1
40.772,motor 1 at 100 %,1.0,19.941,-0.002,0.09,0.29,95.72,0.02,0.41,0.01,770,769,769,769,LOITER,1
40.792,motor 1 at 100 %,1.0,19.941,-0.002,0.09,0.29,95.72,-0.03,0.29,-0.02,770,769,769,769,LOITER,1
40.812,motor 1 at 100 %,1.0,19.941,-0.002,0.09,0.30,95.72,-0.05,0.19,0.01,770,769,769,769,LOITER,1
40.832,motor 1 at 100 %,1.0,19.941,-0.002,0.08,0.30,95.72,-0.09,0.20,0.02,770,769,769,769,LOITER,1
40.852,motor 1 at 100 %,1.0,19.941,-0.002,0.08,0.30,95.72,-0.10,0.21,0.06,770,770,769,769,LOITER,1
40.872,motor 1 at 100 %,1.0,19.941,-0.002,0.08,0.31,95.72,-0.13,0.06,0.05,770,770,769,769,LOITER,1
40.892,motor 1 at 100 %,1.0,19.941,-0.002,0.07,0.31,95.72,-0.21,0.08,0.04,770,770,769,769,LOITER,1
40.912,motor 1 at 100 %,1.0,19.940,-0.002,0.07,0.31,95.72,-0.20,-0.01,0.08,770,770,769,769,LOITER,1
40.932,motor 1 at 100 %,1.0,19.940,-0.002,0.07,0.31,95.72,-0.26,0.05,0.09,770,770,769,769,LOITER,1
40.952,motor 1 at 100 %,1.0,19.940,-0.002,0.06,0.31,95.72,-0.24,-0.02,0.08,770,769,769,769,LOITER,1
40.972,motor 1 at 100 %,1.0,19.940,-0.002,0.06,0.31,95.72,-0.22,-0.03,0.06,770,769,769,769,LOITER,1
40.992,motor 1 at 100 %,1.0,19.940,-0.002,0.05,0.31,95.72,-0.16,-0.09,0.08,770,769,769,769,LOITER,1
41.012,motor 1 at 100 %,1.0,19.941,-0.003,0.05,0.31,95.72,-0.15,-0.03,0.06,770,769,769,769,LOITER,1
41.032,motor 1 at 100 %,1.0,19.941,-0.003,0.04,0.31,95.72,-0.28,-0.03,0.07,770,769,769,769,LOITER,1
41.052,motor 1 at 100 %,1.0,19.941,-0.003,0.04,0.30,95.72,-0.24,-0.09,0.08,769,769,769,769,LOITER,1
41.072,motor 1 at 100 %,1.0,19.941,-0.003,0.04,0.30,95.72,-0.13,-0.17,0.12,769,769,769,769,LOITER,1
41.092,motor 1 at 100 %,1.0,19.941,-0.003,0.03,0.30,95.72,-0.17,-0.19,0.10,769,769,769,769,LOITER,1
41.112,motor 1 at 100 %,1.0,19.942,-0.003,0.03,0.29,95.72,-0.20,-0.11,0.06,769,769,769,769,LOITER,1
41.132,motor 1 at 100 %,1.0,19.942,-0.003,0.03,0.29,95.72,-0.23,-0.17,0.07,769,769,769,769,LOITER,1
41.152,motor 1 at 100 %,1.0,19.942,-0.002,0.02,0.29,95.72,-0.18,-0.19,0.12,769,769,769,769,LOITER,1
41.172,motor 1 at 100 %,1.0,19.942,-0.002,0.02,0.28,95.72,-0.21,-0.13,0.09,769,769,769,769,LOITER,1
41.192,motor 1 at 100 %,1.0,19.942,-0.002,0.01,0.28,95.72,-0.22,-0.18,0.12,769,769,769,769,LOITER,1
41.212,motor 1 at 100 %,1.0,19.942,-0.002,0.01,0.28,95.72,-0.22,-0.20,0.09,769,769,769,769,LOITER,1
41.232,motor 1 at 100 %,1.0,19.942,-0.002,0.00,0.27,95.72,-0.28,-0.11,0.07,769,769,769,769,LOITER,1
41.252,motor 1 at 100 %,1.0,19.943,-0.002,-0.00,0.27,95.72,-0.22,-0.20,0.04,769,769,769,769,LOITER,1
41.272,motor 1 at 100 %,1.0,19.943,-0.002,-0.00,0.26,95.72,-0.18,-0.26,0.08,769,769,769,769,LOITER,1
41.292,motor 1 at 100 %,1.0,19.943,-0.002,-0.01,0.26,95.72,-0.27,-0.22,0.11,769,769,769,769,LOITER,1
41.312,motor 1 at 100 %,1.0,19.944,-0.002,-0.01,0.26,95.72,-0.17,-0.19,0.17,769,769,769,769,LOITER,1
41.332,motor 1 at 100 %,1.0,19.944,-0.002,-0.02,0.25,95.72,-0.16,-0.23,0.08,769,769,769,769,LOITER,1
41.352,motor 1 at 100 %,1.0,19.944,-0.001,-0.02,0.25,95.72,-0.18,-0.23,0.08,769,769,769,768,LOITER,1
41.372,motor 1 at 100 %,1.0,19.944,-0.001,-0.02,0.24,95.72,-0.06,-0.15,0.05,769,769,769,768,LOITER,1
41.392,motor 1 at 100 %,1.0,19.944,-0.001,-0.02,0.24,95.72,-0.03,-0.11,0.11,769,769,769,768,LOITER,1
41.412,motor 1 at 100 %,1.0,19.945,-0.001,-0.03,0.24,95.72,-0.06,-0.24,0.10,768,769,768,769,LOITER,1
41.432,motor 1 at 100 %,1.0,19.945,-0.001,-0.03,0.23,95.72,-0.12,-0.28,0.11,768,769,768,769,LOITER,1
41.452,motor 1 at 100 %,1.0,19.945,0.000,-0.03,0.23,95.72,-0.07,-0.19,0.09,768,769,768,769,LOITER,1
41.472,motor 1 at 100 %,1.0,19.945,0.000,-0.03,0.22,95.73,0.03,-0.21,0.07,768,769,768,769,LOITER,1
41.492,motor 1 at 100 %,1.0,19.945,0.000,-0.03,0.22,95.73,0.03,-0.26,0.08,768,769,768,769,LOITER,1
41.512,motor 1 at 100 %,1.0,19.945,0.000,-0.03,0.21,95.73,-0.04,-0.27,0.08,769,769,769,769,LOITER,1
41.532,motor 1 at 100 %,1.0,19.945,0.000,-0.03,0.20,95.74,0.01,-0.29,0.11,769,769,769,769,LOITER,1
41.552,motor 1 at 100 %,1.0,19.945,0.001,-0.03,0.20,95.74,0.02,-0.25,0.09,769,769,769,769,LOITER,1
41.572,motor 1 at 100 %,1.0,19.945,0.001,-0.03,0.19,95.75,-0.05,-0.33,0.03,769,769,769,769,LOITER,1
41.592,motor 1 at 100 %,1.0,19.945,0.001,-0.03,0.19,95.75,0.04,-0.24,0.12,769,769,769,769,LOITER,1
41.612,motor 1 at 100 %,1.0,19.945,0.001,-0.03,0.18,95.76,-0.01,-0.25,0.09,769,769,769,769,LOITER,1
41.632,motor 1 at 100 %,1.0,19.945,0.001,-0.03,0.18,95.76,0.04,-0.16,0.11,769,769,769,769,LOITER,1
41.652,motor 1 at 100 %,1.0,19.945,0.001,-0.03,0.17,95.77,0.13,-0.14,0.12,769,769,769,769,LOITER,1
41.672,motor 1 at 100 %,1.0,19.945,0.001,-0.03,0.17,95.77,0.12,-0.13,0.05,769,769,769,769,LOITER,1
41.692,motor 1 at 100 %,1.0,19.945,0.001,-0.02,0.17,95.78,0.20,-0.15,0.08,769,769,769,769,LOITER,1
41.712,motor 1 at 100 %,1.0,19.944,0.001,-0.02,0.16,95.78,0.20,-0.14,0.11,769,769,769,770,LOITER,1
41.732,motor 1 at 100 %,1.0,19.944,0.001,-0.02,0.16,95.79,0.11,-0.17,0.04,769,769,769,770,LOITER,1
41.752,motor 1 at 100 %,1.0,19.944,0.002,-0.02,0.16,95.79,0.13,-0.20,0.07,769,769,770,769,LOITER,1
41.772,motor 1 at 100 %,1.0,19.944,0.002,-0.01,0.15,95.79,0.23,-0.17,-0.01,769,769,770,769,LOITER,1
41.792,motor 1 at 100 %,1.0,19.944,0.002,-0.01,0.15,95.80,0.17,-0.16,0.10,769,769,770,769,LOITER,1
41.812,motor 1 at 100 %,1.0,19.944,0.001,-0.01,0.14,95.80,0.21,-0.19,-0.00,769,769,770,770,LOITER,1
41.832,motor 1 at 100 %,1.0,19.944,0.001,-0.00,0.14,95.80,0.13,-0.23,0.04,769,769,770,770,LOITER,1
41.852,motor 1 at 100 %,1.0,19.943,0.001,0.00,0.13,95.80,0.19,-0.24,-0.00,769,769,770,770,LOITER,1
41.872,motor 1 at 100 %,1.0,19.943,0.001,0.00,0.13,95.80,0.19,-0.24,0.01,769,769,770,770,LOITER,1
41.892,motor 1 at 100 %,1.0,19.943,0.001,0.01,0.12,95.79,0.18,-0.27,-0.09,769,769,770,770,LOITER,1
41.912,motor 1 at 100 %,1.0,19.943,0.001,0.01,0.12,95.79,0.09,-0.19,-0.03,770,769,770,770,LOITER,1
41.932,motor 1 at 100 %,1.0,19.943,0.001,0.01,0.11,95.79,0.05,-0.20,-0.00,770,769,770,770,LOITER,1
41.952,motor 1 at 100 %,1.0,19.943,0.000,0.01,0.11,95.78,0.03,-0.12,-0.05,769,769,770,770,LOITER,1
41.972,motor 1 at 100 %,1.0,19.943,0.000,0.01,0.11,95.78,-0.00,-0.14,-0.03,769,769,770,770,LOITER,1
41.992,motor 1 at 100 %,1.0,19.943,0.000,0.01,0.10,95.77,-0.02,-0.19,-0.09,769,769,770,770,LOITER,1
42.012,motor 1 at 100 %,1.0,19.942,-0.000,0.01,0.10,95.76,0.05,-0.02,-0.09,769,769,770,769,LOITER,1
42.032,motor 1 at 100 %,1.0,19.942,-0.000,0.01,0.10,95.76,-0.02,0.01,-0.06,769,769,770,769,LOITER,1
42.052,motor 1 at 100 %,1.0,19.942,-0.000,0.01,0.10,95.75,-0.11,-0.04,-0.05,769,769,770,769,LOITER,1
42.072,motor 1 at 100 %,1.0,19.942,-0.000,0.01,0.10,95.74,-0.15,0.02,-0.03,769,769,770,769,LOITER,1
42.092,motor 1 at 100 %,1.0,19.942,-0.000,0.01,0.10,95.74,-0.14,0.01,-0.08,769,769,770,769,LOITER,1
42.112,motor 1 at 100 %,1.0,19.942,-0.001,0.01,0.10,95.73,-0.01,-0.01,-0.07,770,769,769,769,LOITER,1
42.132,motor 1 at 100 %,1.0,19.942,-0.001,0.01,0.10,95.72,-0.11,0.02,-0.01,770,769,769,769,LOITER,1
42.152,motor 1 at 100 %,1.0,19.942,-0.001,0.00,0.10,95.72,-0.16,0.05,-0.03,769,770,769,769,LOITER,1
42.172,motor 1 at 100 %,1.0,19.942,-0.001,0.00,0.10,95.71,-0.16,-0.02,-0.06,769,770,769,769,LOITER,1
42.192,motor 1 at 100 %,1.0,19.942,-0.001,-0.00,0.10,95.70,-0.16,-0.02,-0.04,769,770,769,769,LOITER,1
42.212,motor 1 at 100 %,1.0,19.942,-0.001,-0.00,0.10,95.69,-0.10,-0.00,-0.02,770,770,769,769,LOITER,1
42.232,motor 1 at 100 %,1.0,19.942,-0.001,-0.01,0.10,95.69,-0.23,-0.14,-0.00,770,770,769,769,LOITER,1
42.252,motor 1 at 100 %,1.0,19.941,-0.002,-0.01,0.09,95.68,-0.31,-0.22,-0.00,770,770,769,769,LOITER,1
42.272,motor 1 at 100 %,1.0,19.941,-0.002,-0.02,0.09,95.68,-0.25,-0.29,-0.01,770,770,769,769,LOITER,1
42.292,motor 1 at 100 %,1.0,19.941,-0.002,-0.02,0.08,95.68,-0.29,-0.27,0.04,770,770,769,769,LOITER,1
42.312,motor 1 at 100 %,1.0,19.941,-0.002,-0.03,0.08,95.67,-0.33,-0.30,0.03,770,770,769,769,LOITER,1
42.332,motor 1 at 100 %,1.0,19.941,-0.002,-0.03,0.07,95.67,-0.40,-0.34,0.06,770,770,769,769,LOITER,1
42.352,motor 1 at 100 %,1.0,19.941,-0.002,-0.04,0.07,95.67,-0.36,-0.37,0.06,770,770,769,769,LOITER,1
42.372,motor 1 at 100 %,1.0,19.941,-0.002,-0.05,0.06,95.67,-0.38,-0.40,0.10,770,770,769,769,LOITER,1
42.392,motor 1 at 100 %,1.0,19.941,-0.002,-0.06,0.05,95.66,-0.42,-0.45,0.04,770,770,769,769,LOITER,1
42.412,motor 1 at 100 %,1.0,19.940,-0.003,-0.06,0.04,95.66,-0.40,-0.37,0.03,770,770,769,769,LOITER,1
42.432,motor 1 at 100 %,1.0,19.940,-0.003,-0.07,0.03,95.66,-0.40,-0.46,0.07,770,770,769,769,LOITER,1
42.452,motor 1 at 100 %,1.0,19.940,-0.003,-0.08,0.03,95.66,-0.35,-0.43,0.08,770,770,769,769,LOITER,1
42.472,motor 1 at 100 %,1.0,19.940,-0.003,-0.09,0.02,95.66,-0.30,-0.42,0.08,770,770,769,769,LOITER,1
42.492,motor 1 at 100 %,1.0,19.940,-0.003,-0.09,0.01,95.67,-0.34,-0.46,0.12,770,770,769,769,LOITER,1
42.512,motor 1 at 100 %,1.0,19.940,-0.003,-0.10,0.00,95.67,-0.37,-0.47,0.16,770,770,769,768,LOITER,1
42.532,motor 1 at 100 %,1.0,19.940,-0.003,-0.11,-0.01,95.67,-0.28,-0.42,0.17,770,770,769,768,LOITER,1
42.552,motor 1 at 100 %,1.0,19.940,-0.004,-0.11,-0.01,95.67,-0.27,-0.47,0.17,770,770,769,769,LOITER,1
42.572,motor 1 at 100 %,1.0,19.940,-0.004,-0.12,-0.02,95.68,-0.24,-0.46,0.13,770,770,769,769,LOITER,1
42.592,motor 1 at 100 %,1.0,19.940,-0.004,-0.12,-0.03,95.68,-0.25,-0.49,0.18,770,770,769,769,LOITER,1
42.612,motor 1 at 100 %,1.0,19.939,-0.004,-0.12,-0.04,95.68,-0.18,-0.50,0.19,770,770,769,769,LOITER,1
42.632,motor 1 at 100 %,1.0,19.939,-0.004,-0.13,-0.05,95.69,-0.25,-0.48,0.16,770,770,769,769,LOITER,1
42.652,motor 1 at 100 %,1.0,19.939,-0.004,-0.14,-0.06,95.69,-0.24,-0.54,0.18,770,769,770,768,LOITER,1
42.672,motor 1 at 100 %,1.0,19.939,-0.004,-0.14,-0.07,95.70,-0.19,-0.50,0.16,770,769,770,768,LOITER,1
42.692,motor 1 at 100 %,1.0,19.939,-0.004,-0.14,-0.08,95.70,-0.17,-0.49,0.23,770,769,770,768,LOITER,1
42.712,motor 1 at 100 %,1.0,19.939,-0.004,-0.15,-0.09,95.70,-0.16,-0.63,-0.44,769,769,770,769,LOITER,1
42.732,motor 1 at 100 %,1.0,19.939,-0.004,-0.20,-0.24,95.61,-3.74,-10.33,-6.02,769,769,770,769,LOITER,1
42.732,motor 1 effectiveness -> 0% (PX4 reads back 0.00),0.0,19.938,0.028,-0.20,-0.24,95.61,-3.74,-10.33,-6.02,769,769,770,769,LOITER,1
42.752,motor 1 effectiveness -> 0% (PX4 reads back 0.00),0.0,19.938,0.028,-0.34,-0.63,95.39,-7.96,-22.45,-12.67,150,208,998,986,LOITER,1
42.772,motor 1 effectiveness -> 0% (PX4 reads back 0.00),0.0,19.938,0.028,-0.48,-1.16,95.04,-7.00,-26.75,-19.51,150,208,998,986,LOITER,1
42.792,motor 1 effectiveness -> 0% (PX4 reads back 0.00),0.0,19.938,0.028,-0.57,-1.72,94.55,-4.69,-28.09,-26.29,150,208,998,986,LOITER,1
42.812,motor 1 effectiveness -> 0% (PX4 reads back 0.00),0.0,19.935,0.087,-0.62,-2.30,93.93,-3.19,-29.42,-32.99,150,196,991,990,LOITER,1
42.832,motor 1 effectiveness -> 0% (PX4 reads back 0.00),0.0,19.935,0.087,-0.63,-2.91,93.17,-1.65,-30.17,-39.55,150,196,991,990,LOITER,1
42.852,motor 1 effectiveness -> 0% (PX4 reads back 0.00),0.0,19.927,0.167,-0.58,-3.52,92.29,0.23,-30.11,-46.02,150,180,980,965,LOITER,1
42.872,motor 1 effectiveness -> 0% (PX4 reads back 0.00),0.0,19.927,0.167,-0.48,-4.13,91.28,2.33,-29.43,-52.38,150,180,980,965,LOITER,1
42.892,motor 1 effectiveness -> 0% (PX4 reads back 0.00),0.0,19.927,0.167,-0.33,-4.73,90.13,3.46,-30.39,-58.60,150,180,980,965,LOITER,1
42.912,motor 1 effectiveness -> 0% (PX4 reads back 0.00),0.0,19.916,0.245,-0.13,-5.41,88.87,4.99,-35.31,-64.39,150,354,968,987,LOITER,1
42.932,motor 1 effectiveness -> 0% (PX4 reads back 0.00),0.0,19.916,0.245,0.24,-6.32,87.50,14.17,-49.79,-69.00,150,354,968,987,LOITER,1
42.952,motor 1 effectiveness -> 0% (PX4 reads back 0.00),0.0,19.901,0.296,1.27,-7.90,86.10,54.92,-91.15,-68.36,150,1000,355,150,LOITER,1
42.972,motor 1 effectiveness -> 0% (PX4 reads back 0.00),0.0,19.901,0.296,3.64,-10.52,84.65,124.52,-148.00,-65.09,150,1000,355,150,LOITER,1
42.992,motor 1 effectiveness -> 0% (PX4 reads back 0.00),0.0,19.901,0.296,7.57,-14.32,82.99,195.81,-212.61,-61.34,150,1000,355,150,LOITER,1
43.012,motor 1 effectiveness -> 0% (PX4 reads back 0.00),0.0,19.881,0.487,13.14,-19.35,80.79,262.82,-284.00,-57.44,150,1000,150,150,LOITER,1
43.032,motor 1 effectiveness -> 0% (PX4 reads back 0.00),0.0,19.881,0.487,20.63,-25.54,77.53,327.53,-357.91,-53.71,150,1000,150,150,LOITER,1
43.052,motor 1 effectiveness -> 0% (PX4 reads back 0.00),0.0,19.842,0.798,30.65,-32.59,72.37,390.02,-433.46,-50.12,150,1000,150,150,LOITER,1
43.072,motor 1 effectiveness -> 0% (PX4 reads back 0.00),0.0,19.842,0.798,44.37,-39.81,64.02,452.13,-510.36,-46.56,150,1000,150,150,LOITER,1
43.092,motor 1 effectiveness -> 0% (PX4 reads back 0.00),0.0,19.842,0.798,63.38,-45.82,50.80,513.30,-586.55,-43.14,150,1000,150,150,LOITER,1
43.112,motor 1 effectiveness -> 0% (PX4 reads back 0.00),0.0,19.793,1.136,88.31,-48.21,32.13,573.30,-663.78,-39.73,150,1000,150,150,LOITER,1
43.132,motor 1 effectiveness -> 0% (PX4 reads back 0.00),0.0,19.793,1.136,115.47,-44.40,11.90,634.35,-740.78,-36.27,150,1000,150,150,LOITER,1
43.152,motor 1 effectiveness -> 0% (PX4 reads back 0.00),0.0,19.722,1.616,139.20,-34.08,-3.89,694.25,-816.54,-32.79,150,1000,150,150,LOITER,1
43.172,motor 1 effectiveness -> 0% (PX4 reads back 0.00),0.0,19.722,1.616,158.35,-18.77,-13.36,753.78,-893.98,-29.12,150,1000,150,150,LOITER,1
43.192,motor 1 effectiveness -> 0% (PX4 reads back 0.00),0.0,19.722,1.616,175.13,-0.15,-17.21,815.07,-970.58,-25.24,150,1000,150,150,LOITER,1
43.212,motor 1 effectiveness -> 0% (PX4 reads back 0.00),0.0,19.622,2.281,-167.16,20.28,-15.31,874.74,-1047.00,-21.33,150,1000,150,150,LOITER,1
43.232,motor 1 effectiveness -> 0% (PX4 reads back 0.00),0.0,19.622,2.281,-142.80,40.16,-4.18,935.92,-1125.63,-17.44,150,1000,150,150,LOITER,1
43.252,motor 1 effectiveness -> 0% (PX4 reads back 0.00),0.0,19.458,3.079,-101.25,52.75,25.15,998.86,-1202.03,-13.79,150,1000,150,150,LOITER,1
43.272,motor 1 effectiveness -> 0% (PX4 reads back 0.00),0.0,19.458,3.079,-50.83,46.18,62.89,1060.22,-1278.69,-10.59,150,1000,150,150,LOITER,1
43.292,motor 1 effectiveness -> 0% (PX4 reads back 0.00),0.0,19.458,3.079,-17.63,23.91,80.90,1124.77,-1355.56,-7.46,150,1000,150,150,LOITER,1
43.312,motor 1 effectiveness -> 0% (PX4 reads back 0.00),0.0,19.284,3.454,6.77,-4.00,83.48,1189.62,-1428.09,-4.79,150,1000,150,150,LOITER,1
43.332,motor 1 effectiveness -> 0% (PX4 reads back 0.00),0.0,19.284,3.454,35.57,-31.56,72.41,1253.17,-1500.82,-2.00,150,1000,150,150,LOITER,1
43.352,motor 1 effectiveness -> 0% (PX4 reads back 0.00),0.0,19.093,3.663,85.05,-47.49,37.65,1320.55,-1571.56,1.28,150,1000,150,150,LOITER,1
43.372,motor 1 effectiveness -> 0% (PX4 reads back 0.00),0.0,19.093,3.663,140.09,-34.68,-2.05,1386.99,-1638.49,4.72,150,1000,150,150,LOITER,1
43.392,motor 1 effectiveness -> 0% (PX4 reads back 0.00),0.0,19.093,3.663,174.50,-3.79,-15.77,1454.96,-1707.87,8.99,150,1000,150,150,LOITER,1
43.412,motor 1 effectiveness -> 0% (PX4 reads back 0.00),0.0,18.883,4.260,-152.71,30.35,-9.41,1528.35,-1774.77,13.65,150,1000,150,150,LOITER,1
43.432,motor 1 effectiveness -> 0% (PX4 reads back 0.00),0.0,18.883,4.260,-92.87,51.11,30.40,1601.08,-1840.05,17.91,150,1000,150,150,LOITER,1
43.452,motor 1 effectiveness -> 0% (PX4 reads back 0.00),0.0,18.594,5.014,-28.14,31.92,74.22,1677.79,-1907.37,22.12,150,1000,150,150,LOITER,1
43.472,motor 1 effectiveness -> 0% (PX4 reads back 0.00),0.0,18.594,5.014,9.58,-6.01,80.88,1757.78,-1968.81,25.31,150,1000,150,150,LOITER,1
43.492,motor 1 effectiveness -> 0% (PX4 reads back 0.00),0.0,18.594,5.014,56.80,-39.94,58.06,1834.97,-2028.33,27.27,150,1000,150,150,LOITER,1
43.512,motor 1 effectiveness -> 0% (PX4 reads back 0.00),0.0,18.326,5.168,130.99,-37.54,5.13,1916.84,-2087.37,29.15,150,1000,150,150,LOITER,1
43.532,motor 1 effectiveness -> 0% (PX4 reads back 0.00),0.0,18.326,5.168,178.83,0.32,-13.85,2000.70,-2139.85,30.62,150,1000,150,150,LOITER,1
43.552,motor 1 effectiveness -> 0% (PX4 reads back 0.00),0.0,18.037,5.895,-131.52,40.04,3.28,2084.80,-2193.78,32.87,150,1000,150,150,LOITER,1
43.572,motor 1 effectiveness -> 0% (PX4 reads back 0.00),0.0,18.037,5.895,-46.79,40.27,61.32,2176.76,-2245.78,36.90,150,1000,150,150,LOITER,1
43.592,motor 1 effectiveness -> 0% (PX4 reads back 0.00),0.0,18.037,5.895,6.60,-1.34,77.99,2268.18,-2290.34,41.43,150,1000,150,150,LOITER,1
43.612,motor 1 effectiveness -> 0% (PX4 reads back 0.00),0.0,17.714,6.292,66.15,-38.94,50.76,2360.10,-2334.76,47.32,150,1000,150,150,LOITER,1
43.632,motor 1 effectiveness -> 0% (PX4 reads back 0.00),0.0,17.714,6.292,147.44,-25.60,-1.81,2459.21,-2372.46,53.53,150,1000,150,150,LOITER,1
43.652,motor 1 effectiveness -> 0% (PX4 reads back 0.00),0.0,17.320,6.863,-158.63,20.44,-7.31,2558.64,-2404.42,58.23,150,1000,150,150,LOITER,1
43.672,motor 1 effectiveness -> 0% (PX4 reads back 0.00),0.0,17.320,6.863,-74.63,44.27,41.72,2665.01,-2438.62,62.05,150,1000,150,150,LOITER,1
43.692,motor 1 effectiveness -> 0% (PX4 reads back 0.00),0.0,17.320,6.863,-0.99,6.71,74.50,2777.30,-2464.46,64.08,150,1000,150,150,LOITER,1
43.712,motor 1 effectiveness -> 0% (PX4 reads back 0.00),0.0,16.946,7.309,66.28,-34.65,49.91,2883.86,-2485.89,64.19,150,1000,150,150,LOITER,1
43.732,motor 1 effectiveness -> 0% (PX4 reads back 0.00),0.0,16.946,7.309,153.70,-18.45,-0.80,2994.95,-2507.15,64.98,150,1000,150,150,LOITER,1
43.752,motor 1 effectiveness -> 0% (PX4 reads back 0.00),0.0,16.560,7.810,-140.24,29.12,3.40,3109.23,-2519.56,65.57,150,1000,150,150,LOITER,1
43.772,motor 1 effectiveness -> 0% (PX4 reads back 0.00),0.0,16.560,7.810,-42.02,31.67,59.49,3222.77,-2532.68,67.43,150,1000,150,150,LOITER,1
43.792,motor 1 effectiveness -> 0% (PX4 reads back 0.00),0.0,16.560,7.810,29.58,-15.77,66.08,3343.51,-2541.46,73.01,150,1000,150,150,LOITER,1
43.812,motor 1 effectiveness -> 0% (PX4 reads back 0.00),0.0,16.141,8.184,123.14,-29.63,16.34,3462.28,-2535.72,80.07,150,1000,150,150,LOITER,1
43.832,motor 1 effectiveness -> 0% (PX4 reads back 0.00),0.0,16.141,8.184,-158.91,14.92,0.42,3583.76,-2526.40,88.29,150,1000,150,150,LOITER,1
43.852,motor 1 effectiveness -> 0% (PX4 reads back 0.00),0.0,15.630,9.015,-59.90,33.30,47.90,3719.06,-2506.96,96.11,150,1000,150,150,LOITER,1
43.872,motor 1 effectiveness -> 0% (PX4 reads back 0.00),0.0,15.630,9.015,24.52,-10.10,63.74,3851.75,-2474.43,100.71,150,1000,150,150,LOITER,1
43.892,motor 1 effectiveness -> 0% (PX4 reads back 0.00),0.0,15.630,9.015,122.75,-25.79,19.06,3984.18,-2438.81,104.47,150,1000,150,150,LOITER,1
43.912,motor 1 effectiveness -> 0% (PX4 reads back 0.00),0.0,15.167,9.117,-149.76,16.35,6.83,4123.35,-2391.35,105.66,150,1000,150,150,LOITER,1
43.932,motor 1 effectiveness -> 0% (PX4 reads back 0.00),0.0,15.167,9.117,-44.42,24.13,51.64,4258.54,-2340.02,102.48,150,1000,150,150,LOITER,1
43.952,motor 1 effectiveness -> 0% (PX4 reads back 0.00),0.0,14.676,9.760,47.32,-17.41,52.55,4395.26,-2291.91,101.58,150,1000,150,150,LOITER,1
43.972,motor 1 effectiveness -> 0% (PX4 reads back 0.00),0.0,14.676,9.760,152.57,-12.36,11.02,4529.55,-2230.90,103.74,150,1000,150,150,LOITER,1
43.992,motor 1 effectiveness -> 0% (PX4 reads back 0.00),0.0,14.676,9.760,-109.41,24.75,22.94,4660.13,-2164.71,106.69,150,1000,150,150,LOITER,1
44.012,motor 1 effectiveness -> 0% (PX4 reads back 0.00),0.0,14.171,10.415,-1.30,4.98,55.79,4800.46,-2093.04,113.63,150,1000,150,150,LOITER,1
44.032,motor 1 effectiveness -> 0% (PX4 reads back 0.00),0.0,14.171,10.415,103.84,-19.51,29.58,4935.48,-1999.16,123.78,150,1000,150,150,LOITER,1
44.052,motor 1 effectiveness -> 0% (PX4 reads back 0.00),0.0,13.549,10.764,-150.88,10.40,13.77,5066.25,-1891.50,134.06,150,1000,150,150,LOITER,1
44.072,motor 1 effectiveness -> 0% (PX4 reads back 0.00),0.0,13.549,10.764,-37.08,15.74,45.42,5209.04,-1766.86,142.16,150,1000,150,150,LOITER,1
44.092,motor 1 effectiveness -> 0% (PX4 reads back 0.00),0.0,13.549,10.764,71.52,-12.27,39.97,5341.69,-1622.55,146.82,150,1000,150,150,LOITER,1
44.112,motor 1 effectiveness -> 0% (PX4 reads back 0.00),0.0,12.988,11.016,-175.43,1.42,17.78,5466.41,-1471.83,150.74,150,1000,150,150,LOITER,1
44.132,motor 1 effectiveness -> 0% (PX4 reads back 0.00),0.0,12.988,11.016,-59.66,14.92,36.79,5599.11,-1308.58,150.62,150,1000,150,150,LOITER,1
44.152,motor 1 effectiveness -> 0% (PX4 reads back 0.00),0.0,12.405,11.724,55.82,-4.79,40.63,5718.15,-1139.34,147.73,150,1000,150,150,LOITER,1
44.172,motor 1 effectiveness -> 0% (PX4 reads back 0.00),0.0,12.405,11.724,173.70,-0.45,24.04,5829.99,-971.38,150.52,150,1000,150,150,LOITER,1
44.192,motor 1 effectiveness -> 0% (PX4 reads back 0.00),0.0,12.405,11.724,-66.49,10.28,33.39,5945.74,-786.97,152.97,150,1000,150,150,LOITER,1
44.212,motor 1 effectiveness -> 0% (PX4 reads back 0.00),0.0,11.805,12.415,54.74,0.03,37.76,6045.37,-595.14,155.33,150,1000,150,150,LOITER,1
44.232,motor 1 effectiveness -> 0% (PX4 reads back 0.00),0.0,11.805,12.415,177.29,0.20,29.80,6136.94,-394.18,165.99,150,1000,150,150,LOITER,1
44.252,motor 1 effectiveness -> 0% (PX4 reads back 0.00),0.0,11.074,12.970,-58.57,5.06,31.17,6223.30,-164.22,173.48,150,1000,150,150,LOITER,1
44.272,motor 1 effectiveness -> 0% (PX4 reads back 0.00),0.0,11.074,12.970,67.24,4.97,34.96,6288.23,75.16,178.75,150,1000,150,150,LOITER,1
44.292,motor 1 effectiveness -> 0% (PX4 reads back 0.00),0.0,11.074,12.970,-166.02,-0.78,35.79,6340.04,327.01,188.33,150,1000,150,150,LOITER,1
44.312,motor 1 effectiveness -> 0% (PX4 reads back 0.00),0.0,10.425,13.315,-38.81,1.05,26.81,6349.14,582.76,184.19,150,797,150,1000,LOITER,1
44.332,motor 1 effectiveness -> 0% (PX4 reads back 0.00),0.0,10.425,13.315,88.81,10.45,35.43,6290.78,806.39,184.56,150,797,150,1000,LOITER,1
44.352,motor 1 effectiveness -> 0% (PX4 reads back 0.00),0.0,9.752,13.512,-145.15,-5.51,39.59,6225.69,1039.93,189.68,150,457,150,1000,LOITER,1
44.372,motor 1 effectiveness -> 0% (PX4 reads back 0.00),0.0,9.752,13.512,-19.85,0.84,20.46,6127.21,1272.57,181.73,150,457,150,1000,LOITER,1
44.392,motor 1 effectiveness -> 0% (PX4 reads back 0.00),0.0,9.752,13.512,105.77,15.87,39.88,5994.50,1527.99,181.43,150,457,150,1000,LOITER,1
44.412,motor 1 effectiveness -> 0% (PX4 reads back 0.00),0.0,9.055,13.868,-133.54,-12.82,42.86,5846.87,1780.71,183.23,150,150,150,1000,LOITER,1
44.432,motor 1 effectiveness -> 0% (PX4 reads back 0.00),0.0,9.055,13.868,-12.14,0.83,12.53,5675.34,2025.32,179.88,150,150,150,1000,LOITER,1
44.452,motor 1 effectiveness -> 0% (PX4 reads back 0.00),0.0,8.216,14.429,109.96,22.79,43.61,5490.11,2256.86,173.33,150,150,150,1000,LOITER,1
44.472,motor 1 effectiveness -> 0% (PX4 reads back 0.00),0.0,8.216,14.429,-137.39,-18.21,49.70,5294.42,2461.14,166.35,150,150,150,1000,LOITER,1
44.492,motor 1 effectiveness -> 0% (PX4 reads back 0.00),0.0,8.216,14.429,-18.87,-4.92,5.71,5089.70,2651.67,158.82,150,150,150,1000,LOITER,1
44.512,motor 1 effectiveness -> 0% (PX4 reads back 0.00),0.0,7.473,15.153,95.45,31.91,38.92,4887.68,2822.97,153.22,150,150,150,1000,LOITER,1
44.532,motor 1 effectiveness -> 0% (PX4 reads back 0.00),0.0,7.473,15.153,-158.29,-14.70,62.66,4675.51,2972.42,154.73,150,150,150,1000,LOITER,1
44.552,motor 1 effectiveness -> 0% (PX4 reads back 0.00),0.0,6.712,15.808,-40.50,-20.80,5.15,4460.05,3126.01,156.47,150,150,150,1000,LOITER,1
44.572,motor 1 effectiveness -> 0% (PX4 reads back 0.00),0.0,6.712,15.808,56.23,36.34,16.39,4245.65,3266.46,157.10,150,150,150,1000,LOITER,1
44.592,motor 1 effectiveness -> 0% (PX4 reads back 0.00),0.0,6.712,15.808,170.64,6.00,74.71,4013.57,3388.10,158.79,150,150,150,1000,LOITER,1
44.612,motor 1 effectiveness -> 0% (PX4 reads back 0.00),0.0,5.928,15.961,-86.41,-41.64,28.37,3782.58,3508.90,153.96,150,150,150,1000,LOITER,1
44.632,motor 1 effectiveness -> 0% (PX4 reads back 0.00),0.0,5.928,15.961,6.85,13.88,-10.98,3556.65,3606.95,144.97,150,150,150,1000,LOITER,1
44.652,motor 1 effectiveness -> 0% (PX4 reads back 0.00),0.0,4.981,16.370,125.18,43.66,62.56,3323.37,3680.18,134.40,150,150,150,1000,LOITER,1
44.672,motor 1 effectiveness -> 0% (PX4 reads back 0.00),0.0,4.981,16.370,-158.48,-24.69,79.15,3103.81,3738.65,122.48,150,150,150,1000,LOITER,1
44.692,motor 1 effectiveness -> 0% (PX4 reads back 0.00),0.0,4.981,16.370,-40.49,-35.93,-5.31,2902.92,3789.21,117.18,150,150,150,1000,LOITER,1
44.712,motor 1 effectiveness -> 0% (PX4 reads back 0.00),0.0,4.145,17.187,24.32,37.37,-12.46,2737.13,3867.90,115.34,150,150,150,150,LOITER,1
44.732,motor 1 effectiveness -> 0% (PX4 reads back 0.00),0.0,4.145,17.187,154.63,34.75,85.62,2585.76,3950.70,120.64,150,150,150,150,LOITER,1
44.752,motor 1 effectiveness -> 0% (PX4 reads back 0.00),0.0,3.293,17.546,-145.56,-42.01,77.14,2436.20,4037.98,128.57,150,150,150,150,LOITER,1
44.772,motor 1 effectiveness -> 0% (PX4 reads back 0.00),0.0,3.293,17.546,-22.66,-25.73,-22.25,2281.10,4129.02,135.23,150,150,150,150,LOITER,1
44.792,motor 1 effectiveness -> 0% (PX4 reads back 0.00),0.0,3.293,17.546,33.14,55.38,-12.38,2118.50,4215.70,137.84,150,150,150,150,LOITER,1
44.812,motor 1 effectiveness -> 0% (PX4 reads back 0.00),0.0,2.411,17.883,170.34,22.38,99.37,1951.20,4293.59,135.62,150,150,150,150,LOITER,1
44.832,motor 1 effectiveness -> 0% (PX4 reads back 0.00),0.0,2.411,17.883,-131.52,-58.92,68.89,1784.66,4365.10,129.37,150,150,150,150,LOITER,1
44.852,motor 1 effectiveness -> 0% (PX4 reads back 0.00),0.0,1.357,18.663,-11.21,-12.33,-35.94,1622.51,4429.72,121.41,150,150,150,150,LOITER,1
44.872,motor 1 effectiveness -> 0% (PX4 reads back 0.00),0.0,1.357,18.663,50.39,72.96,-2.06,1465.21,4483.81,114.43,150,150,150,150,LOITER,1
44.896,motor 1 effectiveness -> 0% (PX4 reads back 0.00),0.0,1.357,18.663,-175.41,-11.42,106.32,1281.37,4538.29,110.79,150,150,150,150,LOITER,1
44.896,vehicle on the ground,0.0,0.433,19.032,-175.41,-11.42,106.32,1281.37,4538.29,110.79,150,150,150,150,LOITER,1
44.912,vehicle on the ground,0.0,0.433,19.032,-97.78,-72.36,37.59,1159.12,4572.56,111.90,150,150,150,150,LOITER,1
44.932,vehicle on the ground,0.0,0.433,19.032,-5.79,2.93,-45.92,1010.58,4560.07,114.35,150,150,150,150,LOITER,1
44.952,vehicle on the ground,0.0,-0.519,19.251,117.46,82.39,61.44,854.39,4471.19,115.11,150,1000,150,1000,LOITER,1
44.972,vehicle on the ground,0.0,-0.519,19.251,-178.43,-2.02,112.64,708.61,4350.22,120.14,150,1000,150,1000,LOITER,1
44.992,vehicle on the ground,0.0,-0.519,19.251,-132.68,-80.48,66.83,173.64,3945.48,-97.39,150,1000,150,1000,LOITER,1
45.012,vehicle on the ground,0.0,-1.470,12.928,2.21,-62.14,-82.39,-107.10,1360.91,5.63,150,1000,150,1000,LOITER,1
45.032,vehicle on the ground,0.0,-1.470,12.928,3.35,-40.48,-83.27,15.05,1090.60,-82.64,150,1000,150,1000,LOITER,1
45.052,vehicle on the ground,0.0,-1.462,-2.618,4.04,-18.73,-83.26,38.30,1073.00,-76.33,150,1000,150,1000,LOITER,1
45.072,vehicle on the ground,0.0,-1.462,-2.618,4.99,1.14,-83.23,59.33,959.04,-75.70,150,1000,150,1000,LOITER,1
45.092,vehicle on the ground,0.0,-1.462,-2.618,6.52,18.35,-83.14,78.75,823.41,-75.13,150,1000,150,1000,LOITER,1
45.112,vehicle on the ground,0.0,-1.359,-2.560,8.69,32.74,-82.67,96.76,682.25,-74.64,150,1000,150,1000,LOITER,1
45.132,vehicle on the ground,0.0,-1.359,-2.560,11.27,44.32,-81.89,109.35,540.70,-74.22,150,1000,150,1000,LOITER,1
45.152,vehicle on the ground,0.0,-1.253,-2.423,14.01,53.11,-81.26,120.10,398.24,-73.90,150,1000,150,1000,LOITER,1
45.172,vehicle on the ground,0.0,-1.253,-2.423,16.53,59.15,-81.22,127.97,255.66,-73.73,150,1000,150,1000,LOITER,1
45.192,vehicle on the ground,0.0,-1.253,-2.423,18.53,62.43,-82.10,132.17,113.14,-73.78,150,1000,150,1000,LOITER,1
45.212,vehicle on the ground,0.0,-1.147,-2.224,19.65,63.13,-84.07,129.28,-16.15,-75.64,213,729,490,1000,LOITER,1
45.232,vehicle on the ground,0.0,-1.147,-2.224,19.33,61.94,-87.33,122.31,-106.41,-78.26,213,729,490,1000,LOITER,1
45.252,vehicle on the ground,0.0,-1.027,-1.965,18.46,59.66,-91.00,121.87,-155.48,-81.29,619,711,947,1000,LOITER,1
45.272,vehicle on the ground,0.0,-1.027,-1.965,17.41,56.79,-94.71,121.59,-183.01,-84.16,619,711,947,1000,LOITER,1
45.292,vehicle on the ground,0.0,-1.027,-1.965,16.23,53.53,-98.45,119.20,-202.80,-86.90,619,711,947,1000,LOITER,1
45.312,vehicle on the ground,0.0,-0.925,-1.846,15.04,49.99,-102.06,115.60,-217.27,-89.56,712,731,983,1000,LOITER,1
45.332,vehicle on the ground,0.0,-0.925,-1.846,13.91,46.29,-105.54,111.56,-224.13,-92.18,712,731,983,1000,LOITER,1
45.352,vehicle on the ground,0.0,-0.822,-1.821,12.90,42.47,-108.86,108.01,-229.34,-94.71,743,682,1000,968,LOITER,1
45.372,vehicle on the ground,0.0,-0.822,-1.821,11.95,38.62,-111.98,102.58,-229.60,-97.19,743,682,1000,968,LOITER,1
45.392,vehicle on the ground,0.0,-0.822,-1.821,11.17,34.82,-114.93,99.42,-224.02,-99.69,743,682,1000,968,LOITER,1
45.412,vehicle on the ground,0.0,-0.713,-1.855,10.53,31.16,-117.70,95.10,-214.98,-102.16,736,626,1000,937,LOITER,1
45.432,vehicle on the ground,0.0,-0.713,-1.855,10.03,27.72,-120.30,91.11,-202.43,-104.62,736,626,1000,937,LOITER,1
45.452,vehicle on the ground,0.0,-0.579,-1.922,9.67,24.49,-122.78,86.37,-190.04,-107.22,726,606,1000,948,LOITER,1
45.472,vehicle on the ground,0.0,-0.579,-1.922,9.42,21.48,-125.15,81.21,-177.19,-109.82,726,606,1000,948,LOITER,1
45.492,vehicle on the ground,0.0,-0.579,-1.922,9.30,18.70,-127.46,76.45,-164.62,-112.40,726,606,1000,948,LOITER,1
45.512,vehicle on the ground,0.0,-0.457,-1.998,9.28,16.15,-129.70,71.62,-151.93,-114.98,725,610,1000,953,LOITER,1
45.532,vehicle on the ground,0.0,-0.457,-1.998,9.38,13.82,-131.91,66.69,-139.47,-117.65,725,610,1000,953,LOITER,1
45.552,vehicle on the ground,0.0,-0.331,-2.083,9.58,11.72,-134.12,62.06,-127.62,-120.17,724,623,1000,970,LOITER,1
45.572,vehicle on the ground,0.0,-0.331,-2.083,9.90,9.83,-136.36,57.45,-117.84,-122.83,724,623,1000,970,LOITER,1
45.592,vehicle on the ground,0.0,-0.331,-2.083,10.31,8.13,-138.64,53.18,-108.08,-125.38,724,623,1000,970,LOITER,1
45.612,vehicle on the ground,0.0,-0.198,-2.177,10.80,6.62,-140.98,49.06,-99.10,-128.01,723,625,1000,976,LOITER,1
45.632,vehicle on the ground,0.0,-0.198,-2.177,11.37,5.31,-143.41,44.61,-90.54,-130.56,723,625,1000,976,LOITER,1
45.652,vehicle on the ground,0.0,-0.036,-2.290,12.00,4.19,-145.92,40.68,-83.00,-133.25,722,634,1000,989,LOITER,1
45.672,vehicle on the ground,0.0,-0.036,-2.290,12.67,3.25,-148.54,36.37,-75.85,-135.80,722,634,1000,989,LOITER,1
45.692,vehicle on the ground,0.0,-0.036,-2.290,13.37,2.49,-151.27,32.49,-69.31,-138.41,722,634,1000,989,LOITER,1
45.712,vehicle on the ground,0.0,0.108,-2.385,14.07,1.91,-154.09,28.42,-63.49,-140.95,723,646,1000,997,LOITER,1
45.732,vehicle on the ground,0.0,0.108,-2.385,14.78,1.49,-157.04,25.76,-58.29,-143.33,723,646,1000,997,LOITER,1
45.752,vehicle on the ground,0.0,0.255,-2.482,15.51,1.22,-160.07,25.13,-54.61,-145.46,743,710,1000,989,LOITER,1
45.772,vehicle on the ground,0.0,0.255,-2.482,16.29,1.08,-163.20,26.31,-51.15,-147.50,743,710,1000,989,LOITER,1
45.792,vehicle on the ground,0.0,0.255,-2.482,17.12,1.07,-166.47,28.35,-48.37,-149.63,743,710,1000,989,LOITER,1
45.812,vehicle on the ground,0.0,0.408,-2.582,18.00,1.21,-169.83,30.97,-45.33,-151.66,739,714,1000,989,LOITER,1
45.832,vehicle on the ground,0.0,0.408,-2.582,18.91,1.48,-173.27,33.78,-42.68,-153.63,739,714,1000,989,LOITER,1
45.852,vehicle on the ground,0.0,0.591,-2.687,19.83,1.89,-176.78,36.30,-39.74,-155.68,739,715,1000,990,LOITER,1
45.872,vehicle on the ground,0.0,0.591,-2.687,20.75,2.45,179.63,38.83,-36.83,-157.70,739,715,1000,990,LOITER,1
45.892,vehicle on the ground,0.0,0.591,-2.687,21.65,3.14,176.00,40.86,-33.63,-159.67,739,715,1000,990,LOITER,1
