t_boot_s,event,scale,alt_m,vz_mps,roll_deg,pitch_deg,yaw_deg,p_dps,q_dps,r_dps,esc1,esc2,esc3,esc4,mode,armed
6.104,start,nan,0.034,-0.001,0.01,0.01,-0.00,0.02,-0.02,0.00,,,,,?,0
6.124,start,nan,0.034,-0.001,0.01,0.01,-0.00,0.06,0.00,0.01,0,0,0,0,?,0
6.144,start,nan,0.034,-0.001,0.01,0.01,-0.00,0.01,-0.01,0.06,0,0,0,0,?,0
6.164,start,nan,0.037,-0.001,0.01,0.01,0.00,0.05,0.00,0.01,0,0,0,0,?,0
6.184,start,nan,0.037,-0.001,0.01,0.01,-0.00,-0.01,-0.03,-0.02,0,0,0,0,?,0
6.204,start,nan,0.040,-0.001,0.01,0.01,-0.00,0.03,-0.01,-0.01,0,0,0,0,?,0
6.224,start,nan,0.040,-0.001,0.01,0.01,-0.00,0.03,-0.00,0.00,0,0,0,0,?,0
6.244,start,nan,0.040,-0.001,0.01,0.01,0.00,0.00,-0.03,0.06,0,0,0,0,?,0
6.264,start,nan,0.043,-0.001,0.01,0.01,0.00,-0.01,-0.00,0.01,0,0,0,0,?,0
6.284,start,nan,0.043,-0.001,0.01,0.01,0.00,0.03,0.01,0.06,0,0,0,0,?,0
6.304,start,nan,0.045,-0.001,0.01,0.01,0.00,0.00,0.02,-0.03,0,0,0,0,?,0
6.324,start,nan,0.045,-0.001,0.01,0.01,0.00,-0.01,-0.01,0.03,0,0,0,0,?,0
6.344,start,nan,0.045,-0.001,0.01,0.01,95.95,0.02,-0.04,0.04,0,0,0,0,?,0
6.364,start,nan,0.046,-0.001,0.01,0.01,95.95,0.02,-0.02,-0.01,0,0,0,0,?,0
6.384,start,nan,0.046,-0.001,0.01,0.00,95.95,0.01,-0.08,0.00,0,0,0,0,?,0
6.404,start,nan,0.046,-0.001,0.01,0.00,95.95,0.04,0.05,0.04,0,0,0,0,?,0
6.424,start,nan,0.046,-0.001,0.01,0.00,95.95,-0.03,0.06,-0.04,0,0,0,0,?,0
6.444,start,nan,0.046,-0.001,0.01,0.00,95.95,-0.04,0.00,-0.04,0,0,0,0,?,0
6.464,start,nan,0.047,-0.001,0.01,0.00,95.95,0.01,-0.03,-0.04,0,0,0,0,?,0
6.484,start,nan,0.047,-0.001,0.01,0.00,95.96,-0.03,0.01,-0.02,0,0,0,0,?,0
6.504,start,nan,0.047,-0.001,0.00,-0.00,95.96,0.03,-0.05,0.01,0,0,0,0,?,0
6.524,start,nan,0.047,-0.001,0.00,-0.01,95.96,-0.01,-0.02,-0.04,0,0,0,0,?,0
6.544,start,nan,0.047,-0.001,0.00,-0.01,95.96,0.04,-0.02,0.01,0,0,0,0,?,0
6.564,start,nan,0.047,-0.001,0.00,-0.01,95.97,-0.02,0.03,0.00,0,0,0,0,?,0
6.584,start,nan,0.047,-0.001,-0.00,-0.02,95.97,-0.03,0.01,-0.02,0,0,0,0,?,0
6.604,start,nan,0.047,-0.002,-0.00,-0.02,95.97,-0.04,0.01,0.01,0,0,0,0,?,0
6.624,start,nan,0.047,-0.002,-0.01,-0.03,95.98,0.01,0.02,0.03,0,0,0,0,?,0
6.644,start,nan,0.047,-0.002,-0.01,-0.03,95.98,-0.03,0.00,0.01,0,0,0,0,?,0
6.664,start,nan,0.048,-0.002,-0.01,-0.03,95.99,-0.02,-0.04,0.01,0,0,0,0,?,0
6.684,start,nan,0.048,-0.002,-0.01,-0.04,95.99,0.02,0.02,0.01,0,0,0,0,?,0
6.704,start,nan,0.048,-0.003,-0.01,-0.04,96.00,-0.03,0.03,-0.04,0,0,0,0,?,0
6.724,start,nan,0.048,-0.003,-0.01,-0.04,96.00,0.01,-0.05,0.00,0,0,0,0,?,0
6.744,start,nan,0.048,-0.003,-0.02,-0.05,96.00,0.01,0.01,0.04,0,0,0,0,?,0
6.764,start,nan,0.049,-0.003,-0.02,-0.05,96.00,0.03,0.02,0.06,0,0,0,0,?,0
6.784,start,nan,0.049,-0.003,-0.02,-0.05,96.01,0.04,-0.07,-0.05,0,0,0,0,?,0
6.804,start,nan,0.049,-0.003,-0.02,-0.05,96.01,0.00,0.01,-0.01,0,0,0,0,?,0
6.824,start,nan,0.049,-0.003,-0.02,-0.06,96.01,0.01,-0.05,-0.04,0,0,0,0,?,0
6.844,start,nan,0.049,-0.003,-0.03,-0.06,96.01,-0.03,0.03,-0.02,0,0,0,0,?,0
6.864,start,nan,0.050,-0.004,-0.03,-0.06,96.02,0.02,-0.04,0.01,0,0,0,0,?,0
6.884,start,nan,0.050,-0.004,-0.03,-0.07,96.02,0.01,0.02,-0.00,0,0,0,0,?,0
6.904,start,nan,0.050,-0.004,-0.03,-0.07,96.03,0.01,-0.00,0.01,0,0,0,0,?,0
6.924,start,nan,0.050,-0.004,-0.03,-0.08,96.04,-0.02,-0.01,0.01,0,0,0,0,?,0
6.944,start,nan,0.050,-0.004,-0.03,-0.08,96.04,0.05,-0.01,-0.04,0,0,0,0,?,0
6.964,start,nan,0.050,-0.004,-0.03,-0.09,96.05,-0.01,-0.02,-0.00,0,0,0,0,?,0
6.984,start,nan,0.050,-0.004,-0.03,-0.10,96.06,-0.01,-0.02,-0.00,0,0,0,0,?,0
7.004,start,nan,0.050,-0.004,-0.03,-0.11,96.07,-0.02,-0.03,0.00,0,0,0,0,?,0
7.024,start,nan,0.050,-0.004,-0.03,-0.11,96.07,0.02,0.02,0.01,0,0,0,0,?,0
7.044,start,nan,0.050,-0.004,-0.03,-0.12,96.08,0.03,-0.05,-0.03,0,0,0,0,?,0
7.064,start,nan,0.051,-0.004,-0.04,-0.13,96.09,-0.03,0.03,0.03,0,0,0,0,?,0
7.084,start,nan,0.051,-0.004,-0.04,-0.13,96.10,0.02,-0.02,0.03,0,0,0,0,?,0
7.104,start,nan,0.051,-0.005,-0.04,-0.14,96.10,-0.00,0.03,-0.04,0,0,0,0,LOITER,0
7.124,start,nan,0.051,-0.005,-0.04,-0.14,96.11,0.04,-0.03,0.00,0,0,0,0,LOITER,0
7.144,start,nan,0.051,-0.005,-0.04,-0.15,96.11,0.02,0.02,0.02,0,0,0,0,LOITER,0
7.164,start,nan,0.052,-0.006,-0.05,-0.15,96.11,0.02,-0.04,-0.03,0,0,0,0,LOITER,0
7.184,start,nan,0.052,-0.006,-0.05,-0.15,96.12,0.03,-0.01,-0.02,0,0,0,0,LOITER,0
7.204,start,nan,0.053,-0.006,-0.05,-0.16,96.12,0.01,-0.04,0.03,0,0,0,0,LOITER,0
7.224,start,nan,0.053,-0.006,-0.05,-0.16,96.12,0.02,0.06,-0.01,0,0,0,0,LOITER,0
7.244,start,nan,0.053,-0.006,-0.06,-0.16,96.12,-0.01,0.01,-0.00,0,0,0,0,LOITER,0
7.264,start,nan,0.055,-0.007,-0.06,-0.16,96.12,0.01,0.01,0.00,0,0,0,0,LOITER,0
7.284,start,nan,0.055,-0.007,-0.06,-0.15,96.12,0.03,0.02,0.02,0,0,0,0,LOITER,0
7.304,start,nan,0.056,-0.008,-0.06,-0.15,96.11,0.05,-0.03,-0.02,0,0,0,0,LOITER,0
7.324,start,nan,0.056,-0.008,-0.06,-0.15,96.11,0.05,-0.05,-0.04,0,0,0,0,LOITER,0
7.344,start,nan,0.056,-0.008,-0.06,-0.15,96.11,-0.00,0.00,-0.01,0,0,0,0,LOITER,0
7.364,start,nan,0.057,-0.009,-0.06,-0.14,96.10,0.07,-0.04,0.05,0,0,0,0,LOITER,0
7.384,start,nan,0.057,-0.009,-0.06,-0.14,96.10,0.03,0.00,-0.04,0,0,0,0,LOITER,0
7.404,start,nan,0.058,-0.009,-0.06,-0.13,96.09,0.02,0.01,0.02,0,0,0,0,LOITER,0
7.424,start,nan,0.058,-0.009,-0.06,-0.13,96.09,0.00,-0.03,-0.03,0,0,0,0,LOITER,0
7.444,start,nan,0.058,-0.009,-0.06,-0.12,96.08,-0.01,0.01,0.01,0,0,0,0,LOITER,0
7.464,start,nan,0.059,-0.009,-0.06,-0.12,96.08,-0.02,-0.04,-0.04,0,0,0,0,LOITER,0
7.484,start,nan,0.059,-0.009,-0.06,-0.11,96.07,0.01,-0.03,0.06,0,0,0,0,LOITER,0
7.504,start,nan,0.060,-0.010,-0.06,-0.11,96.07,-0.01,-0.01,-0.01,0,0,0,0,LOITER,0
7.524,start,nan,0.060,-0.010,-0.06,-0.11,96.06,0.02,-0.05,0.03,0,0,0,0,LOITER,0
7.544,start,nan,0.060,-0.010,-0.05,-0.10,96.06,0.04,-0.03,-0.08,0,0,0,0,LOITER,0
7.564,start,nan,0.060,-0.010,-0.05,-0.10,96.06,0.01,-0.03,0.02,0,0,0,0,LOITER,0
7.584,start,nan,0.060,-0.010,-0.05,-0.09,96.05,0.05,0.02,-0.04,0,0,0,0,LOITER,0
7.604,start,nan,0.061,-0.011,-0.04,-0.09,96.05,0.01,0.05,0.04,0,0,0,0,LOITER,0
7.624,start,nan,0.061,-0.011,-0.04,-0.09,96.05,0.00,0.01,0.02,0,0,0,0,LOITER,0
7.644,start,nan,0.061,-0.011,-0.04,-0.09,96.05,0.05,-0.02,0.03,0,0,0,0,LOITER,0
7.664,start,nan,0.061,-0.011,-0.04,-0.08,96.05,-0.00,-0.00,-0.01,0,0,0,0,LOITER,0
7.684,start,nan,0.061,-0.011,-0.03,-0.08,96.04,0.00,-0.02,-0.00,0,0,0,0,LOITER,0
7.704,start,nan,0.061,-0.011,-0.03,-0.08,96.04,-0.00,-0.02,-0.03,0,0,0,0,LOITER,0
7.724,start,nan,0.061,-0.011,-0.03,-0.08,96.04,-0.06,-0.03,-0.03,0,0,0,0,LOITER,0
7.744,start,nan,0.061,-0.011,-0.03,-0.08,96.04,-0.01,0.00,0.02,0,0,0,0,LOITER,0
7.764,start,nan,0.061,-0.012,-0.03,-0.08,96.04,0.01,-0.04,0.01,0,0,0,0,LOITER,0
7.784,start,nan,0.061,-0.012,-0.03,-0.07,96.04,0.01,0.02,0.02,0,0,0,0,LOITER,0
7.804,start,nan,0.061,-0.012,-0.03,-0.07,96.04,0.02,0.02,0.01,0,0,0,0,LOITER,0
7.824,start,nan,0.061,-0.012,-0.02,-0.07,96.03,0.03,0.02,-0.06,0,0,0,0,LOITER,0
7.844,start,nan,0.061,-0.012,-0.02,-0.07,96.03,-0.02,0.04,0.02,0,0,0,0,LOITER,0
7.864,start,nan,0.061,-0.011,-0.02,-0.07,96.03,-0.02,0.03,0.01,0,0,0,0,LOITER,0
7.884,start,nan,0.061,-0.011,-0.02,-0.06,96.03,0.03,-0.01,0.03,0,0,0,0,LOITER,0
7.904,start,nan,0.061,-0.011,-0.02,-0.06,96.03,0.01,0.03,0.05,0,0,0,0,LOITER,0
7.924,start,nan,0.061,-0.011,-0.02,-0.06,96.03,-0.02,-0.00,0.03,0,0,0,0,LOITER,0
7.944,start,nan,0.061,-0.011,-0.02,-0.06,96.03,-0.00,-0.07,0.00,0,0,0,0,LOITER,0
7.964,start,nan,0.061,-0.010,-0.02,-0.06,96.03,0.01,0.02,0.04,0,0,0,0,LOITER,0
7.984,start,nan,0.061,-0.010,-0.02,-0.06,96.03,-0.03,0.04,-0.01,0,0,0,0,LOITER,0
8.004,start,nan,0.060,-0.010,-0.02,-0.06,96.02,0.02,-0.01,-0.08,0,0,0,0,LOITER,0
8.024,start,nan,0.060,-0.010,-0.02,-0.06,96.02,-0.01,-0.01,0.01,0,0,0,0,LOITER,0
8.044,start,nan,0.060,-0.010,-0.02,-0.06,96.02,-0.03,-0.01,-0.01,0,0,0,0,LOITER,0
8.064,start,nan,0.059,-0.010,-0.02,-0.05,96.02,0.01,-0.03,-0.06,0,0,0,0,LOITER,0
8.084,start,nan,0.059,-0.010,-0.02,-0.05,96.02,0.01,0.04,0.03,0,0,0,0,LOITER,0
8.104,start,nan,0.059,-0.009,-0.02,-0.05,96.02,0.00,0.02,0.07,0,0,0,0,LOITER,0
8.124,start,nan,0.059,-0.009,-0.02,-0.05,96.02,0.04,0.02,-0.03,0,0,0,0,LOITER,0
8.144,start,nan,0.059,-0.009,-0.01,-0.05,96.02,-0.00,-0.01,-0.04,0,0,0,0,LOITER,0
8.164,start,nan,0.059,-0.009,-0.01,-0.05,96.02,0.01,-0.06,0.02,0,0,0,0,LOITER,0
8.184,start,nan,0.059,-0.009,-0.01,-0.05,96.02,0.04,-0.02,0.02,0,0,0,0,LOITER,0
8.204,start,nan,0.058,-0.009,-0.01,-0.05,96.02,-0.01,-0.03,0.09,0,0,0,0,LOITER,0
8.224,start,nan,0.058,-0.009,-0.01,-0.05,96.02,0.02,-0.00,0.02,0,0,0,0,LOITER,0
8.244,start,nan,0.058,-0.009,-0.01,-0.05,96.02,-0.02,-0.05,-0.02,0,0,0,0,LOITER,0
8.264,start,nan,0.058,-0.009,-0.00,-0.05,96.02,0.01,0.02,0.07,0,0,0,0,LOITER,0
8.284,start,nan,0.058,-0.009,-0.00,-0.05,96.01,0.01,0.04,-0.02,0,0,0,0,LOITER,0
8.304,start,nan,0.058,-0.009,0.00,-0.05,96.01,0.05,0.00,0.03,0,0,0,0,LOITER,0
8.324,start,nan,0.058,-0.009,0.00,-0.05,96.01,0.01,-0.05,-0.02,0,0,0,0,LOITER,0
8.344,start,nan,0.058,-0.009,0.00,-0.05,96.01,0.01,-0.01,0.00,0,0,0,0,LOITER,0
8.364,start,nan,0.058,-0.009,0.01,-0.05,96.01,0.00,-0.03,0.03,0,0,0,0,LOITER,0
8.384,start,nan,0.058,-0.009,0.01,-0.05,96.01,0.01,0.04,0.01,0,0,0,0,LOITER,0
8.404,start,nan,0.058,-0.010,0.01,-0.05,96.01,0.01,-0.03,0.02,0,0,0,0,LOITER,0
8.424,start,nan,0.058,-0.010,0.01,-0.04,96.01,0.01,-0.00,-0.03,0,0,0,0,LOITER,0
8.444,start,nan,0.058,-0.010,0.01,-0.04,96.01,0.03,-0.05,-0.00,0,0,0,0,LOITER,0
8.464,start,nan,0.059,-0.011,0.01,-0.04,96.01,0.00,0.01,-0.00,0,0,0,0,LOITER,0
8.484,start,nan,0.059,-0.011,0.01,-0.04,96.01,0.00,0.00,-0.00,0,0,0,0,LOITER,0
8.504,start,nan,0.059,-0.011,0.02,-0.04,96.01,0.02,0.00,-0.05,0,0,0,0,LOITER,0
8.524,start,nan,0.059,-0.011,0.02,-0.04,96.01,-0.03,-0.02,0.00,0,0,0,0,LOITER,0
8.544,start,nan,0.059,-0.011,0.02,-0.04,96.00,0.01,0.05,-0.00,0,0,0,0,LOITER,0
8.564,start,nan,0.060,-0.011,0.02,-0.04,96.00,0.04,0.03,-0.01,151,151,151,151,LOITER,0
8.584,start,nan,0.060,-0.011,0.02,-0.04,96.00,-0.02,-0.03,-0.03,151,151,151,151,LOITER,0
8.604,start,nan,0.060,-0.012,0.02,-0.04,96.00,0.05,0.02,-0.02,151,151,151,151,LOITER,0
8.624,start,nan,0.060,-0.012,0.02,-0.03,96.00,0.02,0.03,0.01,151,151,151,151,LOITER,0
8.624,takeoff to 20 m,nan,0.060,-0.012,0.02,-0.03,96.00,0.02,0.03,0.01,151,151,151,151,LOITER,0
8.644,takeoff to 20 m,nan,0.060,-0.012,0.02,-0.03,96.00,0.01,0.01,0.01,151,151,151,151,LOITER,0
8.664,takeoff to 20 m,nan,0.060,-0.012,0.02,-0.03,96.00,-0.01,-0.03,-0.02,151,151,151,151,LOITER,0
8.684,takeoff to 20 m,nan,0.060,-0.012,0.02,-0.03,96.00,0.00,-0.01,-0.01,151,151,151,151,LOITER,0
8.704,takeoff to 20 m,nan,0.060,-0.012,0.03,-0.03,96.00,0.02,-0.03,0.03,151,151,151,151,LOITER,0
8.724,takeoff to 20 m,nan,0.060,-0.012,0.03,-0.03,95.99,0.03,-0.04,0.03,151,151,151,151,LOITER,0
8.744,takeoff to 20 m,nan,0.060,-0.012,0.03,-0.03,95.99,-0.04,-0.01,-0.02,151,151,151,151,LOITER,0
8.764,takeoff to 20 m,nan,0.060,-0.012,0.03,-0.03,95.99,0.02,-0.04,-0.05,151,150,151,151,LOITER,0
8.784,takeoff to 20 m,nan,0.060,-0.012,0.03,-0.03,95.99,0.06,-0.01,0.04,151,150,151,151,LOITER,0
8.804,takeoff to 20 m,nan,0.060,-0.012,0.03,-0.03,95.99,-0.00,0.02,-0.05,151,150,151,151,LOITER,0
8.824,takeoff to 20 m,nan,0.060,-0.012,0.03,-0.03,95.99,0.08,-0.03,0.03,151,151,151,151,LOITER,0
8.844,takeoff to 20 m,nan,0.060,-0.012,0.04,-0.02,95.99,0.04,-0.01,0.01,151,151,151,151,LOITER,0
8.864,takeoff to 20 m,nan,0.060,-0.012,0.04,-0.02,95.99,0.00,0.03,0.03,151,151,151,151,LOITER,0
8.884,takeoff to 20 m,nan,0.060,-0.012,0.04,-0.02,95.99,-0.00,-0.04,-0.03,151,151,151,151,LOITER,0
8.904,takeoff to 20 m,nan,0.059,-0.012,0.04,-0.02,95.99,0.03,-0.02,0.05,151,151,151,151,LOITER,0
8.924,takeoff to 20 m,nan,0.059,-0.012,0.04,-0.02,95.99,0.03,-0.01,-0.01,151,150,151,151,LOITER,0
8.944,takeoff to 20 m,nan,0.059,-0.012,0.04,-0.02,95.99,0.03,-0.01,0.01,151,150,151,151,LOITER,0
8.964,takeoff to 20 m,nan,0.059,-0.012,0.04,-0.02,95.99,0.05,-0.03,-0.00,151,150,151,151,LOITER,0
8.984,takeoff to 20 m,nan,0.059,-0.012,0.04,-0.02,95.99,0.02,0.01,0.02,151,150,151,151,LOITER,0
9.004,takeoff to 20 m,nan,0.060,-0.012,0.04,-0.02,95.99,0.00,0.02,0.00,151,150,151,151,LOITER,0
9.024,takeoff to 20 m,nan,0.060,-0.012,0.04,-0.02,95.99,0.06,0.00,0.04,151,151,151,151,LOITER,0
9.044,takeoff to 20 m,nan,0.060,-0.012,0.04,-0.02,95.99,0.04,-0.01,-0.01,151,151,151,151,LOITER,0
9.064,takeoff to 20 m,nan,0.060,-0.012,0.04,-0.01,95.99,-0.05,0.01,0.00,151,151,151,151,LOITER,0
9.084,takeoff to 20 m,nan,0.060,-0.012,0.04,-0.01,95.99,-0.01,-0.04,0.00,151,151,151,151,LOITER,0
9.104,takeoff to 20 m,nan,0.060,-0.012,0.04,-0.01,95.99,0.05,-0.00,0.05,151,151,151,151,TAKEOFF,1
9.124,takeoff to 20 m,nan,0.060,-0.012,0.05,-0.01,95.99,0.04,0.03,-0.04,151,151,151,151,TAKEOFF,1
9.144,takeoff to 20 m,nan,0.060,-0.012,0.05,-0.01,95.99,0.03,0.00,0.05,151,151,151,151,TAKEOFF,1
9.164,takeoff to 20 m,nan,0.060,-0.012,0.05,-0.01,95.99,-0.03,0.04,-0.02,151,151,151,151,TAKEOFF,1
9.184,takeoff to 20 m,nan,0.060,-0.012,0.05,-0.01,95.99,0.01,0.02,0.04,151,151,151,151,TAKEOFF,1
9.204,takeoff to 20 m,nan,0.060,-0.012,0.05,-0.01,95.99,0.00,-0.05,0.01,151,151,151,151,TAKEOFF,1
9.224,takeoff to 20 m,nan,0.060,-0.012,0.05,-0.01,95.99,-0.02,0.04,0.01,151,150,151,151,TAKEOFF,1
9.244,takeoff to 20 m,nan,0.060,-0.012,0.05,-0.01,95.99,0.08,0.01,-0.00,151,150,151,151,TAKEOFF,1
9.264,takeoff to 20 m,nan,0.060,-0.012,0.05,-0.01,95.99,0.02,0.00,0.00,151,150,151,151,TAKEOFF,1
9.284,takeoff to 20 m,nan,0.060,-0.012,0.05,-0.01,95.99,-0.02,0.02,-0.02,151,150,151,151,TAKEOFF,1
9.304,takeoff to 20 m,nan,0.060,-0.012,0.05,-0.01,95.99,0.02,0.02,-0.04,151,150,151,151,TAKEOFF,1
9.324,takeoff to 20 m,nan,0.060,-0.012,0.05,-0.01,95.99,0.03,0.01,0.02,151,151,151,151,TAKEOFF,1
9.344,takeoff to 20 m,nan,0.060,-0.012,0.05,-0.01,95.98,0.01,0.05,0.02,151,151,151,151,TAKEOFF,1
9.364,takeoff to 20 m,nan,0.060,-0.012,0.05,-0.01,95.98,0.04,0.04,0.04,151,151,151,151,TAKEOFF,1
9.384,takeoff to 20 m,nan,0.060,-0.012,0.05,-0.01,95.98,-0.01,-0.02,-0.03,151,151,151,151,TAKEOFF,1
9.404,takeoff to 20 m,nan,0.060,-0.012,0.05,-0.01,95.98,-0.01,-0.02,0.02,151,151,151,151,TAKEOFF,1
9.424,takeoff to 20 m,nan,0.060,-0.012,0.05,-0.01,95.98,0.02,0.01,0.04,151,151,151,151,TAKEOFF,1
9.444,takeoff to 20 m,nan,0.060,-0.012,0.05,-0.01,95.98,0.03,0.03,0.05,151,151,151,151,TAKEOFF,1
9.464,takeoff to 20 m,nan,0.060,-0.012,0.05,-0.01,95.98,0.02,0.03,0.03,151,151,151,151,TAKEOFF,1
9.480,takeoff to 20 m,nan,0.060,-0.012,0.05,-0.01,95.98,-0.02,-0.00,-0.02,151,151,151,151,TAKEOFF,1
9.504,takeoff to 20 m,nan,0.059,-0.012,0.05,-0.01,95.98,-0.03,-0.05,0.00,151,151,151,151,TAKEOFF,1
9.524,takeoff to 20 m,nan,0.059,-0.012,0.05,-0.01,95.97,0.02,-0.06,-0.03,151,151,151,151,TAKEOFF,1
9.544,takeoff to 20 m,nan,0.059,-0.012,0.05,-0.01,95.97,0.02,0.01,-0.04,151,151,151,151,TAKEOFF,1
9.564,takeoff to 20 m,nan,0.059,-0.012,0.05,-0.02,95.97,-0.00,-0.05,-0.04,151,150,151,151,TAKEOFF,1
9.584,takeoff to 20 m,nan,0.059,-0.012,0.05,-0.02,95.97,0.05,0.01,0.02,151,150,151,151,TAKEOFF,1
9.604,takeoff to 20 m,nan,0.059,-0.011,0.05,-0.02,95.97,-0.00,0.02,-0.06,151,150,151,151,TAKEOFF,1
9.624,takeoff to 20 m,nan,0.059,-0.011,0.05,-0.02,95.96,0.03,-0.01,-0.00,160,155,158,157,TAKEOFF,1
9.644,takeoff to 20 m,nan,0.059,-0.011,0.05,-0.02,95.96,-0.00,0.01,0.00,160,155,158,157,TAKEOFF,1
9.664,takeoff to 20 m,nan,0.058,-0.011,0.05,-0.02,95.96,0.02,-0.03,-0.00,167,161,165,163,TAKEOFF,1
9.684,takeoff to 20 m,nan,0.058,-0.011,0.04,-0.03,95.96,-0.04,-0.06,0.01,167,161,165,163,TAKEOFF,1
9.704,takeoff to 20 m,nan,0.057,-0.011,0.04,-0.03,95.96,-0.02,-0.03,-0.03,167,161,165,163,TAKEOFF,1
9.724,takeoff to 20 m,nan,0.057,-0.011,0.04,-0.03,95.96,0.04,-0.02,-0.03,174,168,172,170,TAKEOFF,1
9.744,takeoff to 20 m,nan,0.057,-0.011,0.04,-0.03,95.96,0.02,-0.00,-0.02,174,168,172,170,TAKEOFF,1
9.764,takeoff to 20 m,nan,0.056,-0.010,0.04,-0.03,95.96,-0.06,0.03,0.01,183,177,181,179,TAKEOFF,1
9.784,takeoff to 20 m,nan,0.056,-0.010,0.04,-0.03,95.96,0.00,-0.03,0.02,183,177,181,179,TAKEOFF,1
9.804,takeoff to 20 m,nan,0.056,-0.010,0.04,-0.03,95.96,0.01,-0.03,-0.01,183,177,181,179,TAKEOFF,1
9.824,takeoff to 20 m,nan,0.056,-0.010,0.04,-0.03,95.96,0.08,-0.02,0.01,191,185,189,187,TAKEOFF,1
9.844,takeoff to 20 m,nan,0.056,-0.010,0.03,-0.03,95.96,0.02,-0.02,0.01,191,185,189,187,TAKEOFF,1
9.864,takeoff to 20 m,nan,0.055,-0.009,0.03,-0.03,95.96,0.00,-0.02,-0.02,199,193,198,195,TAKEOFF,1
9.884,takeoff to 20 m,nan,0.055,-0.009,0.03,-0.03,95.96,-0.03,0.01,-0.03,199,193,198,195,TAKEOFF,1
9.904,takeoff to 20 m,nan,0.054,-0.009,0.03,-0.03,95.96,0.02,-0.03,-0.01,199,193,198,195,TAKEOFF,1
9.924,takeoff to 20 m,nan,0.054,-0.009,0.03,-0.03,95.96,0.02,0.01,0.06,208,202,206,204,TAKEOFF,1
9.944,takeoff to 20 m,nan,0.054,-0.009,0.03,-0.02,95.96,0.01,0.03,0.02,208,202,206,204,TAKEOFF,1
9.964,takeoff to 20 m,nan,0.053,-0.008,0.03,-0.02,95.96,0.03,-0.01,0.02,218,213,217,215,TAKEOFF,1
9.984,takeoff to 20 m,nan,0.053,-0.008,0.02,-0.02,95.96,0.03,-0.01,-0.01,218,213,217,215,TAKEOFF,1
10.004,takeoff to 20 m,nan,0.052,-0.008,0.02,-0.02,95.97,0.03,0.00,-0.01,218,213,217,215,TAKEOFF,1
10.024,takeoff to 20 m,nan,0.052,-0.008,0.02,-0.02,95.97,-0.03,-0.00,0.03,228,223,227,224,TAKEOFF,1
10.044,takeoff to 20 m,nan,0.052,-0.008,0.02,-0.02,95.97,0.02,0.00,-0.03,228,223,227,224,TAKEOFF,1
10.064,takeoff to 20 m,nan,0.052,-0.007,0.02,-0.02,95.97,-0.02,-0.01,-0.07,238,234,237,235,TAKEOFF,1
10.084,takeoff to 20 m,nan,0.052,-0.007,0.02,-0.02,95.97,-0.00,-0.02,-0.02,238,234,237,235,TAKEOFF,1
10.104,takeoff to 20 m,nan,0.051,-0.006,0.02,-0.02,95.97,-0.03,-0.04,0.02,238,234,237,235,TAKEOFF,1
10.124,takeoff to 20 m,nan,0.051,-0.006,0.02,-0.01,95.97,-0.01,0.01,0.06,249,245,248,245,TAKEOFF,1
10.144,takeoff to 20 m,nan,0.051,-0.006,0.02,-0.01,95.97,-0.02,0.06,0.05,249,245,248,245,TAKEOFF,1
10.164,takeoff to 20 m,nan,0.050,-0.006,0.02,-0.01,95.97,0.04,0.03,-0.00,261,258,261,259,TAKEOFF,1
10.184,takeoff to 20 m,nan,0.050,-0.006,0.01,-0.01,95.97,-0.02,0.00,-0.03,261,258,261,259,TAKEOFF,1
10.204,takeoff to 20 m,nan,0.050,-0.005,0.02,-0.01,95.98,0.01,-0.04,0.04,261,258,261,259,TAKEOFF,1
10.224,takeoff to 20 m,nan,0.050,-0.005,0.01,-0.01,95.98,-0.05,-0.06,-0.04,273,270,273,270,TAKEOFF,1
10.244,takeoff to 20 m,nan,0.050,-0.005,0.01,-0.01,95.98,-0.00,-0.04,0.04,273,270,273,270,TAKEOFF,1
10.264,takeoff to 20 m,nan,0.049,-0.005,0.01,-0.01,95.98,-0.00,0.04,-0.01,285,282,284,282,TAKEOFF,1
10.284,takeoff to 20 m,nan,0.049,-0.005,0.02,-0.00,95.98,0.02,-0.01,0.06,285,282,284,282,TAKEOFF,1
10.304,takeoff to 20 m,nan,0.049,-0.005,0.02,-0.00,95.98,0.04,-0.02,0.03,285,282,284,282,TAKEOFF,1
10.324,takeoff to 20 m,nan,0.049,-0.005,0.02,-0.00,95.98,-0.03,0.03,0.00,297,294,297,295,TAKEOFF,1
10.344,takeoff to 20 m,nan,0.049,-0.005,0.02,-0.00,95.98,0.04,-0.03,0.02,297,294,297,295,TAKEOFF,1
10.364,takeoff to 20 m,nan,0.050,-0.005,0.02,-0.00,95.98,0.00,-0.03,0.01,312,309,311,310,TAKEOFF,1
10.384,takeoff to 20 m,nan,0.050,-0.005,0.02,-0.00,95.98,-0.03,0.00,0.01,312,309,311,310,TAKEOFF,1
10.404,takeoff to 20 m,nan,0.050,-0.005,0.02,-0.00,95.98,0.02,0.03,-0.02,312,309,311,310,TAKEOFF,1
10.424,takeoff to 20 m,nan,0.050,-0.005,0.02,-0.00,95.98,0.02,-0.03,-0.00,326,322,325,323,TAKEOFF,1
10.444,takeoff to 20 m,nan,0.050,-0.005,0.03,-0.00,95.98,0.02,0.01,-0.03,326,322,325,323,TAKEOFF,1
10.472,takeoff to 20 m,nan,0.051,-0.005,0.03,-0.00,95.98,0.04,-0.01,-0.00,340,335,339,336,TAKEOFF,1
10.484,takeoff to 20 m,nan,0.051,-0.005,0.03,-0.01,95.98,0.06,-0.01,0.01,340,335,339,336,TAKEOFF,1
10.504,takeoff to 20 m,nan,0.051,-0.005,0.03,-0.01,95.98,-0.01,0.01,0.06,340,335,339,336,TAKEOFF,1
10.528,takeoff to 20 m,nan,0.051,-0.005,0.03,-0.01,95.98,0.04,-0.00,0.01,352,347,350,349,TAKEOFF,1
10.544,takeoff to 20 m,nan,0.051,-0.005,0.03,-0.01,95.98,0.04,0.00,0.01,352,347,350,349,TAKEOFF,1
10.564,takeoff to 20 m,nan,0.051,-0.006,0.03,-0.01,95.98,-0.01,0.04,0.04,371,367,370,368,TAKEOFF,1
10.584,takeoff to 20 m,nan,0.051,-0.006,0.03,-0.01,95.98,-0.00,0.04,-0.02,371,367,370,368,TAKEOFF,1
10.604,takeoff to 20 m,nan,0.052,-0.006,0.03,-0.01,95.98,0.07,-0.00,0.06,371,367,370,368,TAKEOFF,1
10.624,takeoff to 20 m,nan,0.052,-0.006,0.03,-0.01,95.98,-0.03,-0.02,0.06,387,381,385,383,TAKEOFF,1
10.644,takeoff to 20 m,nan,0.052,-0.006,0.03,-0.01,95.98,0.04,0.01,-0.01,387,381,385,383,TAKEOFF,1
10.664,takeoff to 20 m,nan,0.052,-0.006,0.03,-0.00,95.98,0.03,-0.01,0.00,402,397,401,399,TAKEOFF,1
10.684,takeoff to 20 m,nan,0.052,-0.006,0.03,-0.00,95.98,-0.03,0.03,-0.05,402,397,401,399,TAKEOFF,1
10.704,takeoff to 20 m,nan,0.053,-0.006,0.03,-0.00,95.98,0.02,-0.01,0.02,402,397,401,399,TAKEOFF,1
10.724,takeoff to 20 m,nan,0.053,-0.006,0.03,-0.00,95.98,0.02,-0.01,0.01,418,413,416,415,TAKEOFF,1
10.744,takeoff to 20 m,nan,0.053,-0.006,0.03,0.00,95.98,0.03,-0.00,0.00,418,413,416,415,TAKEOFF,1
10.764,takeoff to 20 m,nan,0.053,-0.006,0.03,0.00,95.98,0.03,-0.00,-0.03,434,430,432,432,TAKEOFF,1
10.784,takeoff to 20 m,nan,0.053,-0.006,0.03,0.00,95.98,-0.05,0.02,-0.03,434,430,432,432,TAKEOFF,1
10.804,takeoff to 20 m,nan,0.053,-0.006,0.03,0.01,95.98,-0.02,0.00,-0.01,434,430,432,432,TAKEOFF,1
10.824,takeoff to 20 m,nan,0.053,-0.006,0.03,0.01,95.98,0.03,0.02,-0.01,451,447,449,449,TAKEOFF,1
10.844,takeoff to 20 m,nan,0.053,-0.006,0.03,0.01,95.98,0.05,0.02,0.01,451,447,449,449,TAKEOFF,1
10.864,takeoff to 20 m,nan,0.053,-0.006,0.03,0.01,95.98,-0.01,0.00,-0.03,471,467,469,469,TAKEOFF,1
10.884,takeoff to 20 m,nan,0.053,-0.006,0.03,0.02,95.98,0.00,-0.00,-0.00,471,467,469,469,TAKEOFF,1
10.904,takeoff to 20 m,nan,0.053,-0.006,0.04,0.02,95.98,0.02,-0.02,-0.00,471,467,469,469,TAKEOFF,1
10.924,takeoff to 20 m,nan,0.053,-0.006,0.04,0.02,95.98,0.05,0.01,-0.02,477,473,475,476,TAKEOFF,1
10.944,takeoff to 20 m,nan,0.053,-0.006,0.04,0.02,95.98,0.02,0.08,-0.05,477,473,475,476,TAKEOFF,1
10.964,takeoff to 20 m,nan,0.053,-0.006,0.04,0.03,95.98,0.02,-0.02,-0.03,481,477,478,480,TAKEOFF,1
10.984,takeoff to 20 m,nan,0.053,-0.006,0.04,0.03,95.98,-0.00,0.02,-0.02,481,477,478,480,TAKEOFF,1
11.004,takeoff to 20 m,nan,0.053,-0.006,0.04,0.03,95.98,0.03,0.08,0.03,481,477,478,480,TAKEOFF,1
11.024,takeoff to 20 m,nan,0.053,-0.006,0.04,0.03,95.98,0.00,0.01,0.02,486,483,483,486,TAKEOFF,1
11.044,takeoff to 20 m,nan,0.053,-0.006,0.04,0.03,95.98,0.01,0.02,0.01,486,483,483,486,TAKEOFF,1
11.064,takeoff to 20 m,nan,0.053,-0.006,0.04,0.03,95.98,-0.04,0.04,0.00,491,488,488,490,TAKEOFF,1
11.084,takeoff to 20 m,nan,0.053,-0.006,0.04,0.03,95.98,-0.03,0.05,-0.05,491,488,488,490,TAKEOFF,1
11.104,takeoff to 20 m,nan,0.052,-0.006,0.04,0.03,95.98,-0.04,-0.02,0.01,491,488,488,490,TAKEOFF,1
11.124,takeoff to 20 m,nan,0.052,-0.006,0.04,0.03,95.98,0.03,-0.01,0.01,498,494,495,497,TAKEOFF,1
11.144,takeoff to 20 m,nan,0.052,-0.006,0.04,0.03,95.98,-0.05,0.03,0.03,498,494,495,497,TAKEOFF,1
11.164,takeoff to 20 m,nan,0.051,-0.005,0.04,0.03,95.98,0.03,-0.03,0.00,502,499,499,503,TAKEOFF,1
11.184,takeoff to 20 m,nan,0.051,-0.005,0.04,0.03,95.98,0.03,0.01,-0.01,502,499,499,503,TAKEOFF,1
11.204,takeoff to 20 m,nan,0.051,-0.005,0.04,0.03,95.98,-0.04,-0.00,0.06,502,499,499,503,TAKEOFF,1
11.224,takeoff to 20 m,nan,0.051,-0.005,0.04,0.03,95.98,0.04,-0.05,0.03,508,505,505,509,TAKEOFF,1
11.244,takeoff to 20 m,nan,0.051,-0.005,0.04,0.03,95.98,0.00,0.00,-0.01,508,505,505,509,TAKEOFF,1
11.264,takeoff to 20 m,nan,0.050,-0.004,0.04,0.02,95.98,0.01,0.00,-0.04,513,510,510,514,TAKEOFF,1
11.284,takeoff to 20 m,nan,0.050,-0.004,0.04,0.02,95.98,-0.02,0.01,-0.04,513,510,510,514,TAKEOFF,1
11.304,takeoff to 20 m,nan,0.049,-0.004,0.04,0.02,95.97,-0.06,-0.01,-0.00,513,510,510,514,TAKEOFF,1
11.324,takeoff to 20 m,nan,0.049,-0.004,0.04,0.02,95.97,0.04,-0.01,0.01,521,518,517,521,TAKEOFF,1
11.344,takeoff to 20 m,nan,0.049,-0.004,0.04,0.02,95.97,0.00,-0.02,0.02,521,518,517,521,TAKEOFF,1
11.364,takeoff to 20 m,nan,0.049,-0.004,0.04,0.02,95.98,0.04,0.02,0.04,526,522,522,526,TAKEOFF,1
11.384,takeoff to 20 m,nan,0.049,-0.004,0.04,0.02,95.98,0.07,0.00,0.01,526,522,522,526,TAKEOFF,1
11.404,takeoff to 20 m,nan,0.049,-0.004,0.03,0.02,95.98,-0.04,-0.07,0.06,526,522,522,526,TAKEOFF,1
11.424,takeoff to 20 m,nan,0.049,-0.004,0.03,0.02,95.98,0.09,-0.02,0.02,532,529,528,533,TAKEOFF,1
11.444,takeoff to 20 m,nan,0.049,-0.004,0.03,0.02,95.98,0.02,0.00,0.01,532,529,528,533,TAKEOFF,1
11.464,takeoff to 20 m,nan,0.050,-0.004,0.03,0.02,95.98,-0.04,0.04,-0.01,537,535,533,538,TAKEOFF,1
11.484,takeoff to 20 m,nan,0.050,-0.004,0.03,0.02,95.98,0.01,0.02,0.02,537,535,533,538,TAKEOFF,1
11.504,takeoff to 20 m,nan,0.051,-0.005,0.03,0.02,95.98,0.02,0.02,0.05,537,535,533,538,TAKEOFF,1
11.524,takeoff to 20 m,nan,0.051,-0.005,0.02,0.02,95.98,-0.02,0.04,-0.01,545,543,541,547,TAKEOFF,1
11.544,takeoff to 20 m,nan,0.051,-0.005,0.02,0.02,95.98,0.01,0.00,0.01,545,543,541,547,TAKEOFF,1
11.564,takeoff to 20 m,nan,0.051,-0.005,0.02,0.03,95.98,-0.02,-0.02,0.01,550,548,547,552,TAKEOFF,1
11.584,takeoff to 20 m,nan,0.051,-0.005,0.02,0.03,95.98,0.02,-0.05,-0.08,550,548,547,552,TAKEOFF,1
11.604,takeoff to 20 m,nan,0.052,-0.006,0.01,0.03,95.98,0.01,0.06,-0.00,550,548,547,552,TAKEOFF,1
11.624,takeoff to 20 m,nan,0.052,-0.006,0.01,0.03,95.98,0.06,0.01,-0.07,557,556,553,559,TAKEOFF,1
11.644,takeoff to 20 m,nan,0.052,-0.006,0.01,0.03,95.98,0.04,0.01,0.02,557,556,553,559,TAKEOFF,1
11.664,takeoff to 20 m,nan,0.053,-0.006,0.01,0.03,95.98,-0.01,-0.02,-0.02,562,561,559,564,TAKEOFF,1
11.684,takeoff to 20 m,nan,0.053,-0.006,0.00,0.03,95.98,-0.07,-0.04,0.00,562,561,559,564,TAKEOFF,1
11.704,takeoff to 20 m,nan,0.053,-0.006,0.00,0.03,95.98,0.00,0.05,0.04,562,561,559,564,TAKEOFF,1
11.724,takeoff to 20 m,nan,0.053,-0.006,-0.00,0.03,95.98,0.01,0.00,0.02,571,571,568,574,TAKEOFF,1
11.744,takeoff to 20 m,nan,0.053,-0.006,-0.00,0.03,95.98,-0.03,-0.00,-0.00,571,571,568,574,TAKEOFF,1
11.764,takeoff to 20 m,nan,0.054,-0.006,-0.01,0.03,95.98,-0.02,-0.00,0.04,577,577,574,580,TAKEOFF,1
11.784,takeoff to 20 m,nan,0.054,-0.006,-0.01,0.03,95.99,0.00,0.03,-0.01,577,577,574,580,TAKEOFF,1
11.804,takeoff to 20 m,nan,0.054,-0.007,-0.01,0.03,95.99,0.00,0.00,-0.02,577,577,574,580,TAKEOFF,1
11.824,takeoff to 20 m,nan,0.054,-0.007,-0.01,0.03,95.99,-0.03,-0.04,-0.00,584,584,581,587,TAKEOFF,1
11.844,takeoff to 20 m,nan,0.054,-0.007,-0.01,0.03,95.99,0.04,0.02,0.04,584,584,581,587,TAKEOFF,1
11.864,takeoff to 20 m,nan,0.054,-0.006,-0.01,0.03,95.99,-0.02,0.02,0.03,590,591,588,593,TAKEOFF,1
11.884,takeoff to 20 m,nan,0.054,-0.006,-0.01,0.03,95.99,0.01,0.01,0.00,590,591,588,593,TAKEOFF,1
11.904,takeoff to 20 m,nan,0.053,-0.006,-0.01,0.03,95.99,0.00,-0.04,-0.02,590,591,588,593,TAKEOFF,1
11.924,takeoff to 20 m,nan,0.053,-0.006,-0.01,0.03,95.99,0.02,-0.02,0.02,600,600,597,603,TAKEOFF,1
11.944,takeoff to 20 m,nan,0.053,-0.006,-0.01,0.03,95.99,-0.02,0.02,0.03,600,600,597,603,TAKEOFF,1
11.964,takeoff to 20 m,nan,0.053,-0.006,-0.01,0.03,95.99,-0.01,0.02,-0.03,607,608,605,611,TAKEOFF,1
11.984,takeoff to 20 m,nan,0.053,-0.006,-0.01,0.03,95.99,0.07,0.03,0.02,607,608,605,611,TAKEOFF,1
12.004,takeoff to 20 m,nan,0.052,-0.005,-0.01,0.03,95.99,0.00,0.05,-0.04,607,608,605,611,TAKEOFF,1
12.024,takeoff to 20 m,nan,0.052,-0.005,-0.00,0.03,95.99,-0.03,0.01,-0.07,613,615,611,618,TAKEOFF,1
12.044,takeoff to 20 m,nan,0.052,-0.005,-0.00,0.03,95.98,-0.00,-0.01,0.01,613,615,611,618,TAKEOFF,1
12.064,takeoff to 20 m,nan,0.051,-0.004,-0.00,0.03,95.98,0.01,0.06,-0.02,620,623,618,625,TAKEOFF,1
12.084,takeoff to 20 m,nan,0.051,-0.004,-0.00,0.03,95.98,-0.01,0.04,-0.03,620,623,618,625,TAKEOFF,1
12.104,takeoff to 20 m,nan,0.050,-0.004,-0.00,0.03,95.98,-0.03,-0.02,-0.05,620,623,618,625,TAKEOFF,1
12.124,takeoff to 20 m,nan,0.050,-0.004,-0.00,0.03,95.98,0.01,0.03,-0.04,631,633,628,635,TAKEOFF,1
12.144,takeoff to 20 m,nan,0.050,-0.004,-0.00,0.03,95.98,-0.06,-0.01,0.03,631,633,628,635,TAKEOFF,1
12.164,takeoff to 20 m,nan,0.049,-0.003,-0.00,0.03,95.98,-0.03,-0.00,-0.02,638,640,636,643,TAKEOFF,1
12.184,takeoff to 20 m,nan,0.049,-0.003,0.00,0.03,95.98,0.05,0.06,0.02,638,640,636,643,TAKEOFF,1
12.204,takeoff to 20 m,nan,0.048,-0.003,0.00,0.03,95.98,0.07,0.01,0.01,638,640,636,643,TAKEOFF,1
12.224,takeoff to 20 m,nan,0.048,-0.003,0.00,0.03,95.98,-0.01,0.00,-0.01,646,648,643,651,TAKEOFF,1
12.244,takeoff to 20 m,nan,0.048,-0.003,0.00,0.03,95.99,0.00,-0.02,0.04,646,648,643,651,TAKEOFF,1
12.264,takeoff to 20 m,nan,0.047,-0.002,0.00,0.02,95.99,-0.01,0.01,-0.02,654,656,651,659,TAKEOFF,1
12.284,takeoff to 20 m,nan,0.047,-0.002,0.00,0.02,95.99,-0.01,0.00,0.04,654,656,651,659,TAKEOFF,1
12.304,takeoff to 20 m,nan,0.047,-0.001,0.00,0.02,95.99,-0.05,-0.04,0.04,654,656,651,659,TAKEOFF,1
12.324,takeoff to 20 m,nan,0.047,-0.001,0.00,0.02,95.99,0.03,-0.03,-0.01,665,667,662,670,TAKEOFF,1
12.344,takeoff to 20 m,nan,0.047,-0.001,0.00,0.02,95.99,-0.03,0.01,0.04,665,667,662,670,TAKEOFF,1
12.364,takeoff to 20 m,nan,0.046,-0.001,0.01,0.02,95.99,0.00,-0.01,0.01,673,674,670,678,TAKEOFF,1
12.384,takeoff to 20 m,nan,0.046,-0.001,0.00,0.01,95.99,-0.07,-0.04,-0.04,673,674,670,678,TAKEOFF,1
12.404,takeoff to 20 m,nan,0.046,-0.001,0.01,0.01,96.00,-0.00,-0.00,0.00,673,674,670,678,TAKEOFF,1
12.424,takeoff to 20 m,nan,0.046,-0.001,0.01,0.01,96.00,0.03,-0.05,-0.03,682,683,679,686,TAKEOFF,1
12.444,takeoff to 20 m,nan,0.046,-0.001,0.01,0.00,96.00,-0.03,-0.02,0.07,682,683,679,686,TAKEOFF,1
12.464,takeoff to 20 m,nan,0.045,-0.000,0.01,-0.00,96.00,-0.02,-0.03,0.02,690,691,687,694,TAKEOFF,1
12.484,takeoff to 20 m,nan,0.045,-0.000,0.01,-0.00,96.01,-0.00,-0.01,-0.00,690,691,687,694,TAKEOFF,1
12.504,takeoff to 20 m,nan,0.044,0.000,0.01,-0.01,96.01,-0.00,0.03,0.06,690,691,687,694,TAKEOFF,1
12.524,takeoff to 20 m,nan,0.044,0.000,0.01,-0.01,96.01,-0.01,-0.04,-0.04,702,702,698,706,TAKEOFF,1
12.544,takeoff to 20 m,nan,0.044,0.000,0.01,-0.02,96.02,-0.03,-0.01,-0.03,702,702,698,706,TAKEOFF,1
12.564,takeoff to 20 m,nan,0.044,0.001,0.01,-0.02,96.02,-0.05,0.01,-0.03,711,710,707,714,TAKEOFF,1
12.584,takeoff to 20 m,nan,0.044,0.001,0.01,-0.02,96.02,-0.02,0.01,0.02,711,710,707,714,TAKEOFF,1
12.604,takeoff to 20 m,nan,0.043,0.001,0.01,-0.03,96.02,-0.04,-0.04,-0.03,711,710,707,714,TAKEOFF,1
12.624,takeoff to 20 m,nan,0.043,0.001,0.01,-0.03,96.03,-0.01,0.02,0.04,746,744,742,748,TAKEOFF,1
12.644,takeoff to 20 m,nan,0.043,0.001,0.01,-0.03,96.03,0.05,-0.02,-0.01,746,744,742,748,TAKEOFF,1
12.664,takeoff to 20 m,nan,0.043,0.001,0.01,-0.03,96.03,0.01,-0.02,0.03,755,752,750,757,TAKEOFF,1
12.684,takeoff to 20 m,nan,0.043,0.001,0.02,-0.04,96.03,0.02,-0.00,0.06,755,752,750,757,TAKEOFF,1
12.704,takeoff to 20 m,nan,0.043,0.001,0.02,-0.04,96.04,-0.01,0.06,-0.00,755,752,750,757,TAKEOFF,1
12.724,takeoff to 20 m,nan,0.043,0.001,0.02,-0.04,96.04,-0.00,0.03,0.04,768,764,763,770,TAKEOFF,1
12.744,takeoff to 20 m,nan,0.043,0.001,0.02,-0.04,96.04,-0.04,-0.01,-0.02,768,764,763,770,TAKEOFF,1
12.764,takeoff to 20 m,nan,0.043,0.001,0.02,-0.04,96.04,-0.28,-0.01,-0.05,777,772,772,778,TAKEOFF,1
12.784,takeoff to 20 m,nan,0.043,0.001,0.01,-0.05,96.04,-1.22,-0.07,0.04,777,772,772,778,TAKEOFF,1
12.804,takeoff to 20 m,nan,0.043,-0.005,-0.02,-0.05,96.04,-1.83,-0.23,-0.06,777,772,772,778,TAKEOFF,1
12.824,takeoff to 20 m,nan,0.043,-0.005,-0.06,-0.05,96.04,-2.09,-0.10,0.02,784,782,783,783,TAKEOFF,1
12.844,takeoff to 20 m,nan,0.043,-0.005,-0.10,-0.06,96.04,-2.26,-0.10,-0.01,784,782,783,783,TAKEOFF,1
12.864,takeoff to 20 m,nan,0.044,-0.025,-0.15,-0.06,96.04,-2.32,-0.08,-0.01,788,788,788,788,TAKEOFF,1
12.884,takeoff to 20 m,nan,0.044,-0.025,-0.20,-0.06,96.04,-2.32,-0.07,-0.04,788,788,788,788,TAKEOFF,1
12.904,takeoff to 20 m,nan,0.046,-0.050,-0.24,-0.06,96.04,-2.15,-0.05,-0.04,788,788,788,788,TAKEOFF,1
12.924,takeoff to 20 m,nan,0.046,-0.050,-0.28,-0.06,96.04,-2.00,-0.00,-0.00,796,796,796,795,TAKEOFF,1
12.944,takeoff to 20 m,nan,0.046,-0.050,-0.32,-0.05,96.03,-1.78,-0.01,-0.02,796,796,796,795,TAKEOFF,1
12.964,takeoff to 20 m,nan,0.050,-0.081,-0.35,-0.05,96.03,-1.64,0.07,-0.04,797,799,799,798,TAKEOFF,1
12.984,takeoff to 20 m,nan,0.050,-0.081,-0.38,-0.05,96.03,-1.37,0.06,-0.02,797,799,799,798,TAKEOFF,1
13.004,takeoff to 20 m,nan,0.055,-0.117,-0.41,-0.04,96.03,-1.18,0.08,-0.02,797,799,799,798,TAKEOFF,1
13.024,takeoff to 20 m,nan,0.055,-0.117,-0.43,-0.04,96.03,-0.82,0.10,-0.05,799,801,800,799,TAKEOFF,1
13.044,takeoff to 20 m,nan,0.055,-0.117,-0.44,-0.04,96.02,-0.58,0.08,-0.04,799,801,800,799,TAKEOFF,1
13.064,takeoff to 20 m,nan,0.064,-0.162,-0.45,-0.03,96.02,-0.31,0.08,-0.03,799,800,800,799,TAKEOFF,1
13.084,takeoff to 20 m,nan,0.064,-0.162,-0.46,-0.03,96.02,-0.11,0.03,-0.02,799,800,800,799,TAKEOFF,1
13.104,takeoff to 20 m,nan,0.075,-0.204,-0.46,-0.03,96.01,0.14,-0.03,0.02,799,800,800,799,TAKEOFF,1
13.124,takeoff to 20 m,nan,0.075,-0.204,-0.46,-0.02,96.01,0.30,-0.06,0.05,804,805,804,804,TAKEOFF,1
13.144,takeoff to 20 m,nan,0.075,-0.204,-0.45,-0.02,96.01,0.62,-0.10,-0.04,804,805,804,804,TAKEOFF,1
13.164,takeoff to 20 m,nan,0.087,-0.246,-0.44,-0.02,96.00,0.69,-0.12,0.02,803,804,804,803,TAKEOFF,1
13.184,takeoff to 20 m,nan,0.087,-0.246,-0.43,-0.02,96.00,0.89,0.00,0.01,803,804,804,803,TAKEOFF,1
13.204,takeoff to 20 m,nan,0.102,-0.289,-0.41,-0.02,96.00,1.06,-0.05,0.02,803,804,804,803,TAKEOFF,1
13.224,takeoff to 20 m,nan,0.102,-0.289,-0.39,-0.02,95.99,1.15,-0.08,0.03,803,803,803,803,TAKEOFF,1
13.244,takeoff to 20 m,nan,0.102,-0.289,-0.37,-0.02,95.99,1.26,0.01,-0.01,803,803,803,803,TAKEOFF,1
13.264,takeoff to 20 m,nan,0.121,-0.340,-0.35,-0.02,95.98,1.38,-0.06,0.00,800,800,800,800,TAKEOFF,1
13.284,takeoff to 20 m,nan,0.121,-0.340,-0.32,-0.02,95.98,1.38,-0.14,-0.01,800,800,800,800,TAKEOFF,1
13.304,takeoff to 20 m,nan,0.141,-0.384,-0.30,-0.02,95.98,1.54,-0.10,-0.00,800,800,800,800,TAKEOFF,1
13.324,takeoff to 20 m,nan,0.141,-0.384,-0.27,-0.02,95.97,1.63,-0.09,-0.01,805,805,805,805,TAKEOFF,1
13.344,takeoff to 20 m,nan,0.141,-0.384,-0.24,-0.01,95.97,1.68,-0.07,-0.02,805,805,805,805,TAKEOFF,1
13.364,takeoff to 20 m,nan,0.163,-0.428,-0.21,-0.01,95.96,1.70,-0.10,0.02,803,803,803,803,TAKEOFF,1
13.384,takeoff to 20 m,nan,0.163,-0.428,-0.17,-0.02,95.96,1.75,-0.09,-0.01,803,803,803,803,TAKEOFF,1
13.404,takeoff to 20 m,nan,0.187,-0.471,-0.14,-0.02,95.96,1.77,-0.19,-0.01,803,803,803,803,TAKEOFF,1
13.424,takeoff to 20 m,nan,0.187,-0.471,-0.11,-0.02,95.95,1.80,-0.16,-0.02,803,802,803,802,TAKEOFF,1
13.444,takeoff to 20 m,nan,0.187,-0.471,-0.08,-0.02,95.95,1.81,-0.16,0.01,803,802,803,802,TAKEOFF,1
13.464,takeoff to 20 m,nan,0.218,-0.522,-0.04,-0.02,95.95,1.82,-0.02,-0.01,799,799,798,799,TAKEOFF,1
13.484,takeoff to 20 m,nan,0.218,-0.522,-0.01,-0.02,95.95,1.66,-0.08,0.01,799,799,798,799,TAKEOFF,1
13.504,takeoff to 20 m,nan,0.247,-0.565,0.02,-0.03,95.95,1.71,-0.13,0.04,799,799,798,799,TAKEOFF,1
13.524,takeoff to 20 m,nan,0.247,-0.565,0.05,-0.03,95.95,1.66,-0.04,0.06,804,803,804,804,TAKEOFF,1
13.544,takeoff to 20 m,nan,0.247,-0.565,0.08,-0.03,95.95,1.60,0.02,0.03,804,803,804,804,TAKEOFF,1
13.564,takeoff to 20 m,nan,0.278,-0.607,0.11,-0.03,95.95,1.60,0.02,0.01,802,802,801,802,TAKEOFF,1
13.584,takeoff to 20 m,nan,0.278,-0.607,0.14,-0.03,95.95,1.51,-0.02,0.04,802,802,801,802,TAKEOFF,1
13.604,takeoff to 20 m,nan,0.312,-0.649,0.17,-0.03,95.95,1.38,-0.03,0.02,802,802,801,802,TAKEOFF,1
13.624,takeoff to 20 m,nan,0.312,-0.649,0.20,-0.03,95.95,1.23,-0.05,-0.01,801,801,801,801,TAKEOFF,1
13.644,takeoff to 20 m,nan,0.312,-0.649,0.22,-0.03,95.96,1.30,-0.04,0.01,801,801,801,801,TAKEOFF,1
13.664,takeoff to 20 m,nan,0.353,-0.697,0.25,-0.03,95.96,1.21,-0.02,-0.02,797,796,797,797,TAKEOFF,1
13.684,takeoff to 20 m,nan,0.353,-0.697,0.27,-0.03,95.96,1.16,0.05,-0.00,797,796,797,797,TAKEOFF,1
13.704,takeoff to 20 m,nan,0.391,-0.738,0.29,-0.03,95.96,1.12,0.03,0.01,797,796,797,797,TAKEOFF,1
13.724,takeoff to 20 m,nan,0.391,-0.738,0.32,-0.03,95.97,1.01,0.06,-0.01,803,802,803,803,TAKEOFF,1
13.744,takeoff to 20 m,nan,0.391,-0.738,0.33,-0.03,95.97,0.81,0.13,-0.01,803,802,803,803,TAKEOFF,1
13.764,takeoff to 20 m,nan,0.430,-0.778,0.35,-0.03,95.97,0.73,0.15,-0.01,801,800,800,800,TAKEOFF,1
13.784,takeoff to 20 m,nan,0.430,-0.778,0.36,-0.03,95.98,0.53,0.21,-0.06,801,800,800,800,TAKEOFF,1
13.804,takeoff to 20 m,nan,0.472,-0.818,0.38,-0.03,95.98,0.46,0.13,0.04,801,800,800,800,TAKEOFF,1
13.824,takeoff to 20 m,nan,0.472,-0.818,0.39,-0.02,95.99,0.40,0.14,-0.00,800,800,800,800,TAKEOFF,1
13.844,takeoff to 20 m,nan,0.472,-0.818,0.40,-0.02,96.00,0.40,0.13,0.06,800,800,800,800,TAKEOFF,1
13.864,takeoff to 20 m,nan,0.522,-0.865,0.40,-0.02,96.00,0.32,0.24,-0.01,795,795,794,795,TAKEOFF,1
13.884,takeoff to 20 m,nan,0.522,-0.865,0.41,-0.02,96.01,0.20,0.19,-0.02,795,795,794,795,TAKEOFF,1
13.904,takeoff to 20 m,nan,0.568,-0.904,0.41,-0.01,96.01,-0.07,0.21,0.04,795,795,794,795,TAKEOFF,1
13.924,takeoff to 20 m,nan,0.568,-0.904,0.42,-0.01,96.01,-0.10,0.21,-0.00,802,802,802,802,TAKEOFF,1
13.944,takeoff to 20 m,nan,0.568,-0.904,0.42,-0.01,96.02,-0.14,0.16,0.01,802,802,802,802,TAKEOFF,1
13.964,takeoff to 20 m,nan,0.615,-0.943,0.41,-0.01,96.02,-0.30,0.19,0.02,799,799,799,799,TAKEOFF,1
13.984,takeoff to 20 m,nan,0.615,-0.943,0.41,-0.00,96.03,-0.39,0.13,-0.03,799,799,799,799,TAKEOFF,1
14.004,takeoff to 20 m,nan,0.664,-0.981,0.40,0.00,96.03,-0.47,0.15,-0.02,799,799,799,799,TAKEOFF,1
14.024,takeoff to 20 m,nan,0.664,-0.981,0.40,0.00,96.03,-0.50,0.12,0.07,793,793,793,793,TAKEOFF,1
14.044,takeoff to 20 m,nan,0.664,-0.981,0.39,0.01,96.04,-0.63,0.08,-0.00,793,793,793,793,TAKEOFF,1
14.064,takeoff to 20 m,nan,0.724,-1.018,0.38,0.01,96.04,-0.60,0.03,-0.00,778,778,778,779,TAKEOFF,1
14.084,takeoff to 20 m,nan,0.724,-1.018,0.37,0.01,96.04,-0.65,-0.06,-0.00,778,778,778,779,TAKEOFF,1
14.104,takeoff to 20 m,nan,0.777,-1.037,0.36,0.01,96.04,-0.69,-0.04,0.03,778,778,778,779,TAKEOFF,1
14.124,takeoff to 20 m,nan,0.777,-1.037,0.34,0.01,96.05,-0.76,-0.04,-0.01,772,772,772,772,TAKEOFF,1
14.144,takeoff to 20 m,nan,0.777,-1.037,0.33,0.00,96.05,-0.73,-0.12,0.03,772,772,772,772,TAKEOFF,1
14.164,takeoff to 20 m,nan,0.830,-1.043,0.32,0.00,96.05,-0.81,-0.03,0.00,772,772,772,772,TAKEOFF,1
14.184,takeoff to 20 m,nan,0.830,-1.043,0.30,0.00,96.05,-0.86,-0.08,0.02,772,772,772,772,TAKEOFF,1
14.204,takeoff to 20 m,nan,0.884,-1.046,0.29,0.00,96.05,-0.87,-0.05,-0.04,772,772,772,772,TAKEOFF,1
14.224,takeoff to 20 m,nan,0.884,-1.046,0.27,-0.00,96.06,-0.82,-0.05,-0.02,772,772,772,772,TAKEOFF,1
14.244,takeoff to 20 m,nan,0.884,-1.046,0.26,-0.00,96.06,-0.87,-0.07,0.02,772,772,772,772,TAKEOFF,1
14.264,takeoff to 20 m,nan,0.946,-1.053,0.24,-0.00,96.06,-0.96,0.03,0.06,770,770,770,770,TAKEOFF,1
14.284,takeoff to 20 m,nan,0.946,-1.053,0.22,-0.00,96.06,-0.93,0.02,-0.01,770,770,770,770,TAKEOFF,1
14.304,takeoff to 20 m,nan,1.000,-1.059,0.20,-0.00,96.06,-0.96,0.11,-0.00,770,770,770,770,TAKEOFF,1
14.324,takeoff to 20 m,nan,1.000,-1.059,0.19,-0.00,96.06,-0.95,-0.02,-0.06,777,777,777,777,TAKEOFF,1
14.344,takeoff to 20 m,nan,1.000,-1.059,0.17,-0.00,96.06,-0.98,0.07,0.01,777,777,777,777,TAKEOFF,1
14.364,takeoff to 20 m,nan,1.054,-1.067,0.15,-0.00,96.06,-0.88,0.13,-0.12,776,776,776,776,TAKEOFF,1
14.384,takeoff to 20 m,nan,1.054,-1.067,0.13,0.00,96.06,-0.82,0.12,0.00,776,776,776,776,TAKEOFF,1
14.404,takeoff to 20 m,nan,1.107,-1.076,0.12,0.00,96.06,-0.89,0.21,0.04,776,776,776,776,TAKEOFF,1
14.424,takeoff to 20 m,nan,1.107,-1.076,0.10,0.00,96.06,-0.85,0.05,-0.05,775,776,776,776,TAKEOFF,1
14.444,takeoff to 20 m,nan,1.107,-1.076,0.08,0.01,96.06,-0.88,0.18,0.00,775,776,776,776,TAKEOFF,1
14.464,takeoff to 20 m,nan,1.171,-1.086,0.06,0.01,96.06,-0.79,0.22,-0.00,772,773,772,772,TAKEOFF,1
14.484,takeoff to 20 m,nan,1.171,-1.086,0.05,0.01,96.06,-0.72,0.14,0.04,772,773,772,772,TAKEOFF,1
14.504,takeoff to 20 m,nan,1.225,-1.096,0.04,0.02,96.06,-0.72,0.20,0.04,772,773,772,772,TAKEOFF,1
14.524,takeoff to 20 m,nan,1.225,-1.096,0.02,0.02,96.06,-0.60,0.22,-0.02,778,779,779,779,TAKEOFF,1
14.544,takeoff to 20 m,nan,1.225,-1.096,0.01,0.02,96.06,-0.54,0.08,0.02,778,779,779,779,TAKEOFF,1
14.564,takeoff to 20 m,nan,1.280,-1.105,-0.00,0.02,96.06,-0.56,-0.00,0.04,777,777,777,777,TAKEOFF,1
14.584,takeoff to 20 m,nan,1.280,-1.105,-0.01,0.02,96.06,-0.57,0.02,-0.02,777,777,777,777,TAKEOFF,1
14.604,takeoff to 20 m,nan,1.334,-1.115,-0.02,0.02,96.06,-0.51,0.07,0.01,777,777,777,777,TAKEOFF,1
14.624,takeoff to 20 m,nan,1.334,-1.115,-0.03,0.03,96.07,-0.58,0.04,0.02,776,777,777,777,TAKEOFF,1
14.644,takeoff to 20 m,nan,1.334,-1.115,-0.04,0.03,96.07,-0.55,-0.01,-0.01,776,777,777,777,TAKEOFF,1
14.664,takeoff to 20 m,nan,1.399,-1.126,-0.05,0.03,96.07,-0.44,-0.03,0.00,773,773,773,773,TAKEOFF,1
14.684,takeoff to 20 m,nan,1.399,-1.126,-0.06,0.03,96.07,-0.33,0.02,0.01,773,773,773,773,TAKEOFF,1
14.704,takeoff to 20 m,nan,1.454,-1.135,-0.07,0.03,96.07,-0.42,-0.11,-0.01,773,773,773,773,TAKEOFF,1
14.724,takeoff to 20 m,nan,1.454,-1.135,-0.08,0.03,96.07,-0.31,-0.10,0.03,779,779,779,779,TAKEOFF,1
14.744,takeoff to 20 m,nan,1.454,-1.135,-0.08,0.03,96.07,-0.32,-0.14,-0.03,779,779,779,779,TAKEOFF,1
14.764,takeoff to 20 m,nan,1.510,-1.145,-0.09,0.02,96.08,-0.23,-0.15,-0.03,776,777,777,776,TAKEOFF,1
14.784,takeoff to 20 m,nan,1.510,-1.145,-0.09,0.02,96.08,-0.18,-0.23,-0.01,776,777,777,776,TAKEOFF,1
14.804,takeoff to 20 m,nan,1.566,-1.154,-0.10,0.02,96.08,-0.06,-0.19,0.01,776,777,777,776,TAKEOFF,1
14.824,takeoff to 20 m,nan,1.566,-1.154,-0.10,0.02,96.08,-0.09,-0.20,0.05,776,776,776,776,TAKEOFF,1
14.844,takeoff to 20 m,nan,1.566,-1.154,-0.10,0.01,96.08,0.04,-0.20,-0.04,776,776,776,776,TAKEOFF,1
14.864,takeoff to 20 m,nan,1.632,-1.166,-0.10,0.01,96.08,0.06,-0.21,0.02,772,772,772,772,TAKEOFF,1
14.884,takeoff to 20 m,nan,1.632,-1.166,-0.10,0.01,96.08,0.11,-0.18,-0.05,772,772,772,772,TAKEOFF,1
14.904,takeoff to 20 m,nan,1.689,-1.175,-0.10,0.00,96.08,0.16,-0.17,0.02,772,772,772,772,TAKEOFF,1
14.924,takeoff to 20 m,nan,1.689,-1.175,-0.09,0.00,96.08,0.23,-0.29,0.03,778,779,778,779,TAKEOFF,1
14.944,takeoff to 20 m,nan,1.689,-1.175,-0.09,-0.00,96.08,0.29,-0.34,0.02,778,779,778,779,TAKEOFF,1
14.964,takeoff to 20 m,nan,1.747,-1.184,-0.09,-0.01,96.07,0.21,-0.31,-0.03,776,776,777,776,TAKEOFF,1
14.984,takeoff to 20 m,nan,1.747,-1.184,-0.08,-0.02,96.07,0.28,-0.19,0.04,776,776,777,776,TAKEOFF,1
15.004,takeoff to 20 m,nan,1.805,-1.193,-0.08,-0.02,96.07,0.34,-0.15,-0.05,776,776,777,776,TAKEOFF,1
15.024,takeoff to 20 m,nan,1.805,-1.193,-0.07,-0.02,96.06,0.45,-0.11,-0.01,775,776,776,775,TAKEOFF,1
15.044,takeoff to 20 m,nan,1.805,-1.193,-0.07,-0.02,96.05,0.45,-0.19,0.03,775,776,776,775,TAKEOFF,1
15.064,takeoff to 20 m,nan,1.872,-1.203,-0.06,-0.03,96.04,0.50,-0.08,0.00,771,771,771,772,TAKEOFF,1
15.084,takeoff to 20 m,nan,1.872,-1.203,-0.05,-0.03,96.03,0.41,-0.04,0.01,771,771,771,772,TAKEOFF,1
15.104,takeoff to 20 m,nan,1.930,-1.211,-0.04,-0.03,96.02,0.42,-0.00,-0.04,771,771,771,772,TAKEOFF,1
15.124,takeoff to 20 m,nan,1.930,-1.211,-0.04,-0.03,96.01,0.50,0.05,-0.02,778,778,778,778,TAKEOFF,1
15.144,takeoff to 20 m,nan,1.930,-1.211,-0.03,-0.03,96.00,0.59,-0.02,-0.02,778,778,778,778,TAKEOFF,1
15.164,takeoff to 20 m,nan,1.988,-1.218,-0.02,-0.03,95.99,0.45,0.04,0.04,776,776,776,776,TAKEOFF,1
15.184,takeoff to 20 m,nan,1.988,-1.218,-0.01,-0.02,95.98,0.44,0.02,0.01,776,776,776,776,TAKEOFF,1
15.204,takeoff to 20 m,nan,2.046,-1.225,0.00,-0.02,95.97,0.51,0.05,-0.02,776,776,776,776,TAKEOFF,1
15.224,takeoff to 20 m,nan,2.046,-1.225,0.01,-0.02,95.97,0.46,0.01,0.01,776,775,775,776,TAKEOFF,1
15.244,takeoff to 20 m,nan,2.046,-1.225,0.02,-0.02,95.96,0.37,0.09,0.03,776,775,775,776,TAKEOFF,1
15.264,takeoff to 20 m,nan,2.114,-1.234,0.02,-0.02,95.95,0.32,0.12,0.02,771,771,771,771,TAKEOFF,1
15.284,takeoff to 20 m,nan,2.114,-1.234,0.03,-0.02,95.95,0.24,0.01,-0.01,771,771,771,771,TAKEOFF,1
15.304,takeoff to 20 m,nan,2.173,-1.242,0.04,-0.02,95.94,0.18,0.07,-0.05,771,771,771,771,TAKEOFF,1
15.324,takeoff to 20 m,nan,2.173,-1.242,0.04,-0.02,95.94,0.17,0.04,0.00,777,778,777,778,TAKEOFF,1
15.344,takeoff to 20 m,nan,2.173,-1.242,0.04,-0.02,95.93,0.15,-0.03,-0.03,777,778,777,778,TAKEOFF,1
15.364,takeoff to 20 m,nan,2.231,-1.248,0.05,-0.02,95.93,0.21,-0.05,-0.04,776,775,775,776,TAKEOFF,1
15.384,takeoff to 20 m,nan,2.231,-1.248,0.05,-0.02,95.93,0.01,-0.10,-0.02,776,775,775,776,TAKEOFF,1
15.404,takeoff to 20 m,nan,2.290,-1.255,0.05,-0.02,95.93,0.03,-0.08,-0.00,776,775,775,776,TAKEOFF,1
15.424,takeoff to 20 m,nan,2.290,-1.255,0.05,-0.02,95.93,0.02,-0.05,-0.01,775,775,775,775,TAKEOFF,1
15.444,takeoff to 20 m,nan,2.290,-1.255,0.05,-0.02,95.93,0.07,-0.00,-0.02,775,775,775,775,TAKEOFF,1
15.464,takeoff to 20 m,nan,2.359,-1.263,0.05,-0.02,95.93,-0.01,-0.00,-0.01,771,771,771,771,TAKEOFF,1
15.484,takeoff to 20 m,nan,2.359,-1.263,0.05,-0.02,95.93,0.04,-0.07,0.01,771,771,771,771,TAKEOFF,1
15.504,takeoff to 20 m,nan,2.418,-1.270,0.05,-0.02,95.93,0.00,-0.18,0.05,771,771,771,771,TAKEOFF,1
15.524,takeoff to 20 m,nan,2.418,-1.270,0.05,-0.02,95.93,0.01,-0.20,-0.03,777,777,777,777,TAKEOFF,1
15.544,takeoff to 20 m,nan,2.418,-1.270,0.06,-0.02,95.94,0.00,-0.18,-0.02,777,777,777,777,TAKEOFF,1
15.564,takeoff to 20 m,nan,2.478,-1.277,0.05,-0.02,95.94,-0.02,-0.21,0.05,775,775,775,775,TAKEOFF,1
15.584,takeoff to 20 m,nan,2.478,-1.277,0.05,-0.03,95.94,-0.04,-0.18,0.02,775,775,775,775,TAKEOFF,1
15.604,takeoff to 20 m,nan,2.537,-1.282,0.05,-0.03,95.94,-0.11,-0.25,0.01,775,775,775,775,TAKEOFF,1
15.624,takeoff to 20 m,nan,2.537,-1.282,0.05,-0.03,95.95,-0.10,-0.27,0.01,774,775,775,774,TAKEOFF,1
15.644,takeoff to 20 m,nan,2.537,-1.282,0.05,-0.04,95.95,0.01,-0.33,0.03,774,775,775,774,TAKEOFF,1
15.664,takeoff to 20 m,nan,2.606,-1.290,0.05,-0.04,95.95,-0.04,-0.30,0.02,772,771,772,771,TAKEOFF,1
15.684,takeoff to 20 m,nan,2.606,-1.290,0.05,-0.05,95.96,-0.04,-0.24,0.03,772,771,772,771,TAKEOFF,1
15.704,takeoff to 20 m,nan,2.666,-1.296,0.05,-0.05,95.96,-0.05,-0.27,0.01,772,771,772,771,TAKEOFF,1
15.728,takeoff to 20 m,nan,2.666,-1.296,0.05,-0.06,95.96,-0.10,-0.30,-0.02,777,777,777,777,TAKEOFF,1
15.748,takeoff to 20 m,nan,2.666,-1.296,0.04,-0.06,95.97,-0.14,-0.24,-0.00,777,777,777,777,TAKEOFF,1
15.764,takeoff to 20 m,nan,2.726,-1.301,0.04,-0.07,95.97,-0.08,-0.16,0.02,779,779,779,779,TAKEOFF,1
15.784,takeoff to 20 m,nan,2.726,-1.301,0.04,-0.07,95.97,0.04,-0.06,-0.01,779,779,779,779,TAKEOFF,1
15.804,takeoff to 20 m,nan,2.786,-1.307,0.04,-0.07,95.98,0.06,-0.05,-0.03,779,779,779,779,TAKEOFF,1
15.824,takeoff to 20 m,nan,2.786,-1.307,0.05,-0.07,95.98,-0.01,-0.23,0.01,774,774,774,775,TAKEOFF,1
15.844,takeoff to 20 m,nan,2.786,-1.307,0.05,-0.08,95.98,0.00,-0.14,0.01,774,774,774,775,TAKEOFF,1
15.864,takeoff to 20 m,nan,2.856,-1.313,0.05,-0.08,95.99,-0.10,-0.14,0.04,770,770,770,770,TAKEOFF,1
15.880,takeoff to 20 m,nan,2.856,-1.313,0.04,-0.08,95.99,-0.16,-0.18,-0.01,770,770,770,770,TAKEOFF,1
15.904,takeoff to 20 m,nan,2.887,-1.315,0.04,-0.08,95.99,-0.17,-0.15,-0.03,770,770,770,770,TAKEOFF,1
15.924,takeoff to 20 m,nan,2.887,-1.315,0.04,-0.09,96.00,-0.22,-0.19,-0.04,779,779,779,779,TAKEOFF,1
15.944,takeoff to 20 m,nan,2.887,-1.315,0.04,-0.09,96.00,-0.22,-0.16,-0.02,779,779,779,779,TAKEOFF,1
15.964,takeoff to 20 m,nan,2.947,-1.317,0.03,-0.09,96.00,-0.26,-0.12,0.01,776,775,776,775,TAKEOFF,1
15.984,takeoff to 20 m,nan,2.947,-1.317,0.03,-0.10,96.01,-0.23,0.00,-0.04,776,775,776,775,TAKEOFF,1
16.004,takeoff to 20 m,nan,3.009,-1.323,0.02,-0.10,96.01,-0.28,-0.01,0.04,776,775,776,775,TAKEOFF,1
16.024,takeoff to 20 m,nan,3.009,-1.323,0.02,-0.10,96.01,-0.35,0.05,-0.00,773,773,773,773,TAKEOFF,1
16.048,takeoff to 20 m,nan,3.009,-1.323,0.01,-0.10,96.02,-0.46,0.05,-0.01,773,773,773,773,TAKEOFF,1
16.064,takeoff to 20 m,nan,3.070,-1.330,0.01,-0.10,96.02,-0.48,0.07,0.02,776,776,776,775,TAKEOFF,1
16.084,takeoff to 20 m,nan,3.070,-1.330,-0.00,-0.10,96.02,-0.37,0.14,0.04,776,776,776,775,TAKEOFF,1
16.104,takeoff to 20 m,nan,3.131,-1.334,-0.01,-0.10,96.03,-0.38,0.15,0.02,776,776,776,775,TAKEOFF,1
16.124,takeoff to 20 m,nan,3.131,-1.334,-0.02,-0.09,96.03,-0.36,0.23,-0.00,777,777,777,777,TAKEOFF,1
16.144,takeoff to 20 m,nan,3.131,-1.334,-0.03,-0.09,96.03,-0.31,0.17,0.07,777,777,777,777,TAKEOFF,1
16.172,takeoff to 20 m,nan,3.193,-1.340,-0.03,-0.09,96.04,-0.29,0.26,0.04,775,775,775,775,TAKEOFF,1
16.188,takeoff to 20 m,nan,3.193,-1.340,-0.04,-0.08,96.04,-0.31,0.25,0.04,775,775,775,775,TAKEOFF,1
16.204,takeoff to 20 m,nan,3.245,-1.345,-0.04,-0.08,96.04,-0.31,0.29,0.04,775,775,775,775,TAKEOFF,1
16.224,takeoff to 20 m,nan,3.245,-1.345,-0.05,-0.08,96.05,-0.30,0.23,-0.04,773,773,774,773,TAKEOFF,1
16.244,takeoff to 20 m,nan,3.245,-1.345,-0.05,-0.07,96.05,-0.18,0.33,-0.03,773,773,774,773,TAKEOFF,1
16.264,takeoff to 20 m,nan,3.307,-1.353,-0.06,-0.07,96.05,-0.22,0.38,-0.02,773,773,774,774,TAKEOFF,1
16.284,takeoff to 20 m,nan,3.307,-1.353,-0.06,-0.06,96.06,-0.24,0.31,0.00,773,773,774,774,TAKEOFF,1
16.300,takeoff to 20 m,nan,3.370,-1.359,-0.06,-0.06,96.06,-0.17,0.41,-0.07,773,773,774,774,TAKEOFF,1
16.312,takeoff to 20 m,nan,3.370,-1.359,-0.07,-0.06,96.06,-0.25,0.45,0.03,773,773,773,773,TAKEOFF,1
16.348,takeoff to 20 m,nan,3.370,-1.359,-0.08,-0.03,96.06,-0.21,0.43,-0.02,773,773,773,773,TAKEOFF,1
16.364,takeoff to 20 m,nan,3.472,-1.368,-0.08,-0.02,96.06,-0.23,0.46,-0.05,765,765,766,765,TAKEOFF,1
16.384,takeoff to 20 m,nan,3.472,-1.368,-0.09,-0.02,96.06,-0.16,0.49,-0.04,765,765,766,765,TAKEOFF,1
16.404,takeoff to 20 m,nan,3.536,-1.371,-0.09,-0.01,96.06,-0.11,0.44,-0.06,765,765,766,765,TAKEOFF,1
16.424,takeoff to 20 m,nan,3.536,-1.371,-0.09,0.00,96.06,-0.00,0.39,-0.06,772,772,773,773,TAKEOFF,1
16.440,takeoff to 20 m,nan,3.536,-1.371,-0.09,0.00,96.06,0.02,0.41,-0.13,772,772,773,773,TAKEOFF,1
16.452,takeoff to 20 m,nan,3.579,-1.373,-0.09,0.01,96.06,-0.05,0.45,-0.11,772,772,773,773,TAKEOFF,1
16.484,takeoff to 20 m,nan,3.579,-1.373,-0.09,0.01,96.06,-0.17,0.59,-0.09,772,773,773,773,TAKEOFF,1
16.504,takeoff to 20 m,nan,3.631,-1.389,-0.10,0.03,96.06,-0.20,0.53,-0.12,772,773,773,773,TAKEOFF,1
16.524,takeoff to 20 m,nan,3.631,-1.389,-0.10,0.04,96.06,-0.07,0.36,-0.12,762,763,763,763,TAKEOFF,1
16.544,takeoff to 20 m,nan,3.631,-1.389,-0.10,0.04,96.06,-0.08,0.27,-0.09,762,763,763,763,TAKEOFF,1
16.564,takeoff to 20 m,nan,3.703,-1.442,-0.10,0.05,96.06,0.08,0.28,-0.15,760,761,761,761,TAKEOFF,1
16.580,takeoff to 20 m,nan,3.703,-1.442,-0.10,0.05,96.05,0.06,0.27,-0.12,760,761,761,761,TAKEOFF,1
16.608,takeoff to 20 m,nan,3.769,-1.464,-0.10,0.06,96.05,0.21,0.26,-0.14,760,761,761,761,TAKEOFF,1
16.624,takeoff to 20 m,nan,3.769,-1.464,-0.10,0.06,96.05,0.17,0.37,-0.17,758,758,758,759,TAKEOFF,1
16.644,takeoff to 20 m,nan,3.769,-1.464,-0.10,0.07,96.04,0.33,0.45,-0.13,758,758,758,759,TAKEOFF,1
16.664,takeoff to 20 m,nan,3.837,-1.476,-0.09,0.08,96.04,0.27,0.24,-0.09,752,752,752,752,TAKEOFF,1
16.684,takeoff to 20 m,nan,3.837,-1.476,-0.09,0.08,96.04,0.30,0.19,-0.15,752,752,752,752,TAKEOFF,1
16.704,takeoff to 20 m,nan,3.906,-1.476,-0.08,0.09,96.03,0.34,0.18,-0.16,752,752,752,752,TAKEOFF,1
16.728,takeoff to 20 m,nan,3.906,-1.476,-0.07,0.09,96.03,0.39,0.19,-0.14,753,753,753,753,TAKEOFF,1
16.748,takeoff to 20 m,nan,3.906,-1.476,-0.07,0.09,96.03,0.28,0.17,-0.17,753,753,753,753,TAKEOFF,1
16.764,takeoff to 20 m,nan,3.976,-1.470,-0.06,0.09,96.02,0.26,0.27,-0.18,755,756,755,756,TAKEOFF,1
16.784,takeoff to 20 m,nan,3.976,-1.470,-0.06,0.10,96.02,0.18,0.31,-0.18,755,756,755,756,TAKEOFF,1
16.804,takeoff to 20 m,nan,4.033,-1.462,-0.06,0.10,96.01,0.21,0.14,-0.10,755,756,755,756,TAKEOFF,1
16.824,takeoff to 20 m,nan,4.033,-1.462,-0.05,0.11,96.01,0.20,0.07,-0.16,759,759,759,759,TAKEOFF,1
16.844,takeoff to 20 m,nan,4.033,-1.462,-0.05,0.11,96.00,0.19,0.02,-0.11,759,759,759,759,TAKEOFF,1
16.864,takeoff to 20 m,nan,4.113,-1.451,-0.05,0.11,96.00,0.25,0.02,-0.16,759,759,759,759,TAKEOFF,1
16.884,takeoff to 20 m,nan,4.113,-1.451,-0.04,0.11,95.99,0.24,-0.01,-0.15,759,759,759,759,TAKEOFF,1
16.904,takeoff to 20 m,nan,4.180,-1.443,-0.04,0.11,95.99,0.26,-0.05,-0.14,759,759,759,759,TAKEOFF,1
16.924,takeoff to 20 m,nan,4.180,-1.443,-0.03,0.11,95.98,0.34,0.05,-0.09,761,761,761,760,TAKEOFF,1
16.944,takeoff to 20 m,nan,4.180,-1.443,-0.03,0.11,95.97,0.39,0.06,-0.09,761,761,761,760,TAKEOFF,1
16.964,takeoff to 20 m,nan,4.246,-1.436,-0.02,0.11,95.97,0.42,0.01,-0.03,761,761,760,760,TAKEOFF,1
16.984,takeoff to 20 m,nan,4.246,-1.436,-0.02,0.11,95.96,0.46,0.00,-0.08,761,761,760,760,TAKEOFF,1
17.000,takeoff to 20 m,nan,4.279,-1.432,-0.02,0.11,95.96,0.41,-0.03,-0.03,761,761,760,760,TAKEOFF,1
17.020,takeoff to 20 m,nan,4.279,-1.432,-0.01,0.11,95.96,0.44,-0.05,-0.02,764,765,763,764,TAKEOFF,1
17.044,takeoff to 20 m,nan,4.279,-1.432,-0.01,0.11,95.95,0.42,-0.04,-0.07,764,765,763,764,TAKEOFF,1
17.064,takeoff to 20 m,nan,4.334,-1.427,-0.00,0.12,95.95,0.41,-0.01,-0.01,764,765,763,765,TAKEOFF,1
17.084,takeoff to 20 m,nan,4.334,-1.427,0.01,0.11,95.94,0.38,-0.09,-0.05,764,765,763,765,TAKEOFF,1
17.104,takeoff to 20 m,nan,4.398,-1.422,0.01,0.11,95.94,0.35,-0.24,0.00,764,765,763,765,TAKEOFF,1
17.124,takeoff to 20 m,nan,4.398,-1.422,0.02,0.11,95.93,0.39,-0.42,0.05,765,766,765,764,TAKEOFF,1
17.152,takeoff to 20 m,nan,4.398,-1.422,0.03,0.10,95.93,0.48,-0.33,0.05,765,766,765,764,TAKEOFF,1
17.172,takeoff to 20 m,nan,4.462,-1.421,0.04,0.10,95.93,0.42,-0.11,0.03,766,768,765,766,TAKEOFF,1
17.184,takeoff to 20 m,nan,4.462,-1.421,0.04,0.10,95.92,0.40,0.06,0.01,766,768,765,766,TAKEOFF,1
17.204,takeoff to 20 m,nan,4.514,-1.422,0.05,0.11,95.92,0.44,0.27,0.07,766,768,765,766,TAKEOFF,1
17.224,takeoff to 20 m,nan,4.514,-1.422,0.06,0.11,95.91,0.51,-0.01,0.08,764,767,763,766,TAKEOFF,1
17.244,takeoff to 20 m,nan,4.514,-1.422,0.07,0.10,95.91,0.38,-0.41,0.09,764,767,763,766,TAKEOFF,1
17.264,takeoff to 20 m,nan,4.587,-1.420,0.08,0.09,95.91,0.45,-0.60,0.08,770,770,769,769,TAKEOFF,1
17.284,takeoff to 20 m,nan,4.587,-1.420,0.08,0.08,95.90,0.42,-0.67,0.12,770,770,769,769,TAKEOFF,1
17.308,takeoff to 20 m,nan,4.639,-1.418,0.09,0.07,95.90,0.23,-0.85,0.16,770,770,769,769,TAKEOFF,1
17.320,takeoff to 20 m,nan,4.639,-1.418,0.09,0.07,95.90,0.23,-0.85,0.16,769,769,768,767,TAKEOFF,1
17.348,takeoff to 20 m,nan,4.639,-1.418,0.09,0.05,95.90,0.02,-1.01,0.12,769,769,768,767,TAKEOFF,1
17.364,takeoff to 20 m,nan,4.681,-1.419,0.10,0.04,95.90,0.01,-1.11,0.18,772,771,771,769,TAKEOFF,1
17.384,takeoff to 20 m,nan,4.681,-1.419,0.10,0.02,95.90,-0.03,-0.97,0.16,772,771,771,769,TAKEOFF,1
17.404,takeoff to 20 m,nan,4.744,-1.419,0.10,-0.00,95.90,0.08,-0.91,0.20,772,771,771,769,TAKEOFF,1
17.424,takeoff to 20 m,nan,4.744,-1.419,0.10,-0.02,95.90,0.14,-0.73,0.16,772,771,771,770,TAKEOFF,1
17.444,takeoff to 20 m,nan,4.744,-1.419,0.10,-0.03,95.90,0.02,-0.60,0.18,772,771,771,770,TAKEOFF,1
17.468,takeoff to 20 m,nan,4.807,-1.418,0.10,-0.04,95.90,0.05,-0.57,0.24,768,768,767,767,TAKEOFF,1
17.484,takeoff to 20 m,nan,4.807,-1.418,0.10,-0.05,95.90,0.06,-0.54,0.24,768,768,767,767,TAKEOFF,1
17.504,takeoff to 20 m,nan,4.839,-1.418,0.10,-0.05,95.90,0.02,-0.57,0.21,768,768,767,767,TAKEOFF,1
17.524,takeoff to 20 m,nan,4.839,-1.418,0.10,-0.06,95.91,0.02,-0.59,0.22,771,771,771,770,TAKEOFF,1
17.544,takeoff to 20 m,nan,4.839,-1.418,0.11,-0.07,95.91,0.13,-0.46,0.32,771,771,771,770,TAKEOFF,1
17.564,takeoff to 20 m,nan,4.911,-1.419,0.11,-0.08,95.92,0.09,-0.28,0.28,773,773,773,772,TAKEOFF,1
17.584,takeoff to 20 m,nan,4.911,-1.419,0.11,-0.08,95.92,-0.02,-0.24,0.29,773,773,773,772,TAKEOFF,1
17.612,takeoff to 20 m,nan,4.974,-1.421,0.11,-0.09,95.93,-0.11,-0.19,0.33,773,773,773,772,TAKEOFF,1
17.632,takeoff to 20 m,nan,4.974,-1.421,0.11,-0.09,95.93,-0.13,-0.20,0.26,773,773,773,773,TAKEOFF,1
17.648,takeoff to 20 m,nan,4.974,-1.421,0.10,-0.09,95.94,-0.27,-0.17,0.27,773,773,773,773,TAKEOFF,1
17.664,takeoff to 20 m,nan,5.027,-1.423,0.10,-0.10,95.94,-0.34,0.01,0.33,774,775,774,774,TAKEOFF,1
17.684,takeoff to 20 m,nan,5.027,-1.423,0.09,-0.10,95.95,-0.36,-0.03,0.31,774,775,774,774,TAKEOFF,1
17.704,takeoff to 20 m,nan,5.088,-1.426,0.08,-0.10,95.96,-0.30,-0.07,0.25,774,775,774,774,TAKEOFF,1
17.724,takeoff to 20 m,nan,5.088,-1.426,0.08,-0.10,95.97,-0.14,-0.09,0.25,775,775,776,775,TAKEOFF,1
17.744,takeoff to 20 m,nan,5.088,-1.426,0.07,-0.10,95.97,-0.10,-0.06,0.32,775,775,776,775,TAKEOFF,1
17.756,takeoff to 20 m,nan,5.151,-1.426,0.07,-0.10,95.98,-0.02,-0.02,0.24,773,774,774,774,TAKEOFF,1
17.776,takeoff to 20 m,nan,5.151,-1.426,0.07,-0.10,95.98,0.01,-0.01,0.26,773,774,774,774,TAKEOFF,1
17.808,takeoff to 20 m,nan,5.228,-1.431,0.07,-0.11,96.00,0.18,-0.18,0.29,773,774,774,774,TAKEOFF,1
17.824,takeoff to 20 m,nan,5.228,-1.431,0.08,-0.11,96.01,0.23,-0.30,0.28,765,763,765,765,TAKEOFF,1
17.844,takeoff to 20 m,nan,5.228,-1.431,0.08,-0.12,96.01,0.28,-0.30,0.21,765,763,765,765,TAKEOFF,1
17.864,takeoff to 20 m,nan,5.287,-1.432,0.09,-0.12,96.02,0.25,-0.00,0.21,773,772,773,774,TAKEOFF,1
17.884,takeoff to 20 m,nan,5.287,-1.432,0.09,-0.12,96.03,0.11,0.09,0.24,773,772,773,774,TAKEOFF,1
17.904,takeoff to 20 m,nan,5.351,-1.433,0.09,-0.12,96.03,0.01,0.16,0.21,773,772,773,774,TAKEOFF,1
17.928,takeoff to 20 m,nan,5.351,-1.433,0.09,-0.11,96.04,0.03,0.25,0.18,773,772,774,773,TAKEOFF,1
17.940,takeoff to 20 m,nan,5.351,-1.433,0.09,-0.11,96.04,0.04,0.35,0.16,773,772,774,773,TAKEOFF,1
17.964,takeoff to 20 m,nan,5.404,-1.434,0.09,-0.11,96.05,0.16,0.50,0.11,771,770,771,772,TAKEOFF,1
17.992,takeoff to 20 m,nan,5.404,-1.434,0.09,-0.10,96.05,0.22,0.56,0.15,771,770,771,772,TAKEOFF,1
18.012,takeoff to 20 m,nan,5.452,-1.462,0.10,-0.09,96.06,0.07,0.37,0.14,768,768,769,770,TAKEOFF,1
18.032,takeoff to 20 m,nan,5.452,-1.462,0.10,-0.08,96.06,-0.08,0.24,0.07,768,768,769,770,TAKEOFF,1
18.052,takeoff to 20 m,nan,5.452,-1.462,0.10,-0.07,96.07,-0.21,0.19,0.05,768,768,769,770,TAKEOFF,1
18.080,takeoff to 20 m,nan,5.516,-1.483,0.10,-0.07,96.07,-0.34,0.14,0.07,763,763,764,765,TAKEOFF,1
18.084,takeoff to 20 m,nan,5.516,-1.483,0.09,-0.07,96.07,-0.38,0.18,0.03,763,763,764,765,TAKEOFF,1
18.120,takeoff to 20 m,nan,5.559,-1.490,0.09,-0.06,96.08,-0.40,0.14,-0.04,765,766,767,767,TAKEOFF,1
18.132,takeoff to 20 m,nan,5.559,-1.490,0.09,-0.06,96.08,-0.45,0.15,-0.04,765,766,767,767,TAKEOFF,1
18.152,takeoff to 20 m,nan,5.559,-1.490,0.08,-0.06,96.08,-0.42,0.12,-0.02,765,766,767,767,TAKEOFF,1
18.172,takeoff to 20 m,nan,5.615,-1.492,0.07,-0.06,96.08,-0.47,0.04,-0.02,760,761,762,762,TAKEOFF,1
18.192,takeoff to 20 m,nan,5.615,-1.492,0.06,-0.06,96.08,-0.43,-0.00,-0.02,760,761,762,762,TAKEOFF,1
18.212,takeoff to 20 m,nan,5.682,-1.491,0.05,-0.06,96.09,-0.42,0.01,-0.03,762,762,763,763,TAKEOFF,1
18.232,takeoff to 20 m,nan,5.682,-1.491,0.04,-0.05,96.09,-0.43,0.05,-0.09,762,762,763,763,TAKEOFF,1
18.256,takeoff to 20 m,nan,5.682,-1.491,0.04,-0.05,96.09,-0.46,0.04,-0.10,762,762,763,763,TAKEOFF,1
18.272,takeoff to 20 m,nan,5.750,-1.488,0.03,-0.05,96.09,-0.45,0.02,-0.12,763,763,764,764,TAKEOFF,1
18.292,takeoff to 20 m,nan,5.750,-1.488,0.02,-0.05,96.09,-0.48,0.03,-0.13,763,763,764,764,TAKEOFF,1
18.320,takeoff to 20 m,nan,5.804,-1.484,0.01,-0.05,96.09,-0.50,0.06,-0.10,763,763,764,763,TAKEOFF,1
18.332,takeoff to 20 m,nan,5.804,-1.484,0.01,-0.05,96.09,-0.48,0.06,-0.09,763,763,764,763,TAKEOFF,1
18.352,takeoff to 20 m,nan,5.804,-1.484,-0.00,-0.05,96.09,-0.50,0.05,-0.10,763,763,764,763,TAKEOFF,1
18.372,takeoff to 20 m,nan,5.869,-1.475,-0.01,-0.05,96.09,-0.35,0.08,-0.17,764,765,766,765,TAKEOFF,1
18.392,takeoff to 20 m,nan,5.869,-1.475,-0.02,-0.05,96.08,-0.35,0.10,-0.18,764,765,766,765,TAKEOFF,1
18.412,takeoff to 20 m,nan,5.924,-1.469,-0.02,-0.05,96.08,-0.30,0.07,-0.10,765,765,766,766,TAKEOFF,1
18.432,takeoff to 20 m,nan,5.924,-1.469,-0.04,-0.05,96.08,-0.39,0.09,-0.17,765,765,766,766,TAKEOFF,1
18.440,takeoff to 20 m,nan,5.924,-1.469,-0.04,-0.05,96.08,-0.38,0.09,-0.18,765,765,766,766,TAKEOFF,1
18.472,takeoff to 20 m,nan,6.003,-1.465,-0.05,-0.04,96.07,-0.33,0.15,-0.23,768,768,769,768,TAKEOFF,1
18.492,takeoff to 20 m,nan,6.003,-1.465,-0.06,-0.04,96.07,-0.30,0.15,-0.19,768,768,769,768,TAKEOFF,1
18.512,takeoff to 20 m,nan,6.102,-1.459,-0.06,-0.04,96.07,-0.40,0.25,-0.26,764,764,764,764,TAKEOFF,1
18.532,takeoff to 20 m,nan,6.102,-1.459,-0.07,-0.03,96.07,-0.45,0.31,-0.21,764,764,764,764,TAKEOFF,1
18.552,takeoff to 20 m,nan,6.102,-1.459,-0.08,-0.03,96.06,-0.33,0.41,-0.21,764,764,764,764,TAKEOFF,1
18.572,takeoff to 20 m,nan,6.166,-1.457,-0.08,-0.02,96.06,-0.24,0.48,-0.17,771,772,772,772,TAKEOFF,1
18.604,takeoff to 20 m,nan,6.166,-1.457,-0.08,-0.02,96.06,-0.21,0.38,-0.18,771,772,772,772,TAKEOFF,1
18.620,takeoff to 20 m,nan,6.198,-1.458,-0.08,-0.01,96.06,-0.18,0.24,-0.28,772,771,771,771,TAKEOFF,1
18.632,takeoff to 20 m,nan,6.198,-1.458,-0.09,-0.01,96.05,-0.06,0.15,-0.23,772,771,771,771,TAKEOFF,1
18.652,takeoff to 20 m,nan,6.198,-1.458,-0.09,-0.00,96.05,-0.14,0.27,-0.21,772,771,771,771,TAKEOFF,1
18.672,takeoff to 20 m,nan,6.269,-1.513,-0.09,0.00,96.05,-0.17,0.47,-0.21,759,758,758,758,TAKEOFF,1
18.696,takeoff to 20 m,nan,6.269,-1.513,-0.09,0.01,96.04,-0.28,0.56,-0.24,759,758,758,758,TAKEOFF,1
18.712,takeoff to 20 m,nan,6.329,-1.560,-0.10,0.02,96.04,-0.28,0.53,-0.22,754,754,754,754,TAKEOFF,1
18.740,takeoff to 20 m,nan,6.329,-1.560,-0.10,0.03,96.04,-0.41,0.61,-0.14,754,754,754,754,TAKEOFF,1
18.780,takeoff to 20 m,nan,6.362,-1.568,-0.12,0.06,96.03,-0.41,0.58,-0.26,747,747,747,747,TAKEOFF,1
18.800,takeoff to 20 m,nan,6.362,-1.568,-0.13,0.07,96.02,-0.37,0.57,-0.22,747,747,747,747,TAKEOFF,1
18.820,takeoff to 20 m,nan,6.465,-1.571,-0.13,0.08,96.02,-0.37,0.46,-0.19,742,742,741,742,TAKEOFF,1
18.840,takeoff to 20 m,nan,6.465,-1.571,-0.14,0.09,96.02,-0.35,0.40,-0.22,742,742,741,742,TAKEOFF,1
18.860,takeoff to 20 m,nan,6.525,-1.599,-0.15,0.09,96.01,-0.43,0.35,-0.17,745,745,744,745,TAKEOFF,1
18.888,takeoff to 20 m,nan,6.525,-1.599,-0.15,0.10,96.01,-0.55,0.24,-0.14,745,745,744,745,TAKEOFF,1
18.928,takeoff to 20 m,nan,6.558,-1.599,-0.16,0.10,96.01,-0.61,0.15,-0.13,739,740,739,739,TAKEOFF,1
18.948,takeoff to 20 m,nan,6.558,-1.599,-0.17,0.10,96.01,-0.59,0.17,-0.14,739,740,739,739,TAKEOFF,1
18.968,takeoff to 20 m,nan,6.604,-1.594,-0.18,0.10,96.01,-0.63,0.15,-0.14,737,738,737,737,TAKEOFF,1
18.988,takeoff to 20 m,nan,6.604,-1.594,-0.19,0.11,96.00,-0.58,0.13,-0.11,737,738,737,737,TAKEOFF,1
19.008,takeoff to 20 m,nan,6.662,-1.633,-0.20,0.11,96.00,-0.53,-0.03,-0.13,737,737,736,736,TAKEOFF,1
19.028,takeoff to 20 m,nan,6.662,-1.633,-0.21,0.11,96.00,-0.59,-0.09,-0.13,737,737,736,736,TAKEOFF,1
19.044,takeoff to 20 m,nan,6.662,-1.633,-0.22,0.11,96.00,-0.54,-0.18,-0.04,737,737,736,736,TAKEOFF,1
19.068,takeoff to 20 m,nan,6.717,-1.632,-0.22,0.11,96.00,-0.51,-0.16,-0.10,738,739,738,738,TAKEOFF,1
19.072,takeoff to 20 m,nan,6.717,-1.632,-0.23,0.10,95.99,-0.43,-0.31,-0.06,738,739,738,738,TAKEOFF,1
19.112,takeoff to 20 m,nan,6.740,-1.629,-0.23,0.10,95.99,-0.30,-0.50,-0.02,729,729,728,728,TAKEOFF,1
19.128,takeoff to 20 m,nan,6.740,-1.629,-0.23,0.10,95.99,-0.27,-0.59,-0.04,729,729,728,728,TAKEOFF,1
19.148,takeoff to 20 m,nan,6.740,-1.629,-0.24,0.09,95.99,-0.30,-0.35,-0.02,729,729,728,728,TAKEOFF,1
19.168,takeoff to 20 m,nan,6.800,-1.624,-0.24,0.08,95.99,-0.45,-0.32,-0.06,732,732,731,732,TAKEOFF,1
19.188,takeoff to 20 m,nan,6.800,-1.624,-0.25,0.08,95.98,-0.35,-0.34,-0.05,732,732,731,732,TAKEOFF,1
19.220,takeoff to 20 m,nan,6.855,-1.608,-0.26,0.07,95.98,-0.42,-0.44,-0.01,733,732,732,731,TAKEOFF,1
19.252,takeoff to 20 m,nan,6.855,-1.608,-0.26,0.07,95.98,-0.31,-0.39,-0.02,733,732,732,731,TAKEOFF,1
19.268,takeoff to 20 m,nan,6.888,-1.596,-0.27,0.06,95.98,-0.32,-0.25,-0.02,742,743,741,742,TAKEOFF,1
19.288,takeoff to 20 m,nan,6.888,-1.596,-0.28,0.05,95.98,-0.21,-0.30,-0.02,742,743,741,742,TAKEOFF,1
19.308,takeoff to 20 m,nan,6.991,-1.548,-0.29,0.04,95.97,-0.26,-0.37,-0.01,739,739,738,738,TAKEOFF,1
19.328,takeoff to 20 m,nan,6.991,-1.548,-0.29,0.03,95.97,-0.35,-0.47,0.01,739,739,738,738,TAKEOFF,1
19.348,takeoff to 20 m,nan,6.991,-1.548,-0.30,0.03,95.97,-0.26,-0.49,0.06,739,739,738,738,TAKEOFF,1
19.368,takeoff to 20 m,nan,7.058,-1.521,-0.30,0.02,95.96,-0.29,-0.46,0.01,752,752,751,751,TAKEOFF,1
19.388,takeoff to 20 m,nan,7.058,-1.521,-0.31,0.01,95.96,-0.21,-0.37,0.05,752,752,751,751,TAKEOFF,1
19.420,takeoff to 20 m,nan,7.106,-1.504,-0.31,0.01,95.96,-0.13,-0.27,0.05,755,756,754,755,TAKEOFF,1
19.440,takeoff to 20 m,nan,7.106,-1.504,-0.31,0.00,95.96,0.08,-0.13,0.04,755,756,754,755,TAKEOFF,1
19.460,takeoff to 20 m,nan,7.150,-1.491,-0.31,0.00,95.95,-0.04,-0.30,0.08,759,760,759,759,TAKEOFF,1
19.484,takeoff to 20 m,nan,7.150,-1.491,-0.31,-0.01,95.95,-0.01,-0.44,0.04,759,760,759,759,TAKEOFF,1
19.500,takeoff to 20 m,nan,7.150,-1.491,-0.31,-0.02,95.95,0.04,-0.41,0.12,759,760,759,759,TAKEOFF,1
19.520,takeoff to 20 m,nan,7.216,-1.493,-0.31,-0.02,95.94,0.07,-0.46,0.08,758,759,757,758,TAKEOFF,1
19.540,takeoff to 20 m,nan,7.216,-1.493,-0.31,-0.03,95.94,0.12,-0.40,0.06,758,759,757,758,TAKEOFF,1
19.560,takeoff to 20 m,nan,7.251,-1.491,-0.31,-0.03,95.94,0.21,-0.39,0.12,762,762,761,762,TAKEOFF,1
19.580,takeoff to 20 m,nan,7.251,-1.491,-0.30,-0.04,95.94,0.30,-0.28,0.05,762,762,761,762,TAKEOFF,1
19.600,takeoff to 20 m,nan,7.251,-1.491,-0.30,-0.05,95.94,0.33,-0.34,0.14,762,762,761,762,TAKEOFF,1
19.620,takeoff to 20 m,nan,7.316,-1.484,-0.29,-0.05,95.94,0.35,-0.38,0.11,760,760,760,759,TAKEOFF,1
19.640,takeoff to 20 m,nan,7.316,-1.484,-0.28,-0.06,95.94,0.37,-0.32,0.12,760,760,760,759,TAKEOFF,1
19.660,takeoff to 20 m,nan,7.372,-1.475,-0.28,-0.07,95.94,0.32,-0.28,0.15,763,763,762,762,TAKEOFF,1
19.668,takeoff to 20 m,nan,7.372,-1.475,-0.27,-0.07,95.94,0.33,-0.29,0.12,763,763,762,762,TAKEOFF,1
19.712,takeoff to 20 m,nan,7.380,-1.473,-0.26,-0.08,95.94,0.34,-0.33,0.13,762,762,761,761,TAKEOFF,1
19.732,takeoff to 20 m,nan,7.380,-1.473,-0.25,-0.09,95.94,0.32,-0.32,0.17,762,762,761,761,TAKEOFF,1
19.752,takeoff to 20 m,nan,7.380,-1.473,-0.25,-0.09,95.94,0.30,-0.25,0.17,762,762,761,761,TAKEOFF,1
19.772,takeoff to 20 m,nan,7.477,-1.458,-0.24,-0.10,95.94,0.40,-0.26,0.15,769,769,769,769,TAKEOFF,1
19.792,takeoff to 20 m,nan,7.477,-1.458,-0.23,-0.10,95.94,0.39,-0.20,0.14,769,769,769,769,TAKEOFF,1
19.812,takeoff to 20 m,nan,7.526,-1.451,-0.23,-0.11,95.95,0.42,-0.13,0.20,769,769,768,768,TAKEOFF,1
19.832,takeoff to 20 m,nan,7.526,-1.451,-0.22,-0.11,95.95,0.46,-0.10,0.16,769,769,768,768,TAKEOFF,1
19.852,takeoff to 20 m,nan,7.526,-1.451,-0.21,-0.11,95.95,0.48,-0.02,0.16,769,769,768,768,TAKEOFF,1
19.872,takeoff to 20 m,nan,7.575,-1.458,-0.20,-0.11,95.95,0.42,0.04,0.15,768,768,768,768,TAKEOFF,1
19.892,takeoff to 20 m,nan,7.575,-1.458,-0.19,-0.11,95.96,0.52,0.01,0.15,768,768,768,768,TAKEOFF,1
19.912,takeoff to 20 m,nan,7.620,-1.472,-0.18,-0.11,95.96,0.43,0.11,0.17,770,770,769,769,TAKEOFF,1
19.932,takeoff to 20 m,nan,7.620,-1.472,-0.17,-0.10,95.96,0.47,0.12,0.13,770,770,769,769,TAKEOFF,1
19.952,takeoff to 20 m,nan,7.620,-1.472,-0.16,-0.10,95.97,0.41,0.15,0.19,770,770,769,769,TAKEOFF,1
19.972,takeoff to 20 m,nan,7.666,-1.476,-0.16,-0.10,95.97,0.40,0.22,0.16,767,767,767,767,TAKEOFF,1
19.992,takeoff to 20 m,nan,7.666,-1.476,-0.15,-0.09,95.97,0.38,0.18,0.16,767,767,767,767,TAKEOFF,1
20.012,takeoff to 20 m,nan,7.713,-1.476,-0.14,-0.09,95.97,0.41,0.14,0.17,766,766,766,766,TAKEOFF,1
20.032,takeoff to 20 m,nan,7.713,-1.476,-0.13,-0.09,95.98,0.44,0.25,0.16,766,766,766,766,TAKEOFF,1
20.052,takeoff to 20 m,nan,7.713,-1.476,-0.12,-0.08,95.98,0.41,0.10,0.16,766,766,766,766,TAKEOFF,1
20.072,takeoff to 20 m,nan,7.768,-1.471,-0.12,-0.08,95.98,0.42,0.15,0.11,764,764,765,764,TAKEOFF,1
20.092,takeoff to 20 m,nan,7.768,-1.471,-0.11,-0.08,95.98,0.39,0.20,0.19,764,764,765,764,TAKEOFF,1
20.112,takeoff to 20 m,nan,7.814,-1.466,-0.10,-0.07,95.98,0.48,0.20,0.19,771,771,771,771,TAKEOFF,1
20.132,takeoff to 20 m,nan,7.814,-1.466,-0.09,-0.07,95.99,0.45,0.24,0.17,771,771,771,771,TAKEOFF,1
20.152,takeoff to 20 m,nan,7.814,-1.466,-0.08,-0.07,95.99,0.49,0.20,0.18,771,771,771,771,TAKEOFF,1
20.172,takeoff to 20 m,nan,7.859,-1.460,-0.07,-0.06,95.99,0.51,0.30,0.19,771,771,771,771,TAKEOFF,1
20.192,takeoff to 20 m,nan,7.859,-1.460,-0.06,-0.05,95.99,0.56,0.32,0.12,771,771,771,771,TAKEOFF,1
20.212,takeoff to 20 m,nan,7.905,-1.454,-0.05,-0.05,96.00,0.51,0.26,0.16,772,771,772,772,TAKEOFF,1
20.232,takeoff to 20 m,nan,7.905,-1.454,-0.05,-0.04,96.00,0.45,0.26,0.12,772,771,772,772,TAKEOFF,1
20.252,takeoff to 20 m,nan,7.905,-1.454,-0.04,-0.04,96.00,0.40,0.27,0.15,772,771,772,772,TAKEOFF,1
20.272,takeoff to 20 m,nan,7.956,-1.449,-0.03,-0.03,96.00,0.52,0.28,0.10,770,770,770,771,TAKEOFF,1
20.292,takeoff to 20 m,nan,7.956,-1.449,-0.02,-0.03,96.01,0.49,0.22,0.09,770,770,770,771,TAKEOFF,1
20.312,takeoff to 20 m,nan,8.000,-1.444,-0.01,-0.02,96.01,0.46,0.28,0.11,777,777,777,777,TAKEOFF,1
20.332,takeoff to 20 m,nan,8.000,-1.444,-0.01,-0.02,96.01,0.48,0.28,0.11,777,777,777,777,TAKEOFF,1
20.352,takeoff to 20 m,nan,8.000,-1.444,0.00,-0.01,96.01,0.55,0.26,0.14,777,777,777,777,TAKEOFF,1
20.372,takeoff to 20 m,nan,8.043,-1.440,0.01,-0.01,96.02,0.53,0.26,0.11,777,777,777,777,TAKEOFF,1
20.392,takeoff to 20 m,nan,8.043,-1.440,0.02,-0.00,96.02,0.60,0.30,0.05,777,777,777,777,TAKEOFF,1
20.412,takeoff to 20 m,nan,8.085,-1.438,0.04,0.00,96.02,0.61,0.19,0.04,777,776,777,777,TAKEOFF,1
20.432,takeoff to 20 m,nan,8.085,-1.438,0.05,0.01,96.02,0.64,0.30,0.11,777,776,777,777,TAKEOFF,1
20.452,takeoff to 20 m,nan,8.085,-1.438,0.06,0.02,96.03,0.68,0.40,0.09,777,776,777,777,TAKEOFF,1
20.472,takeoff to 20 m,nan,8.135,-1.436,0.07,0.02,96.03,0.66,0.30,0.07,774,775,775,776,TAKEOFF,1
20.492,takeoff to 20 m,nan,8.135,-1.436,0.08,0.03,96.03,0.65,0.35,0.05,774,775,775,776,TAKEOFF,1
20.512,takeoff to 20 m,nan,8.177,-1.435,0.10,0.04,96.03,0.70,0.31,0.06,781,781,781,781,TAKEOFF,1
20.532,takeoff to 20 m,nan,8.177,-1.435,0.11,0.04,96.03,0.73,0.32,-0.03,781,781,781,781,TAKEOFF,1
20.552,takeoff to 20 m,nan,8.177,-1.435,0.12,0.05,96.03,0.74,0.26,0.06,781,781,781,781,TAKEOFF,1
20.572,takeoff to 20 m,nan,8.219,-1.434,0.13,0.05,96.03,0.75,0.20,0.05,780,780,781,780,TAKEOFF,1
20.592,takeoff to 20 m,nan,8.219,-1.434,0.15,0.06,96.03,0.79,0.27,0.06,780,780,781,780,TAKEOFF,1
20.612,takeoff to 20 m,nan,8.260,-1.435,0.16,0.06,96.03,0.77,0.17,0.07,779,779,780,780,TAKEOFF,1
20.632,takeoff to 20 m,nan,8.260,-1.435,0.18,0.07,96.03,0.74,0.16,0.04,779,779,780,780,TAKEOFF,1
20.652,takeoff to 20 m,nan,8.260,-1.435,0.19,0.07,96.03,0.66,0.22,0.04,779,779,780,780,TAKEOFF,1
20.672,takeoff to 20 m,nan,8.309,-1.435,0.20,0.07,96.03,0.63,0.14,-0.01,777,777,777,778,TAKEOFF,1
20.692,takeoff to 20 m,nan,8.309,-1.435,0.22,0.08,96.03,0.71,0.12,0.01,777,777,777,778,TAKEOFF,1
20.712,takeoff to 20 m,nan,8.351,-1.437,0.23,0.08,96.03,0.59,0.26,0.01,782,783,782,783,TAKEOFF,1
20.732,takeoff to 20 m,nan,8.351,-1.437,0.24,0.08,96.03,0.52,0.16,0.02,782,783,782,783,TAKEOFF,1
20.752,takeoff to 20 m,nan,8.351,-1.437,0.25,0.09,96.03,0.51,0.05,0.02,782,783,782,783,TAKEOFF,1
20.772,takeoff to 20 m,nan,8.394,-1.438,0.25,0.09,96.03,0.39,0.10,-0.07,781,781,782,781,TAKEOFF,1
20.792,takeoff to 20 m,nan,8.394,-1.438,0.26,0.09,96.03,0.51,0.23,-0.05,781,781,782,781,TAKEOFF,1
20.812,takeoff to 20 m,nan,8.436,-1.439,0.27,0.09,96.03,0.44,0.08,-0.07,781,780,781,781,TAKEOFF,1
20.832,takeoff to 20 m,nan,8.436,-1.439,0.28,0.09,96.03,0.41,0.06,-0.08,781,780,781,781,TAKEOFF,1
20.852,takeoff to 20 m,nan,8.436,-1.439,0.29,0.10,96.03,0.29,0.08,0.02,781,780,781,781,TAKEOFF,1
20.872,takeoff to 20 m,nan,8.486,-1.441,0.29,0.10,96.03,0.27,0.15,-0.09,778,777,778,778,TAKEOFF,1
20.892,takeoff to 20 m,nan,8.486,-1.441,0.30,0.10,96.03,0.24,0.09,-0.08,778,777,778,778,TAKEOFF,1
20.912,takeoff to 20 m,nan,8.528,-1.442,0.30,0.10,96.03,0.16,0.00,-0.07,783,783,784,783,TAKEOFF,1
20.932,takeoff to 20 m,nan,8.528,-1.442,0.30,0.10,96.03,0.10,0.07,-0.04,783,783,784,783,TAKEOFF,1
20.952,takeoff to 20 m,nan,8.528,-1.442,0.31,0.10,96.03,0.11,0.00,-0.05,783,783,784,783,TAKEOFF,1
20.972,takeoff to 20 m,nan,8.572,-1.444,0.31,0.10,96.03,0.04,0.05,-0.11,782,781,782,782,TAKEOFF,1
20.992,takeoff to 20 m,nan,8.572,-1.444,0.31,0.11,96.03,-0.02,0.03,-0.04,782,781,782,782,TAKEOFF,1
21.012,takeoff to 20 m,nan,8.615,-1.446,0.31,0.11,96.03,-0.01,0.01,-0.06,780,781,780,781,TAKEOFF,1
21.032,takeoff to 20 m,nan,8.615,-1.446,0.31,0.11,96.03,0.06,-0.01,-0.05,780,781,780,781,TAKEOFF,1
21.052,takeoff to 20 m,nan,8.615,-1.446,0.31,0.10,96.03,-0.06,-0.05,-0.05,780,781,780,781,TAKEOFF,1
21.072,takeoff to 20 m,nan,8.666,-1.449,0.31,0.10,96.03,-0.10,-0.01,-0.10,778,777,778,778,TAKEOFF,1
21.092,takeoff to 20 m,nan,8.666,-1.449,0.30,0.10,96.03,-0.22,0.02,-0.04,778,777,778,778,TAKEOFF,1
21.112,takeoff to 20 m,nan,8.710,-1.450,0.30,0.10,96.03,-0.22,0.01,-0.05,783,783,783,783,TAKEOFF,1
21.132,takeoff to 20 m,nan,8.710,-1.450,0.29,0.10,96.03,-0.29,0.01,-0.00,783,783,783,783,TAKEOFF,1
21.152,takeoff to 20 m,nan,8.710,-1.450,0.29,0.10,96.03,-0.34,0.06,-0.06,783,783,783,783,TAKEOFF,1
21.172,takeoff to 20 m,nan,8.754,-1.452,0.28,0.10,96.03,-0.28,-0.03,-0.04,781,782,782,782,TAKEOFF,1
21.192,takeoff to 20 m,nan,8.754,-1.452,0.27,0.10,96.03,-0.34,-0.01,-0.07,781,782,782,782,TAKEOFF,1
21.212,takeoff to 20 m,nan,8.799,-1.454,0.27,0.10,96.03,-0.40,-0.04,-0.09,780,780,780,781,TAKEOFF,1
21.232,takeoff to 20 m,nan,8.799,-1.454,0.26,0.10,96.03,-0.40,-0.04,-0.05,780,780,780,781,TAKEOFF,1
21.252,takeoff to 20 m,nan,8.799,-1.454,0.25,0.10,96.03,-0.43,-0.03,-0.09,780,780,780,781,TAKEOFF,1
21.272,takeoff to 20 m,nan,8.852,-1.457,0.24,0.10,96.02,-0.37,0.05,-0.08,777,777,777,777,TAKEOFF,1
21.292,takeoff to 20 m,nan,8.852,-1.457,0.24,0.10,96.02,-0.45,0.03,-0.06,777,777,777,777,TAKEOFF,1
21.312,takeoff to 20 m,nan,8.898,-1.459,0.23,0.10,96.02,-0.44,0.02,-0.08,783,783,783,783,TAKEOFF,1
21.332,takeoff to 20 m,nan,8.898,-1.459,0.22,0.10,96.02,-0.42,0.01,-0.09,783,783,783,783,TAKEOFF,1
21.352,takeoff to 20 m,nan,8.898,-1.459,0.21,0.10,96.02,-0.35,0.02,-0.03,783,783,783,783,TAKEOFF,1
21.372,takeoff to 20 m,nan,8.943,-1.460,0.20,0.10,96.02,-0.45,0.07,-0.10,781,781,781,781,TAKEOFF,1
21.392,takeoff to 20 m,nan,8.943,-1.460,0.19,0.10,96.02,-0.42,-0.02,-0.04,781,781,781,781,TAKEOFF,1
21.412,takeoff to 20 m,nan,8.989,-1.462,0.19,0.10,96.02,-0.40,0.11,-0.09,780,780,780,780,TAKEOFF,1
21.432,takeoff to 20 m,nan,8.989,-1.462,0.18,0.11,96.01,-0.48,0.17,-0.04,780,780,780,780,TAKEOFF,1
21.452,takeoff to 20 m,nan,8.989,-1.462,0.17,0.11,96.01,-0.51,0.10,-0.08,780,780,780,780,TAKEOFF,1
21.472,takeoff to 20 m,nan,9.044,-1.465,0.16,0.11,96.01,-0.50,0.07,-0.07,777,777,777,777,TAKEOFF,1
21.492,takeoff to 20 m,nan,9.044,-1.465,0.15,0.11,96.01,-0.48,0.11,-0.04,777,777,777,777,TAKEOFF,1
21.512,takeoff to 20 m,nan,9.091,-1.467,0.14,0.11,96.01,-0.40,0.09,-0.05,782,783,782,783,TAKEOFF,1
21.532,takeoff to 20 m,nan,9.091,-1.467,0.13,0.11,96.01,-0.48,-0.01,-0.06,782,783,782,783,TAKEOFF,1
21.552,takeoff to 20 m,nan,9.091,-1.467,0.12,0.11,96.01,-0.51,-0.01,-0.04,782,783,782,783,TAKEOFF,1
21.572,takeoff to 20 m,nan,9.138,-1.469,0.11,0.11,96.01,-0.45,-0.00,-0.03,780,781,781,780,TAKEOFF,1
21.592,takeoff to 20 m,nan,9.138,-1.469,0.10,0.11,96.02,-0.38,-0.02,-0.04,780,781,781,780,TAKEOFF,1
21.612,takeoff to 20 m,nan,9.186,-1.471,0.09,0.11,96.02,-0.37,0.03,0.04,780,780,780,780,TAKEOFF,1
21.632,takeoff to 20 m,nan,9.186,-1.471,0.08,0.11,96.02,-0.38,0.05,-0.08,780,780,780,780,TAKEOFF,1
21.652,takeoff to 20 m,nan,9.186,-1.471,0.08,0.12,96.02,-0.26,0.03,-0.07,780,780,780,780,TAKEOFF,1
21.672,takeoff to 20 m,nan,9.242,-1.473,0.07,0.11,96.03,-0.32,-0.03,0.01,776,776,776,776,TAKEOFF,1
21.692,takeoff to 20 m,nan,9.242,-1.473,0.07,0.11,96.03,-0.26,-0.12,-0.00,776,776,776,776,TAKEOFF,1
21.712,takeoff to 20 m,nan,9.290,-1.475,0.06,0.11,96.03,-0.11,-0.05,-0.02,782,782,782,782,TAKEOFF,1
21.732,takeoff to 20 m,nan,9.290,-1.475,0.06,0.11,96.04,-0.18,-0.15,-0.01,782,782,782,782,TAKEOFF,1
21.752,takeoff to 20 m,nan,9.290,-1.475,0.05,0.11,96.04,-0.18,-0.12,-0.02,782,782,782,782,TAKEOFF,1
21.772,takeoff to 20 m,nan,9.340,-1.476,0.05,0.11,96.05,-0.14,-0.06,-0.04,780,780,780,780,TAKEOFF,1
21.792,takeoff to 20 m,nan,9.340,-1.476,0.05,0.10,96.05,-0.17,-0.16,-0.03,780,780,780,780,TAKEOFF,1
21.812,takeoff to 20 m,nan,9.389,-1.478,0.04,0.10,96.05,-0.16,-0.15,-0.05,779,779,779,779,TAKEOFF,1
21.832,takeoff to 20 m,nan,9.389,-1.478,0.04,0.10,96.06,-0.17,-0.12,-0.05,779,779,779,779,TAKEOFF,1
21.852,takeoff to 20 m,nan,9.389,-1.478,0.03,0.10,96.06,-0.12,-0.25,-0.06,779,779,779,779,TAKEOFF,1
21.872,takeoff to 20 m,nan,9.447,-1.480,0.03,0.09,96.07,-0.06,-0.33,0.01,775,774,775,775,TAKEOFF,1
21.892,takeoff to 20 m,nan,9.447,-1.480,0.03,0.09,96.07,-0.10,-0.30,-0.05,775,774,775,775,TAKEOFF,1
21.912,takeoff to 20 m,nan,9.497,-1.481,0.03,0.08,96.07,-0.11,-0.27,-0.03,781,781,782,782,TAKEOFF,1
21.932,takeoff to 20 m,nan,9.497,-1.481,0.03,0.08,96.07,0.03,-0.33,-0.05,781,781,782,782,TAKEOFF,1
21.952,takeoff to 20 m,nan,9.497,-1.481,0.03,0.07,96.08,0.01,-0.37,-0.11,781,781,782,782,TAKEOFF,1
21.972,takeoff to 20 m,nan,9.548,-1.483,0.03,0.06,96.08,0.01,-0.34,-0.05,779,779,780,780,TAKEOFF,1
21.992,takeoff to 20 m,nan,9.548,-1.483,0.03,0.06,96.08,0.02,-0.48,-0.03,779,779,780,780,TAKEOFF,1
22.012,takeoff to 20 m,nan,9.599,-1.484,0.03,0.05,96.08,-0.05,-0.42,-0.06,778,778,779,779,TAKEOFF,1
22.032,takeoff to 20 m,nan,9.599,-1.484,0.03,0.04,96.08,-0.05,-0.31,-0.08,778,778,779,779,TAKEOFF,1
22.052,takeoff to 20 m,nan,9.599,-1.484,0.03,0.03,96.08,-0.05,-0.41,-0.11,778,778,779,779,TAKEOFF,1
22.072,takeoff to 20 m,nan,9.659,-1.486,0.03,0.03,96.08,-0.12,-0.42,-0.08,774,773,774,774,TAKEOFF,1
22.092,takeoff to 20 m,nan,9.659,-1.486,0.02,0.02,96.08,-0.16,-0.42,-0.10,774,773,774,774,TAKEOFF,1
22.112,takeoff to 20 m,nan,9.711,-1.488,0.02,0.01,96.08,-0.15,-0.44,-0.15,781,781,782,781,TAKEOFF,1
22.132,takeoff to 20 m,nan,9.711,-1.488,0.02,0.00,96.08,-0.17,-0.28,-0.19,781,781,782,781,TAKEOFF,1
22.152,takeoff to 20 m,nan,9.711,-1.488,0.01,-0.00,96.07,-0.16,-0.33,-0.15,781,781,782,781,TAKEOFF,1
22.172,takeoff to 20 m,nan,9.763,-1.489,0.01,-0.01,96.07,-0.13,-0.31,-0.14,779,778,779,779,TAKEOFF,1
22.192,takeoff to 20 m,nan,9.763,-1.489,0.01,-0.01,96.07,-0.18,-0.23,-0.15,779,778,779,779,TAKEOFF,1
22.212,takeoff to 20 m,nan,9.816,-1.490,0.00,-0.02,96.06,-0.18,-0.25,-0.20,778,778,778,778,TAKEOFF,1
22.232,takeoff to 20 m,nan,9.816,-1.490,0.00,-0.02,96.06,-0.16,-0.26,-0.16,778,778,778,778,TAKEOFF,1
22.252,takeoff to 20 m,nan,9.816,-1.490,-0.00,-0.03,96.05,-0.19,-0.29,-0.20,778,778,778,778,TAKEOFF,1
22.272,takeoff to 20 m,nan,9.877,-1.492,-0.01,-0.04,96.05,-0.30,-0.27,-0.14,773,773,774,773,TAKEOFF,1
22.292,takeoff to 20 m,nan,9.877,-1.492,-0.01,-0.04,96.04,-0.21,-0.11,-0.21,773,773,774,773,TAKEOFF,1
22.312,takeoff to 20 m,nan,9.930,-1.493,-0.02,-0.04,96.04,-0.19,-0.18,-0.22,780,781,781,780,TAKEOFF,1
22.332,takeoff to 20 m,nan,9.930,-1.493,-0.02,-0.05,96.03,-0.08,-0.15,-0.12,780,781,781,780,TAKEOFF,1
22.352,takeoff to 20 m,nan,9.930,-1.493,-0.02,-0.05,96.03,-0.12,-0.12,-0.17,780,781,781,780,TAKEOFF,1
22.372,takeoff to 20 m,nan,9.983,-1.494,-0.02,-0.05,96.02,-0.02,-0.07,-0.13,778,778,778,778,TAKEOFF,1
22.392,takeoff to 20 m,nan,9.983,-1.494,-0.02,-0.05,96.02,-0.02,-0.10,-0.14,778,778,778,778,TAKEOFF,1
22.412,takeoff to 20 m,nan,10.036,-1.494,-0.02,-0.06,96.01,-0.05,-0.05,-0.13,778,778,777,778,TAKEOFF,1
22.432,takeoff to 20 m,nan,10.036,-1.494,-0.03,-0.06,96.01,-0.12,-0.04,-0.18,778,778,777,778,TAKEOFF,1
22.452,takeoff to 20 m,nan,10.036,-1.494,-0.03,-0.06,96.01,-0.10,-0.07,-0.18,778,778,777,778,TAKEOFF,1
22.472,takeoff to 20 m,nan,10.099,-1.496,-0.03,-0.06,96.00,-0.14,-0.09,-0.15,780,780,780,780,TAKEOFF,1
22.492,takeoff to 20 m,nan,10.099,-1.496,-0.04,-0.06,96.00,-0.16,0.02,-0.15,780,780,780,780,TAKEOFF,1
22.512,takeoff to 20 m,nan,10.153,-1.510,-0.04,-0.06,96.00,-0.08,0.01,-0.11,807,808,807,807,TAKEOFF,1
22.532,takeoff to 20 m,nan,10.153,-1.510,-0.04,-0.06,95.99,-0.11,0.04,-0.13,807,808,807,807,TAKEOFF,1
22.552,takeoff to 20 m,nan,10.153,-1.510,-0.04,-0.06,95.99,-0.14,0.09,-0.12,807,808,807,807,TAKEOFF,1
22.572,takeoff to 20 m,nan,10.208,-1.544,-0.05,-0.06,95.99,-0.15,0.06,-0.12,815,816,815,815,TAKEOFF,1
22.592,takeoff to 20 m,nan,10.208,-1.544,-0.05,-0.06,95.98,-0.12,0.05,-0.06,815,816,815,815,TAKEOFF,1
22.612,takeoff to 20 m,nan,10.267,-1.595,-0.05,-0.06,95.98,-0.08,0.07,-0.08,833,833,832,832,TAKEOFF,1
22.632,takeoff to 20 m,nan,10.267,-1.595,-0.05,-0.05,95.98,-0.04,0.16,-0.05,833,833,832,832,TAKEOFF,1
22.652,takeoff to 20 m,nan,10.267,-1.595,-0.06,-0.05,95.98,-0.06,0.16,-0.08,833,833,832,832,TAKEOFF,1
22.672,takeoff to 20 m,nan,10.339,-1.675,-0.06,-0.05,95.98,0.04,0.22,-0.03,830,830,829,829,TAKEOFF,1
22.692,takeoff to 20 m,nan,10.339,-1.675,-0.06,-0.04,95.97,0.02,0.15,-0.03,830,830,829,829,TAKEOFF,1
22.712,takeoff to 20 m,nan,10.406,-1.756,-0.06,-0.04,95.97,-0.02,0.12,-0.01,851,852,851,850,TAKEOFF,1
22.732,takeoff to 20 m,nan,10.406,-1.756,-0.06,-0.04,95.97,0.11,0.16,-0.00,851,852,851,850,TAKEOFF,1
22.752,takeoff to 20 m,nan,10.406,-1.756,-0.05,-0.04,95.97,0.07,0.11,-0.02,851,852,851,850,TAKEOFF,1
22.772,takeoff to 20 m,nan,10.478,-1.847,-0.05,-0.04,95.97,0.19,0.15,0.01,850,850,849,849,TAKEOFF,1
22.792,takeoff to 20 m,nan,10.478,-1.847,-0.05,-0.03,95.97,0.17,0.18,-0.03,850,850,849,849,TAKEOFF,1
22.812,takeoff to 20 m,nan,10.555,-1.945,-0.05,-0.03,95.97,0.05,0.24,0.02,864,864,864,863,TAKEOFF,1
22.832,takeoff to 20 m,nan,10.555,-1.945,-0.05,-0.02,95.97,0.16,0.33,-0.02,864,864,864,863,TAKEOFF,1
22.852,takeoff to 20 m,nan,10.555,-1.945,-0.04,-0.02,95.96,0.24,0.30,0.02,864,864,864,863,TAKEOFF,1
22.872,takeoff to 20 m,nan,10.654,-2.073,-0.04,-0.01,95.96,0.21,0.32,0.04,852,852,851,851,TAKEOFF,1
22.892,takeoff to 20 m,nan,10.654,-2.073,-0.04,-0.01,95.97,0.18,0.33,0.07,852,852,851,851,TAKEOFF,1
22.912,takeoff to 20 m,nan,10.745,-2.190,-0.03,-0.00,95.97,0.24,0.33,0.04,874,874,874,874,TAKEOFF,1
22.932,takeoff to 20 m,nan,10.745,-2.190,-0.03,0.01,95.97,0.18,0.41,0.06,874,874,874,874,TAKEOFF,1
22.952,takeoff to 20 m,nan,10.745,-2.190,-0.03,0.01,95.97,0.14,0.41,0.03,874,874,874,874,TAKEOFF,1
22.972,takeoff to 20 m,nan,10.843,-2.314,-0.03,0.02,95.97,0.19,0.33,0.10,868,869,868,868,TAKEOFF,1
22.992,takeoff to 20 m,nan,10.843,-2.314,-0.02,0.03,95.97,0.28,0.33,0.08,868,869,868,868,TAKEOFF,1
23.012,takeoff to 20 m,nan,10.948,-2.445,-0.02,0.03,95.97,0.33,0.41,0.09,883,883,883,883,TAKEOFF,1
23.032,takeoff to 20 m,nan,10.948,-2.445,-0.01,0.04,95.97,0.17,0.36,0.07,883,883,883,883,TAKEOFF,1
23.052,takeoff to 20 m,nan,10.948,-2.445,-0.01,0.05,95.97,0.29,0.35,0.10,883,883,883,883,TAKEOFF,1
23.072,takeoff to 20 m,nan,11.080,-2.604,-0.00,0.05,95.97,0.37,0.27,0.11,865,866,865,865,TAKEOFF,1
23.092,takeoff to 20 m,nan,11.080,-2.604,0.00,0.06,95.97,0.38,0.31,0.12,865,866,865,865,TAKEOFF,1
23.112,takeoff to 20 m,nan,11.202,-2.738,0.01,0.06,95.97,0.43,0.26,0.08,859,858,859,858,TAKEOFF,1
23.132,takeoff to 20 m,nan,11.202,-2.738,0.02,0.07,95.98,0.40,0.23,0.10,859,858,859,858,TAKEOFF,1
23.152,takeoff to 20 m,nan,11.202,-2.738,0.03,0.07,95.98,0.47,0.27,0.10,859,858,859,858,TAKEOFF,1
23.172,takeoff to 20 m,nan,11.330,-2.846,0.03,0.08,95.98,0.45,0.13,0.16,833,833,833,833,TAKEOFF,1
23.192,takeoff to 20 m,nan,11.330,-2.846,0.04,0.08,95.98,0.43,0.22,0.10,833,833,833,833,TAKEOFF,1
23.212,takeoff to 20 m,nan,11.463,-2.930,0.05,0.09,95.98,0.44,0.27,0.11,825,825,824,825,TAKEOFF,1
23.232,takeoff to 20 m,nan,11.463,-2.930,0.06,0.09,95.98,0.43,0.19,0.11,825,825,824,825,TAKEOFF,1
23.252,takeoff to 20 m,nan,11.463,-2.930,0.07,0.09,95.99,0.38,0.21,0.11,825,825,824,825,TAKEOFF,1
23.272,takeoff to 20 m,nan,11.623,-3.003,0.07,0.10,95.99,0.44,0.20,0.11,797,797,797,798,TAKEOFF,1
23.292,takeoff to 20 m,nan,11.623,-3.003,0.08,0.10,95.99,0.32,0.13,0.10,797,797,797,798,TAKEOFF,1
23.312,takeoff to 20 m,nan,11.764,-3.047,0.09,0.10,95.99,0.29,0.09,0.09,801,801,801,801,TAKEOFF,1
23.332,takeoff to 20 m,nan,11.764,-3.047,0.09,0.10,95.99,0.38,0.11,0.04,801,801,801,801,TAKEOFF,1
23.352,takeoff to 20 m,nan,11.764,-3.047,0.10,0.11,96.00,0.38,0.19,0.06,801,801,801,801,TAKEOFF,1
23.372,takeoff to 20 m,nan,11.907,-3.079,0.11,0.11,96.00,0.34,0.23,0.12,786,786,787,787,TAKEOFF,1
23.392,takeoff to 20 m,nan,11.907,-3.079,0.11,0.11,96.00,0.30,0.30,0.10,786,786,787,787,TAKEOFF,1
23.412,takeoff to 20 m,nan,12.050,-3.101,0.12,0.12,96.00,0.35,0.20,0.07,785,785,786,785,TAKEOFF,1
23.432,takeoff to 20 m,nan,12.050,-3.101,0.13,0.12,96.00,0.39,0.18,0.10,785,785,786,785,TAKEOFF,1
23.452,takeoff to 20 m,nan,12.050,-3.101,0.13,0.12,96.00,0.39,0.25,0.13,785,785,786,785,TAKEOFF,1
23.472,takeoff to 20 m,nan,12.218,-3.114,0.14,0.13,96.01,0.27,0.27,0.04,766,767,766,767,TAKEOFF,1
23.492,takeoff to 20 m,nan,12.218,-3.114,0.14,0.13,96.01,0.29,0.19,0.10,766,767,766,767,TAKEOFF,1
23.512,takeoff to 20 m,nan,12.362,-3.117,0.15,0.14,96.01,0.21,0.10,0.06,766,765,766,766,TAKEOFF,1
23.532,takeoff to 20 m,nan,12.362,-3.117,0.15,0.14,96.01,0.22,0.12,0.07,766,765,766,766,TAKEOFF,1
23.552,takeoff to 20 m,nan,12.362,-3.117,0.16,0.14,96.01,0.18,0.27,0.08,766,765,766,766,TAKEOFF,1
23.572,takeoff to 20 m,nan,12.505,-3.108,0.16,0.15,96.01,0.14,0.24,0.11,753,753,753,753,TAKEOFF,1
23.592,takeoff to 20 m,nan,12.505,-3.108,0.16,0.15,96.02,0.14,0.21,0.11,753,753,753,753,TAKEOFF,1
23.612,takeoff to 20 m,nan,12.647,-3.088,0.16,0.15,96.02,0.04,0.26,-0.04,746,746,746,747,TAKEOFF,1
23.632,takeoff to 20 m,nan,12.647,-3.088,0.17,0.16,96.02,0.06,0.23,0.00,746,746,746,747,TAKEOFF,1
23.652,takeoff to 20 m,nan,12.647,-3.088,0.17,0.16,96.02,-0.06,0.18,0.01,746,746,746,747,TAKEOFF,1
23.672,takeoff to 20 m,nan,12.810,-3.053,0.16,0.16,96.01,-0.10,0.21,-0.02,744,744,745,744,TAKEOFF,1
23.692,takeoff to 20 m,nan,12.810,-3.053,0.16,0.17,96.01,-0.09,0.21,-0.01,744,744,745,744,TAKEOFF,1
23.712,takeoff to 20 m,nan,12.948,-3.017,0.16,0.17,96.01,-0.12,0.20,0.01,750,750,750,750,TAKEOFF,1
23.732,takeoff to 20 m,nan,12.948,-3.017,0.16,0.17,96.01,-0.17,0.15,0.00,750,750,750,750,TAKEOFF,1
23.752,takeoff to 20 m,nan,12.948,-3.017,0.16,0.17,96.01,-0.17,0.19,0.05,750,750,750,750,TAKEOFF,1
23.772,takeoff to 20 m,nan,13.083,-2.988,0.15,0.18,96.01,-0.14,0.21,-0.02,751,751,751,752,TAKEOFF,1
23.792,takeoff to 20 m,nan,13.083,-2.988,0.15,0.18,96.01,-0.15,0.11,-0.02,751,751,751,752,TAKEOFF,1
23.812,takeoff to 20 m,nan,13.216,-2.960,0.15,0.18,96.01,-0.20,-0.01,0.03,744,744,745,744,TAKEOFF,1
23.832,takeoff to 20 m,nan,13.216,-2.960,0.14,0.18,96.01,-0.24,0.03,-0.00,744,744,745,744,TAKEOFF,1
23.852,takeoff to 20 m,nan,13.216,-2.960,0.14,0.18,96.01,-0.18,0.04,0.02,744,744,745,744,TAKEOFF,1
23.872,takeoff to 20 m,nan,13.370,-2.921,0.14,0.18,96.01,-0.22,0.03,-0.04,744,744,744,744,TAKEOFF,1
23.892,takeoff to 20 m,nan,13.370,-2.921,0.13,0.18,96.01,-0.26,0.07,0.00,744,744,744,744,TAKEOFF,1
23.912,takeoff to 20 m,nan,13.499,-2.882,0.13,0.18,96.01,-0.28,0.05,0.03,738,738,738,738,TAKEOFF,1
23.932,takeoff to 20 m,nan,13.499,-2.882,0.12,0.18,96.01,-0.31,0.07,-0.01,738,738,738,738,TAKEOFF,1
23.952,takeoff to 20 m,nan,13.499,-2.882,0.11,0.18,96.01,-0.36,-0.01,-0.03,738,738,738,738,TAKEOFF,1
23.972,takeoff to 20 m,nan,13.626,-2.841,0.11,0.18,96.01,-0.31,-0.01,0.02,739,739,740,739,TAKEOFF,1
23.992,takeoff to 20 m,nan,13.626,-2.841,0.10,0.18,96.00,-0.25,-0.01,-0.03,739,739,740,739,TAKEOFF,1
24.012,takeoff to 20 m,nan,13.751,-2.798,0.10,0.18,96.00,-0.23,0.04,-0.02,733,733,733,733,TAKEOFF,1
24.032,takeoff to 20 m,nan,13.751,-2.798,0.09,0.18,96.00,-0.19,0.03,-0.01,733,733,733,733,TAKEOFF,1
24.052,takeoff to 20 m,nan,13.751,-2.798,0.09,0.18,96.00,-0.20,0.14,-0.00,733,733,733,733,TAKEOFF,1
24.072,takeoff to 20 m,nan,13.894,-2.743,0.09,0.18,96.00,-0.24,-0.01,0.01,732,733,732,733,TAKEOFF,1
24.092,takeoff to 20 m,nan,13.894,-2.743,0.08,0.18,96.00,-0.26,-0.12,0.02,732,733,732,733,TAKEOFF,1
24.112,takeoff to 20 m,nan,13.994,-2.705,0.08,0.18,96.00,-0.31,-0.11,-0.06,735,735,735,735,TAKEOFF,1
24.132,takeoff to 20 m,nan,13.994,-2.705,0.07,0.18,96.00,-0.36,-0.18,0.02,735,735,735,735,TAKEOFF,1
24.152,takeoff to 20 m,nan,13.994,-2.705,0.06,0.17,96.00,-0.29,-0.12,-0.00,735,735,735,735,TAKEOFF,1
24.172,takeoff to 20 m,nan,14.132,-2.658,0.06,0.17,96.00,-0.33,-0.15,-0.08,737,737,737,737,TAKEOFF,1
24.192,takeoff to 20 m,nan,14.132,-2.658,0.05,0.17,96.00,-0.36,-0.21,-0.00,737,737,737,737,TAKEOFF,1
24.212,takeoff to 20 m,nan,14.248,-2.620,0.04,0.16,96.00,-0.31,-0.22,0.01,747,747,747,747,TAKEOFF,1
24.232,takeoff to 20 m,nan,14.248,-2.620,0.04,0.16,96.00,-0.28,-0.28,-0.01,747,747,747,747,TAKEOFF,1
24.252,takeoff to 20 m,nan,14.248,-2.620,0.03,0.15,96.00,-0.36,-0.31,-0.02,747,747,747,747,TAKEOFF,1
24.272,takeoff to 20 m,nan,14.362,-2.583,0.03,0.15,96.00,-0.28,-0.23,-0.00,748,748,747,747,TAKEOFF,1
24.292,takeoff to 20 m,nan,14.362,-2.583,0.02,0.15,96.00,-0.31,-0.35,-0.02,748,748,747,747,TAKEOFF,1
24.312,takeoff to 20 m,nan,14.473,-2.548,0.01,0.14,96.00,-0.32,-0.39,-0.03,749,748,748,748,TAKEOFF,1
24.332,takeoff to 20 m,nan,14.473,-2.548,0.01,0.13,96.00,-0.42,-0.35,0.06,749,748,748,748,TAKEOFF,1
24.352,takeoff to 20 m,nan,14.473,-2.548,-0.00,0.12,96.00,-0.37,-0.42,-0.02,749,748,748,748,TAKEOFF,1
24.372,takeoff to 20 m,nan,14.602,-2.508,-0.01,0.12,96.00,-0.35,-0.43,0.02,742,742,742,742,TAKEOFF,1
24.392,takeoff to 20 m,nan,14.602,-2.508,-0.01,0.11,96.00,-0.34,-0.44,0.06,742,742,742,742,TAKEOFF,1
24.412,takeoff to 20 m,nan,14.712,-2.474,-0.02,0.10,96.00,-0.31,-0.40,-0.00,748,748,748,748,TAKEOFF,1
24.432,takeoff to 20 m,nan,14.712,-2.474,-0.03,0.09,96.00,-0.30,-0.44,0.02,748,748,748,748,TAKEOFF,1
24.452,takeoff to 20 m,nan,14.712,-2.474,-0.03,0.08,96.00,-0.33,-0.46,-0.06,748,748,748,748,TAKEOFF,1
24.472,takeoff to 20 m,nan,14.820,-2.440,-0.04,0.08,96.00,-0.33,-0.32,0.05,745,745,745,744,TAKEOFF,1
24.492,takeoff to 20 m,nan,14.820,-2.440,-0.04,0.07,96.00,-0.25,-0.40,0.04,745,745,745,744,TAKEOFF,1
24.512,takeoff to 20 m,nan,14.927,-2.406,-0.05,0.06,96.00,-0.27,-0.43,0.01,747,747,747,747,TAKEOFF,1
24.532,takeoff to 20 m,nan,14.927,-2.406,-0.06,0.05,96.00,-0.23,-0.47,-0.00,747,747,747,747,TAKEOFF,1
24.552,takeoff to 20 m,nan,14.927,-2.406,-0.06,0.04,96.00,-0.21,-0.43,0.04,747,747,747,747,TAKEOFF,1
24.572,takeoff to 20 m,nan,15.051,-2.365,-0.06,0.04,96.00,-0.21,-0.43,0.02,741,741,741,741,TAKEOFF,1
24.592,takeoff to 20 m,nan,15.051,-2.365,-0.07,0.03,96.00,-0.12,-0.44,-0.05,741,741,741,741,TAKEOFF,1
24.612,takeoff to 20 m,nan,15.154,-2.330,-0.07,0.02,96.00,-0.13,-0.35,0.03,746,746,746,746,TAKEOFF,1
24.632,takeoff to 20 m,nan,15.154,-2.330,-0.07,0.02,96.00,-0.12,-0.34,-0.01,746,746,746,746,TAKEOFF,1
24.652,takeoff to 20 m,nan,15.154,-2.330,-0.07,0.01,96.00,-0.09,-0.32,-0.03,746,746,746,746,TAKEOFF,1
24.672,takeoff to 20 m,nan,15.257,-2.295,-0.08,0.00,96.00,-0.12,-0.38,0.01,743,743,743,743,TAKEOFF,1
24.692,takeoff to 20 m,nan,15.257,-2.295,-0.08,-0.01,96.00,-0.14,-0.42,0.02,743,743,743,743,TAKEOFF,1
24.712,takeoff to 20 m,nan,15.358,-2.259,-0.08,-0.02,96.01,-0.05,-0.49,-0.04,746,745,745,745,TAKEOFF,1
24.732,takeoff to 20 m,nan,15.358,-2.259,-0.08,-0.02,96.01,-0.06,-0.45,0.02,746,745,745,745,TAKEOFF,1
24.752,takeoff to 20 m,nan,15.358,-2.259,-0.08,-0.03,96.01,-0.07,-0.40,0.01,746,745,745,745,TAKEOFF,1
24.772,takeoff to 20 m,nan,15.474,-2.217,-0.08,-0.04,96.01,0.02,-0.44,0.02,740,740,740,740,TAKEOFF,1
24.792,takeoff to 20 m,nan,15.474,-2.217,-0.08,-0.05,96.01,0.02,-0.39,0.02,740,740,740,740,TAKEOFF,1
24.812,takeoff to 20 m,nan,15.572,-2.180,-0.08,-0.06,96.01,0.04,-0.43,-0.02,745,745,745,744,TAKEOFF,1
24.832,takeoff to 20 m,nan,15.572,-2.180,-0.08,-0.06,96.01,0.07,-0.33,0.06,745,745,745,744,TAKEOFF,1
24.852,takeoff to 20 m,nan,15.572,-2.180,-0.08,-0.07,96.01,0.13,-0.30,0.00,745,745,745,744,TAKEOFF,1
24.872,takeoff to 20 m,nan,15.668,-2.144,-0.08,-0.08,96.01,0.08,-0.25,-0.01,742,742,743,742,TAKEOFF,1
24.892,takeoff to 20 m,nan,15.668,-2.144,-0.08,-0.08,96.02,0.01,-0.20,-0.02,742,742,743,742,TAKEOFF,1
24.912,takeoff to 20 m,nan,15.762,-2.107,-0.08,-0.09,96.02,0.10,-0.14,-0.06,745,744,745,745,TAKEOFF,1
24.932,takeoff to 20 m,nan,15.762,-2.107,-0.08,-0.09,96.02,0.10,-0.12,-0.00,745,744,745,745,TAKEOFF,1
24.952,takeoff to 20 m,nan,15.762,-2.107,-0.07,-0.09,96.02,0.24,-0.09,-0.01,745,744,745,745,TAKEOFF,1
24.972,takeoff to 20 m,nan,15.871,-2.064,-0.07,-0.09,96.02,0.20,-0.10,0.00,740,740,740,740,TAKEOFF,1
24.992,takeoff to 20 m,nan,15.871,-2.064,-0.07,-0.10,96.02,0.24,-0.09,-0.03,740,740,740,740,TAKEOFF,1
25.012,takeoff to 20 m,nan,15.962,-2.028,-0.06,-0.10,96.02,0.17,-0.04,-0.03,745,744,745,744,TAKEOFF,1
25.032,takeoff to 20 m,nan,15.962,-2.028,-0.06,-0.10,96.02,0.21,0.05,0.01,745,744,745,744,TAKEOFF,1
25.052,takeoff to 20 m,nan,15.962,-2.028,-0.05,-0.10,96.02,0.31,0.01,-0.01,745,744,745,744,TAKEOFF,1
25.072,takeoff to 20 m,nan,16.051,-1.991,-0.05,-0.10,96.02,0.33,-0.03,-0.02,745,745,745,745,TAKEOFF,1
25.092,takeoff to 20 m,nan,16.051,-1.991,-0.04,-0.10,96.03,0.32,0.10,-0.02,745,745,745,745,TAKEOFF,1
25.112,takeoff to 20 m,nan,16.139,-1.955,-0.03,-0.09,96.03,0.33,0.08,-0.01,745,744,745,745,TAKEOFF,1
25.132,takeoff to 20 m,nan,16.139,-1.955,-0.03,-0.09,96.03,0.26,0.05,-0.05,745,744,745,745,TAKEOFF,1
25.152,takeoff to 20 m,nan,16.139,-1.955,-0.02,-0.09,96.03,0.28,0.06,0.05,745,744,745,745,TAKEOFF,1
25.172,takeoff to 20 m,nan,16.240,-1.914,-0.02,-0.09,96.03,0.29,0.09,-0.06,741,740,741,741,TAKEOFF,1
25.192,takeoff to 20 m,nan,16.240,-1.914,-0.01,-0.09,96.03,0.30,-0.03,0.01,741,740,741,741,TAKEOFF,1
25.212,takeoff to 20 m,nan,16.324,-1.878,-0.01,-0.09,96.03,0.23,-0.00,-0.04,745,745,745,745,TAKEOFF,1
25.232,takeoff to 20 m,nan,16.324,-1.878,-0.00,-0.09,96.03,0.18,0.05,-0.01,745,745,745,745,TAKEOFF,1
25.252,takeoff to 20 m,nan,16.324,-1.878,-0.00,-0.09,96.03,0.19,0.03,-0.06,745,745,745,745,TAKEOFF,1
25.272,takeoff to 20 m,nan,16.407,-1.842,0.00,-0.09,96.03,0.23,0.13,-0.04,744,743,744,743,TAKEOFF,1
25.292,takeoff to 20 m,nan,16.407,-1.842,0.01,-0.09,96.03,0.14,0.08,-0.06,744,743,744,743,TAKEOFF,1
25.312,takeoff to 20 m,nan,16.489,-1.807,0.01,-0.08,96.03,0.21,0.14,-0.03,745,745,745,746,TAKEOFF,1
25.332,takeoff to 20 m,nan,16.489,-1.807,0.01,-0.08,96.03,0.06,0.13,-0.06,745,745,745,746,TAKEOFF,1
25.352,takeoff to 20 m,nan,16.489,-1.807,0.02,-0.08,96.03,0.03,0.15,-0.06,745,745,745,746,TAKEOFF,1
25.372,takeoff to 20 m,nan,16.582,-1.766,0.01,-0.07,96.03,-0.10,0.21,-0.02,742,742,742,742,TAKEOFF,1
25.392,takeoff to 20 m,nan,16.582,-1.766,0.01,-0.07,96.03,-0.04,0.17,-0.01,742,742,742,742,TAKEOFF,1
25.412,takeoff to 20 m,nan,16.660,-1.732,0.01,-0.07,96.03,0.03,0.15,-0.06,746,745,746,746,TAKEOFF,1
25.432,takeoff to 20 m,nan,16.660,-1.732,0.01,-0.07,96.03,-0.01,0.15,-0.04,746,745,746,746,TAKEOFF,1
25.452,takeoff to 20 m,nan,16.660,-1.732,0.01,-0.06,96.03,-0.12,0.12,-0.04,746,745,746,746,TAKEOFF,1
25.472,takeoff to 20 m,nan,16.737,-1.698,0.01,-0.06,96.03,-0.08,0.20,-0.05,744,744,744,744,TAKEOFF,1
25.492,takeoff to 20 m,nan,16.737,-1.698,0.01,-0.06,96.03,-0.12,0.10,-0.04,744,744,744,744,TAKEOFF,1
25.512,takeoff to 20 m,nan,16.813,-1.664,0.01,-0.06,96.03,-0.22,0.11,-0.04,745,744,745,745,TAKEOFF,1
25.532,takeoff to 20 m,nan,16.813,-1.664,0.01,-0.05,96.03,-0.28,0.17,-0.05,745,744,745,745,TAKEOFF,1
25.552,takeoff to 20 m,nan,16.813,-1.664,0.00,-0.05,96.03,-0.25,0.09,-0.05,745,744,745,745,TAKEOFF,1
25.572,takeoff to 20 m,nan,16.899,-1.625,-0.00,-0.05,96.04,-0.38,0.14,-0.02,743,742,743,743,TAKEOFF,1
25.592,takeoff to 20 m,nan,16.899,-1.625,-0.01,-0.05,96.04,-0.38,0.11,-0.03,743,742,743,743,TAKEOFF,1
25.612,takeoff to 20 m,nan,16.972,-1.592,-0.02,-0.04,96.04,-0.37,0.14,-0.07,746,746,746,747,TAKEOFF,1
25.632,takeoff to 20 m,nan,16.972,-1.592,-0.03,-0.04,96.04,-0.48,0.11,-0.05,746,746,746,747,TAKEOFF,1
25.652,takeoff to 20 m,nan,16.972,-1.592,-0.03,-0.04,96.04,-0.50,0.14,-0.00,746,746,746,747,TAKEOFF,1
25.672,takeoff to 20 m,nan,17.044,-1.559,-0.04,-0.04,96.04,-0.60,0.06,-0.05,746,746,746,747,TAKEOFF,1
25.692,takeoff to 20 m,nan,17.044,-1.559,-0.06,-0.04,96.04,-0.62,-0.02,-0.08,746,746,746,747,TAKEOFF,1
25.712,takeoff to 20 m,nan,17.114,-1.526,-0.07,-0.04,96.04,-0.65,0.18,-0.06,746,746,747,746,TAKEOFF,1
25.732,takeoff to 20 m,nan,17.114,-1.526,-0.08,-0.03,96.04,-0.66,0.22,-0.08,746,746,747,746,TAKEOFF,1
25.752,takeoff to 20 m,nan,17.114,-1.526,-0.09,-0.03,96.04,-0.64,0.14,-0.07,746,746,747,746,TAKEOFF,1
25.772,takeoff to 20 m,nan,17.195,-1.489,-0.11,-0.03,96.04,-0.64,0.06,-0.02,744,743,744,744,TAKEOFF,1
25.792,takeoff to 20 m,nan,17.195,-1.489,-0.12,-0.03,96.04,-0.64,0.05,-0.07,744,743,744,744,TAKEOFF,1
25.812,takeoff to 20 m,nan,17.262,-1.457,-0.13,-0.02,96.04,-0.66,0.07,-0.14,747,747,747,747,TAKEOFF,1
25.832,takeoff to 20 m,nan,17.262,-1.457,-0.14,-0.02,96.04,-0.58,0.10,-0.09,747,747,747,747,TAKEOFF,1
25.852,takeoff to 20 m,nan,17.262,-1.457,-0.15,-0.02,96.04,-0.57,0.08,-0.08,747,747,747,747,TAKEOFF,1
25.872,takeoff to 20 m,nan,17.327,-1.425,-0.16,-0.02,96.04,-0.58,0.06,-0.09,747,747,747,747,TAKEOFF,1
25.892,takeoff to 20 m,nan,17.327,-1.425,-0.17,-0.02,96.04,-0.46,0.01,-0.05,747,747,747,747,TAKEOFF,1
25.912,takeoff to 20 m,nan,17.392,-1.393,-0.18,-0.02,96.04,-0.47,-0.05,-0.05,747,748,748,748,TAKEOFF,1
25.932,takeoff to 20 m,nan,17.392,-1.393,-0.19,-0.02,96.04,-0.50,-0.08,-0.06,747,748,748,748,TAKEOFF,1
25.952,takeoff to 20 m,nan,17.392,-1.393,-0.20,-0.02,96.04,-0.43,-0.14,-0.07,747,748,748,748,TAKEOFF,1
25.972,takeoff to 20 m,nan,17.465,-1.357,-0.21,-0.02,96.04,-0.38,-0.13,-0.06,745,745,745,745,TAKEOFF,1
25.992,takeoff to 20 m,nan,17.465,-1.357,-0.21,-0.03,96.04,-0.31,-0.21,-0.04,745,745,745,745,TAKEOFF,1
26.012,takeoff to 20 m,nan,17.527,-1.327,-0.22,-0.03,96.03,-0.38,-0.18,-0.08,748,748,748,748,TAKEOFF,1
26.032,takeoff to 20 m,nan,17.527,-1.327,-0.23,-0.03,96.03,-0.38,-0.20,-0.07,748,748,748,748,TAKEOFF,1
26.052,takeoff to 20 m,nan,17.527,-1.327,-0.23,-0.04,96.03,-0.37,-0.23,-0.11,748,748,748,748,TAKEOFF,1
26.072,takeoff to 20 m,nan,17.587,-1.297,-0.24,-0.04,96.03,-0.26,-0.29,-0.09,747,747,747,747,TAKEOFF,1
26.092,takeoff to 20 m,nan,17.587,-1.297,-0.25,-0.05,96.02,-0.33,-0.25,-0.11,747,747,747,747,TAKEOFF,1
26.116,takeoff to 20 m,nan,17.646,-1.267,-0.25,-0.05,96.02,-0.20,-0.29,-0.09,749,749,749,749,TAKEOFF,1
26.132,takeoff to 20 m,nan,17.646,-1.267,-0.26,-0.05,96.02,-0.25,-0.26,-0.11,749,749,749,749,TAKEOFF,1
26.152,takeoff to 20 m,nan,17.646,-1.267,-0.26,-0.06,96.02,-0.26,-0.30,-0.08,749,749,749,749,TAKEOFF,1
26.172,takeoff to 20 m,nan,17.714,-1.234,-0.27,-0.07,96.01,-0.26,-0.28,-0.12,747,746,747,746,TAKEOFF,1
26.192,takeoff to 20 m,nan,17.714,-1.234,-0.27,-0.07,96.01,-0.21,-0.32,-0.03,747,746,747,746,TAKEOFF,1
26.212,takeoff to 20 m,nan,17.770,-1.205,-0.28,-0.08,96.01,-0.26,-0.27,-0.05,749,749,749,749,TAKEOFF,1
26.232,takeoff to 20 m,nan,17.770,-1.205,-0.28,-0.08,96.00,-0.19,-0.32,-0.06,749,749,749,749,TAKEOFF,1
26.252,takeoff to 20 m,nan,17.770,-1.205,-0.28,-0.09,96.00,-0.14,-0.30,-0.03,749,749,749,749,TAKEOFF,1
26.272,takeoff to 20 m,nan,17.826,-1.177,-0.28,-0.09,96.00,-0.03,-0.36,-0.09,748,748,748,748,TAKEOFF,1
26.292,takeoff to 20 m,nan,17.826,-1.177,-0.29,-0.10,95.99,-0.07,-0.31,-0.10,748,748,748,748,TAKEOFF,1
26.312,takeoff to 20 m,nan,17.880,-1.149,-0.29,-0.11,95.99,0.01,-0.25,-0.07,749,749,749,748,TAKEOFF,1
26.332,takeoff to 20 m,nan,17.880,-1.149,-0.29,-0.11,95.98,0.06,-0.25,-0.02,749,749,749,748,TAKEOFF,1
26.352,takeoff to 20 m,nan,17.880,-1.149,-0.28,-0.11,95.98,0.19,-0.26,-0.08,749,749,749,748,TAKEOFF,1
26.372,takeoff to 20 m,nan,17.942,-1.117,-0.28,-0.12,95.98,0.23,-0.26,-0.06,748,748,748,747,TAKEOFF,1
26.392,takeoff to 20 m,nan,17.942,-1.117,-0.28,-0.12,95.97,0.22,-0.23,-0.03,748,748,748,747,TAKEOFF,1
26.412,takeoff to 20 m,nan,17.994,-1.090,-0.27,-0.13,95.97,0.27,-0.23,-0.01,751,751,750,750,TAKEOFF,1
26.432,takeoff to 20 m,nan,17.994,-1.090,-0.27,-0.13,95.96,0.31,-0.25,-0.02,751,751,750,750,TAKEOFF,1
26.452,takeoff to 20 m,nan,17.994,-1.090,-0.26,-0.14,95.96,0.26,-0.28,-0.04,751,751,750,750,TAKEOFF,1
26.472,takeoff to 20 m,nan,18.045,-1.064,-0.26,-0.14,95.95,0.32,-0.24,-0.02,750,750,749,749,TAKEOFF,1
26.492,takeoff to 20 m,nan,18.045,-1.064,-0.25,-0.15,95.95,0.31,-0.24,0.05,750,750,749,749,TAKEOFF,1
26.512,takeoff to 20 m,nan,18.095,-1.037,-0.24,-0.15,95.94,0.37,-0.24,-0.06,751,751,751,750,TAKEOFF,1
26.532,takeoff to 20 m,nan,18.095,-1.037,-0.23,-0.15,95.93,0.43,-0.20,0.02,751,751,751,750,TAKEOFF,1
26.552,takeoff to 20 m,nan,18.095,-1.037,-0.23,-0.16,95.93,0.50,-0.33,0.02,751,751,751,750,TAKEOFF,1
26.572,takeoff to 20 m,nan,18.152,-1.007,-0.22,-0.17,95.92,0.51,-0.38,0.01,750,749,749,749,TAKEOFF,1
26.592,takeoff to 20 m,nan,18.152,-1.007,-0.21,-0.17,95.92,0.55,-0.30,0.07,750,749,749,749,TAKEOFF,1
26.612,takeoff to 20 m,nan,18.199,-0.982,-0.20,-0.18,95.92,0.52,-0.39,0.00,753,752,751,751,TAKEOFF,1
26.632,takeoff to 20 m,nan,18.199,-0.982,-0.19,-0.18,95.91,0.50,-0.27,0.10,753,752,751,751,TAKEOFF,1
26.652,takeoff to 20 m,nan,18.199,-0.982,-0.18,-0.19,95.91,0.48,-0.21,0.08,753,752,751,751,TAKEOFF,1
26.672,takeoff to 20 m,nan,18.246,-0.957,-0.17,-0.19,95.91,0.47,-0.22,0.15,752,753,751,751,TAKEOFF,1
26.692,takeoff to 20 m,nan,18.246,-0.957,-0.16,-0.20,95.91,0.51,-0.30,0.13,752,753,751,751,TAKEOFF,1
26.712,takeoff to 20 m,nan,18.291,-0.933,-0.15,-0.20,95.91,0.52,-0.24,0.15,753,752,752,752,TAKEOFF,1
26.732,takeoff to 20 m,nan,18.291,-0.933,-0.14,-0.20,95.91,0.46,-0.10,0.16,753,752,752,752,TAKEOFF,1
26.752,takeoff to 20 m,nan,18.291,-0.933,-0.13,-0.21,95.92,0.49,-0.09,0.14,753,752,752,752,TAKEOFF,1
26.772,takeoff to 20 m,nan,18.343,-0.905,-0.12,-0.21,95.92,0.50,-0.12,0.18,751,751,750,750,TAKEOFF,1
26.792,takeoff to 20 m,nan,18.343,-0.905,-0.11,-0.21,95.92,0.47,-0.05,0.20,751,751,750,750,TAKEOFF,1
26.812,takeoff to 20 m,nan,18.387,-0.882,-0.10,-0.21,95.93,0.41,-0.04,0.18,754,753,753,753,TAKEOFF,1
26.832,takeoff to 20 m,nan,18.387,-0.882,-0.09,-0.21,95.93,0.31,0.07,0.20,754,753,753,753,TAKEOFF,1
26.852,takeoff to 20 m,nan,18.387,-0.882,-0.08,-0.21,95.94,0.43,-0.04,0.19,754,753,753,753,TAKEOFF,1
26.872,takeoff to 20 m,nan,18.430,-0.859,-0.08,-0.21,95.95,0.31,0.02,0.14,753,752,752,752,TAKEOFF,1
26.892,takeoff to 20 m,nan,18.430,-0.859,-0.07,-0.21,95.95,0.26,0.09,0.15,753,752,752,752,TAKEOFF,1
26.912,takeoff to 20 m,nan,18.472,-0.837,-0.06,-0.21,95.96,0.31,0.11,0.20,753,753,753,753,TAKEOFF,1
26.932,takeoff to 20 m,nan,18.472,-0.837,-0.06,-0.20,95.97,0.29,0.16,0.25,753,753,753,753,TAKEOFF,1
26.952,takeoff to 20 m,nan,18.472,-0.837,-0.05,-0.20,95.97,0.25,0.12,0.15,753,753,753,753,TAKEOFF,1
26.972,takeoff to 20 m,nan,18.520,-0.811,-0.05,-0.20,95.98,0.22,0.24,0.12,752,752,752,752,TAKEOFF,1
26.992,takeoff to 20 m,nan,18.520,-0.811,-0.04,-0.19,95.99,0.33,0.19,0.25,752,752,752,752,TAKEOFF,1
27.012,takeoff to 20 m,nan,18.560,-0.790,-0.04,-0.19,96.00,0.26,0.27,0.16,754,753,754,754,TAKEOFF,1
27.032,takeoff to 20 m,nan,18.560,-0.790,-0.03,-0.18,96.00,0.14,0.31,0.17,754,753,754,754,TAKEOFF,1
27.052,takeoff to 20 m,nan,18.560,-0.790,-0.03,-0.18,96.01,0.23,0.29,0.13,754,753,754,754,TAKEOFF,1
27.072,takeoff to 20 m,nan,18.600,-0.768,-0.02,-0.17,96.01,0.20,0.31,0.13,753,753,753,753,TAKEOFF,1
27.092,takeoff to 20 m,nan,18.600,-0.768,-0.02,-0.16,96.02,0.18,0.31,0.17,753,753,753,753,TAKEOFF,1
27.112,takeoff to 20 m,nan,18.638,-0.747,-0.02,-0.16,96.02,0.27,0.32,0.20,754,754,754,755,TAKEOFF,1
27.132,takeoff to 20 m,nan,18.638,-0.747,-0.01,-0.15,96.03,0.21,0.19,0.13,754,754,754,755,TAKEOFF,1
27.152,takeoff to 20 m,nan,18.638,-0.747,-0.01,-0.15,96.03,0.22,0.28,0.15,754,754,754,755,TAKEOFF,1
27.172,takeoff to 20 m,nan,18.682,-0.723,-0.00,-0.14,96.03,0.15,0.31,0.09,752,752,753,753,TAKEOFF,1
27.192,takeoff to 20 m,nan,18.682,-0.723,0.00,-0.14,96.03,0.20,0.25,0.12,752,752,753,753,TAKEOFF,1
27.212,takeoff to 20 m,nan,18.719,-0.703,0.00,-0.13,96.03,0.23,0.27,0.08,754,754,754,755,TAKEOFF,1
27.232,takeoff to 20 m,nan,18.719,-0.703,0.01,-0.13,96.03,0.19,0.17,0.06,754,754,754,755,TAKEOFF,1
27.252,takeoff to 20 m,nan,18.719,-0.703,0.01,-0.12,96.02,0.17,0.19,0.14,754,754,754,755,TAKEOFF,1
27.272,takeoff to 20 m,nan,18.755,-0.682,0.02,-0.12,96.02,0.23,0.19,0.06,754,754,755,755,TAKEOFF,1
27.292,takeoff to 20 m,nan,18.755,-0.682,0.02,-0.11,96.02,0.23,0.16,0.08,754,754,755,755,TAKEOFF,1
27.312,takeoff to 20 m,nan,18.790,-0.663,0.02,-0.11,96.01,0.21,0.23,0.07,754,755,754,755,TAKEOFF,1
27.332,takeoff to 20 m,nan,18.790,-0.663,0.03,-0.10,96.01,0.22,0.13,0.04,754,755,754,755,TAKEOFF,1
27.352,takeoff to 20 m,nan,18.790,-0.663,0.03,-0.10,96.01,0.32,0.11,0.08,754,755,754,755,TAKEOFF,1
27.372,takeoff to 20 m,nan,18.829,-0.640,0.04,-0.10,96.00,0.25,0.16,0.05,754,754,754,754,TAKEOFF,1
27.392,takeoff to 20 m,nan,18.829,-0.640,0.04,-0.09,96.00,0.28,0.14,0.06,754,754,754,754,TAKEOFF,1
27.412,takeoff to 20 m,nan,18.862,-0.621,0.05,-0.09,95.99,0.34,0.09,0.03,756,756,756,756,TAKEOFF,1
27.432,takeoff to 20 m,nan,18.862,-0.621,0.06,-0.09,95.99,0.44,0.11,0.05,756,756,756,756,TAKEOFF,1
27.452,takeoff to 20 m,nan,18.862,-0.621,0.06,-0.09,95.98,0.30,0.14,0.02,756,756,756,756,TAKEOFF,1
27.472,takeoff to 20 m,nan,18.895,-0.603,0.07,-0.08,95.98,0.34,0.03,0.00,755,756,756,756,TAKEOFF,1
27.492,takeoff to 20 m,nan,18.895,-0.603,0.08,-0.08,95.98,0.23,-0.02,0.02,755,756,756,756,TAKEOFF,1
27.512,takeoff to 20 m,nan,18.926,-0.585,0.08,-0.08,95.98,0.27,0.06,0.02,757,757,756,757,TAKEOFF,1
27.532,takeoff to 20 m,nan,18.926,-0.585,0.09,-0.08,95.97,0.25,0.06,0.05,757,757,756,757,TAKEOFF,1
27.552,takeoff to 20 m,nan,18.926,-0.585,0.09,-0.08,95.97,0.17,0.10,0.05,757,757,756,757,TAKEOFF,1
27.572,takeoff to 20 m,nan,18.962,-0.565,0.09,-0.08,95.97,0.26,0.12,-0.01,756,756,756,756,TAKEOFF,1
27.592,takeoff to 20 m,nan,18.962,-0.565,0.10,-0.07,95.98,0.23,0.12,0.04,756,756,756,756,TAKEOFF,1
27.612,takeoff to 20 m,nan,18.991,-0.548,0.10,-0.07,95.98,0.25,0.10,0.00,758,757,757,758,TAKEOFF,1
27.632,takeoff to 20 m,nan,18.991,-0.548,0.11,-0.07,95.98,0.19,0.12,0.05,758,757,757,758,TAKEOFF,1
27.652,takeoff to 20 m,nan,18.991,-0.548,0.11,-0.07,95.98,0.04,0.10,-0.01,758,757,757,758,TAKEOFF,1
27.672,takeoff to 20 m,nan,19.020,-0.532,0.11,-0.07,95.98,0.04,0.08,-0.00,757,757,757,757,TAKEOFF,1
27.692,takeoff to 20 m,nan,19.020,-0.532,0.11,-0.06,95.99,0.04,0.12,0.05,757,757,757,757,TAKEOFF,1
27.712,takeoff to 20 m,nan,19.049,-0.516,0.11,-0.06,95.99,0.01,0.14,0.04,758,758,758,758,TAKEOFF,1
27.732,takeoff to 20 m,nan,19.049,-0.516,0.11,-0.06,95.99,-0.05,0.14,0.06,758,758,758,758,TAKEOFF,1
27.752,takeoff to 20 m,nan,19.049,-0.516,0.11,-0.05,95.99,-0.07,0.15,-0.00,758,758,758,758,TAKEOFF,1
27.772,takeoff to 20 m,nan,19.082,-0.498,0.11,-0.05,95.99,-0.08,0.14,0.03,757,757,757,757,TAKEOFF,1
27.792,takeoff to 20 m,nan,19.082,-0.498,0.11,-0.05,95.99,-0.04,0.10,0.04,757,757,757,757,TAKEOFF,1
27.812,takeoff to 20 m,nan,19.109,-0.483,0.11,-0.05,95.99,0.02,0.04,0.03,759,758,758,758,TAKEOFF,1
27.832,takeoff to 20 m,nan,19.109,-0.483,0.11,-0.04,96.00,0.01,0.12,0.06,759,758,758,758,TAKEOFF,1
27.852,takeoff to 20 m,nan,19.109,-0.483,0.11,-0.04,96.00,-0.02,0.12,0.07,759,758,758,758,TAKEOFF,1
27.872,takeoff to 20 m,nan,19.136,-0.469,0.11,-0.04,96.00,0.03,0.08,-0.02,758,758,758,758,TAKEOFF,1
27.892,takeoff to 20 m,nan,19.136,-0.469,0.11,-0.04,96.00,-0.08,0.14,0.03,758,758,758,758,TAKEOFF,1
27.912,takeoff to 20 m,nan,19.163,-0.454,0.11,-0.03,96.00,-0.00,0.16,0.09,758,759,758,759,TAKEOFF,1
27.932,takeoff to 20 m,nan,19.163,-0.454,0.11,-0.03,96.00,0.03,0.10,-0.00,758,759,758,759,TAKEOFF,1
27.952,takeoff to 20 m,nan,19.163,-0.454,0.11,-0.03,96.00,-0.05,0.18,0.05,758,759,758,759,TAKEOFF,1
27.972,takeoff to 20 m,nan,19.193,-0.437,0.10,-0.03,96.00,-0.03,0.07,0.00,757,758,758,757,TAKEOFF,1
27.992,takeoff to 20 m,nan,19.193,-0.437,0.10,-0.02,96.00,0.05,0.12,0.05,757,758,758,757,TAKEOFF,1
28.012,takeoff to 20 m,nan,19.219,-0.423,0.10,-0.02,96.00,0.01,0.16,0.01,759,759,759,759,TAKEOFF,1
28.032,takeoff to 20 m,nan,19.219,-0.423,0.10,-0.02,96.00,-0.03,0.16,0.05,759,759,759,759,TAKEOFF,1
28.052,takeoff to 20 m,nan,19.219,-0.423,0.10,-0.01,96.00,0.05,0.15,0.04,759,759,759,759,TAKEOFF,1
28.072,takeoff to 20 m,nan,19.243,-0.409,0.11,-0.01,95.99,0.06,0.08,0.03,758,759,758,759,TAKEOFF,1
28.092,takeoff to 20 m,nan,19.243,-0.409,0.11,-0.01,95.99,0.04,0.07,0.03,758,759,758,759,TAKEOFF,1
28.112,takeoff to 20 m,nan,19.267,-0.395,0.11,-0.01,95.99,0.10,0.08,0.00,759,759,759,759,LOITER,1
28.132,takeoff to 20 m,nan,19.267,-0.395,0.11,-0.01,95.99,0.05,0.08,0.08,759,759,759,759,LOITER,1
28.152,takeoff to 20 m,nan,19.267,-0.395,0.11,-0.01,95.99,0.08,0.08,0.02,759,759,759,759,LOITER,1
28.172,takeoff to 20 m,nan,19.294,-0.379,0.11,-0.00,95.99,0.12,0.13,0.07,758,759,759,758,LOITER,1
28.192,takeoff to 20 m,nan,19.294,-0.379,0.12,-0.00,95.99,0.30,0.18,0.04,758,759,759,758,LOITER,1
28.212,takeoff to 20 m,nan,19.317,-0.366,0.12,0.00,95.99,0.15,0.14,0.00,760,760,760,760,LOITER,1
28.232,takeoff to 20 m,nan,19.317,-0.366,0.12,0.00,95.99,0.16,0.16,0.02,760,760,760,760,LOITER,1
28.252,takeoff to 20 m,nan,19.317,-0.366,0.12,0.01,95.99,0.13,0.22,0.10,760,760,760,760,LOITER,1
28.272,takeoff to 20 m,nan,19.338,-0.353,0.12,0.01,95.99,0.03,0.24,0.04,760,760,760,760,LOITER,1
28.292,takeoff to 20 m,nan,19.338,-0.353,0.13,0.02,95.99,0.14,0.26,0.08,760,760,760,760,LOITER,1
28.312,takeoff to 20 m,nan,19.359,-0.341,0.13,0.02,95.99,0.05,0.32,0.00,760,760,760,760,LOITER,1
28.332,takeoff to 20 m,nan,19.359,-0.341,0.13,0.03,95.99,0.11,0.38,0.07,760,760,760,760,LOITER,1
28.352,takeoff to 20 m,nan,19.359,-0.341,0.13,0.03,95.99,0.10,0.24,0.02,760,760,760,760,LOITER,1
28.372,takeoff to 20 m,nan,19.383,-0.326,0.13,0.04,95.99,0.09,0.29,0.02,760,760,760,760,LOITER,1
28.392,takeoff to 20 m,nan,19.383,-0.326,0.13,0.04,95.99,0.11,0.30,0.04,760,760,760,760,LOITER,1
28.412,takeoff to 20 m,nan,19.403,-0.315,0.14,0.05,95.99,0.09,0.34,0.04,761,761,761,761,LOITER,1
28.432,takeoff to 20 m,nan,19.403,-0.315,0.14,0.06,95.99,0.07,0.34,0.06,761,761,761,761,LOITER,1
28.452,takeoff to 20 m,nan,19.403,-0.315,0.14,0.06,96.00,0.07,0.29,0.07,761,761,761,761,LOITER,1
28.472,takeoff to 20 m,nan,19.422,-0.304,0.14,0.07,96.00,0.09,0.24,0.08,761,761,761,761,LOITER,1
28.492,takeoff to 20 m,nan,19.422,-0.304,0.14,0.07,96.00,0.15,0.35,0.02,761,761,761,761,LOITER,1
28.512,takeoff to 20 m,nan,19.441,-0.294,0.14,0.08,96.00,0.06,0.29,0.00,762,762,762,762,LOITER,1
28.532,takeoff to 20 m,nan,19.441,-0.294,0.15,0.09,96.00,0.02,0.25,0.08,762,762,762,762,LOITER,1
28.552,takeoff to 20 m,nan,19.441,-0.294,0.15,0.09,96.01,0.05,0.21,0.05,762,762,762,762,LOITER,1
28.572,takeoff to 20 m,nan,19.463,-0.282,0.15,0.09,96.01,0.00,0.19,0.09,761,761,761,761,LOITER,1
28.592,takeoff to 20 m,nan,19.463,-0.282,0.15,0.10,96.01,0.02,0.17,-0.01,761,761,761,761,LOITER,1
28.612,takeoff to 20 m,nan,19.481,-0.272,0.15,0.10,96.02,-0.08,0.16,0.08,762,762,762,762,LOITER,1
28.632,takeoff to 20 m,nan,19.481,-0.272,0.15,0.10,96.02,-0.09,0.08,0.03,762,762,762,762,LOITER,1
28.652,takeoff to 20 m,nan,19.481,-0.272,0.14,0.11,96.02,-0.19,0.12,0.04,762,762,762,762,LOITER,1
28.672,takeoff to 20 m,nan,19.500,-0.262,0.14,0.11,96.03,-0.14,0.12,0.01,761,762,761,762,LOITER,1
28.692,takeoff to 20 m,nan,19.500,-0.262,0.14,0.11,96.03,-0.19,0.09,0.03,761,762,761,762,LOITER,1
28.712,takeoff to 20 m,nan,19.517,-0.252,0.13,0.11,96.03,-0.22,0.00,0.06,762,761,762,762,LOITER,1
28.732,takeoff to 20 m,nan,19.517,-0.252,0.13,0.11,96.04,-0.21,0.06,0.02,762,761,762,762,LOITER,1
28.752,takeoff to 20 m,nan,19.517,-0.252,0.12,0.11,96.04,-0.34,0.00,0.03,762,761,762,762,LOITER,1
28.772,takeoff to 20 m,nan,19.538,-0.241,0.12,0.12,96.04,-0.36,0.02,0.00,761,761,761,762,LOITER,1
28.792,takeoff to 20 m,nan,19.538,-0.241,0.11,0.11,96.05,-0.39,-0.03,-0.02,761,761,761,762,LOITER,1
28.812,takeoff to 20 m,nan,19.555,-0.231,0.10,0.11,96.05,-0.33,-0.08,0.01,762,762,762,763,LOITER,1
28.832,takeoff to 20 m,nan,19.555,-0.231,0.10,0.11,96.05,-0.38,-0.11,0.04,762,762,762,763,LOITER,1
28.852,takeoff to 20 m,nan,19.555,-0.231,0.09,0.11,96.05,-0.47,-0.05,-0.01,762,762,762,763,LOITER,1
28.872,takeoff to 20 m,nan,19.572,-0.222,0.08,0.11,96.05,-0.49,-0.12,-0.00,761,761,762,762,LOITER,1
28.892,takeoff to 20 m,nan,19.572,-0.222,0.07,0.11,96.06,-0.57,-0.16,0.03,761,761,762,762,LOITER,1
28.912,takeoff to 20 m,nan,19.589,-0.212,0.06,0.11,96.06,-0.56,-0.03,-0.04,761,762,762,762,LOITER,1
28.932,takeoff to 20 m,nan,19.589,-0.212,0.05,0.11,96.06,-0.51,-0.07,-0.00,761,762,762,762,LOITER,1
28.952,takeoff to 20 m,nan,19.589,-0.212,0.04,0.10,96.06,-0.40,-0.14,-0.07,761,762,762,762,LOITER,1
28.972,takeoff to 20 m,nan,19.608,-0.201,0.03,0.10,96.06,-0.43,-0.12,-0.06,761,761,762,761,LOITER,1
28.992,takeoff to 20 m,nan,19.608,-0.201,0.02,0.10,96.06,-0.50,-0.04,-0.08,761,761,762,761,LOITER,1
29.012,takeoff to 20 m,nan,19.624,-0.192,0.01,0.10,96.06,-0.54,-0.00,-0.06,761,762,762,762,LOITER,1
29.032,takeoff to 20 m,nan,19.624,-0.192,0.00,0.10,96.06,-0.50,-0.02,-0.01,761,762,762,762,LOITER,1
29.052,takeoff to 20 m,nan,19.624,-0.192,-0.01,0.09,96.05,-0.41,-0.09,-0.12,761,762,762,762,LOITER,1
29.072,takeoff to 20 m,nan,19.639,-0.183,-0.01,0.09,96.05,-0.39,-0.04,-0.06,762,761,762,762,LOITER,1
29.092,takeoff to 20 m,nan,19.639,-0.183,-0.02,0.09,96.05,-0.43,0.02,-0.10,762,761,762,762,LOITER,1
29.112,takeoff to 20 m,nan,19.654,-0.173,-0.03,0.09,96.05,-0.29,0.03,-0.07,762,762,762,762,LOITER,1
29.132,takeoff to 20 m,nan,19.654,-0.173,-0.04,0.09,96.04,-0.34,0.05,-0.13,762,762,762,762,LOITER,1
29.152,takeoff to 20 m,nan,19.654,-0.173,-0.04,0.09,96.04,-0.43,0.06,-0.07,762,762,762,762,LOITER,1
29.172,takeoff to 20 m,nan,19.672,-0.163,-0.05,0.09,96.03,-0.38,0.12,-0.09,761,762,762,762,LOITER,1
29.192,takeoff to 20 m,nan,19.672,-0.163,-0.06,0.10,96.03,-0.38,0.15,-0.09,761,762,762,762,LOITER,1
29.212,takeoff to 20 m,nan,19.686,-0.154,-0.07,0.10,96.03,-0.24,0.19,-0.10,762,763,763,763,LOITER,1
29.232,takeoff to 20 m,nan,19.686,-0.154,-0.07,0.10,96.02,-0.21,0.14,-0.05,762,763,763,763,LOITER,1
29.252,takeoff to 20 m,nan,19.686,-0.154,-0.07,0.10,96.02,-0.14,0.06,-0.10,762,763,763,763,LOITER,1
29.272,takeoff to 20 m,nan,19.700,-0.146,-0.08,0.10,96.01,-0.18,0.04,-0.05,763,762,763,762,LOITER,1
29.292,takeoff to 20 m,nan,19.700,-0.146,-0.08,0.10,96.01,-0.15,0.17,-0.04,763,762,763,762,LOITER,1
29.312,takeoff to 20 m,nan,19.713,-0.137,-0.08,0.11,96.01,-0.03,0.18,-0.12,762,763,762,763,LOITER,1
29.332,takeoff to 20 m,nan,19.713,-0.137,-0.08,0.11,96.00,-0.03,0.11,-0.09,762,763,762,763,LOITER,1
29.352,takeoff to 20 m,nan,19.713,-0.137,-0.09,0.11,96.00,-0.04,0.14,-0.07,762,763,762,763,LOITER,1
29.372,takeoff to 20 m,nan,19.729,-0.128,-0.09,0.11,96.00,0.02,0.10,-0.05,762,763,763,762,LOITER,1
29.392,takeoff to 20 m,nan,19.729,-0.128,-0.09,0.12,95.99,0.07,0.15,-0.10,762,763,763,762,LOITER,1
29.412,takeoff to 20 m,nan,19.741,-0.120,-0.09,0.12,95.99,0.11,0.15,-0.08,763,764,763,763,LOITER,1
29.432,takeoff to 20 m,nan,19.741,-0.120,-0.08,0.12,95.99,0.15,0.10,-0.10,763,764,763,763,LOITER,1
29.452,takeoff to 20 m,nan,19.741,-0.120,-0.08,0.12,95.98,0.25,0.17,-0.08,763,764,763,763,LOITER,1
29.472,takeoff to 20 m,nan,19.754,-0.113,-0.08,0.13,95.98,0.29,0.15,-0.10,763,764,763,763,LOITER,1
29.492,takeoff to 20 m,nan,19.754,-0.113,-0.07,0.13,95.98,0.51,0.02,-0.06,763,764,763,763,LOITER,1
29.512,takeoff to 20 m,nan,19.766,-0.105,-0.06,0.13,95.98,0.41,0.05,-0.05,763,764,763,763,LOITER,1
29.532,takeoff to 20 m,nan,19.766,-0.105,-0.05,0.13,95.97,0.40,0.05,-0.04,763,764,763,763,LOITER,1
29.552,takeoff to 20 m,nan,19.766,-0.105,-0.04,0.13,95.97,0.36,0.05,-0.07,763,764,763,763,LOITER,1
29.572,takeoff to 20 m,nan,19.780,-0.097,-0.04,0.13,95.97,0.43,0.14,-0.03,763,763,763,762,LOITER,1
29.592,takeoff to 20 m,nan,19.780,-0.097,-0.03,0.13,95.97,0.41,0.10,-0.04,763,763,763,762,LOITER,1
29.612,takeoff to 20 m,nan,19.792,-0.090,-0.02,0.13,95.97,0.38,0.10,-0.02,764,764,763,764,LOITER,1
29.632,takeoff to 20 m,nan,19.792,-0.090,-0.02,0.14,95.97,0.34,0.07,-0.02,764,764,763,764,LOITER,1
29.652,takeoff to 20 m,nan,19.792,-0.090,-0.01,0.14,95.97,0.29,0.04,0.01,764,764,763,764,LOITER,1
29.672,takeoff to 20 m,nan,19.803,-0.083,-0.00,0.14,95.96,0.38,0.15,0.01,764,764,764,763,LOITER,1
29.692,takeoff to 20 m,nan,19.803,-0.083,0.00,0.14,95.96,0.42,0.15,0.01,764,764,764,763,LOITER,1
29.712,takeoff to 20 m,nan,19.814,-0.076,0.01,0.14,95.96,0.35,0.11,0.01,764,764,763,764,LOITER,1
29.732,takeoff to 20 m,nan,19.814,-0.076,0.02,0.14,95.96,0.29,0.04,0.01,764,764,763,764,LOITER,1
29.752,takeoff to 20 m,nan,19.814,-0.076,0.02,0.14,95.96,0.30,0.05,0.05,764,764,763,764,LOITER,1
29.772,takeoff to 20 m,nan,19.826,-0.068,0.03,0.15,95.96,0.17,0.06,0.05,764,764,763,763,LOITER,1
29.792,takeoff to 20 m,nan,19.826,-0.068,0.03,0.15,95.96,0.17,0.10,0.07,764,764,763,763,LOITER,1
29.812,takeoff to 20 m,nan,19.836,-0.062,0.04,0.15,95.95,0.12,-0.01,0.02,765,765,764,764,LOITER,1
29.832,takeoff to 20 m,nan,19.836,-0.062,0.04,0.15,95.95,0.16,-0.02,0.06,765,765,764,764,LOITER,1
29.852,takeoff to 20 m,nan,19.836,-0.062,0.04,0.15,95.95,0.13,0.04,0.09,765,765,764,764,LOITER,1
29.872,takeoff to 20 m,nan,19.846,-0.056,0.04,0.15,95.95,0.02,-0.08,0.07,765,765,764,764,LOITER,1
29.892,takeoff to 20 m,nan,19.846,-0.056,0.04,0.14,95.94,-0.04,-0.10,0.09,765,765,764,764,LOITER,1
29.912,takeoff to 20 m,nan,19.855,-0.050,0.04,0.14,95.94,-0.02,-0.03,0.10,765,765,764,764,LOITER,1
29.932,takeoff to 20 m,nan,19.855,-0.050,0.05,0.14,95.94,-0.06,-0.04,0.09,765,765,764,764,LOITER,1
29.952,takeoff to 20 m,nan,19.855,-0.050,0.04,0.14,95.93,-0.18,0.00,0.07,765,765,764,764,LOITER,1
29.972,takeoff to 20 m,nan,19.866,-0.043,0.04,0.14,95.93,-0.23,-0.13,0.07,765,765,764,764,LOITER,1
29.992,takeoff to 20 m,nan,19.866,-0.043,0.03,0.14,95.93,-0.38,-0.09,0.14,765,765,764,764,LOITER,1
30.012,takeoff to 20 m,nan,19.875,-0.038,0.03,0.14,95.93,-0.42,-0.10,0.12,766,765,765,765,LOITER,1
30.032,takeoff to 20 m,nan,19.875,-0.038,0.02,0.13,95.92,-0.46,-0.13,0.15,766,765,765,765,LOITER,1
30.052,takeoff to 20 m,nan,19.875,-0.038,0.01,0.13,95.92,-0.49,-0.13,0.09,766,765,765,765,LOITER,1
30.072,takeoff to 20 m,nan,19.884,-0.033,0.00,0.13,95.92,-0.44,-0.14,0.14,766,766,765,765,LOITER,1
30.092,takeoff to 20 m,nan,19.884,-0.033,-0.00,0.12,95.91,-0.46,-0.24,0.13,766,766,765,765,LOITER,1
30.112,takeoff to 20 m,nan,19.893,-0.027,-0.01,0.12,95.91,-0.55,-0.23,0.16,766,766,765,765,LOITER,1
30.132,takeoff to 20 m,nan,19.893,-0.027,-0.02,0.12,95.90,-0.55,-0.25,0.10,766,766,765,765,LOITER,1
30.152,takeoff to 20 m,nan,19.893,-0.027,-0.03,0.11,95.90,-0.63,-0.32,0.17,766,766,765,765,LOITER,1
30.172,takeoff to 20 m,nan,19.902,-0.022,-0.04,0.11,95.90,-0.57,-0.21,0.19,766,765,765,764,LOITER,1
30.192,takeoff to 20 m,nan,19.902,-0.022,-0.05,0.10,95.89,-0.59,-0.18,0.18,766,765,765,764,LOITER,1
30.212,takeoff to 20 m,nan,19.911,-0.017,-0.06,0.10,95.89,-0.58,-0.24,0.22,766,766,765,765,LOITER,1
30.232,takeoff to 20 m,nan,19.911,-0.017,-0.07,0.09,95.89,-0.64,-0.27,0.23,766,766,765,765,LOITER,1
30.252,takeoff to 20 m,nan,19.911,-0.017,-0.09,0.09,95.89,-0.62,-0.36,0.20,766,766,765,765,LOITER,1
30.272,takeoff to 20 m,nan,19.919,-0.013,-0.10,0.08,95.88,-0.68,-0.33,0.21,766,766,765,765,LOITER,1
30.292,takeoff to 20 m,nan,19.919,-0.013,-0.11,0.07,95.88,-0.71,-0.38,0.19,766,766,765,765,LOITER,1
30.312,takeoff to 20 m,nan,19.927,-0.008,-0.12,0.07,95.88,-0.70,-0.34,0.23,766,766,765,765,LOITER,1
30.332,takeoff to 20 m,nan,19.927,-0.008,-0.14,0.06,95.88,-0.67,-0.32,0.28,766,766,765,765,LOITER,1
30.352,takeoff to 20 m,nan,19.927,-0.008,-0.15,0.06,95.88,-0.68,-0.32,0.28,766,766,765,765,LOITER,1
30.372,takeoff to 20 m,nan,19.936,-0.002,-0.16,0.05,95.88,-0.63,-0.32,0.32,766,766,765,764,LOITER,1
30.392,takeoff to 20 m,nan,19.936,-0.002,-0.17,0.05,95.88,-0.65,-0.24,0.28,766,766,765,764,LOITER,1
30.412,takeoff to 20 m,nan,19.943,0.002,-0.18,0.04,95.89,-0.58,-0.23,0.24,767,766,766,766,LOITER,1
30.432,takeoff to 20 m,nan,19.943,0.002,-0.19,0.04,95.89,-0.58,-0.22,0.33,767,766,766,766,LOITER,1
30.452,takeoff to 20 m,nan,19.943,0.002,-0.21,0.03,95.89,-0.59,-0.26,0.35,767,766,766,766,LOITER,1
30.472,takeoff to 20 m,nan,19.950,0.007,-0.22,0.03,95.90,-0.54,-0.30,0.31,766,766,766,765,LOITER,1
30.492,takeoff to 20 m,nan,19.950,0.007,-0.23,0.02,95.90,-0.41,-0.31,0.28,766,766,766,765,LOITER,1
30.512,takeoff to 20 m,nan,19.957,0.011,-0.23,0.02,95.91,-0.36,-0.27,0.23,766,766,766,766,LOITER,1
30.532,takeoff to 20 m,nan,19.957,0.011,-0.24,0.01,95.92,-0.31,-0.27,0.28,766,766,766,766,LOITER,1
30.552,takeoff to 20 m,nan,19.957,0.011,-0.24,0.01,95.92,-0.27,-0.33,0.33,766,766,766,766,LOITER,1
30.572,takeoff to 20 m,nan,19.964,0.016,-0.25,-0.00,95.93,-0.21,-0.42,0.29,766,766,766,765,LOITER,1
30.592,takeoff to 20 m,nan,19.964,0.016,-0.25,-0.01,95.94,-0.06,-0.33,0.33,766,766,766,765,LOITER,1
30.612,takeoff to 20 m,nan,19.970,0.020,-0.25,-0.01,95.95,-0.04,-0.23,0.32,767,767,767,767,LOITER,1
30.632,takeoff to 20 m,nan,19.970,0.020,-0.25,-0.02,95.96,0.03,-0.31,0.29,767,767,767,767,LOITER,1
30.652,takeoff to 20 m,nan,19.970,0.020,-0.25,-0.02,95.97,0.10,-0.36,0.30,767,767,767,767,LOITER,1
30.672,takeoff to 20 m,nan,19.976,0.023,-0.25,-0.03,95.98,0.15,-0.34,0.32,766,767,767,767,LOITER,1
30.692,takeoff to 20 m,nan,19.976,0.023,-0.25,-0.04,95.99,0.29,-0.33,0.22,766,767,767,767,LOITER,1
30.712,takeoff to 20 m,nan,19.981,0.026,-0.24,-0.04,96.00,0.16,-0.42,0.32,766,766,767,767,LOITER,1
30.732,takeoff to 20 m,nan,19.981,0.026,-0.24,-0.05,96.00,0.21,-0.43,0.28,766,766,767,767,LOITER,1
30.752,takeoff to 20 m,nan,19.981,0.026,-0.23,-0.06,96.01,0.29,-0.29,0.23,766,766,767,767,LOITER,1
30.772,takeoff to 20 m,nan,19.988,0.030,-0.23,-0.06,96.02,0.37,-0.31,0.24,766,766,767,767,LOITER,1
30.792,takeoff to 20 m,nan,19.988,0.030,-0.22,-0.07,96.03,0.41,-0.38,0.25,766,766,767,767,LOITER,1
30.812,takeoff to 20 m,nan,19.994,0.032,-0.21,-0.08,96.03,0.42,-0.31,0.21,766,767,768,768,LOITER,1
30.832,takeoff to 20 m,nan,19.994,0.032,-0.20,-0.08,96.04,0.50,-0.37,0.17,766,767,768,768,LOITER,1
30.852,takeoff to 20 m,nan,19.994,0.032,-0.19,-0.09,96.04,0.50,-0.33,0.20,766,767,768,768,LOITER,1
30.872,takeoff to 20 m,nan,20.000,0.035,-0.18,-0.10,96.05,0.47,-0.28,0.25,767,766,768,768,LOITER,1
30.892,takeoff to 20 m,nan,20.000,0.035,-0.17,-0.10,96.05,0.52,-0.28,0.13,767,766,768,768,LOITER,1
30.912,takeoff to 20 m,nan,20.005,0.038,-0.17,-0.11,96.06,0.43,-0.21,0.18,766,766,767,767,LOITER,1
30.932,takeoff to 20 m,nan,20.005,0.038,-0.16,-0.11,96.06,0.40,-0.27,0.12,766,766,767,767,LOITER,1
30.952,takeoff to 20 m,nan,20.005,0.038,-0.15,-0.11,96.06,0.44,-0.24,0.10,766,766,767,767,LOITER,1
30.972,takeoff to 20 m,nan,20.012,0.041,-0.14,-0.12,96.07,0.48,-0.20,0.12,766,765,767,767,LOITER,1
30.992,takeoff to 20 m,nan,20.012,0.041,-0.13,-0.12,96.07,0.52,-0.14,0.07,766,765,767,767,LOITER,1
31.012,takeoff to 20 m,nan,20.018,0.044,-0.12,-0.12,96.07,0.48,-0.14,0.07,766,766,768,768,LOITER,1
31.032,takeoff to 20 m,nan,20.018,0.044,-0.11,-0.13,96.07,0.51,-0.09,0.04,766,766,768,768,LOITER,1
31.052,takeoff to 20 m,nan,20.018,0.044,-0.10,-0.13,96.07,0.50,-0.15,0.02,766,766,768,768,LOITER,1
31.072,takeoff to 20 m,nan,20.024,0.047,-0.09,-0.13,96.07,0.47,-0.19,-0.04,766,766,767,767,LOITER,1
31.092,takeoff to 20 m,nan,20.024,0.047,-0.08,-0.13,96.07,0.48,-0.11,0.02,766,766,767,767,LOITER,1
31.112,takeoff to 20 m,nan,20.030,0.050,-0.07,-0.14,96.07,0.51,-0.13,-0.05,765,765,766,767,LOITER,1
31.132,takeoff to 20 m,nan,20.030,0.050,-0.06,-0.14,96.07,0.48,-0.11,-0.04,765,765,766,767,LOITER,1
31.152,takeoff to 20 m,nan,20.030,0.050,-0.05,-0.14,96.06,0.48,-0.13,-0.07,765,765,766,767,LOITER,1
31.172,takeoff to 20 m,nan,20.037,0.054,-0.05,-0.14,96.06,0.45,-0.15,-0.11,765,765,766,766,LOITER,1
31.192,takeoff to 20 m,nan,20.037,0.054,-0.04,-0.14,96.06,0.48,-0.13,-0.07,765,765,766,766,LOITER,1
31.216,takeoff to 20 m,nan,20.043,0.057,-0.03,-0.15,96.06,0.49,-0.20,-0.08,766,766,767,767,LOITER,1
31.232,takeoff to 20 m,nan,20.043,0.057,-0.02,-0.15,96.06,0.51,-0.21,-0.06,766,766,767,767,LOITER,1
31.252,takeoff to 20 m,nan,20.043,0.057,-0.01,-0.15,96.05,0.46,-0.10,-0.13,766,766,767,767,LOITER,1
31.272,takeoff to 20 m,nan,20.048,0.060,0.00,-0.16,96.05,0.34,-0.03,-0.09,765,765,766,766,LOITER,1
31.292,takeoff to 20 m,nan,20.048,0.060,0.01,-0.16,96.05,0.40,0.01,-0.13,765,765,766,766,LOITER,1
31.312,takeoff to 20 m,nan,20.054,0.064,0.02,-0.15,96.05,0.34,0.06,-0.08,766,765,766,766,LOITER,1
31.332,takeoff to 20 m,nan,20.054,0.064,0.02,-0.15,96.04,0.24,0.17,-0.11,766,765,766,766,LOITER,1
31.352,takeoff to 20 m,nan,20.054,0.064,0.03,-0.15,96.04,0.20,0.20,-0.13,766,765,766,766,LOITER,1
31.372,takeoff to 20 m,nan,20.060,0.067,0.03,-0.14,96.04,0.13,0.17,-0.15,766,766,766,766,LOITER,1
31.392,takeoff to 20 m,nan,20.060,0.067,0.03,-0.14,96.04,0.13,0.13,-0.12,766,766,766,766,LOITER,1
31.412,takeoff to 20 m,nan,20.065,0.071,0.04,-0.14,96.03,0.08,0.14,-0.12,765,765,765,765,LOITER,1
31.432,takeoff to 20 m,nan,20.065,0.071,0.04,-0.14,96.03,0.10,0.11,-0.08,765,765,765,765,LOITER,1
31.452,takeoff to 20 m,nan,20.065,0.071,0.04,-0.14,96.03,0.04,0.08,-0.14,765,765,765,765,LOITER,1
31.472,takeoff to 20 m,nan,20.072,0.075,0.04,-0.13,96.03,0.08,0.15,-0.14,765,765,765,765,LOITER,1
31.492,takeoff to 20 m,nan,20.072,0.075,0.05,-0.13,96.03,0.04,0.18,-0.16,765,765,765,765,LOITER,1
31.512,takeoff to 20 m,nan,20.077,0.079,0.05,-0.13,96.02,0.06,0.21,-0.09,766,766,766,766,LOITER,1
31.532,takeoff to 20 m,nan,20.077,0.079,0.05,-0.12,96.02,0.11,0.13,-0.16,766,766,766,766,LOITER,1
31.552,takeoff to 20 m,nan,20.077,0.079,0.05,-0.12,96.02,-0.04,0.20,-0.10,766,766,766,766,LOITER,1
31.572,takeoff to 20 m,nan,20.083,0.082,0.05,-0.12,96.02,-0.11,0.24,-0.13,766,766,766,766,LOITER,1
31.592,takeoff to 20 m,nan,20.083,0.082,0.05,-0.11,96.02,-0.08,0.22,-0.18,766,766,766,766,LOITER,1
31.612,takeoff to 20 m,nan,20.088,0.085,0.05,-0.11,96.02,-0.12,0.18,-0.10,765,765,765,765,LOITER,1
31.632,takeoff to 20 m,nan,20.088,0.085,0.04,-0.10,96.02,-0.11,0.17,-0.17,765,765,765,765,LOITER,1
31.652,takeoff to 20 m,nan,20.088,0.085,0.04,-0.10,96.02,-0.07,0.21,-0.14,765,765,765,765,LOITER,1
31.672,takeoff to 20 m,nan,20.094,0.090,0.04,-0.10,96.02,-0.18,0.18,-0.12,765,765,764,765,LOITER,1
31.692,takeoff to 20 m,nan,20.094,0.090,0.04,-0.09,96.02,-0.27,0.14,-0.10,765,765,764,765,LOITER,1
31.712,takeoff to 20 m,nan,20.099,0.093,0.03,-0.09,96.02,-0.26,0.25,-0.07,766,766,766,766,LOITER,1
31.732,takeoff to 20 m,nan,20.099,0.093,0.03,-0.08,96.02,-0.20,0.28,-0.09,766,766,766,766,LOITER,1
31.752,takeoff to 20 m,nan,20.099,0.093,0.02,-0.08,96.02,-0.21,0.28,-0.10,766,766,766,766,LOITER,1
31.772,takeoff to 20 m,nan,20.103,0.097,0.02,-0.07,96.02,-0.30,0.29,-0.08,765,765,765,765,LOITER,1
31.792,takeoff to 20 m,nan,20.103,0.097,0.01,-0.07,96.02,-0.31,0.27,-0.08,765,765,765,765,LOITER,1
31.812,takeoff to 20 m,nan,20.108,0.100,0.01,-0.06,96.02,-0.25,0.27,-0.08,765,765,765,765,LOITER,1
31.832,takeoff to 20 m,nan,20.108,0.100,-0.00,-0.06,96.02,-0.34,0.30,-0.14,765,765,765,765,LOITER,1
31.852,takeoff to 20 m,nan,20.108,0.100,-0.01,-0.05,96.02,-0.22,0.25,-0.12,765,765,765,765,LOITER,1
31.872,takeoff to 20 m,nan,20.113,0.104,-0.01,-0.05,96.02,-0.15,0.18,-0.12,765,765,765,765,LOITER,1
31.892,takeoff to 20 m,nan,20.113,0.104,-0.01,-0.04,96.02,-0.20,0.26,-0.07,765,765,765,765,LOITER,1
31.912,takeoff to 20 m,nan,20.117,0.108,-0.02,-0.04,96.02,-0.19,0.32,-0.08,767,767,766,767,LOITER,1
31.932,takeoff to 20 m,nan,20.117,0.108,-0.02,-0.03,96.02,-0.24,0.32,-0.06,767,767,766,767,LOITER,1
31.952,takeoff to 20 m,nan,20.117,0.108,-0.02,-0.03,96.02,-0.16,0.29,-0.06,767,767,766,767,LOITER,1
31.972,takeoff to 20 m,nan,20.121,0.111,-0.03,-0.02,96.02,-0.17,0.27,-0.01,767,767,767,767,LOITER,1
31.992,takeoff to 20 m,nan,20.121,0.111,-0.03,-0.02,96.02,-0.10,0.20,-0.12,767,767,767,767,LOITER,1
32.012,takeoff to 20 m,nan,20.124,0.113,-0.03,-0.01,96.02,-0.10,0.17,-0.12,766,766,766,765,LOITER,1
32.032,takeoff to 20 m,nan,20.124,0.113,-0.03,-0.01,96.02,-0.01,0.22,-0.03,766,766,766,765,LOITER,1
32.052,takeoff to 20 m,nan,20.124,0.113,-0.03,-0.00,96.02,-0.06,0.22,-0.03,766,766,766,765,LOITER,1
32.072,takeoff to 20 m,nan,20.128,0.117,-0.03,0.00,96.02,0.03,0.27,-0.05,766,766,766,766,LOITER,1
32.092,takeoff to 20 m,nan,20.128,0.117,-0.03,0.01,96.02,0.10,0.29,0.00,766,766,766,766,LOITER,1
32.112,takeoff to 20 m,nan,20.131,0.119,-0.03,0.01,96.02,0.19,0.20,-0.03,768,767,768,767,LOITER,1
32.132,takeoff to 20 m,nan,20.131,0.119,-0.03,0.02,96.02,0.09,0.22,-0.01,768,767,768,767,LOITER,1
32.152,takeoff to 20 m,nan,20.131,0.119,-0.03,0.02,96.03,0.04,0.33,0.01,768,767,768,767,LOITER,1
32.172,takeoff to 20 m,nan,20.133,0.121,-0.03,0.03,96.03,0.04,0.22,-0.04,767,768,768,768,LOITER,1
32.192,takeoff to 20 m,nan,20.133,0.121,-0.03,0.03,96.03,0.15,0.19,-0.06,767,768,768,768,LOITER,1
32.212,takeoff to 20 m,nan,20.136,0.124,-0.02,0.03,96.03,0.23,0.16,0.01,767,767,766,767,LOITER,1
32.232,takeoff to 20 m,nan,20.136,0.124,-0.02,0.04,96.03,0.25,0.18,-0.03,767,767,766,767,LOITER,1
32.252,takeoff to 20 m,nan,20.136,0.124,-0.01,0.04,96.03,0.18,0.20,-0.06,767,767,766,767,LOITER,1
32.272,takeoff to 20 m,nan,20.139,0.125,-0.01,0.05,96.02,0.14,0.18,0.01,767,767,767,767,LOITER,1
32.292,takeoff to 20 m,nan,20.139,0.125,-0.01,0.05,96.03,0.23,0.24,-0.07,767,767,767,767,LOITER,1
32.312,takeoff to 20 m,nan,20.141,0.127,-0.00,0.05,96.03,0.14,0.24,0.00,768,768,768,768,LOITER,1
32.332,takeoff to 20 m,nan,20.141,0.127,0.00,0.06,96.03,0.22,0.18,-0.01,768,768,768,768,LOITER,1
32.352,takeoff to 20 m,nan,20.141,0.127,0.00,0.06,96.02,0.15,0.20,-0.04,768,768,768,768,LOITER,1
32.372,takeoff to 20 m,nan,20.143,0.128,0.01,0.07,96.02,0.20,0.24,-0.01,768,768,768,768,LOITER,1
32.392,takeoff to 20 m,nan,20.143,0.128,0.01,0.07,96.02,0.22,0.23,-0.02,768,768,768,768,LOITER,1
32.412,takeoff to 20 m,nan,20.145,0.129,0.02,0.07,96.02,0.15,0.20,-0.03,767,767,767,767,LOITER,1
32.432,takeoff to 20 m,nan,20.145,0.129,0.02,0.08,96.02,0.12,0.16,0.00,767,767,767,767,LOITER,1
32.452,takeoff to 20 m,nan,20.145,0.129,0.02,0.08,96.02,0.10,0.15,-0.06,767,767,767,767,LOITER,1
32.472,takeoff to 20 m,nan,20.147,0.131,0.02,0.08,96.02,0.16,0.18,-0.06,767,767,767,768,LOITER,1
32.492,takeoff to 20 m,nan,20.147,0.131,0.03,0.09,96.02,0.05,0.21,-0.07,767,767,767,768,LOITER,1
32.512,takeoff to 20 m,nan,20.149,0.132,0.03,0.09,96.02,0.12,0.10,-0.09,769,768,769,768,LOITER,1
32.532,takeoff to 20 m,nan,20.149,0.132,0.03,0.09,96.02,0.05,0.14,-0.06,769,768,769,768,LOITER,1
32.552,takeoff to 20 m,nan,20.149,0.132,0.03,0.10,96.02,-0.03,0.12,-0.05,769,768,769,768,LOITER,1
32.572,takeoff to 20 m,nan,20.151,0.133,0.03,0.10,96.02,0.02,0.21,-0.03,768,769,769,769,LOITER,1
32.592,takeoff to 20 m,nan,20.151,0.133,0.03,0.10,96.02,0.01,0.18,-0.08,768,769,769,769,LOITER,1
32.612,takeoff to 20 m,nan,20.152,0.134,0.03,0.10,96.02,0.02,0.18,-0.07,768,768,768,768,LOITER,1
32.632,takeoff to 20 m,nan,20.152,0.134,0.03,0.11,96.02,-0.06,0.09,-0.06,768,768,768,768,LOITER,1
32.652,takeoff to 20 m,nan,20.152,0.134,0.03,0.11,96.02,0.03,0.18,-0.04,768,768,768,768,LOITER,1
32.672,takeoff to 20 m,nan,20.154,0.134,0.03,0.11,96.02,-0.06,0.09,-0.06,768,768,767,768,LOITER,1
32.692,takeoff to 20 m,nan,20.154,0.134,0.03,0.12,96.02,0.00,0.21,-0.06,768,768,767,768,LOITER,1
32.712,takeoff to 20 m,nan,20.155,0.134,0.03,0.12,96.02,0.07,0.17,-0.03,769,769,768,769,LOITER,1
32.732,takeoff to 20 m,nan,20.155,0.134,0.03,0.12,96.02,-0.07,0.08,-0.04,769,769,768,769,LOITER,1
32.752,takeoff to 20 m,nan,20.155,0.134,0.03,0.12,96.02,0.02,0.07,-0.03,769,769,768,769,LOITER,1
32.772,takeoff to 20 m,nan,20.157,0.135,0.03,0.12,96.02,-0.12,0.05,-0.04,769,768,768,769,LOITER,1
32.792,takeoff to 20 m,nan,20.157,0.135,0.03,0.13,96.02,-0.20,0.08,-0.04,769,768,768,769,LOITER,1
32.812,takeoff to 20 m,nan,20.158,0.135,0.02,0.13,96.02,-0.10,0.03,-0.06,768,768,768,768,LOITER,1
32.832,takeoff to 20 m,nan,20.158,0.135,0.02,0.13,96.02,-0.10,-0.00,-0.00,768,768,768,768,LOITER,1
32.852,takeoff to 20 m,nan,20.158,0.135,0.02,0.13,96.02,-0.12,0.08,-0.07,768,768,768,768,LOITER,1
32.872,takeoff to 20 m,nan,20.161,0.135,0.02,0.13,96.02,-0.13,0.05,-0.01,768,768,768,768,LOITER,1
32.892,takeoff to 20 m,nan,20.161,0.135,0.02,0.13,96.02,-0.04,0.13,-0.06,768,768,768,768,LOITER,1
32.912,takeoff to 20 m,nan,20.163,0.136,0.02,0.13,96.01,-0.08,0.02,-0.08,768,768,768,768,LOITER,1
32.932,takeoff to 20 m,nan,20.163,0.136,0.01,0.13,96.01,-0.09,0.02,-0.03,768,768,768,768,LOITER,1
32.952,takeoff to 20 m,nan,20.163,0.136,0.01,0.13,96.01,-0.11,-0.05,-0.06,768,768,768,768,LOITER,1
32.972,takeoff to 20 m,nan,20.165,0.136,0.01,0.13,96.01,-0.09,-0.08,-0.05,768,768,768,768,LOITER,1
32.992,takeoff to 20 m,nan,20.165,0.136,0.01,0.13,96.01,-0.01,-0.14,-0.09,768,768,768,768,LOITER,1
33.012,takeoff to 20 m,nan,20.167,0.137,0.01,0.13,96.01,0.01,-0.21,-0.06,768,768,768,767,LOITER,1
33.032,takeoff to 20 m,nan,20.167,0.137,0.01,0.13,96.01,0.04,-0.14,-0.08,768,768,768,767,LOITER,1
33.052,takeoff to 20 m,nan,20.167,0.137,0.01,0.12,96.00,0.01,-0.10,-0.04,768,768,768,767,LOITER,1
33.072,takeoff to 20 m,nan,20.169,0.138,0.01,0.12,96.00,0.08,-0.18,-0.03,767,768,767,767,LOITER,1
33.092,takeoff to 20 m,nan,20.169,0.138,0.01,0.12,96.00,0.08,-0.17,-0.00,767,768,767,767,LOITER,1
33.112,takeoff to 20 m,nan,20.171,0.139,0.01,0.12,96.00,0.15,-0.21,0.01,768,768,768,767,LOITER,1
33.132,takeoff to 20 m,nan,20.171,0.139,0.01,0.11,96.00,0.11,-0.24,-0.01,768,768,768,767,LOITER,1
33.152,takeoff to 20 m,nan,20.171,0.139,0.02,0.11,96.00,0.14,-0.24,-0.03,768,768,768,767,LOITER,1
33.172,takeoff to 20 m,nan,20.174,0.140,0.02,0.10,96.00,0.11,-0.22,-0.02,768,767,767,767,LOITER,1
33.192,takeoff to 20 m,nan,20.174,0.140,0.02,0.10,96.00,0.05,-0.20,-0.01,768,767,767,767,LOITER,1
33.212,takeoff to 20 m,nan,20.176,0.142,0.02,0.09,96.00,0.06,-0.21,-0.02,767,767,767,767,LOITER,1
33.232,takeoff to 20 m,nan,20.176,0.142,0.02,0.09,96.00,0.15,-0.29,-0.04,767,767,767,767,LOITER,1
33.252,takeoff to 20 m,nan,20.176,0.142,0.02,0.08,96.00,0.08,-0.26,0.03,767,767,767,767,LOITER,1
33.272,takeoff to 20 m,nan,20.178,0.143,0.02,0.08,96.00,0.09,-0.23,-0.01,767,768,767,767,LOITER,1
33.292,takeoff to 20 m,nan,20.178,0.143,0.03,0.07,96.00,0.13,-0.23,0.03,767,768,767,767,LOITER,1
33.312,takeoff to 20 m,nan,20.180,0.145,0.03,0.07,96.00,0.14,-0.29,0.05,767,767,767,767,LOITER,1
33.332,takeoff to 20 m,nan,20.180,0.145,0.03,0.06,96.00,0.12,-0.23,0.00,767,767,767,767,LOITER,1
33.352,takeoff to 20 m,nan,20.180,0.145,0.03,0.06,95.99,0.08,-0.15,-0.06,767,767,767,767,LOITER,1
33.372,takeoff to 20 m,nan,20.182,0.146,0.03,0.06,95.99,0.17,-0.24,0.06,767,768,767,767,LOITER,1
33.392,takeoff to 20 m,nan,20.182,0.146,0.04,0.05,95.99,0.09,-0.27,0.08,767,768,767,767,LOITER,1
33.412,takeoff to 20 m,nan,20.183,0.148,0.04,0.05,95.99,0.13,-0.17,0.01,768,768,767,768,LOITER,1
33.432,takeoff to 20 m,nan,20.183,0.148,0.04,0.04,95.99,0.01,-0.15,0.04,768,768,767,768,LOITER,1
33.452,takeoff to 20 m,nan,20.183,0.148,0.04,0.04,96.00,0.02,-0.24,0.09,768,768,767,768,LOITER,1
33.472,takeoff to 20 m,nan,20.185,0.149,0.04,0.04,96.00,0.03,-0.21,-0.02,768,767,768,767,LOITER,1
33.492,takeoff to 20 m,nan,20.185,0.149,0.04,0.03,96.00,-0.00,-0.17,0.07,768,767,768,767,LOITER,1
33.512,takeoff to 20 m,nan,20.186,0.150,0.04,0.03,96.00,-0.00,-0.18,0.02,768,768,768,768,LOITER,1
33.532,takeoff to 20 m,nan,20.186,0.150,0.04,0.03,96.00,0.00,-0.18,0.04,768,768,768,768,LOITER,1
33.552,takeoff to 20 m,nan,20.186,0.150,0.04,0.02,96.00,-0.04,-0.18,0.07,768,768,768,768,LOITER,1
33.572,takeoff to 20 m,nan,20.187,0.151,0.04,0.02,96.00,-0.03,-0.23,-0.01,768,768,768,768,LOITER,1
33.592,takeoff to 20 m,nan,20.187,0.151,0.04,0.01,96.00,-0.01,-0.20,0.02,768,768,768,768,LOITER,1
33.612,takeoff to 20 m,nan,20.188,0.152,0.04,0.01,96.00,-0.03,-0.23,0.02,768,768,768,768,LOITER,1
33.632,takeoff to 20 m,nan,20.188,0.152,0.04,0.00,96.00,-0.04,-0.27,0.11,768,768,768,768,LOITER,1
33.652,takeoff to 20 m,nan,20.188,0.152,0.04,-0.00,96.00,-0.09,-0.20,0.05,768,768,768,768,LOITER,1
33.672,takeoff to 20 m,nan,20.189,0.153,0.04,-0.01,96.00,-0.12,-0.23,0.05,768,768,769,768,LOITER,1
33.692,takeoff to 20 m,nan,20.189,0.153,0.04,-0.01,96.00,-0.06,-0.08,0.04,768,768,769,768,LOITER,1
33.712,takeoff to 20 m,nan,20.190,0.153,0.03,-0.01,96.00,-0.07,0.01,0.05,768,769,768,769,LOITER,1
33.732,takeoff to 20 m,nan,20.190,0.153,0.03,-0.01,96.00,-0.10,-0.03,0.04,768,769,768,769,LOITER,1
33.752,takeoff to 20 m,nan,20.190,0.153,0.03,-0.01,96.00,-0.14,0.03,0.07,768,769,768,769,LOITER,1
33.772,takeoff to 20 m,nan,20.191,0.154,0.03,-0.01,96.00,-0.15,-0.00,0.01,768,768,768,768,LOITER,1
33.792,takeoff to 20 m,nan,20.191,0.154,0.02,-0.01,96.00,-0.20,0.02,0.02,768,768,768,768,LOITER,1
33.812,takeoff to 20 m,nan,20.192,0.155,0.02,-0.01,96.00,-0.10,0.00,0.07,768,768,768,768,LOITER,1
33.832,takeoff to 20 m,nan,20.192,0.155,0.02,-0.01,96.01,-0.16,0.02,0.01,768,768,768,768,LOITER,1
33.852,takeoff to 20 m,nan,20.192,0.155,0.02,-0.01,96.01,-0.13,0.17,-0.02,768,768,768,768,LOITER,1
33.872,takeoff to 20 m,nan,20.193,0.156,0.01,-0.01,96.01,-0.13,0.08,0.04,768,769,768,769,LOITER,1
33.892,takeoff to 20 m,nan,20.193,0.156,0.01,-0.01,96.01,-0.17,0.03,0.03,768,769,768,769,LOITER,1
33.892,hover 20 m settled,nan,20.194,0.156,0.01,-0.01,96.01,-0.17,0.03,0.03,768,769,768,769,LOITER,1
33.912,hover 20 m settled,nan,20.194,0.156,0.01,-0.01,96.01,-0.14,0.15,0.06,768,769,769,769,LOITER,1
33.932,hover 20 m settled,nan,20.194,0.156,0.00,-0.01,96.01,-0.09,0.12,0.05,768,769,769,769,LOITER,1
33.952,hover 20 m settled,nan,20.194,0.156,0.00,-0.00,96.01,-0.13,0.15,0.01,768,769,769,769,LOITER,1
33.972,hover 20 m settled,nan,20.195,0.156,-0.00,-0.00,96.01,-0.11,0.16,0.02,768,769,769,768,LOITER,1
33.992,hover 20 m settled,nan,20.195,0.156,-0.01,0.00,96.01,-0.10,0.20,0.04,768,769,769,768,LOITER,1
34.012,hover 20 m settled,nan,20.195,0.156,-0.01,0.00,96.02,-0.04,0.20,-0.01,769,768,769,768,LOITER,1
34.032,hover 20 m settled,nan,20.195,0.156,-0.01,0.01,96.02,-0.11,0.26,0.01,769,768,769,768,LOITER,1
34.052,hover 20 m settled,nan,20.195,0.156,-0.01,0.01,96.02,-0.04,0.24,0.04,769,768,769,768,LOITER,1
34.072,hover 20 m settled,nan,20.196,0.157,-0.01,0.02,96.02,-0.02,0.16,-0.00,769,768,769,769,LOITER,1
34.092,hover 20 m settled,nan,20.196,0.157,-0.01,0.02,96.02,-0.12,0.26,-0.00,769,768,769,769,LOITER,1
34.112,hover 20 m settled,nan,20.197,0.156,-0.01,0.03,96.02,-0.03,0.30,0.02,768,769,769,769,LOITER,1
34.132,hover 20 m settled,nan,20.197,0.156,-0.01,0.03,96.02,-0.01,0.17,0.00,768,769,769,769,LOITER,1
34.152,hover 20 m settled,nan,20.197,0.156,-0.02,0.03,96.02,-0.04,0.25,0.02,768,769,769,769,LOITER,1
34.172,hover 20 m settled,nan,20.197,0.156,-0.02,0.04,96.02,0.02,0.37,-0.00,768,768,768,769,LOITER,1
34.192,hover 20 m settled,nan,20.197,0.156,-0.02,0.04,96.02,0.02,0.33,-0.04,768,768,768,769,LOITER,1
34.212,hover 20 m settled,nan,20.199,0.156,-0.02,0.05,96.02,-0.18,0.26,-0.02,768,768,769,768,LOITER,1
34.232,hover 20 m settled,nan,20.199,0.156,-0.02,0.05,96.02,-0.09,0.28,-0.07,768,768,769,768,LOITER,1
34.252,hover 20 m settled,nan,20.199,0.156,-0.02,0.06,96.02,-0.06,0.25,-0.05,768,768,769,768,LOITER,1
34.272,hover 20 m settled,nan,20.201,0.157,-0.02,0.06,96.02,-0.08,0.28,-0.03,768,768,768,768,LOITER,1
34.292,hover 20 m settled,nan,20.201,0.157,-0.03,0.07,96.02,-0.06,0.25,-0.03,768,768,768,768,LOITER,1
34.312,hover 20 m settled,nan,20.202,0.157,-0.03,0.07,96.02,-0.11,0.24,-0.08,768,768,768,768,LOITER,1
34.332,hover 20 m settled,nan,20.202,0.157,-0.03,0.08,96.01,-0.06,0.26,-0.05,768,768,768,768,LOITER,1
34.352,hover 20 m settled,nan,20.202,0.157,-0.03,0.08,96.01,-0.07,0.32,0.00,768,768,768,768,LOITER,1
34.372,hover 20 m settled,nan,20.203,0.158,-0.03,0.09,96.01,-0.03,0.20,-0.09,768,768,768,768,LOITER,1
34.392,hover 20 m settled,nan,20.203,0.158,-0.03,0.09,96.01,-0.06,0.21,-0.03,768,768,768,768,LOITER,1
34.412,hover 20 m settled,nan,20.204,0.159,-0.03,0.09,96.01,-0.07,0.20,-0.05,768,768,768,768,LOITER,1
34.432,hover 20 m settled,nan,20.204,0.159,-0.03,0.10,96.01,-0.09,0.13,-0.06,768,768,768,768,LOITER,1
34.452,hover 20 m settled,nan,20.204,0.159,-0.03,0.10,96.01,-0.08,0.17,-0.00,768,768,768,768,LOITER,1
34.472,hover 20 m settled,nan,20.205,0.160,-0.04,0.10,96.01,-0.11,0.12,-0.02,768,768,768,768,LOITER,1
34.492,hover 20 m settled,nan,20.205,0.160,-0.04,0.11,96.00,-0.13,0.05,-0.06,768,768,768,768,LOITER,1
34.512,hover 20 m settled,nan,20.206,0.160,-0.04,0.11,96.00,-0.18,0.02,0.01,768,768,768,768,LOITER,1
34.532,hover 20 m settled,nan,20.206,0.160,-0.04,0.11,96.00,-0.16,0.02,-0.02,768,768,768,768,LOITER,1
34.552,hover 20 m settled,nan,20.206,0.160,-0.05,0.11,96.00,-0.21,0.03,-0.00,768,768,768,768,LOITER,1
34.572,hover 20 m settled,nan,20.207,0.161,-0.05,0.11,96.00,-0.17,-0.09,0.00,768,768,768,768,LOITER,1
34.592,hover 20 m settled,nan,20.207,0.161,-0.05,0.11,96.00,-0.15,-0.13,-0.02,768,768,768,768,LOITER,1
34.612,hover 20 m settled,nan,20.208,0.162,-0.05,0.10,96.00,-0.14,-0.16,0.06,768,768,768,768,LOITER,1
34.632,hover 20 m settled,nan,20.208,0.162,-0.06,0.10,96.00,-0.08,-0.18,-0.00,768,768,768,768,LOITER,1
34.652,hover 20 m settled,nan,20.208,0.162,-0.06,0.10,96.00,-0.16,-0.22,-0.01,768,768,768,768,LOITER,1
34.672,hover 20 m settled,nan,20.209,0.163,-0.06,0.09,95.99,-0.13,-0.21,-0.01,768,768,768,768,LOITER,1
34.692,hover 20 m settled,nan,20.209,0.163,-0.06,0.09,95.99,-0.15,-0.21,-0.05,768,768,768,768,LOITER,1
34.712,hover 20 m settled,nan,20.209,0.164,-0.06,0.08,95.99,-0.07,-0.42,-0.01,769,768,768,768,LOITER,1
34.732,hover 20 m settled,nan,20.209,0.164,-0.07,0.08,95.99,-0.08,-0.44,-0.02,769,768,768,768,LOITER,1
34.752,hover 20 m settled,nan,20.209,0.164,-0.07,0.07,95.99,-0.18,-0.44,-0.00,769,768,768,768,LOITER,1
34.772,hover 20 m settled,nan,20.210,0.164,-0.07,0.06,95.99,-0.21,-0.39,0.03,769,769,769,768,LOITER,1
34.792,hover 20 m settled,nan,20.210,0.164,-0.08,0.05,95.99,-0.22,-0.47,-0.04,769,769,769,768,LOITER,1
34.812,hover 20 m settled,nan,20.210,0.165,-0.08,0.04,95.99,-0.19,-0.57,0.07,769,768,769,768,LOITER,1
34.832,hover 20 m settled,nan,20.210,0.165,-0.09,0.03,95.99,-0.19,-0.48,-0.00,769,768,769,768,LOITER,1
34.852,hover 20 m settled,nan,20.210,0.165,-0.09,0.02,95.99,-0.20,-0.49,-0.01,769,768,769,768,LOITER,1
34.872,hover 20 m settled,nan,20.210,0.165,-0.09,0.01,95.98,-0.20,-0.55,0.03,769,769,768,769,LOITER,1
34.892,hover 20 m settled,nan,20.210,0.165,-0.10,0.00,95.98,-0.22,-0.60,0.03,769,769,768,769,LOITER,1
34.912,hover 20 m settled,nan,20.210,0.165,-0.10,-0.01,95.98,-0.20,-0.52,0.07,769,769,769,769,LOITER,1
34.932,hover 20 m settled,nan,20.210,0.165,-0.10,-0.02,95.98,-0.18,-0.56,-0.02,769,769,769,769,LOITER,1
34.952,hover 20 m settled,nan,20.210,0.165,-0.11,-0.03,95.98,-0.18,-0.59,0.02,769,769,769,769,LOITER,1
34.972,hover 20 m settled,nan,20.210,0.165,-0.11,-0.04,95.98,-0.19,-0.64,0.07,769,769,769,769,LOITER,1
34.992,hover 20 m settled,nan,20.210,0.165,-0.11,-0.05,95.98,-0.20,-0.62,-0.04,769,769,769,769,LOITER,1
35.012,hover 20 m settled,nan,20.210,0.165,-0.12,-0.06,95.98,-0.19,-0.69,0.03,769,769,769,769,LOITER,1
35.032,hover 20 m settled,nan,20.210,0.165,-0.12,-0.07,95.98,-0.21,-0.61,0.01,769,769,769,769,LOITER,1
35.052,hover 20 m settled,nan,20.210,0.165,-0.12,-0.09,95.97,-0.17,-0.68,0.00,769,769,769,769,LOITER,1
35.072,hover 20 m settled,nan,20.210,0.165,-0.13,-0.10,95.97,-0.25,-0.72,0.00,769,769,769,769,LOITER,1
35.092,hover 20 m settled,nan,20.210,0.165,-0.13,-0.11,95.97,-0.14,-0.69,0.02,769,769,769,769,LOITER,1
35.112,hover 20 m settled,nan,20.211,0.164,-0.14,-0.13,95.97,-0.29,-0.58,0.09,769,769,769,769,LOITER,1
35.132,hover 20 m settled,nan,20.211,0.164,-0.14,-0.14,95.97,-0.29,-0.55,0.06,769,769,769,769,LOITER,1
35.152,hover 20 m settled,nan,20.211,0.164,-0.15,-0.15,95.97,-0.28,-0.51,0.01,769,769,769,769,LOITER,1
35.172,hover 20 m settled,nan,20.211,0.164,-0.15,-0.15,95.97,-0.26,-0.53,0.03,769,769,769,769,LOITER,1
35.192,hover 20 m settled,nan,20.211,0.164,-0.16,-0.16,95.97,-0.24,-0.47,0.04,769,769,769,769,LOITER,1
35.212,hover 20 m settled,nan,20.211,0.163,-0.16,-0.17,95.97,-0.15,-0.39,0.07,769,769,769,768,LOITER,1
35.232,hover 20 m settled,nan,20.211,0.163,-0.16,-0.18,95.97,-0.13,-0.44,0.03,769,769,769,768,LOITER,1
35.252,hover 20 m settled,nan,20.211,0.163,-0.16,-0.19,95.97,-0.16,-0.45,0.08,769,769,769,768,LOITER,1
35.272,hover 20 m settled,nan,20.212,0.163,-0.17,-0.20,95.97,-0.08,-0.37,0.07,769,769,769,768,LOITER,1
35.292,hover 20 m settled,nan,20.212,0.163,-0.17,-0.21,95.97,-0.13,-0.48,0.03,769,769,769,768,LOITER,1
35.312,hover 20 m settled,nan,20.212,0.163,-0.17,-0.21,95.96,-0.03,-0.44,0.03,769,768,768,768,LOITER,1
35.332,hover 20 m settled,nan,20.212,0.163,-0.17,-0.22,95.96,-0.09,-0.41,0.09,769,768,768,768,LOITER,1
35.352,hover 20 m settled,nan,20.212,0.163,-0.17,-0.23,95.96,-0.16,-0.33,0.10,769,768,768,768,LOITER,1
35.372,hover 20 m settled,nan,20.212,0.163,-0.17,-0.24,95.96,-0.09,-0.39,0.09,769,769,768,768,LOITER,1
35.392,hover 20 m settled,nan,20.212,0.163,-0.18,-0.24,95.97,-0.17,-0.35,0.09,769,769,768,768,LOITER,1
35.412,hover 20 m settled,nan,20.213,0.164,-0.18,-0.25,95.97,-0.17,-0.34,0.12,769,769,768,769,LOITER,1
35.432,hover 20 m settled,nan,20.213,0.164,-0.18,-0.26,95.97,-0.23,-0.42,0.14,769,769,768,769,LOITER,1
35.452,hover 20 m settled,nan,20.213,0.164,-0.19,-0.26,95.97,-0.23,-0.32,0.15,769,769,768,769,LOITER,1
35.472,hover 20 m settled,nan,20.213,0.164,-0.19,-0.27,95.97,-0.16,-0.26,0.09,769,769,768,769,LOITER,1
35.492,hover 20 m settled,nan,20.213,0.164,-0.19,-0.27,95.97,-0.23,-0.32,0.13,769,769,768,769,LOITER,1
35.512,hover 20 m settled,nan,20.213,0.164,-0.20,-0.28,95.97,-0.31,-0.32,0.14,769,768,769,768,LOITER,1
35.532,hover 20 m settled,nan,20.213,0.164,-0.20,-0.28,95.98,-0.26,-0.25,0.12,769,768,769,768,LOITER,1
35.552,hover 20 m settled,nan,20.213,0.164,-0.20,-0.29,95.98,-0.25,-0.22,0.09,769,768,769,768,LOITER,1
35.572,hover 20 m settled,nan,20.214,0.163,-0.21,-0.29,95.98,-0.12,-0.24,0.16,768,769,769,769,LOITER,1
35.592,hover 20 m settled,nan,20.214,0.163,-0.21,-0.30,95.98,-0.17,-0.16,0.10,768,769,769,769,LOITER,1
35.612,hover 20 m settled,nan,20.214,0.163,-0.21,-0.30,95.99,-0.19,-0.12,0.15,768,769,769,769,LOITER,1
35.632,hover 20 m settled,nan,20.214,0.163,-0.22,-0.30,95.99,-0.14,-0.24,0.11,768,769,769,769,LOITER,1
35.652,hover 20 m settled,nan,20.214,0.163,-0.22,-0.31,96.00,-0.17,-0.13,0.13,768,769,769,769,LOITER,1
35.672,hover 20 m settled,nan,20.214,0.163,-0.22,-0.31,96.00,-0.13,-0.05,0.14,769,769,769,769,LOITER,1
35.692,hover 20 m settled,nan,20.214,0.163,-0.22,-0.31,96.01,-0.21,0.02,0.14,769,769,769,769,LOITER,1
35.712,hover 20 m settled,nan,20.214,0.163,-0.23,-0.31,96.01,-0.08,-0.04,0.12,769,768,769,769,LOITER,1
35.732,hover 20 m settled,nan,20.214,0.163,-0.23,-0.31,96.02,-0.18,0.08,0.05,769,768,769,769,LOITER,1
35.752,hover 20 m settled,nan,20.214,0.163,-0.23,-0.31,96.02,-0.20,0.03,0.11,769,768,769,769,LOITER,1
35.772,hover 20 m settled,nan,20.213,0.163,-0.23,-0.31,96.03,-0.20,0.05,0.05,769,768,769,769,LOITER,1
35.792,hover 20 m settled,nan,20.213,0.163,-0.24,-0.31,96.03,-0.19,0.11,0.03,769,768,769,769,LOITER,1
35.812,hover 20 m settled,nan,20.213,0.163,-0.24,-0.30,96.04,-0.23,0.18,0.09,769,769,769,769,LOITER,1
35.832,hover 20 m settled,nan,20.213,0.163,-0.25,-0.30,96.04,-0.25,0.14,0.03,769,769,769,769,LOITER,1
35.852,hover 20 m settled,nan,20.213,0.163,-0.25,-0.30,96.05,-0.22,0.23,0.05,769,769,769,769,LOITER,1
35.872,hover 20 m settled,nan,20.213,0.163,-0.25,-0.29,96.06,-0.01,0.32,0.10,769,769,769,769,LOITER,1
35.892,hover 20 m settled,nan,20.213,0.163,-0.25,-0.29,96.06,-0.02,0.35,0.08,769,769,769,769,LOITER,1
35.912,hover 20 m settled,nan,20.213,0.163,-0.25,-0.28,96.07,-0.11,0.27,0.08,769,768,770,769,LOITER,1
35.932,hover 20 m settled,nan,20.213,0.163,-0.25,-0.27,96.07,-0.05,0.37,0.04,769,768,770,769,LOITER,1
35.952,hover 20 m settled,nan,20.213,0.163,-0.25,-0.27,96.08,-0.03,0.42,0.02,769,768,770,769,LOITER,1
35.972,hover 20 m settled,nan,20.213,0.162,-0.25,-0.26,96.08,0.03,0.49,-0.00,768,769,770,770,LOITER,1
35.992,hover 20 m settled,nan,20.213,0.162,-0.25,-0.25,96.09,0.14,0.42,0.00,768,769,770,770,LOITER,1
36.012,hover 20 m settled,nan,20.212,0.162,-0.25,-0.24,96.09,0.14,0.46,-0.03,769,768,770,769,LOITER,1
36.032,hover 20 m settled,nan,20.212,0.162,-0.25,-0.23,96.09,0.09,0.51,-0.03,769,768,770,769,LOITER,1
36.052,hover 20 m settled,nan,20.212,0.162,-0.24,-0.22,96.09,0.20,0.48,-0.07,769,768,770,769,LOITER,1
36.072,hover 20 m settled,nan,20.212,0.161,-0.24,-0.21,96.10,0.21,0.48,-0.08,768,768,770,770,LOITER,1
36.092,hover 20 m settled,nan,20.212,0.161,-0.23,-0.20,96.10,0.23,0.47,-0.08,768,768,770,770,LOITER,1
36.112,hover 20 m settled,nan,20.212,0.161,-0.23,-0.19,96.10,0.35,0.47,-0.10,768,768,770,770,LOITER,1
36.132,hover 20 m settled,nan,20.212,0.161,-0.22,-0.19,96.10,0.37,0.46,-0.13,768,768,770,770,LOITER,1
36.152,hover 20 m settled,nan,20.212,0.161,-0.21,-0.18,96.10,0.34,0.52,-0.13,768,768,770,770,LOITER,1
36.172,hover 20 m settled,nan,20.212,0.160,-0.21,-0.17,96.10,0.32,0.48,-0.12,768,769,769,769,LOITER,1
36.192,hover 20 m settled,nan,20.212,0.160,-0.20,-0.16,96.10,0.41,0.49,-0.18,768,769,769,769,LOITER,1
36.212,hover 20 m settled,nan,20.212,0.160,-0.19,-0.15,96.09,0.33,0.49,-0.17,768,768,769,769,LOITER,1
36.232,hover 20 m settled,nan,20.212,0.160,-0.19,-0.14,96.09,0.39,0.52,-0.17,768,768,769,769,LOITER,1
36.252,hover 20 m settled,nan,20.212,0.160,-0.18,-0.13,96.09,0.34,0.49,-0.15,768,768,769,769,LOITER,1
36.272,hover 20 m settled,nan,20.212,0.160,-0.17,-0.12,96.09,0.43,0.53,-0.17,768,769,769,769,LOITER,1
36.292,hover 20 m settled,nan,20.212,0.160,-0.16,-0.11,96.09,0.51,0.53,-0.19,768,769,769,769,LOITER,1
36.312,hover 20 m settled,nan,20.213,0.159,-0.15,-0.10,96.09,0.51,0.51,-0.17,768,769,769,769,LOITER,1
36.332,hover 20 m settled,nan,20.213,0.159,-0.14,-0.09,96.08,0.48,0.52,-0.22,768,769,769,769,LOITER,1
36.352,hover 20 m settled,nan,20.213,0.159,-0.13,-0.08,96.08,0.52,0.52,-0.21,768,769,769,769,LOITER,1
36.372,hover 20 m settled,nan,20.214,0.159,-0.12,-0.06,96.07,0.45,0.48,-0.24,768,768,768,769,LOITER,1
36.392,hover 20 m settled,nan,20.214,0.159,-0.11,-0.06,96.07,0.42,0.37,-0.23,768,768,768,769,LOITER,1
36.412,hover 20 m settled,nan,20.214,0.159,-0.11,-0.05,96.07,0.37,0.39,-0.20,768,768,768,769,LOITER,1
36.432,hover 20 m settled,nan,20.214,0.159,-0.10,-0.04,96.06,0.31,0.33,-0.21,768,768,768,769,LOITER,1
36.452,hover 20 m settled,nan,20.214,0.159,-0.09,-0.03,96.05,0.35,0.40,-0.23,768,768,768,769,LOITER,1
36.472,hover 20 m settled,nan,20.214,0.160,-0.09,-0.03,96.04,0.39,0.32,-0.23,768,769,768,769,LOITER,1
36.492,hover 20 m settled,nan,20.214,0.160,-0.08,-0.02,96.03,0.47,0.31,-0.17,768,769,768,769,LOITER,1
36.512,hover 20 m settled,nan,20.215,0.160,-0.07,-0.01,96.02,0.52,0.21,-0.23,769,768,768,768,LOITER,1
36.532,hover 20 m settled,nan,20.215,0.160,-0.06,-0.01,96.01,0.41,0.24,-0.16,769,768,768,768,LOITER,1
36.552,hover 20 m settled,nan,20.215,0.160,-0.05,-0.00,96.00,0.47,0.20,-0.24,769,768,768,768,LOITER,1
36.572,hover 20 m settled,nan,20.215,0.160,-0.04,0.00,95.99,0.52,0.20,-0.19,769,769,768,768,LOITER,1
36.592,hover 20 m settled,nan,20.215,0.160,-0.03,0.01,95.98,0.56,0.22,-0.13,769,769,768,768,LOITER,1
36.612,hover 20 m settled,nan,20.216,0.161,-0.02,0.01,95.97,0.54,0.24,-0.21,769,769,768,768,LOITER,1
36.632,hover 20 m settled,nan,20.216,0.161,-0.01,0.02,95.96,0.57,0.25,-0.17,769,769,768,768,LOITER,1
36.652,hover 20 m settled,nan,20.216,0.161,0.00,0.02,95.95,0.65,0.25,-0.16,769,769,768,768,LOITER,1
36.672,hover 20 m settled,nan,20.216,0.161,0.01,0.03,95.94,0.60,0.24,-0.13,769,769,767,768,LOITER,1
36.692,hover 20 m settled,nan,20.216,0.161,0.02,0.03,95.93,0.57,0.25,-0.11,769,769,767,768,LOITER,1
36.712,hover 20 m settled,nan,20.216,0.162,0.04,0.04,95.92,0.67,0.19,-0.12,769,769,767,768,LOITER,1
36.732,hover 20 m settled,nan,20.216,0.162,0.05,0.04,95.92,0.67,0.20,-0.08,769,769,767,768,LOITER,1
36.752,hover 20 m settled,nan,20.216,0.162,0.06,0.05,95.91,0.65,0.14,-0.07,769,769,767,768,LOITER,1
36.772,hover 20 m settled,nan,20.215,0.162,0.07,0.05,95.90,0.62,0.08,0.00,770,770,768,768,LOITER,1
36.792,hover 20 m settled,nan,20.215,0.162,0.09,0.05,95.90,0.63,0.09,-0.04,770,770,768,768,LOITER,1
36.812,hover 20 m settled,nan,20.215,0.161,0.10,0.05,95.89,0.63,0.10,0.08,770,770,768,768,LOITER,1
36.832,hover 20 m settled,nan,20.215,0.161,0.11,0.05,95.89,0.59,0.15,-0.00,770,770,768,768,LOITER,1
36.852,hover 20 m settled,nan,20.215,0.161,0.12,0.06,95.89,0.50,-0.01,0.07,770,770,768,768,LOITER,1
36.872,hover 20 m settled,nan,20.215,0.161,0.13,0.06,95.89,0.48,-0.01,0.02,770,770,768,768,LOITER,1
36.892,hover 20 m settled,nan,20.215,0.161,0.14,0.06,95.88,0.44,-0.01,0.09,770,770,768,768,LOITER,1
36.912,hover 20 m settled,nan,20.214,0.161,0.15,0.05,95.88,0.46,-0.00,0.10,770,769,768,768,LOITER,1
36.932,hover 20 m settled,nan,20.214,0.161,0.16,0.06,95.88,0.43,0.06,0.16,770,769,768,768,LOITER,1
36.952,hover 20 m settled,nan,20.214,0.161,0.16,0.06,95.88,0.42,0.06,0.15,770,769,768,768,LOITER,1
36.976,hover 20 m settled,nan,20.214,0.160,0.17,0.06,95.88,0.40,0.04,0.12,770,770,768,769,LOITER,1
36.992,hover 20 m settled,nan,20.214,0.160,0.18,0.06,95.88,0.36,0.00,0.15,770,770,768,769,LOITER,1
37.012,hover 20 m settled,nan,20.213,0.160,0.18,0.06,95.89,0.34,-0.06,0.25,770,770,769,768,LOITER,1
37.032,hover 20 m settled,nan,20.213,0.160,0.19,0.06,95.89,0.30,-0.03,0.23,770,770,769,768,LOITER,1
37.052,hover 20 m settled,nan,20.213,0.160,0.20,0.06,95.89,0.36,-0.02,0.16,770,770,769,768,LOITER,1
37.072,hover 20 m settled,nan,20.212,0.160,0.20,0.06,95.89,0.35,-0.04,0.26,771,770,769,769,LOITER,1
37.092,hover 20 m settled,nan,20.212,0.160,0.21,0.06,95.90,0.26,0.04,0.25,771,770,769,769,LOITER,1
37.112,hover 20 m settled,nan,20.211,0.159,0.21,0.06,95.90,0.17,0.06,0.26,770,770,769,770,LOITER,1
37.132,hover 20 m settled,nan,20.211,0.159,0.22,0.06,95.90,0.16,0.00,0.20,770,770,769,770,LOITER,1
37.152,hover 20 m settled,nan,20.211,0.159,0.22,0.06,95.91,0.13,-0.16,0.26,770,770,769,770,LOITER,1
37.172,hover 20 m settled,nan,20.210,0.158,0.22,0.06,95.91,0.01,-0.03,0.31,771,770,769,769,LOITER,1
37.192,hover 20 m settled,nan,20.210,0.158,0.22,0.06,95.92,-0.06,-0.11,0.28,771,770,769,769,LOITER,1
37.212,hover 20 m settled,nan,20.209,0.157,0.22,0.06,95.92,-0.09,-0.00,0.31,769,771,769,770,LOITER,1
37.232,hover 20 m settled,nan,20.209,0.157,0.22,0.06,95.93,-0.11,-0.04,0.29,769,771,769,770,LOITER,1
37.252,hover 20 m settled,nan,20.209,0.157,0.21,0.05,95.93,-0.15,-0.14,0.27,769,771,769,770,LOITER,1
37.272,hover 20 m settled,nan,20.208,0.156,0.21,0.05,95.94,-0.07,-0.04,0.26,770,770,770,769,LOITER,1
37.292,hover 20 m settled,nan,20.208,0.156,0.21,0.05,95.94,-0.10,-0.07,0.31,770,770,770,769,LOITER,1
37.312,hover 20 m settled,nan,20.207,0.155,0.21,0.05,95.95,-0.13,-0.01,0.27,770,770,770,770,LOITER,1
37.332,hover 20 m settled,nan,20.207,0.155,0.21,0.05,95.95,-0.05,-0.04,0.29,770,770,770,770,LOITER,1
37.352,hover 20 m settled,nan,20.207,0.155,0.21,0.05,95.96,0.01,-0.10,0.30,770,770,770,770,LOITER,1
37.372,hover 20 m settled,nan,20.205,0.154,0.21,0.05,95.97,0.03,-0.08,0.27,770,770,770,770,LOITER,1
37.392,hover 20 m settled,nan,20.205,0.154,0.21,0.05,95.97,-0.06,-0.14,0.28,770,770,770,770,LOITER,1
37.412,hover 20 m settled,nan,20.204,0.153,0.20,0.04,95.98,-0.12,-0.16,0.24,770,770,770,771,LOITER,1
37.432,hover 20 m settled,nan,20.204,0.153,0.20,0.04,95.98,-0.10,-0.33,0.23,770,770,770,771,LOITER,1
37.452,hover 20 m settled,nan,20.204,0.153,0.20,0.04,95.99,-0.07,-0.22,0.25,770,770,770,771,LOITER,1
37.472,hover 20 m settled,nan,20.203,0.152,0.20,0.03,95.99,-0.05,-0.25,0.16,770,770,770,771,LOITER,1
37.492,hover 20 m settled,nan,20.203,0.152,0.20,0.03,96.00,-0.15,-0.28,0.20,770,770,770,771,LOITER,1
37.512,hover 20 m settled,nan,20.202,0.150,0.20,0.02,96.00,-0.07,-0.19,0.24,770,770,770,770,LOITER,1
37.532,hover 20 m settled,nan,20.202,0.150,0.19,0.02,96.01,-0.05,-0.28,0.22,770,770,770,770,LOITER,1
37.552,hover 20 m settled,nan,20.202,0.150,0.19,0.01,96.02,-0.02,-0.35,0.20,770,770,770,770,LOITER,1
37.572,hover 20 m settled,nan,20.201,0.148,0.19,0.01,96.02,0.03,-0.22,0.22,769,770,770,770,LOITER,1
37.592,hover 20 m settled,nan,20.201,0.148,0.19,0.01,96.03,0.05,-0.31,0.17,769,770,770,770,LOITER,1
37.612,hover 20 m settled,nan,20.200,0.147,0.19,-0.00,96.03,-0.01,-0.38,0.17,770,769,770,770,LOITER,1
37.632,hover 20 m settled,nan,20.200,0.147,0.19,-0.01,96.04,-0.04,-0.27,0.19,770,769,770,770,LOITER,1
37.652,hover 20 m settled,nan,20.200,0.147,0.19,-0.01,96.05,-0.06,-0.33,0.14,770,769,770,770,LOITER,1
37.672,hover 20 m settled,nan,20.200,0.146,0.19,-0.02,96.05,0.01,-0.27,0.16,769,769,771,770,LOITER,1
37.692,hover 20 m settled,nan,20.200,0.146,0.19,-0.02,96.06,-0.02,-0.37,0.14,769,769,771,770,LOITER,1
37.712,hover 20 m settled,nan,20.199,0.145,0.19,-0.03,96.06,-0.01,-0.27,0.10,769,769,771,770,LOITER,1
37.732,hover 20 m settled,nan,20.199,0.145,0.19,-0.03,96.07,-0.03,-0.31,0.07,769,769,771,770,LOITER,1
37.752,hover 20 m settled,nan,20.199,0.145,0.19,-0.04,96.07,-0.04,-0.33,0.10,769,769,771,770,LOITER,1
37.772,hover 20 m settled,nan,20.198,0.144,0.19,-0.04,96.08,-0.05,-0.31,0.08,769,769,770,771,LOITER,1
37.792,hover 20 m settled,nan,20.198,0.144,0.19,-0.05,96.08,-0.08,-0.27,0.02,769,769,770,771,LOITER,1
37.812,hover 20 m settled,nan,20.198,0.143,0.18,-0.05,96.09,-0.06,-0.34,0.03,769,769,771,770,LOITER,1
37.832,hover 20 m settled,nan,20.198,0.143,0.18,-0.06,96.09,-0.03,-0.25,-0.02,769,769,771,770,LOITER,1
37.852,hover 20 m settled,nan,20.198,0.143,0.18,-0.06,96.10,-0.17,-0.33,-0.06,769,769,771,770,LOITER,1
37.872,hover 20 m settled,nan,20.197,0.142,0.18,-0.07,96.10,0.01,-0.36,-0.06,769,769,771,770,LOITER,1
37.892,hover 20 m settled,nan,20.197,0.142,0.18,-0.07,96.11,0.03,-0.32,-0.02,769,769,771,770,LOITER,1
37.912,hover 20 m settled,nan,20.197,0.141,0.18,-0.08,96.11,0.05,-0.29,-0.05,768,769,770,770,LOITER,1
37.932,hover 20 m settled,nan,20.197,0.141,0.18,-0.08,96.11,0.07,-0.34,-0.08,768,769,770,770,LOITER,1
37.952,hover 20 m settled,nan,20.197,0.141,0.18,-0.09,96.12,0.04,-0.38,-0.06,768,769,770,770,LOITER,1
37.972,hover 20 m settled,nan,20.196,0.141,0.18,-0.10,96.12,0.07,-0.36,-0.05,769,769,770,770,LOITER,1
37.992,hover 20 m settled,nan,20.196,0.141,0.18,-0.10,96.12,0.09,-0.38,-0.12,769,769,770,770,LOITER,1
38.012,hover 20 m settled,nan,20.196,0.140,0.18,-0.11,96.13,0.10,-0.37,-0.13,769,769,770,770,LOITER,1
38.032,hover 20 m settled,nan,20.196,0.140,0.19,-0.12,96.13,0.06,-0.28,-0.14,769,769,770,770,LOITER,1
38.052,hover 20 m settled,nan,20.196,0.140,0.19,-0.12,96.13,0.08,-0.28,-0.16,769,769,770,770,LOITER,1
38.072,hover 20 m settled,nan,20.196,0.139,0.19,-0.13,96.13,0.07,-0.30,-0.12,769,768,770,770,LOITER,1
38.092,hover 20 m settled,nan,20.196,0.139,0.19,-0.13,96.14,0.00,-0.24,-0.13,769,768,770,770,LOITER,1
38.112,hover 20 m settled,nan,20.196,0.139,0.19,-0.14,96.14,0.00,-0.19,-0.16,768,769,770,770,LOITER,1
38.132,hover 20 m settled,nan,20.196,0.139,0.19,-0.14,96.14,-0.07,-0.27,-0.18,768,769,770,770,LOITER,1
38.152,hover 20 m settled,nan,20.196,0.139,0.19,-0.14,96.14,-0.09,-0.15,-0.25,768,769,770,770,LOITER,1
38.172,hover 20 m settled,nan,20.196,0.138,0.19,-0.15,96.14,-0.11,-0.15,-0.21,768,769,770,770,LOITER,1
38.192,hover 20 m settled,nan,20.196,0.138,0.19,-0.15,96.14,-0.13,-0.12,-0.21,768,769,770,770,LOITER,1
38.212,hover 20 m settled,nan,20.196,0.138,0.18,-0.15,96.14,-0.26,-0.08,-0.22,768,769,769,770,LOITER,1
38.232,hover 20 m settled,nan,20.196,0.138,0.18,-0.15,96.13,-0.34,-0.07,-0.27,768,769,769,770,LOITER,1
38.252,hover 20 m settled,nan,20.196,0.138,0.17,-0.15,96.13,-0.39,-0.09,-0.33,768,769,769,770,LOITER,1
38.272,hover 20 m settled,nan,20.195,0.138,0.16,-0.15,96.13,-0.50,-0.11,-0.26,769,768,770,770,LOITER,1
38.292,hover 20 m settled,nan,20.195,0.138,0.15,-0.16,96.13,-0.49,-0.05,-0.34,769,768,770,770,LOITER,1
38.312,hover 20 m settled,nan,20.195,0.137,0.14,-0.16,96.12,-0.52,-0.02,-0.31,769,769,769,770,LOITER,1
38.332,hover 20 m settled,nan,20.195,0.137,0.13,-0.16,96.12,-0.71,-0.03,-0.32,769,769,769,770,LOITER,1
38.352,hover 20 m settled,nan,20.195,0.137,0.12,-0.16,96.12,-0.70,-0.08,-0.28,769,769,769,770,LOITER,1
38.372,hover 20 m settled,nan,20.195,0.137,0.11,-0.16,96.11,-0.68,0.10,-0.33,769,769,770,769,LOITER,1
38.392,hover 20 m settled,nan,20.195,0.137,0.09,-0.15,96.11,-0.70,0.09,-0.28,769,769,770,769,LOITER,1
38.412,hover 20 m settled,nan,20.194,0.137,0.08,-0.15,96.11,-0.75,0.19,-0.31,769,769,770,769,LOITER,1
38.432,hover 20 m settled,nan,20.194,0.137,0.07,-0.15,96.10,-0.66,0.20,-0.32,769,769,770,769,LOITER,1
38.452,hover 20 m settled,nan,20.194,0.137,0.05,-0.14,96.10,-0.68,0.26,-0.34,769,769,770,769,LOITER,1
38.472,hover 20 m settled,nan,20.194,0.136,0.04,-0.14,96.10,-0.67,0.22,-0.32,769,769,769,769,LOITER,1
38.492,hover 20 m settled,nan,20.194,0.136,0.03,-0.13,96.09,-0.71,0.27,-0.33,769,769,769,769,LOITER,1
38.512,hover 20 m settled,nan,20.194,0.136,0.01,-0.13,96.09,-0.72,0.30,-0.31,769,769,769,769,LOITER,1
38.532,hover 20 m settled,nan,20.194,0.136,-0.00,-0.12,96.09,-0.64,0.20,-0.31,769,769,769,769,LOITER,1
38.552,hover 20 m settled,nan,20.194,0.136,-0.01,-0.12,96.08,-0.65,0.21,-0.30,769,769,769,769,LOITER,1
38.572,hover 20 m settled,nan,20.194,0.136,-0.03,-0.11,96.08,-0.70,0.26,-0.27,769,769,769,769,LOITER,1
38.592,hover 20 m settled,nan,20.194,0.136,-0.04,-0.11,96.08,-0.71,0.21,-0.30,769,769,769,769,LOITER,1
38.612,hover 20 m settled,nan,20.194,0.136,-0.05,-0.10,96.07,-0.65,0.31,-0.31,769,769,769,769,LOITER,1
38.632,hover 20 m settled,nan,20.194,0.136,-0.07,-0.10,96.07,-0.73,0.26,-0.27,769,769,769,769,LOITER,1
38.652,hover 20 m settled,nan,20.194,0.136,-0.08,-0.09,96.06,-0.78,0.31,-0.28,769,769,769,769,LOITER,1
38.672,hover 20 m settled,nan,20.194,0.136,-0.10,-0.09,96.06,-0.70,0.27,-0.31,769,770,769,769,LOITER,1
38.692,hover 20 m settled,nan,20.194,0.136,-0.11,-0.08,96.05,-0.63,0.24,-0.32,769,770,769,769,LOITER,1
38.712,hover 20 m settled,nan,20.194,0.135,-0.12,-0.08,96.04,-0.60,0.17,-0.27,769,769,769,768,LOITER,1
38.732,hover 20 m settled,nan,20.194,0.135,-0.13,-0.08,96.04,-0.55,0.20,-0.28,769,769,769,768,LOITER,1
38.752,hover 20 m settled,nan,20.194,0.135,-0.14,-0.07,96.03,-0.54,0.22,-0.26,769,769,769,768,LOITER,1
38.772,hover 20 m settled,nan,20.193,0.136,-0.15,-0.07,96.02,-0.48,0.27,-0.29,769,770,769,768,LOITER,1
38.792,hover 20 m settled,nan,20.193,0.136,-0.16,-0.06,96.01,-0.37,0.28,-0.28,769,770,769,768,LOITER,1
38.812,hover 20 m settled,nan,20.193,0.135,-0.17,-0.06,96.00,-0.48,0.32,-0.22,770,769,769,768,LOITER,1
38.832,hover 20 m settled,nan,20.193,0.135,-0.18,-0.05,95.99,-0.48,0.43,-0.30,770,769,769,768,LOITER,1
38.852,hover 20 m settled,nan,20.193,0.135,-0.19,-0.04,95.98,-0.33,0.46,-0.22,770,769,769,768,LOITER,1
38.872,hover 20 m settled,nan,20.193,0.135,-0.19,-0.03,95.97,-0.24,0.57,-0.20,770,770,769,769,LOITER,1
38.892,hover 20 m settled,nan,20.193,0.135,-0.20,-0.02,95.96,-0.25,0.61,-0.19,770,770,769,769,LOITER,1
38.912,hover 20 m settled,nan,20.193,0.135,-0.20,-0.01,95.95,-0.21,0.67,-0.15,770,770,768,768,LOITER,1
38.932,hover 20 m settled,nan,20.193,0.135,-0.20,0.00,95.94,-0.13,0.73,-0.17,770,770,768,768,LOITER,1
38.952,hover 20 m settled,nan,20.193,0.135,-0.21,0.02,95.93,-0.14,0.74,-0.16,770,770,768,768,LOITER,1
38.972,hover 20 m settled,nan,20.193,0.135,-0.21,0.03,95.91,-0.15,0.82,-0.08,770,770,768,768,LOITER,1
38.992,hover 20 m settled,nan,20.193,0.135,-0.21,0.04,95.91,-0.16,0.84,-0.07,770,770,768,768,LOITER,1
39.012,hover 20 m settled,nan,20.193,0.135,-0.22,0.06,95.90,-0.12,0.80,-0.07,770,771,768,768,LOITER,1
39.032,hover 20 m settled,nan,20.193,0.135,-0.22,0.08,95.89,-0.03,0.78,0.01,770,771,768,768,LOITER,1
39.052,hover 20 m settled,nan,20.193,0.135,-0.22,0.09,95.88,-0.06,0.76,0.03,770,771,768,768,LOITER,1
39.072,hover 20 m settled,nan,20.193,0.135,-0.22,0.10,95.87,-0.00,0.75,0.07,770,771,768,768,LOITER,1
39.092,hover 20 m settled,nan,20.193,0.135,-0.22,0.12,95.87,0.01,0.74,0.04,770,771,768,768,LOITER,1
39.112,hover 20 m settled,nan,20.193,0.135,-0.22,0.13,95.86,0.11,0.72,0.03,770,770,768,768,LOITER,1
39.132,hover 20 m settled,nan,20.193,0.135,-0.22,0.14,95.85,0.17,0.72,0.07,770,770,768,768,LOITER,1
39.152,hover 20 m settled,nan,20.193,0.135,-0.22,0.16,95.85,0.16,0.68,0.14,770,770,768,768,LOITER,1
39.172,hover 20 m settled,nan,20.192,0.135,-0.21,0.17,95.85,0.19,0.65,0.12,770,771,768,768,LOITER,1
39.192,hover 20 m settled,nan,20.192,0.135,-0.21,0.18,95.85,0.26,0.64,0.17,770,771,768,768,LOITER,1
39.212,hover 20 m settled,nan,20.192,0.135,-0.21,0.19,95.84,0.27,0.59,0.21,770,770,768,768,LOITER,1
39.232,hover 20 m settled,nan,20.192,0.135,-0.20,0.21,95.84,0.33,0.57,0.20,770,770,768,768,LOITER,1
39.252,hover 20 m settled,nan,20.192,0.135,-0.20,0.22,95.84,0.27,0.54,0.18,770,770,768,768,LOITER,1
39.272,hover 20 m settled,nan,20.193,0.135,-0.19,0.23,95.84,0.29,0.51,0.25,770,770,769,768,LOITER,1
39.292,hover 20 m settled,nan,20.193,0.135,-0.18,0.24,95.84,0.31,0.56,0.24,770,770,769,768,LOITER,1
39.312,hover 20 m settled,nan,20.193,0.134,-0.18,0.25,95.85,0.33,0.43,0.24,770,770,768,768,LOITER,1
39.332,hover 20 m settled,nan,20.193,0.134,-0.17,0.25,95.85,0.24,0.39,0.31,770,770,768,768,LOITER,1
39.352,hover 20 m settled,nan,20.193,0.134,-0.17,0.26,95.85,0.38,0.37,0.27,770,770,768,768,LOITER,1
39.372,hover 20 m settled,nan,20.193,0.133,-0.16,0.27,95.85,0.32,0.36,0.28,770,770,768,768,LOITER,1
39.392,hover 20 m settled,nan,20.193,0.133,-0.15,0.28,95.86,0.38,0.32,0.37,770,770,768,768,LOITER,1
39.412,hover 20 m settled,nan,20.194,0.133,-0.14,0.28,95.86,0.54,0.26,0.36,769,769,768,768,LOITER,1
39.432,hover 20 m settled,nan,20.194,0.133,-0.13,0.29,95.87,0.52,0.21,0.31,769,769,768,768,LOITER,1
39.452,hover 20 m settled,nan,20.194,0.133,-0.12,0.29,95.87,0.56,0.23,0.34,769,769,768,768,LOITER,1
39.472,hover 20 m settled,nan,20.195,0.134,-0.11,0.29,95.88,0.55,0.21,0.40,769,769,768,768,LOITER,1
39.492,hover 20 m settled,nan,20.195,0.134,-0.10,0.30,95.88,0.56,0.20,0.36,769,769,768,768,LOITER,1
39.512,hover 20 m settled,nan,20.195,0.134,-0.09,0.30,95.89,0.56,0.21,0.47,769,769,768,768,LOITER,1
39.532,hover 20 m settled,nan,20.195,0.134,-0.08,0.31,95.89,0.46,0.22,0.34,769,769,768,768,LOITER,1
39.552,hover 20 m settled,nan,20.195,0.134,-0.07,0.31,95.90,0.48,0.11,0.36,769,769,768,768,LOITER,1
39.572,hover 20 m settled,nan,20.196,0.134,-0.06,0.31,95.90,0.45,0.09,0.37,769,768,768,768,LOITER,1
39.592,hover 20 m settled,nan,20.196,0.134,-0.06,0.31,95.91,0.39,0.15,0.37,769,768,768,768,LOITER,1
39.612,hover 20 m settled,nan,20.197,0.134,-0.05,0.32,95.92,0.43,0.10,0.36,768,768,768,768,LOITER,1
39.632,hover 20 m settled,nan,20.197,0.134,-0.04,0.32,95.92,0.42,0.13,0.40,768,768,768,768,LOITER,1
39.652,hover 20 m settled,nan,20.197,0.134,-0.03,0.32,95.93,0.41,0.01,0.41,768,768,768,768,LOITER,1
39.672,hover 20 m settled,nan,20.199,0.135,-0.02,0.32,95.94,0.42,0.00,0.41,768,768,768,768,LOITER,1
39.692,hover 20 m settled,nan,20.199,0.135,-0.02,0.32,95.94,0.44,-0.08,0.39,768,768,768,768,LOITER,1
39.712,hover 20 m settled,nan,20.200,0.136,-0.01,0.32,95.95,0.46,-0.14,0.39,768,767,768,768,LOITER,1
39.732,hover 20 m settled,nan,20.200,0.136,0.00,0.31,95.96,0.43,-0.18,0.36,768,767,768,768,LOITER,1
39.752,hover 20 m settled,nan,20.200,0.136,0.01,0.31,95.96,0.44,-0.17,0.35,768,767,768,768,LOITER,1
39.772,hover 20 m settled,nan,20.201,0.137,0.02,0.31,95.97,0.41,-0.19,0.30,767,767,768,768,LOITER,1
39.792,hover 20 m settled,nan,20.201,0.137,0.02,0.30,95.97,0.36,-0.22,0.35,767,767,768,768,LOITER,1
39.812,hover 20 m settled,nan,20.202,0.138,0.03,0.30,95.98,0.36,-0.25,0.36,767,767,768,768,LOITER,1
39.832,hover 20 m settled,nan,20.202,0.138,0.04,0.29,95.98,0.44,-0.26,0.27,767,767,768,768,LOITER,1
39.852,hover 20 m settled,nan,20.202,0.138,0.05,0.29,95.99,0.34,-0.36,0.32,767,767,768,768,LOITER,1
39.872,hover 20 m settled,nan,20.204,0.139,0.05,0.28,95.99,0.23,-0.40,0.24,767,767,768,768,LOITER,1
39.892,hover 20 m settled,nan,20.204,0.139,0.06,0.27,95.99,0.24,-0.47,0.32,767,767,768,768,LOITER,1
39.912,hover 20 m settled,nan,20.205,0.140,0.06,0.26,96.00,0.21,-0.46,0.28,767,767,768,768,LOITER,1
39.932,hover 20 m settled,nan,20.205,0.140,0.06,0.25,96.00,0.22,-0.52,0.20,767,767,768,768,LOITER,1
39.952,hover 20 m settled,nan,20.205,0.140,0.07,0.24,96.00,0.26,-0.52,0.19,767,767,768,768,LOITER,1
39.972,hover 20 m settled,nan,20.206,0.142,0.07,0.23,96.00,0.20,-0.52,0.23,767,767,768,768,LOITER,1
39.992,hover 20 m settled,nan,20.206,0.142,0.08,0.22,96.00,0.23,-0.52,0.17,767,767,768,768,LOITER,1
40.012,hover 20 m settled,nan,20.207,0.143,0.08,0.21,95.99,0.23,-0.55,0.21,767,767,768,768,LOITER,1
40.032,hover 20 m settled,nan,20.207,0.143,0.09,0.20,95.99,0.22,-0.57,0.16,767,767,768,768,LOITER,1
40.052,hover 20 m settled,nan,20.207,0.143,0.09,0.19,95.99,0.18,-0.55,0.15,767,767,768,768,LOITER,1
40.072,hover 20 m settled,nan,20.208,0.144,0.10,0.18,95.99,0.17,-0.63,0.21,767,767,767,768,LOITER,1
40.092,hover 20 m settled,nan,20.208,0.144,0.10,0.17,95.99,0.17,-0.59,0.18,767,767,767,768,LOITER,1
40.112,hover 20 m settled,nan,20.208,0.145,0.10,0.16,95.98,0.10,-0.51,0.13,767,767,768,768,LOITER,1
40.132,hover 20 m settled,nan,20.208,0.145,0.11,0.15,95.98,0.12,-0.56,0.06,767,767,768,768,LOITER,1
40.152,hover 20 m settled,nan,20.208,0.145,0.11,0.14,95.98,0.05,-0.50,0.13,767,767,768,768,LOITER,1
40.172,hover 20 m settled,nan,20.209,0.146,0.11,0.13,95.97,-0.07,-0.41,0.12,768,767,768,768,LOITER,1
40.192,hover 20 m settled,nan,20.209,0.146,0.11,0.12,95.97,-0.13,-0.44,0.12,768,767,768,768,LOITER,1
40.212,hover 20 m settled,nan,20.210,0.147,0.10,0.11,95.96,-0.15,-0.47,0.11,768,767,768,768,LOITER,1
40.232,hover 20 m settled,nan,20.210,0.147,0.10,0.10,95.96,-0.23,-0.40,0.08,768,767,768,768,LOITER,1
40.252,hover 20 m settled,nan,20.210,0.147,0.10,0.09,95.95,-0.25,-0.32,0.04,768,767,768,768,LOITER,1
40.272,hover 20 m settled,nan,20.210,0.148,0.09,0.09,95.95,-0.24,-0.41,0.11,768,768,768,768,LOITER,1
40.292,hover 20 m settled,nan,20.210,0.148,0.09,0.08,95.95,-0.30,-0.37,0.11,768,768,768,768,LOITER,1
40.312,hover 20 m settled,nan,20.210,0.149,0.08,0.07,95.94,-0.31,-0.34,0.06,769,768,768,768,LOITER,1
40.332,hover 20 m settled,nan,20.210,0.149,0.08,0.06,95.94,-0.39,-0.39,0.13,769,768,768,768,LOITER,1
40.352,hover 20 m settled,nan,20.210,0.149,0.07,0.06,95.93,-0.46,-0.26,0.11,769,768,768,768,LOITER,1
40.372,hover 20 m settled,nan,20.210,0.150,0.06,0.05,95.92,-0.47,-0.15,0.07,769,768,768,768,LOITER,1
40.392,hover 20 m settled,nan,20.210,0.150,0.05,0.05,95.92,-0.53,-0.15,0.10,769,768,768,768,LOITER,1
40.412,hover 20 m settled,nan,20.210,0.150,0.04,0.04,95.91,-0.51,-0.18,0.16,769,768,768,768,LOITER,1
40.432,hover 20 m settled,nan,20.210,0.150,0.03,0.04,95.90,-0.47,-0.15,0.12,769,768,768,768,LOITER,1
40.452,hover 20 m settled,nan,20.210,0.150,0.02,0.04,95.90,-0.51,-0.21,0.12,769,768,768,768,LOITER,1
40.472,hover 20 m settled,nan,20.210,0.151,0.01,0.03,95.89,-0.48,-0.14,0.08,769,768,768,768,LOITER,1
40.492,hover 20 m settled,nan,20.210,0.151,0.00,0.03,95.88,-0.54,-0.13,0.15,769,768,768,768,LOITER,1
40.512,hover 20 m settled,nan,20.210,0.151,-0.01,0.03,95.87,-0.54,-0.21,0.23,769,769,769,768,LOITER,1
40.532,hover 20 m settled,nan,20.210,0.151,-0.02,0.02,95.87,-0.58,-0.14,0.12,769,769,769,768,LOITER,1
40.552,hover 20 m settled,nan,20.210,0.151,-0.03,0.02,95.86,-0.51,-0.08,0.19,769,769,769,768,LOITER,1
40.572,hover 20 m settled,nan,20.210,0.151,-0.03,0.02,95.85,-0.53,-0.02,0.20,769,769,768,768,LOITER,1
40.592,hover 20 m settled,nan,20.210,0.151,-0.04,0.02,95.85,-0.51,-0.04,0.19,769,769,768,768,LOITER,1
40.612,hover 20 m settled,nan,20.210,0.151,-0.05,0.02,95.84,-0.56,-0.08,0.20,770,769,768,767,LOITER,1
40.632,hover 20 m settled,nan,20.210,0.151,-0.06,0.01,95.83,-0.62,0.03,0.16,770,769,768,767,LOITER,1
40.652,hover 20 m settled,nan,20.210,0.151,-0.08,0.02,95.83,-0.61,0.09,0.21,770,769,768,767,LOITER,1
40.672,hover 20 m settled,nan,20.210,0.151,-0.09,0.02,95.82,-0.57,-0.01,0.25,769,769,768,768,LOITER,1
40.692,hover 20 m settled,nan,20.210,0.151,-0.10,0.02,95.82,-0.60,0.02,0.30,769,769,768,768,LOITER,1
40.712,hover 20 m settled,nan,20.210,0.151,-0.11,0.02,95.81,-0.59,0.07,0.32,770,770,768,768,LOITER,1
40.732,hover 20 m settled,nan,20.210,0.151,-0.12,0.02,95.81,-0.62,0.03,0.34,770,770,768,768,LOITER,1
40.752,hover 20 m settled,nan,20.210,0.151,-0.13,0.02,95.81,-0.65,0.01,0.32,770,770,768,768,LOITER,1
40.772,hover 20 m settled,nan,20.209,0.151,-0.14,0.02,95.81,-0.56,0.08,0.35,770,770,768,768,LOITER,1
40.792,hover 20 m settled,nan,20.209,0.151,-0.15,0.02,95.81,-0.59,0.05,0.36,770,770,768,768,LOITER,1
40.812,hover 20 m settled,nan,20.208,0.151,-0.17,0.02,95.82,-0.50,0.10,0.38,770,770,769,768,LOITER,1
40.832,hover 20 m settled,nan,20.208,0.151,-0.17,0.02,95.82,-0.47,0.18,0.40,770,770,769,768,LOITER,1
40.852,hover 20 m settled,nan,20.208,0.151,-0.18,0.03,95.83,-0.39,0.16,0.40,770,770,769,768,LOITER,1
40.872,hover 20 m settled,nan,20.208,0.150,-0.19,0.03,95.84,-0.33,0.03,0.44,770,770,769,768,LOITER,1
40.892,hover 20 m settled,nan,20.208,0.150,-0.20,0.03,95.85,-0.30,0.07,0.42,770,770,769,768,LOITER,1
40.912,hover 20 m settled,nan,20.207,0.150,-0.20,0.03,95.86,-0.20,0.02,0.41,770,770,769,769,LOITER,1
40.932,hover 20 m settled,nan,20.207,0.150,-0.21,0.03,95.87,-0.20,0.05,0.44,770,770,769,769,LOITER,1
40.952,hover 20 m settled,nan,20.207,0.150,-0.21,0.03,95.89,-0.16,-0.02,0.45,770,770,769,769,LOITER,1
40.972,hover 20 m settled,nan,20.206,0.149,-0.21,0.03,95.90,0.02,-0.07,0.46,769,770,769,769,LOITER,1
40.992,hover 20 m settled,nan,20.206,0.149,-0.21,0.03,95.92,-0.02,-0.20,0.41,769,770,769,769,LOITER,1
41.012,hover 20 m settled,nan,20.206,0.149,-0.21,0.03,95.94,0.06,-0.06,0.47,769,769,770,769,LOITER,1
41.032,hover 20 m settled,nan,20.206,0.149,-0.21,0.03,95.95,0.24,-0.03,0.50,769,769,770,769,LOITER,1
41.052,hover 20 m settled,nan,20.206,0.149,-0.21,0.02,95.97,0.35,-0.05,0.39,769,769,770,769,LOITER,1
41.072,hover 20 m settled,nan,20.205,0.148,-0.20,0.02,95.99,0.40,-0.03,0.43,769,769,770,770,LOITER,1
41.092,hover 20 m settled,nan,20.205,0.148,-0.20,0.02,96.01,0.34,0.01,0.40,769,769,770,770,LOITER,1
41.112,hover 20 m settled,nan,20.205,0.148,-0.19,0.02,96.02,0.44,-0.10,0.36,769,769,770,769,LOITER,1
41.132,hover 20 m settled,nan,20.205,0.148,-0.18,0.02,96.04,0.43,-0.14,0.34,769,769,770,769,LOITER,1
41.152,hover 20 m settled,nan,20.205,0.148,-0.17,0.02,96.06,0.49,-0.08,0.35,769,769,770,769,LOITER,1
41.172,hover 20 m settled,nan,20.205,0.147,-0.16,0.02,96.07,0.54,-0.13,0.34,768,768,770,770,LOITER,1
41.192,hover 20 m settled,nan,20.205,0.147,-0.15,0.01,96.09,0.60,-0.17,0.29,768,768,770,770,LOITER,1
41.212,hover 20 m settled,nan,20.204,0.146,-0.14,0.01,96.10,0.61,-0.17,0.29,768,768,770,770,LOITER,1
41.232,hover 20 m settled,nan,20.204,0.146,-0.13,0.01,96.12,0.71,-0.15,0.30,768,768,770,770,LOITER,1
41.252,hover 20 m settled,nan,20.204,0.146,-0.12,0.00,96.13,0.76,-0.10,0.29,768,768,770,770,LOITER,1
41.272,hover 20 m settled,nan,20.204,0.146,-0.10,0.00,96.14,0.79,-0.11,0.24,768,768,770,771,LOITER,1
41.292,hover 20 m settled,nan,20.204,0.146,-0.09,0.00,96.15,0.76,-0.16,0.17,768,768,770,771,LOITER,1
41.312,hover 20 m settled,nan,20.203,0.146,-0.07,-0.00,96.16,0.81,-0.18,0.13,768,767,771,770,LOITER,1
41.332,hover 20 m settled,nan,20.203,0.146,-0.06,-0.01,96.17,0.75,-0.03,0.15,768,767,771,770,LOITER,1
41.352,hover 20 m settled,nan,20.203,0.146,-0.05,-0.01,96.18,0.76,0.03,-0.01,768,767,771,770,LOITER,1
41.372,hover 20 m settled,nan,20.203,0.145,-0.03,-0.01,96.18,0.78,-0.14,-0.00,767,768,770,771,LOITER,1
41.392,hover 20 m settled,nan,20.203,0.145,-0.02,-0.01,96.19,0.70,-0.15,-0.01,767,768,770,771,LOITER,1
41.412,hover 20 m settled,nan,20.202,0.144,-0.00,-0.01,96.19,0.74,-0.09,-0.03,768,767,771,771,LOITER,1
41.432,hover 20 m settled,nan,20.202,0.144,0.01,-0.01,96.19,0.72,-0.08,-0.03,768,767,771,771,LOITER,1
41.452,hover 20 m settled,nan,20.202,0.144,0.03,-0.01,96.19,0.74,-0.06,-0.10,768,767,771,771,LOITER,1
41.472,hover 20 m settled,nan,20.201,0.144,0.04,-0.02,96.19,0.66,-0.16,-0.16,768,768,771,771,LOITER,1
41.492,hover 20 m settled,nan,20.201,0.144,0.05,-0.02,96.18,0.63,-0.11,-0.13,768,768,771,771,LOITER,1
41.512,hover 20 m settled,nan,20.201,0.143,0.07,-0.02,96.18,0.59,-0.14,-0.16,768,768,770,771,LOITER,1
41.532,hover 20 m settled,nan,20.201,0.143,0.08,-0.02,96.18,0.48,-0.17,-0.17,768,768,770,771,LOITER,1
41.552,hover 20 m settled,nan,20.201,0.143,0.09,-0.03,96.17,0.55,-0.25,-0.27,768,768,770,771,LOITER,1
41.572,hover 20 m settled,nan,20.200,0.143,0.09,-0.03,96.16,0.37,-0.20,-0.23,769,768,771,770,LOITER,1
41.592,hover 20 m settled,nan,20.200,0.143,0.10,-0.03,96.16,0.35,-0.05,-0.28,769,768,771,770,LOITER,1
41.612,hover 20 m settled,nan,20.199,0.142,0.11,-0.04,96.15,0.25,-0.02,-0.31,768,768,770,771,LOITER,1
41.632,hover 20 m settled,nan,20.199,0.142,0.11,-0.04,96.14,0.16,-0.04,-0.32,768,768,770,771,LOITER,1
41.652,hover 20 m settled,nan,20.199,0.142,0.12,-0.04,96.13,0.11,-0.10,-0.35,768,768,770,771,LOITER,1
41.672,hover 20 m settled,nan,20.199,0.142,0.12,-0.04,96.12,0.08,-0.13,-0.34,769,769,770,770,LOITER,1
41.692,hover 20 m settled,nan,20.199,0.142,0.12,-0.04,96.11,0.02,-0.10,-0.34,769,769,770,770,LOITER,1
41.712,hover 20 m settled,nan,20.199,0.141,0.12,-0.04,96.10,-0.03,-0.07,-0.36,770,768,770,769,LOITER,1
41.732,hover 20 m settled,nan,20.199,0.141,0.12,-0.04,96.09,-0.00,0.02,-0.41,770,768,770,769,LOITER,1
41.752,hover 20 m settled,nan,20.199,0.141,0.12,-0.04,96.09,-0.07,0.05,-0.36,770,768,770,769,LOITER,1
41.772,hover 20 m settled,nan,20.198,0.140,0.12,-0.04,96.08,-0.02,0.03,-0.41,769,769,770,769,LOITER,1
41.792,hover 20 m settled,nan,20.198,0.140,0.12,-0.04,96.07,-0.05,0.11,-0.43,769,769,770,769,LOITER,1
41.812,hover 20 m settled,nan,20.198,0.140,0.12,-0.04,96.06,-0.08,0.14,-0.40,769,770,769,769,LOITER,1
41.836,hover 20 m settled,nan,20.198,0.140,0.12,-0.04,96.05,-0.04,0.13,-0.32,769,770,769,769,LOITER,1
41.852,hover 20 m settled,nan,20.198,0.140,0.12,-0.04,96.04,-0.10,0.20,-0.35,769,770,769,769,LOITER,1
41.872,hover 20 m settled,nan,20.198,0.139,0.11,-0.03,96.04,-0.08,0.13,-0.34,769,770,769,769,LOITER,1
41.892,hover 20 m settled,nan,20.198,0.139,0.11,-0.03,96.03,-0.02,0.16,-0.33,769,770,769,769,LOITER,1
41.912,hover 20 m settled,nan,20.197,0.139,0.11,-0.03,96.02,-0.06,0.17,-0.35,770,770,769,769,LOITER,1
41.932,hover 20 m settled,nan,20.197,0.139,0.11,-0.02,96.02,-0.14,0.06,-0.37,770,770,769,769,LOITER,1
41.952,hover 20 m settled,nan,20.197,0.139,0.11,-0.02,96.01,-0.08,0.04,-0.31,770,770,769,769,LOITER,1
41.972,hover 20 m settled,nan,20.197,0.138,0.11,-0.02,96.01,-0.10,0.16,-0.31,770,770,769,769,LOITER,1
41.992,hover 20 m settled,nan,20.197,0.138,0.10,-0.02,96.00,-0.11,0.04,-0.29,770,770,769,769,LOITER,1
42.012,hover 20 m settled,nan,20.197,0.138,0.10,-0.02,96.00,-0.04,0.02,-0.24,770,770,768,768,LOITER,1
42.032,hover 20 m settled,nan,20.197,0.138,0.10,-0.02,95.99,-0.00,0.03,-0.25,770,770,768,768,LOITER,1
42.052,hover 20 m settled,nan,20.197,0.138,0.10,-0.02,95.99,-0.12,-0.03,-0.16,770,770,768,768,LOITER,1
42.072,hover 20 m settled,nan,20.196,0.137,0.10,-0.02,95.99,-0.10,-0.07,-0.17,770,770,768,768,LOITER,1
42.092,hover 20 m settled,nan,20.196,0.137,0.10,-0.02,95.98,-0.00,0.00,-0.26,770,770,768,768,LOITER,1
42.112,hover 20 m settled,nan,20.196,0.137,0.09,-0.02,95.98,-0.08,0.00,-0.17,769,770,768,769,LOITER,1
42.132,hover 20 m settled,nan,20.196,0.137,0.09,-0.02,95.98,-0.11,-0.12,-0.12,769,770,768,769,LOITER,1
42.152,hover 20 m settled,nan,20.196,0.137,0.09,-0.02,95.98,-0.04,-0.13,-0.16,769,770,768,769,LOITER,1
42.172,hover 20 m settled,nan,20.195,0.137,0.09,-0.02,95.98,-0.02,-0.12,-0.14,770,770,768,769,LOITER,1
42.192,hover 20 m settled,nan,20.195,0.137,0.09,-0.02,95.97,-0.05,-0.06,-0.06,770,770,768,769,LOITER,1
42.212,hover 20 m settled,nan,20.195,0.136,0.09,-0.03,95.97,-0.07,-0.12,-0.04,770,770,769,769,LOITER,1
42.232,hover 20 m settled,nan,20.195,0.136,0.09,-0.03,95.97,-0.09,-0.11,-0.08,770,770,769,769,LOITER,1
42.252,hover 20 m settled,nan,20.195,0.136,0.09,-0.03,95.97,-0.05,-0.18,-0.06,770,770,769,769,LOITER,1
42.272,hover 20 m settled,nan,20.194,0.136,0.08,-0.03,95.97,-0.10,-0.19,-0.10,770,770,769,769,LOITER,1
42.292,hover 20 m settled,nan,20.194,0.136,0.08,-0.04,95.97,-0.09,-0.18,-0.10,770,770,769,769,LOITER,1
42.312,hover 20 m settled,nan,20.194,0.135,0.08,-0.04,95.97,-0.10,-0.14,-0.02,769,770,769,769,LOITER,1
42.332,hover 20 m settled,nan,20.194,0.135,0.08,-0.04,95.97,-0.09,-0.23,-0.09,769,770,769,769,LOITER,1
42.352,hover 20 m settled,nan,20.194,0.135,0.08,-0.05,95.97,-0.12,-0.19,-0.04,769,770,769,769,LOITER,1
42.372,hover 20 m settled,nan,20.193,0.134,0.07,-0.05,95.97,-0.10,-0.13,-0.06,769,770,768,769,LOITER,1
42.392,hover 20 m settled,nan,20.193,0.134,0.07,-0.05,95.97,-0.14,-0.06,0.02,769,770,768,769,LOITER,1
42.412,hover 20 m settled,nan,20.193,0.134,0.07,-0.05,95.97,-0.13,-0.10,0.05,770,769,769,769,LOITER,1
42.432,hover 20 m settled,nan,20.193,0.134,0.07,-0.05,95.97,-0.25,-0.10,0.02,770,769,769,769,LOITER,1
42.452,hover 20 m settled,nan,20.193,0.134,0.06,-0.06,95.97,-0.26,-0.05,0.02,770,769,769,769,LOITER,1
42.472,hover 20 m settled,nan,20.192,0.133,0.06,-0.06,95.97,-0.22,-0.10,0.01,770,770,769,769,LOITER,1
42.492,hover 20 m settled,nan,20.192,0.133,0.05,-0.06,95.97,-0.35,-0.04,0.08,770,770,769,769,LOITER,1
42.512,hover 20 m settled,nan,20.192,0.133,0.04,-0.06,95.98,-0.28,0.01,0.03,770,769,769,769,LOITER,1
42.532,hover 20 m settled,nan,20.192,0.133,0.04,-0.06,95.98,-0.26,-0.00,-0.02,770,769,769,769,LOITER,1
42.552,hover 20 m settled,nan,20.192,0.133,0.03,-0.06,95.98,-0.32,0.05,0.08,770,769,769,769,LOITER,1
42.572,hover 20 m settled,nan,20.191,0.132,0.03,-0.06,95.98,-0.34,0.03,0.15,769,770,769,769,LOITER,1
42.592,hover 20 m settled,nan,20.191,0.132,0.02,-0.06,95.98,-0.30,0.04,0.09,769,770,769,769,LOITER,1
42.612,hover 20 m settled,nan,20.191,0.132,0.01,-0.06,95.98,-0.34,0.06,0.05,769,769,769,769,LOITER,1
42.632,hover 20 m settled,nan,20.191,0.132,0.01,-0.06,95.99,-0.27,0.11,0.08,769,769,769,769,LOITER,1
42.652,hover 20 m settled,nan,20.191,0.132,0.00,-0.05,95.99,-0.22,0.10,0.09,769,769,769,769,LOITER,1
42.672,hover 20 m settled,nan,20.190,0.132,-0.00,-0.05,95.99,-0.21,0.05,0.05,769,769,769,769,LOITER,1
42.692,hover 20 m settled,nan,20.190,0.132,-0.00,-0.05,95.99,-0.20,0.07,0.09,769,769,769,769,LOITER,1
42.712,hover 20 m settled,nan,20.190,0.131,-0.01,-0.05,95.99,-0.15,0.10,0.08,769,769,769,769,LOITER,1
42.732,hover 20 m settled,nan,20.190,0.131,-0.01,-0.05,96.00,-0.16,0.21,0.09,769,769,769,769,LOITER,1
42.752,hover 20 m settled,nan,20.190,0.131,-0.01,-0.04,96.00,-0.11,0.13,0.10,769,769,769,769,LOITER,1
42.772,hover 20 m settled,nan,20.189,0.131,-0.02,-0.04,96.00,-0.09,0.00,0.07,770,769,769,769,LOITER,1
42.792,hover 20 m settled,nan,20.189,0.131,-0.02,-0.04,96.00,-0.07,0.04,0.09,770,769,769,769,LOITER,1
42.812,hover 20 m settled,nan,20.189,0.130,-0.02,-0.04,96.01,0.04,0.07,0.07,769,769,769,770,LOITER,1
42.832,hover 20 m settled,nan,20.189,0.130,-0.02,-0.04,96.01,-0.04,0.05,0.06,769,769,769,770,LOITER,1
42.852,hover 20 m settled,nan,20.189,0.130,-0.02,-0.04,96.01,-0.01,0.09,0.10,769,769,769,770,LOITER,1
42.872,hover 20 m settled,nan,20.189,0.130,-0.02,-0.03,96.01,0.03,0.14,0.07,769,769,769,769,LOITER,1
42.892,hover 20 m settled,nan,20.189,0.130,-0.02,-0.03,96.01,-0.01,0.03,0.05,769,769,769,769,LOITER,1
42.912,hover 20 m settled,nan,20.188,0.129,-0.02,-0.03,96.01,0.04,0.14,-0.01,769,769,769,769,LOITER,1
42.932,hover 20 m settled,nan,20.188,0.129,-0.02,-0.03,96.01,0.07,0.14,-0.01,769,769,769,769,LOITER,1
42.952,hover 20 m settled,nan,20.188,0.129,-0.02,-0.02,96.01,0.01,0.15,0.00,769,769,769,769,LOITER,1
42.972,hover 20 m settled,nan,20.188,0.129,-0.02,-0.02,96.02,0.05,0.15,0.04,769,769,769,769,LOITER,1
42.992,hover 20 m settled,nan,20.188,0.129,-0.02,-0.02,96.02,0.01,0.11,0.00,769,769,769,769,LOITER,1
43.012,hover 20 m settled,nan,20.187,0.128,-0.02,-0.02,96.02,0.02,0.18,0.02,769,769,769,769,LOITER,1
43.032,hover 20 m settled,nan,20.187,0.128,-0.02,-0.01,96.02,-0.02,0.14,0.05,769,769,769,769,LOITER,1
43.052,hover 20 m settled,nan,20.187,0.128,-0.02,-0.01,96.02,0.03,0.16,0.03,769,769,769,769,LOITER,1
43.072,hover 20 m settled,nan,20.187,0.128,-0.02,-0.01,96.02,-0.01,0.06,0.02,769,769,769,770,LOITER,1
43.092,hover 20 m settled,nan,20.187,0.128,-0.02,-0.01,96.02,-0.01,0.07,-0.01,769,769,769,770,LOITER,1
43.112,hover 20 m settled,nan,20.186,0.128,-0.02,-0.00,96.02,-0.08,0.07,-0.00,769,769,769,770,LOITER,1
43.132,hover 20 m settled,nan,20.186,0.128,-0.02,-0.00,96.03,-0.05,0.03,0.04,769,769,769,770,LOITER,1
43.152,hover 20 m settled,nan,20.186,0.128,-0.02,-0.00,96.03,-0.03,-0.02,-0.03,769,769,769,770,LOITER,1
43.172,hover 20 m settled,nan,20.186,0.127,-0.02,-0.01,96.03,-0.06,-0.16,-0.00,769,769,770,770,LOITER,1
43.192,hover 20 m settled,nan,20.186,0.127,-0.02,-0.01,96.03,-0.05,-0.08,0.02,769,769,770,770,LOITER,1
43.212,hover 20 m settled,nan,20.185,0.127,-0.02,-0.01,96.03,-0.01,-0.05,-0.02,769,769,769,770,LOITER,1
43.232,hover 20 m settled,nan,20.185,0.127,-0.02,-0.01,96.03,-0.20,-0.09,-0.05,769,769,769,770,LOITER,1
43.252,hover 20 m settled,nan,20.185,0.127,-0.02,-0.01,96.03,-0.07,-0.07,0.02,769,769,769,770,LOITER,1
43.272,hover 20 m settled,nan,20.185,0.126,-0.03,-0.01,96.03,-0.03,-0.07,-0.10,769,769,769,769,LOITER,1
43.292,hover 20 m settled,nan,20.185,0.126,-0.03,-0.01,96.03,-0.09,-0.01,-0.01,769,769,769,769,LOITER,1
43.312,hover 20 m settled,nan,20.185,0.125,-0.03,-0.01,96.03,-0.11,-0.04,-0.09,769,769,769,769,LOITER,1
43.332,hover 20 m settled,nan,20.185,0.125,-0.03,-0.01,96.03,-0.07,-0.03,-0.01,769,769,769,769,LOITER,1
43.352,hover 20 m settled,nan,20.185,0.125,-0.03,-0.01,96.03,-0.01,-0.01,-0.07,769,769,769,769,LOITER,1
43.372,hover 20 m settled,nan,20.185,0.125,-0.03,-0.01,96.03,0.03,0.06,-0.03,769,769,769,769,LOITER,1
43.392,hover 20 m settled,nan,20.185,0.125,-0.03,-0.01,96.03,0.02,0.05,-0.04,769,769,769,769,LOITER,1
43.412,hover 20 m settled,nan,20.185,0.125,-0.03,-0.01,96.03,-0.00,0.02,-0.03,769,768,769,769,LOITER,1
43.432,hover 20 m settled,nan,20.185,0.125,-0.03,-0.01,96.02,-0.04,0.08,-0.05,769,768,769,769,LOITER,1
43.452,hover 20 m settled,nan,20.185,0.125,-0.03,-0.01,96.02,-0.05,0.13,-0.05,769,768,769,769,LOITER,1
43.472,hover 20 m settled,nan,20.186,0.124,-0.03,-0.01,96.02,0.00,0.20,-0.07,769,769,769,768,LOITER,1
43.492,hover 20 m settled,nan,20.186,0.124,-0.03,-0.00,96.02,-0.04,0.10,-0.06,769,769,769,768,LOITER,1
43.512,hover 20 m settled,nan,20.186,0.124,-0.03,-0.00,96.02,0.09,0.26,-0.06,768,769,769,768,LOITER,1
43.532,hover 20 m settled,nan,20.186,0.124,-0.03,0.00,96.02,0.06,0.32,-0.00,768,769,769,768,LOITER,1
43.556,hover 20 m settled,nan,20.186,0.124,-0.03,0.01,96.02,0.19,0.36,0.04,768,769,769,768,LOITER,1
43.572,hover 20 m settled,nan,20.186,0.124,-0.03,0.02,96.02,0.31,0.39,-0.07,769,768,768,769,LOITER,1
43.592,hover 20 m settled,nan,20.186,0.124,-0.02,0.02,96.01,0.21,0.35,-0.01,769,768,768,769,LOITER,1
43.612,hover 20 m settled,nan,20.187,0.124,-0.02,0.03,96.01,0.16,0.38,-0.03,768,768,768,768,LOITER,1
43.632,hover 20 m settled,nan,20.187,0.124,-0.01,0.04,96.01,0.13,0.35,-0.02,768,768,768,768,LOITER,1
43.652,hover 20 m settled,nan,20.187,0.124,-0.01,0.04,96.01,0.13,0.45,-0.07,768,768,768,768,LOITER,1
43.672,hover 20 m settled,nan,20.187,0.125,-0.01,0.05,96.01,0.11,0.46,-0.03,768,769,768,769,LOITER,1
43.692,hover 20 m settled,nan,20.187,0.125,-0.01,0.06,96.01,0.11,0.36,-0.03,768,769,768,769,LOITER,1
43.712,hover 20 m settled,nan,20.187,0.125,-0.00,0.07,96.01,0.09,0.35,-0.03,769,768,769,769,LOITER,1
43.732,hover 20 m settled,nan,20.187,0.125,-0.00,0.07,96.01,-0.01,0.46,-0.04,769,768,769,769,LOITER,1
43.752,hover 20 m settled,nan,20.187,0.125,-0.00,0.08,96.01,-0.03,0.42,-0.01,769,768,769,769,LOITER,1
43.772,hover 20 m settled,nan,20.188,0.125,-0.00,0.09,96.01,-0.06,0.36,-0.03,768,768,768,768,LOITER,1
43.792,hover 20 m settled,nan,20.188,0.125,-0.00,0.10,96.02,-0.01,0.40,-0.01,768,768,768,768,LOITER,1
43.812,hover 20 m settled,nan,20.187,0.126,-0.01,0.11,96.02,-0.20,0.49,-0.02,768,769,768,769,LOITER,1
43.832,hover 20 m settled,nan,20.187,0.126,-0.01,0.11,96.02,-0.20,0.40,-0.03,768,769,768,769,LOITER,1
43.852,hover 20 m settled,nan,20.187,0.126,-0.01,0.12,96.02,-0.15,0.30,-0.01,768,769,768,769,LOITER,1
43.872,hover 20 m settled,nan,20.187,0.127,-0.01,0.13,96.02,-0.14,0.38,0.01,769,769,769,769,LOITER,1
43.892,hover 20 m settled,nan,20.187,0.127,-0.02,0.13,96.02,-0.22,0.41,-0.06,769,769,769,769,LOITER,1
43.912,hover 20 m settled,nan,20.186,0.127,-0.02,0.14,96.02,-0.11,0.42,-0.02,769,769,769,769,LOITER,1
43.912,inject: failure motor off -i 1,nan,20.186,0.127,-0.02,0.14,96.02,-0.11,0.42,-0.02,769,769,769,769,LOITER,1
43.932,inject: failure motor off -i 1,nan,20.186,0.127,-0.02,0.15,96.02,-0.12,0.40,-0.07,769,769,769,769,LOITER,1
43.952,inject: failure motor off -i 1,nan,20.186,0.127,-0.02,0.15,96.01,-0.15,-0.86,-1.69,769,769,769,769,LOITER,1
43.972,inject: failure motor off -i 1,nan,20.185,0.128,-0.03,-0.03,95.91,-0.77,-16.71,-8.15,0,252,915,1000,LOITER,1
43.992,inject: failure motor off -i 1,nan,20.185,0.128,-0.05,-0.53,95.67,-0.41,-30.33,-15.24,0,252,915,1000,LOITER,1
44.012,inject: failure motor off -i 1,nan,20.183,0.189,-0.01,-1.20,95.28,3.11,-35.21,-22.36,0,197,996,998,LOITER,1
44.032,inject: failure motor off -i 1,nan,20.183,0.189,0.10,-1.94,94.76,6.41,-39.15,-29.12,0,197,996,998,LOITER,1
44.052,inject: failure motor off -i 1,nan,20.183,0.189,0.32,-2.80,94.11,12.55,-46.93,-35.17,0,197,996,998,LOITER,1
44.072,inject: failure motor off -i 1,nan,20.176,0.262,0.80,-3.95,93.34,34.12,-70.89,-38.98,0,890,986,1000,LOITER,1
44.092,inject: failure motor off -i 1,nan,20.176,0.262,2.16,-5.92,92.50,91.49,-124.82,-39.42,0,890,986,1000,LOITER,1
44.112,inject: failure motor off -i 1,nan,20.168,0.295,4.90,-9.07,91.52,163.14,-188.68,-38.00,0,1000,388,150,LOITER,1
44.132,inject: failure motor off -i 1,nan,20.168,0.295,9.27,-13.43,90.23,240.14,-252.83,-34.74,0,1000,388,150,LOITER,1
44.152,inject: failure motor off -i 1,nan,20.168,0.295,15.46,-18.98,88.26,313.29,-322.55,-30.95,0,1000,388,150,LOITER,1
44.172,inject: failure motor off -i 1,nan,20.154,0.483,23.72,-25.62,85.05,382.63,-394.95,-27.35,0,1000,150,150,LOITER,1
44.192,inject: failure motor off -i 1,nan,20.154,0.483,34.79,-32.99,79.66,449.75,-469.02,-23.72,0,1000,150,150,LOITER,1
44.212,inject: failure motor off -i 1,nan,20.128,0.768,49.92,-40.25,70.70,517.17,-543.99,-20.17,0,1000,150,150,LOITER,1
44.232,inject: failure motor off -i 1,nan,20.128,0.768,70.72,-45.76,56.55,583.51,-618.24,-16.70,0,1000,150,150,LOITER,1
44.252,inject: failure motor off -i 1,nan,20.128,0.768,97.05,-46.88,37.47,649.70,-693.95,-13.29,0,1000,150,150,LOITER,1
44.272,inject: failure motor off -i 1,nan,20.075,1.226,124.24,-41.44,18.40,717.78,-768.93,-9.94,0,1000,150,150,LOITER,1
44.292,inject: failure motor off -i 1,nan,20.075,1.226,147.47,-29.67,4.71,785.12,-842.88,-6.84,0,1000,150,150,LOITER,1
44.312,inject: failure motor off -i 1,nan,20.003,1.810,166.78,-13.37,-2.55,853.97,-917.84,-3.58,0,1000,150,150,LOITER,1
44.332,inject: failure motor off -i 1,nan,20.003,1.810,-175.09,5.65,-3.92,924.73,-990.18,-0.18,0,1000,150,150,LOITER,1
44.352,inject: failure motor off -i 1,nan,20.003,1.810,-154.09,25.46,1.66,994.29,-1061.79,3.31,0,1000,150,150,LOITER,1
44.372,inject: failure motor off -i 1,nan,19.896,2.524,-123.37,42.15,18.88,1066.45,-1133.60,7.13,0,1000,150,150,LOITER,1
44.392,inject: failure motor off -i 1,nan,19.896,2.524,-78.03,46.82,51.08,1139.34,-1201.89,11.09,0,1000,150,150,LOITER,1
44.412,inject: failure motor off -i 1,nan,19.752,3.090,-36.17,33.36,78.35,1211.37,-1270.81,15.12,0,1000,150,150,LOITER,1
44.432,inject: failure motor off -i 1,nan,19.752,3.090,-6.74,9.27,88.80,1287.24,-1338.84,19.08,0,1000,150,150,LOITER,1
44.452,inject: failure motor off -i 1,nan,19.752,3.090,20.56,-17.85,85.97,1362.86,-1403.06,22.46,0,1000,150,150,LOITER,1
44.472,inject: failure motor off -i 1,nan,19.556,3.364,59.48,-40.28,65.54,1439.48,-1468.57,25.53,0,1000,150,150,LOITER,1
44.492,inject: failure motor off -i 1,nan,19.556,3.364,116.60,-41.96,25.79,1521.13,-1530.98,28.34,0,1000,150,150,LOITER,1
44.512,inject: failure motor off -i 1,nan,19.370,3.778,161.21,-18.72,1.83,1602.14,-1589.98,30.72,0,1000,150,150,LOITER,1
44.532,inject: failure motor off -i 1,nan,19.370,3.778,-164.79,13.24,0.16,1686.83,-1650.14,33.63,0,1000,150,150,LOITER,1
44.552,inject: failure motor off -i 1,nan,19.370,3.778,-118.77,40.01,22.21,1775.96,-1704.70,37.04,0,1000,150,150,LOITER,1
44.572,inject: failure motor off -i 1,nan,19.153,4.553,-52.40,38.05,66.46,1863.23,-1756.64,40.81,0,1000,150,150,LOITER,1
44.592,inject: failure motor off -i 1,nan,19.153,4.553,-5.19,7.49,85.35,1954.70,-1807.50,45.70,0,1000,150,150,LOITER,1
44.612,inject: failure motor off -i 1,nan,18.907,4.856,37.95,-27.26,76.16,2047.58,-1850.23,50.72,0,1000,150,150,LOITER,1
44.632,inject: failure motor off -i 1,nan,18.907,4.856,105.53,-40.44,34.45,2139.10,-1891.49,55.50,0,1000,150,150,LOITER,1
44.652,inject: failure motor off -i 1,nan,18.907,4.856,165.49,-13.97,4.28,2238.44,-1930.58,60.14,0,1000,150,150,LOITER,1
44.672,inject: failure motor off -i 1,nan,18.601,5.376,-146.44,23.66,9.20,2340.19,-1963.04,63.08,0,1000,150,150,LOITER,1
44.692,inject: failure motor off -i 1,nan,18.601,5.376,-73.85,38.96,51.06,2444.47,-1997.15,65.25,0,1000,150,150,LOITER,1
44.712,inject: failure motor off -i 1,nan,18.302,6.029,-8.92,10.02,80.22,2555.50,-2026.25,67.13,0,1000,150,150,LOITER,1
44.732,inject: failure motor off -i 1,nan,18.302,6.029,47.49,-27.66,68.64,2663.07,-2047.92,68.58,0,1000,150,150,LOITER,1
44.752,inject: failure motor off -i 1,nan,18.302,6.029,127.62,-30.97,23.06,2772.28,-2069.08,71.34,0,1000,150,150,LOITER,1
44.772,inject: failure motor off -i 1,nan,17.988,6.203,-169.56,5.84,7.33,2887.33,-2081.29,75.03,0,1000,150,150,LOITER,1
44.792,inject: failure motor off -i 1,nan,17.988,6.203,-97.15,35.03,36.81,3000.43,-2087.78,78.77,0,1000,150,150,LOITER,1
44.812,inject: failure motor off -i 1,nan,17.645,7.028,-16.79,13.95,74.37,3118.79,-2092.31,84.56,0,1000,150,150,LOITER,1
44.832,inject: failure motor off -i 1,nan,17.645,7.028,50.61,-24.48,64.79,3238.76,-2083.22,91.19,0,1000,150,150,LOITER,1
44.852,inject: failure motor off -i 1,nan,17.645,7.028,137.77,-23.54,21.72,3355.70,-2067.94,97.47,0,1000,150,150,LOITER,1
44.872,inject: failure motor off -i 1,nan,17.221,7.273,-150.30,14.63,15.56,3483.21,-2047.61,102.88,0,1000,150,150,LOITER,1
44.892,inject: failure motor off -i 1,nan,17.221,7.273,-61.89,27.72,54.02,3613.58,-2015.90,104.97,0,1000,150,150,LOITER,1
44.912,inject: failure motor off -i 1,nan,16.826,7.954,17.84,-6.16,70.04,3740.95,-1983.63,105.71,0,1000,150,150,LOITER,1
44.932,inject: failure motor off -i 1,nan,16.826,7.954,106.13,-25.69,37.96,3873.04,-1944.55,107.64,0,1000,150,150,LOITER,1
44.952,inject: failure motor off -i 1,nan,16.826,7.954,-168.19,3.66,17.72,4001.08,-1894.77,107.47,0,1000,150,150,LOITER,1
44.972,inject: failure motor off -i 1,nan,16.417,8.351,-76.87,24.32,46.06,4130.22,-1846.87,106.87,0,1000,150,150,LOITER,1
44.992,inject: failure motor off -i 1,nan,16.417,8.351,13.54,-2.89,65.42,4261.85,-1790.17,109.06,0,1000,150,150,LOITER,1
45.012,inject: failure motor off -i 1,nan,15.975,8.686,108.28,-20.70,38.31,4381.97,-1722.02,114.09,0,1000,150,150,LOITER,1
45.032,inject: failure motor off -i 1,nan,15.975,8.686,-158.34,5.84,23.29,4505.44,-1648.00,121.53,0,1000,150,150,LOITER,1
45.052,inject: failure motor off -i 1,nan,15.975,8.686,-59.10,17.65,50.01,4634.20,-1556.73,127.80,0,1000,150,150,LOITER,1
45.072,inject: failure motor off -i 1,nan,15.437,9.530,37.48,-8.14,57.59,4753.42,-1455.60,133.88,0,1000,150,150,LOITER,1
45.092,inject: failure motor off -i 1,nan,15.437,9.530,139.97,-11.57,32.60,4875.25,-1345.11,142.36,0,1000,150,150,LOITER,1
45.112,inject: failure motor off -i 1,nan,14.954,9.869,-119.77,10.98,33.57,4998.59,-1215.04,145.54,0,1000,150,150,LOITER,1
45.132,inject: failure motor off -i 1,nan,14.954,9.869,-14.38,5.90,53.29,5114.99,-1083.86,142.93,0,1000,150,150,LOITER,1
45.152,inject: failure motor off -i 1,nan,14.954,9.869,90.47,-9.68,44.82,5231.18,-950.90,143.78,0,1000,150,150,LOITER,1
45.172,inject: failure motor off -i 1,nan,14.443,10.092,-162.19,0.83,33.63,5338.35,-805.52,142.08,0,1000,150,150,LOITER,1
45.192,inject: failure motor off -i 1,nan,14.443,10.092,-52.96,7.35,44.70,5440.32,-665.42,136.16,0,1000,150,150,LOITER,1
45.212,inject: failure motor off -i 1,nan,13.910,10.854,57.42,-2.71,47.07,5540.38,-524.90,136.73,0,1000,150,150,LOITER,1
45.232,inject: failure motor off -i 1,nan,13.910,10.854,169.67,-2.30,39.08,5623.72,-371.96,141.20,0,1000,150,150,LOITER,1
45.252,inject: failure motor off -i 1,nan,13.910,10.854,-76.81,3.16,40.60,5704.65,-215.49,143.99,0,1000,150,150,LOITER,1
45.272,inject: failure motor off -i 1,nan,13.262,11.532,38.35,2.23,44.11,5783.09,-46.07,151.65,0,1000,150,150,LOITER,1
45.292,inject: failure motor off -i 1,nan,13.262,11.532,154.67,-1.07,44.64,5841.16,140.72,162.50,0,1000,150,150,LOITER,1
45.312,inject: failure motor off -i 1,nan,12.685,11.921,-87.57,-2.68,39.54,5897.55,338.56,166.45,0,807,244,1000,LOITER,1
45.332,inject: failure motor off -i 1,nan,12.685,11.921,30.80,5.45,38.91,5911.09,530.16,163.18,0,807,244,1000,LOITER,1
45.352,inject: failure motor off -i 1,nan,12.685,11.921,149.55,2.12,49.30,5856.35,697.79,166.95,0,807,244,1000,LOITER,1
45.372,inject: failure motor off -i 1,nan,12.083,12.060,-92.70,-8.03,40.08,5811.22,871.03,161.27,0,810,150,1000,LOITER,1
45.392,inject: failure motor off -i 1,nan,12.083,12.060,23.67,6.91,33.57,5741.28,1019.29,150.28,0,810,150,1000,LOITER,1
45.412,inject: failure motor off -i 1,nan,11.455,12.484,141.06,6.36,52.55,5659.27,1172.60,152.42,0,437,150,1000,LOITER,1
45.432,inject: failure motor off -i 1,nan,11.455,12.484,-104.79,-12.97,43.09,5558.56,1329.49,141.23,0,437,150,1000,LOITER,1
45.452,inject: failure motor off -i 1,nan,11.455,12.484,8.03,5.29,26.98,5415.63,1512.15,131.96,0,437,150,1000,LOITER,1
45.472,inject: failure motor off -i 1,nan,10.698,13.164,122.18,14.19,52.86,5308.17,1633.07,133.80,0,150,150,1000,LOITER,1
45.492,inject: failure motor off -i 1,nan,10.698,13.164,-130.48,-15.44,52.18,5173.18,1774.57,132.88,0,150,150,1000,LOITER,1
45.512,inject: failure motor off -i 1,nan,10.028,13.922,-20.08,-4.30,21.34,5026.96,1909.10,128.57,0,150,150,1000,LOITER,1
45.532,inject: failure motor off -i 1,nan,10.028,13.922,86.09,23.60,42.57,4880.70,2031.86,124.25,0,150,150,1000,LOITER,1
45.552,inject: failure motor off -i 1,nan,10.028,13.922,-170.49,-5.86,65.44,4728.41,2136.41,120.40,0,150,150,1000,LOITER,1
45.572,inject: failure motor off -i 1,nan,9.338,14.173,-64.14,-22.13,28.63,4577.14,2237.33,111.57,0,150,150,1000,LOITER,1
45.592,inject: failure motor off -i 1,nan,9.338,14.173,30.66,17.75,19.24,4436.83,2319.52,102.13,0,150,150,1000,LOITER,1
45.612,inject: failure motor off -i 1,nan,8.618,14.444,137.62,20.11,64.22,4262.29,2394.61,97.62,0,150,150,1000,LOITER,1
45.632,inject: failure motor off -i 1,nan,8.618,14.444,-133.28,-23.62,60.58,4147.04,2444.75,93.29,0,150,150,1000,LOITER,1
45.652,inject: failure motor off -i 1,nan,8.618,14.444,-30.58,-14.84,13.48,4015.91,2493.47,85.65,0,150,150,1000,LOITER,1
45.672,inject: failure motor off -i 1,nan,7.754,15.259,54.68,30.08,24.67,3876.73,2526.84,82.60,0,150,150,1000,LOITER,1
45.692,inject: failure motor off -i 1,nan,7.754,15.259,155.54,15.19,73.34,3740.18,2555.64,79.91,0,150,150,1000,LOITER,1
45.712,inject: failure motor off -i 1,nan,6.995,15.695,-124.28,-30.42,59.14,3607.88,2573.36,75.56,0,150,150,1000,LOITER,1
45.732,inject: failure motor off -i 1,nan,6.995,15.695,-27.50,-16.13,8.47,3475.13,2587.10,69.63,0,150,150,1000,LOITER,1
45.752,inject: failure motor off -i 1,nan,6.995,15.695,46.64,31.60,17.75,3350.06,2590.14,64.41,0,150,150,1000,LOITER,1
45.772,inject: failure motor off -i 1,nan,6.205,15.965,144.57,24.90,73.06,3222.55,2578.53,62.27,0,150,150,1000,LOITER,1
45.792,inject: failure motor off -i 1,nan,6.205,15.965,-148.05,-23.88,73.20,3098.80,2571.61,58.29,0,150,150,1000,LOITER,1
45.812,inject: failure motor off -i 1,nan,5.400,16.735,-55.05,-33.32,18.08,2989.06,2560.30,51.91,0,150,150,1000,LOITER,1
45.832,inject: failure motor off -i 1,nan,5.400,16.735,10.81,12.47,0.91,2877.81,2537.90,47.66,0,150,150,1000,LOITER,1
45.852,inject: failure motor off -i 1,nan,5.400,16.735,92.73,43.24,44.28,2768.88,2511.85,44.18,0,150,150,1000,LOITER,1
45.872,inject: failure motor off -i 1,nan,4.428,16.912,169.28,9.66,83.56,2665.26,2476.55,40.87,0,150,150,1000,LOITER,1
45.892,inject: failure motor off -i 1,nan,4.428,16.912,-131.43,-35.20,67.43,2561.35,2441.34,36.57,0,150,150,1000,LOITER,1
45.912,inject: failure motor off -i 1,nan,3.572,17.746,-44.43,-32.55,10.37,2466.95,2406.23,30.07,0,150,150,1000,LOITER,1
45.932,inject: failure motor off -i 1,nan,3.572,17.746,9.30,11.77,-2.85,2374.30,2357.40,25.25,0,150,150,1000,LOITER,1
45.952,inject: failure motor off -i 1,nan,3.572,17.746,76.49,45.79,32.35,2278.02,2303.46,22.05,0,150,150,1000,LOITER,1
45.972,inject: failure motor off -i 1,nan,2.694,17.845,153.70,25.14,81.58,2188.79,2246.39,18.95,0,150,150,1000,LOITER,1
45.992,inject: failure motor off -i 1,nan,2.694,17.845,-161.18,-17.98,83.98,2101.87,2186.74,15.98,0,150,150,1000,LOITER,1
46.012,inject: failure motor off -i 1,nan,1.799,18.609,-96.53,-45.41,45.29,2020.40,2133.45,11.53,0,150,150,1000,LOITER,1
46.032,inject: failure motor off -i 1,nan,1.799,18.609,-28.13,-24.90,0.68,1947.23,2075.96,6.71,0,150,150,1000,LOITER,1
46.052,inject: failure motor off -i 1,nan,1.799,18.609,12.10,14.80,-4.70,1871.48,2010.94,3.09,0,150,150,1000,LOITER,1
46.072,inject: failure motor off -i 1,nan,0.716,18.940,64.95,45.83,23.06,1797.18,1943.69,-0.47,0,150,150,1000,LOITER,1
46.092,inject: failure motor off -i 1,nan,0.716,18.940,136.39,38.36,73.34,1725.50,1869.30,-3.64,0,150,150,1000,LOITER,1
46.092,vehicle on the ground,nan,-0.223,19.377,136.39,38.36,73.34,1725.50,1869.30,-3.64,0,150,150,1000,LOITER,1
46.112,vehicle on the ground,nan,-0.223,19.377,177.15,5.08,88.54,1652.28,1795.60,-7.07,0,150,150,1000,LOITER,1
46.132,vehicle on the ground,nan,-0.223,19.377,-147.65,-28.53,79.83,1586.22,1725.47,-11.29,0,150,150,1000,LOITER,1
46.152,vehicle on the ground,nan,-0.223,19.377,-93.12,-46.20,44.05,1548.92,1628.29,-15.15,0,150,150,1000,LOITER,1
46.172,vehicle on the ground,nan,-1.195,20.114,-49.03,-41.88,12.11,184.84,228.44,-546.30,150,1000,150,1000,LOITER,1
46.192,vehicle on the ground,nan,-1.195,20.114,-27.76,-49.42,-15.28,128.43,357.39,-1072.23,150,1000,150,1000,LOITER,1
46.212,vehicle on the ground,nan,-1.527,-0.609,1.55,-47.85,-48.81,245.95,300.07,-1047.20,783,793,150,849,LOITER,1
46.232,vehicle on the ground,nan,-1.527,-0.609,25.48,-38.20,-75.17,298.52,183.20,-1040.06,783,793,150,849,LOITER,1
46.252,vehicle on the ground,nan,-1.527,-0.609,40.92,-24.53,-93.76,260.28,97.87,-1032.93,783,793,150,849,LOITER,1
46.272,vehicle on the ground,nan,-1.523,-0.357,49.55,-8.87,-107.84,194.05,35.64,-1028.25,695,455,150,1000,LOITER,1
46.292,vehicle on the ground,nan,-1.523,-0.357,52.64,7.06,-120.80,104.94,-46.45,-1022.77,695,455,150,1000,LOITER,1
46.312,vehicle on the ground,nan,-1.527,-0.108,50.08,22.09,-135.12,21.55,-99.29,-1012.92,894,1000,378,644,LOITER,1
46.332,vehicle on the ground,nan,-1.527,-0.108,41.12,34.99,-153.05,-35.42,-132.25,-1003.52,894,1000,378,644,LOITER,1
46.352,vehicle on the ground,nan,-1.527,-0.108,24.85,43.54,-176.76,-69.74,-155.30,-994.25,894,1000,378,644,LOITER,1
46.372,vehicle on the ground,nan,-1.534,0.085,3.68,45.21,155.30,-82.25,-171.71,-985.47,584,1000,630,467,LOITER,1
46.392,vehicle on the ground,nan,-1.534,0.085,-15.36,39.67,129.49,-77.39,-177.94,-976.95,584,1000,630,467,LOITER,1
46.412,vehicle on the ground,nan,-1.545,0.259,-28.11,29.27,109.33,-59.88,-175.34,-967.86,741,1000,679,150,LOITER,1
46.432,vehicle on the ground,nan,-1.545,0.259,-35.20,16.47,93.58,-40.75,-163.91,-958.73,741,1000,679,150,LOITER,1
46.452,vehicle on the ground,nan,-1.545,0.259,-38.03,2.94,79.87,-11.40,-134.37,-951.39,741,1000,679,150,LOITER,1
46.472,vehicle on the ground,nan,-1.562,0.428,-37.06,-10.17,66.23,21.89,-96.05,-944.17,793,796,863,150,LOITER,1
46.492,vehicle on the ground,nan,-1.562,0.428,-32.17,-21.86,51.06,50.95,-53.24,-936.21,793,796,863,150,LOITER,1
46.512,vehicle on the ground,nan,-1.580,0.565,-22.99,-30.85,33.05,71.73,-7.92,-927.21,1000,802,652,150,LOITER,1
46.532,vehicle on the ground,nan,-1.580,0.565,-9.89,-35.74,11.96,86.65,32.75,-918.68,1000,802,652,150,LOITER,1
46.552,vehicle on the ground,nan,-1.580,0.565,4.87,-35.44,-10.37,97.58,72.97,-910.83,1000,802,652,150,LOITER,1
46.572,vehicle on the ground,nan,-1.598,0.689,17.92,-30.13,-30.89,102.09,106.96,-902.96,1000,609,582,491,LOITER,1
46.592,vehicle on the ground,nan,-1.598,0.689,27.31,-21.17,-48.12,96.68,131.15,-895.00,1000,609,582,491,LOITER,1
46.612,vehicle on the ground,nan,-1.620,0.819,32.96,-10.07,-62.60,80.66,143.80,-887.11,1000,652,389,728,LOITER,1
46.632,vehicle on the ground,nan,-1.620,0.819,35.26,1.96,-75.58,56.08,146.78,-878.43,1000,652,389,728,LOITER,1
46.652,vehicle on the ground,nan,-1.620,0.819,34.48,14.04,-88.35,35.55,140.86,-868.89,1000,652,389,728,LOITER,1
46.672,vehicle on the ground,nan,-1.649,0.966,30.52,25.07,-102.47,31.16,81.37,-862.34,150,1000,150,1000,LOITER,1
46.692,vehicle on the ground,nan,-1.649,0.966,22.92,32.93,-119.76,24.52,-37.21,-855.66,150,1000,150,1000,LOITER,1
46.712,vehicle on the ground,nan,-1.678,1.103,11.86,36.27,-140.00,-1.51,-124.90,-847.87,848,1000,679,682,LOITER,1
46.732,vehicle on the ground,nan,-1.678,1.103,-0.38,35.04,-160.85,-26.18,-163.78,-839.59,848,1000,679,682,LOITER,1
46.752,vehicle on the ground,nan,-1.678,1.103,-11.08,30.13,-180.00,-31.68,-176.58,-830.50,848,1000,679,682,LOITER,1
46.772,vehicle on the ground,nan,-1.710,1.165,-18.88,22.70,163.32,-23.09,-179.56,-820.64,772,1000,640,157,LOITER,1
46.792,vehicle on the ground,nan,-1.710,1.165,-23.74,13.86,148.70,-13.76,-173.40,-810.27,772,1000,640,157,LOITER,1
46.812,vehicle on the ground,nan,-1.744,1.232,-26.06,4.55,135.25,1.54,-151.22,-800.97,827,874,828,150,LOITER,1
46.832,vehicle on the ground,nan,-1.744,1.232,-25.94,-4.43,122.07,-111.15,-58.36,-731.35,827,874,828,150,LOITER,1
46.852,vehicle on the ground,nan,-1.744,1.232,-41.26,-3.46,111.57,-870.32,397.71,-358.51,827,874,828,150,LOITER,1
46.872,vehicle on the ground,nan,-1.764,0.365,-57.14,-3.61,100.64,-775.17,393.23,-368.23,150,1000,150,1000,LOITER,1
46.892,vehicle on the ground,nan,-1.764,0.365,-71.78,-6.88,90.75,-728.20,350.01,-367.16,150,1000,150,1000,LOITER,1
46.912,vehicle on the ground,nan,-1.759,0.633,-85.16,-12.61,83.02,-679.96,308.12,-389.44,150,1000,161,502,LOITER,1
46.932,vehicle on the ground,nan,-1.759,0.633,-95.74,-22.78,76.08,-564.14,352.96,-532.33,150,1000,161,502,LOITER,1
46.952,vehicle on the ground,nan,-1.759,0.633,-104.33,-34.02,71.12,-489.81,321.91,-522.06,150,1000,161,502,LOITER,1
46.972,vehicle on the ground,nan,-1.651,-2.095,-111.44,-45.47,68.17,-388.24,305.71,-516.07,150,1000,474,189,LOITER,1
46.992,vehicle on the ground,nan,-1.651,-2.095,-117.06,-56.86,66.97,-265.79,295.92,-510.19,150,1000,474,189,LOITER,1
47.012,vehicle on the ground,nan,-1.530,-1.534,-122.13,-68.12,68.34,-136.63,275.33,-504.36,240,1000,598,155,LOITER,1
47.032,vehicle on the ground,nan,-1.530,-1.534,-132.02,-78.95,77.38,-11.61,243.40,-498.51,240,1000,598,155,LOITER,1
47.052,vehicle on the ground,nan,-1.530,-1.534,151.37,-86.13,155.55,83.29,214.73,-492.00,240,1000,598,155,LOITER,1
47.072,vehicle on the ground,nan,-1.409,-0.924,90.31,-78.08,-140.35,128.20,202.10,-485.32,1000,816,639,641,LOITER,1
47.092,vehicle on the ground,nan,-1.409,-0.924,83.26,-67.80,-129.54,141.19,198.21,-479.04,1000,816,639,641,LOITER,1
47.112,vehicle on the ground,nan,-1.332,-0.459,81.71,-57.46,-123.91,135.57,197.60,-473.51,641,509,150,1000,LOITER,1
